,TxHash,BlockHeight,TimeStamp,From,To,Value,ContractAddress,Input,isError
0,0x340075bf29db3fc0d4eb47b3afc3050aa5e7d508c9385c456ade7b999f8cda6b,5651480,1526900270,0xc2b9cab1b863fddf64950a954c8c23ee6b61224e,0x0061fb5485dff4bb85c078dca80d19119224d97e,0.500000000000000000,NULL,0x,0
1,0xf444ec47f37564805044b71ac7ce4181b56f57e65b9da012b2063cb7e237dfe2,5663960,1527092727,0x294f24da5c42d127c6e875ba4acc096bc779f5b5,0x0061fb5485dff4bb85c078dca80d19119224d97e,0.500000000000000000,NULL,0x,0
2,0xe65acce049d21e4c10720ba1a7d10a15522d523ee51037e0e6896bef9f407e8e,5665476,1527115262,0xeef08740aadb90800e78d97dfde549f83ccfe43b,0x0061fb5485dff4bb85c078dca80d19119224d97e,0.500000000000000000,NULL,0x,0
3,0x554845a05face20ebaa6c74d526f275a866ddc68be6428cd8b77256915b9b6f2,5665517,1527115868,0xbc9b1a7e5aa54c3a84be6c950609c2fd3dac7222,0x0061fb5485dff4bb85c078dca80d19119224d97e,0.500000000000000000,NULL,0x,0
4,0x3b15cff29090603c56f9cce7090a28b9b85308bc689078a77699107ad08e473a,5665903,1527121657,0x0e2b7403c55e5cdb132d3bb968e7e8316da2b1ec,0x0061fb5485dff4bb85c078dca80d19119224d97e,0.589139000000000000,NULL,0x,0
5,0x60bb41fba62e23626da8d0701bf0b4e61e2114e142134781e19570c1e75b08a9,5666208,1527126140,0x841220262567a9b472651e4f188a45ef271d98f1,0x0061fb5485dff4bb85c078dca80d19119224d97e,0.500000000000000000,NULL,0x,0
6,0x1feaeb8cc57ece8e780d728a3f766a6da4672b49702ee0903c4844d8dc669c9a,5667655,1527148726,0xdfcd53d07da95e86e73f41a920f22d2e0e738a39,0x0061fb5485dff4bb85c078dca80d19119224d97e,0.100000000000000000,NULL,0x,0
7,0xb5d166c88715d5055dbfaaa9ae0a82a0aa274141e5db9f0b8c4c1ca39f2b67d1,5670981,1527200447,0x0061fb5485dff4bb85c078dca80d19119224d97e,0xf394c2c315df81d3b8fef8cf068894ace5582245,1.000000000000000000,NULL,0x,0
8,0x224e32c445175d34e3b538e0e5da9a3c5c653c456f342c648eccbb01420aee57,5672698,1527226326,0x701efa4f52300bfea9217fb7d7831d86d807a3af,0x0061fb5485dff4bb85c078dca80d19119224d97e,0.001000000000000000,NULL,0x,0
9,0x6031d5a0bdc9adae3fa88279ec66162d19d8fd3318cd4b47428fad0992224cf7,5678704,1527319060,0xfbb1b73c4f0bda4f67dca266ce6ef42f520fbb98,0x0061fb5485dff4bb85c078dca80d19119224d97e,0.794000000000000000,NULL,0x,0
10,0x2d9060c5cf0fd15b41320e05149b589238732f17ee9b1639df2247e3ff784ab6,5693596,1527544703,0xfbb1b73c4f0bda4f67dca266ce6ef42f520fbb98,0x0061fb5485dff4bb85c078dca80d19119224d97e,0.561730210000000000,NULL,0x,0
11,0xb0998a7007697c9c78e15530b93f9e8e2d0774d272cb72c479403e2fa4ede92f,5713782,1527854930,0x59896b17c44101d68681ee52c45fe0c2da770d73,0x0061fb5485dff4bb85c078dca80d19119224d97e,0.500000000000000000,NULL,0x,0
