,TxHash,BlockHeight,TimeStamp,From,To,Value,ContractAddress,Input,isError
0,0x78ef89abbc1b0bee9ce8a00ad9445a10d5553e9adffe6751b08bdde50b0e2f05,4276894,1505483707,0x2799d47867fbcf75eea28fbceb4d71e3d177d741,0x008f3db10374099a11ec263415cb88c952abeedc,50.000000000000000000,NULL,0x,0
1,0xdaf146e0a5d468c4d362517390b9e397114619ec8802fddd77d0ece1de056235,4277800,1505505921,0x8d4716cc7d05f3c7e34daf9e700f1ed918e08649,0x008f3db10374099a11ec263415cb88c952abeedc,0.000100000000000000,NULL,0x,0
2,0x701b216b43412fc14d56450db05ec12261d75d7a61304450de4e17f1bc223508,4279396,1505543389,0x8347c79266a0b57f082cd10fc13899d8f9907032,0x008f3db10374099a11ec263415cb88c952abeedc,39.000000000000000000,NULL,0x,0
3,0x11b5214cf9582cc2db7a82aa38a9ce23ef9f6c0338c83198590f17e4449bbb06,4279413,1505543828,0x8347c79266a0b57f082cd10fc13899d8f9907032,0x008f3db10374099a11ec263415cb88c952abeedc,18.000000000000000000,NULL,0x,0
4,0x1bade32d0540157b477267c8754fc9a9e0bbc2622a43d1d5bb3425f34483437b,4280096,1505560473,0x3995e096b08a5a726800fcd17d9c64c64e088d2b,0x008f3db10374099a11ec263415cb88c952abeedc,10.000000000000000000,NULL,0x,0
5,0xc122e54c2be687303a5db43b53af7141e2260e7bb4092f26630f90a791d53398,4410368,1508705826,0x008f3db10374099a11ec263415cb88c952abeedc,0x865c6e97b711cf072cb79cabbe5a23b2519a6fd8,15.000000000000000000,NULL,0x,0
6,0xef971bbc10762fef9d8ca6201fca06ca2d8823d9bd04eaa1986b78a2b08780ca,4410386,1508706062,0x008f3db10374099a11ec263415cb88c952abeedc,0x9d2301164e7591f671c578369fe5d595e3378591,15.000000000000000000,NULL,0x,0
7,0x94afc3f91a458f211c585c3b9bbc75f9f40081fa78267d8b5b2bb1390aade929,4410393,1508706226,0x008f3db10374099a11ec263415cb88c952abeedc,0xc08085fed44f52a26545fd3435bb14d6027dd1d2,15.000000000000000000,NULL,0x,0
8,0xc67ff0588f2d76ece921c9b626eb3c58cdf0a4eecbc730b3abf2915a53e66c75,4410404,1508706386,0x008f3db10374099a11ec263415cb88c952abeedc,0xb726b716a596235c704f318f51ba30a135c0debe,15.000000000000000000,NULL,0x,0
9,0xbac500351fa7d4031f8bd965a6726f6745cc4dcd64b95b36b2a76cbfd4159b61,4410413,1508706551,0x008f3db10374099a11ec263415cb88c952abeedc,0x7d96b2a4778165a52d9da9c3aed20de2477e6270,15.000000000000000000,NULL,0x,0
10,0x004163bfc9c51bf9c034480ead59c1e5377ec5f5e0dc367c7bc0670bd3327eca,4410441,1508707041,0x008f3db10374099a11ec263415cb88c952abeedc,0x3e934cad6dda642ca02d4843a85f7b8c09bb466b,15.000000000000000000,NULL,0x,0
11,0x8475326bf2ec7da6e45785716110bb50917e87a6efcd57159247ed90167f3ce0,4410455,1508707183,0x008f3db10374099a11ec263415cb88c952abeedc,0x96789a4c99a18c749d65d57a9c7c53b2456a596f,15.000000000000000000,NULL,0x,0
12,0xfb6d7cdc9fb6e3f7b8003786abfb8a5cc72dad3e68966093ce6495cff063d129,4410469,1508707390,0x008f3db10374099a11ec263415cb88c952abeedc,0x61c83aea2828652c47181c8922a0ca91f39cfe42,11.996572000000000000,NULL,0x,0
