,TxHash,BlockHeight,TimeStamp,From,To,Value,ContractAddress,Input,isError
0,0x9b703a9ca0214763e309454550a051d155e5099727a27c45dc75ce40a2bd3f60,4918456,1516112388,0xfd53d387c3ffe04c32e6a5d3b7811194800dca71,0x0310c4385311d225cbcaca26fefc9ab45d3eba3e,0.261859260000000000,NULL,0x,0
1,0xcad1257ca494dae1a2a3694c963c23f8dd3874aa9914f3d4898ab0f8b3b21b7f,4918474,1516112624,0x313db5ff1e74939faf7b638923667a4e83d3e88a,0x0310c4385311d225cbcaca26fefc9ab45d3eba3e,0.059520701475407632,NULL,0x,0
2,0x0f4b207bd2368d3278475b387c325c1ce38844c1bb16b492e80d0181cace36ec,4918716,1516116501,0x1a6f20ac4fa7f8147507923a15ae7b1f6fcd35ef,0x0310c4385311d225cbcaca26fefc9ab45d3eba3e,0.590000000000000000,NULL,0x,0
3,0xe85c1811168bc01485f65ec31421a3c540bff045964db7571cc1e32e69bc9a3d,4919474,1516128734,0x23237505992dcdaaaf7d09c5ed859fc5992493c3,0x0310c4385311d225cbcaca26fefc9ab45d3eba3e,0.191000000000000000,NULL,0x,0
4,0x0bc4b34fcb740fda294b86e2a1a65270f1295959ba46a9dc6d82fdb58332a944,4920991,1516152566,0x817047f457bfb81bb173086c847a35f0fef88931,0x0310c4385311d225cbcaca26fefc9ab45d3eba3e,0.080000000000000000,NULL,0x,0
5,0x7aab3f7eb90e8ee2310bcfc33d314bff9bda5f5e2c55497c6dc9c372aa00d8bf,4922509,1516175728,0x6e6a11f63e60ceb35e928a92ce79fd6f1e92d057,0x0310c4385311d225cbcaca26fefc9ab45d3eba3e,0.530000000000000000,NULL,0x,0
6,0x4897fe873983015344d729fa23b1350872729de2eb3d4b89cc03b569f711185f,4922742,1516179396,0x4326f6475ee08d822b71217d63e24c186b54a0ac,0x0310c4385311d225cbcaca26fefc9ab45d3eba3e,0.300000000000000000,NULL,0x,0
7,0x841946cd0a3347ad28c0101352695ffd3aaaf6a8004681e3b98f3a7b2d5e73f2,4953172,1516637950,0x0310c4385311d225cbcaca26fefc9ab45d3eba3e,0x271cc38d404e6122e88b6d4527942fed7df60257,0.480147000000000000,NULL,0x,0
8,0x024842bc64f78a181b1de01229cd729df500186f0b7f8a47e2b148502f67bb74,4953584,1516643989,0x0310c4385311d225cbcaca26fefc9ab45d3eba3e,0xa08c83c9700a3ebad5585a2eac9fd3728cc0cb07,1.528515961475407632,NULL,0x,0
