,TxHash,BlockHeight,TimeStamp,From,To,Value,ContractAddress,Input,isError
0,0x46ba0a931a47ce67b4643c75c2a2b7214c6ef67eecb4993c04e0d5a74641a727,4738641,1513367426,0x53a9e20406781ca6f732f64e5f16cb506308f051,0x0387cfc283ffcf25a4a6a61e832545bbeb7c8fda,0.379000000000000000,NULL,0x,0
1,0x672e46ec6e6972fe5647ed84f0ba57717527e40d4684ae4e52ef0b190bac1a69,4756441,1513632445,0x0387cfc283ffcf25a4a6a61e832545bbeb7c8fda,0x4b92aea5f4d7686b0771c60c7fd0b3c093ac1f1f,0.100000030000000000,NULL,0x,0
2,0x144563c8afd9871460818053cb10fd189f53e266b4addfe16c24fc38827e1639,4758789,1513669013,0x0387cfc283ffcf25a4a6a61e832545bbeb7c8fda,0xac5f292974f68960745e5f1ed7b5262ef0ea4b3c,0.277400000000000000,NULL,0x,0
3,0x6efaa0e53d72a52fe4d4c4c1bec547adb12204ff25a8827c89ed2396292671aa,4762000,1513718534,0xd21b5f58fd73a488a4bf2b781b11bece843b9746,0x0387cfc283ffcf25a4a6a61e832545bbeb7c8fda,3.400000000000000000,NULL,0x,0
4,0xb52f0e383132426feb8d444912bbf6c155ceee766ed0096c51d5029e0dd44ef1,4764554,1513758243,0x0387cfc283ffcf25a4a6a61e832545bbeb7c8fda,0xd792bd452b95188895c321b3deed8f434802a451,1.350000000000000000,NULL,0x,0
5,0xd618def127b4eb35b82eea7983bbfac89e1faefb60a084fa6550d578a22487a0,4766771,1513792964,0x0387cfc283ffcf25a4a6a61e832545bbeb7c8fda,0x309a0638a5484043b84904eb52f4b662361f06da,2.048575970000000000,NULL,0x,0
