,TxHash,BlockHeight,TimeStamp,From,To,Value,ContractAddress,Input,isError
0,0xe31072b51bae3e95387920cfc5104ab385cc7cbebf3e293cdae644f410c6e776,5431044,1523591802,0x3ee2e4a57710d7051405e41e4fa47c368fb7d9ef,0x043375ebc36fff7a4fcef1359f3c89afddf56e08,0.199916000000000000,NULL,0x,0
1,0xc01e52e7678a3b63e5b7ae22a33248fc941b0fadc70c6b0bf4e7ec09dd838b36,5431738,1523601777,0x043375ebc36fff7a4fcef1359f3c89afddf56e08,0x529969335ba9a2c48917387a7d90d0f3057c8891,0.199055000000000000,NULL,0x,0
2,0xb106d180b7d47e2b453ea5842ccdd1ab60cb67230b024b38f4685d452defd98a,5452232,1523902006,0x416299aade6443e6f6e8ab67126e65a7f606eef5,0x043375ebc36fff7a4fcef1359f3c89afddf56e08,0.500000000000000000,NULL,0x,0
3,0x073304b23fdf3cb8fcfdea45763258d18dd441c4e09ee6b35e2db5aa271cdc77,5452315,1523903044,0x043375ebc36fff7a4fcef1359f3c89afddf56e08,0x529969335ba9a2c48917387a7d90d0f3057c8891,0.499139000000000000,NULL,0x,0
4,0x13b8d627a501df72e8a4a16c825743b81c56564de4524fdd19a04ac64ca1ff48,5479547,1524307625,0xe31e95ca502a7a30abdf4da54cae4a16ada2296a,0x043375ebc36fff7a4fcef1359f3c89afddf56e08,0.523133040000000000,NULL,0x,0
5,0xa677d3765454f8fd9855f58b76a7329bd0fdd62e882700996fc5dcd8e0e0fde9,5479629,1524308989,0x05ee546c1a62f90d7acbffd6d846c9c54c7cf94c,0x043375ebc36fff7a4fcef1359f3c89afddf56e08,1.497000000000000000,NULL,0x,0
6,0x2fb35b01808024d556911f73fe974fcd2e32b3be85ee6aad2e25bb0e1e84a669,5479679,1524309795,0x043375ebc36fff7a4fcef1359f3c89afddf56e08,0x7b2c2ef8954a86a7c013456cc51ba22861791740,0.019272040000000000,NULL,0x,0
7,0x3c97e1e74c21969f7605dd3cf5704543b5f26efb747f121accfae511ff71da36,5479707,1524310109,0x043375ebc36fff7a4fcef1359f3c89afddf56e08,0x7b2c2ef8954a86a7c013456cc51ba22861791740,1.999139000000000000,NULL,0x,0
8,0x834d30bb1f5380746d316d6cd5e9a0abdc31e72a235818f9f428f4decdd5cc05,5480831,1524326222,0x22cb01256c2435840301ac74f50acfa7b9c68e2d,0x043375ebc36fff7a4fcef1359f3c89afddf56e08,0E-18,NULL,0x,0
9,0x9763c4b5f06494743525729ebcb4cf1bbd96e04d8edc0402656f5ab6f9108266,5493004,1524506178,0x564286362092d8e7936f0549571a803b203aaced,0x043375ebc36fff7a4fcef1359f3c89afddf56e08,6.990000000000000000,NULL,0x,0
10,0xf12225d19a3543f8445a4a258a86f490040dc3787a92b00df3d94220f9792796,5493213,1524509456,0x043375ebc36fff7a4fcef1359f3c89afddf56e08,0x7d6af7a2c77aceae3c507bc63863db4882a87e33,0.989139000000000000,NULL,0x,0
11,0xaa55b45b824414cda583b9a2e94744484d1266f04c9e2e8cafca1de5297038de,5493229,1524509674,0x043375ebc36fff7a4fcef1359f3c89afddf56e08,0x7d6af7a2c77aceae3c507bc63863db4882a87e33,4.000000000000000000,NULL,0x,0
12,0xd31b5cf31c12cde85c3dd666a9b7b26aa15cce9c96d44dc8121a097dcb1b70ab,5493340,1524511369,0x0aeee7ce36257ad6a9e0581e284d9a1974aa7281,0x043375ebc36fff7a4fcef1359f3c89afddf56e08,0.500000000000000000,NULL,0x,0
13,0x9e7cf375052bf0b9cb1dc057a8b853690779dba652ebc64bb771e79afbaf8d49,5493447,1524512915,0x043375ebc36fff7a4fcef1359f3c89afddf56e08,0x7b2c2ef8954a86a7c013456cc51ba22861791740,2.498278000000000000,NULL,0x,0
14,0xfbf1e98aeab92fbb7727ba0a4c39330f51dde802d04712d663bb1adadbf881d1,5495631,1524545471,0x3f5ce5fbfe3e9af3971dd833d26ba9b5c936f0be,0x043375ebc36fff7a4fcef1359f3c89afddf56e08,1.074097780000000000,NULL,0x,0
15,0x39dc5d69f5808ffa779c99ddb2fd0dbbf1294e13d0a19dd58bb747fad726619c,5495648,1524545692,0x6e5c5f3c2873b98646bd5152921f7c30d0cf24b5,0x043375ebc36fff7a4fcef1359f3c89afddf56e08,0.500000000000000000,NULL,0x,0
16,0xbca8354c835f8c04a0f68e6d8c0a66a6e1cd8cd58542758f31326cef92b287f8,5496130,1524553173,0x043375ebc36fff7a4fcef1359f3c89afddf56e08,0x2a0c0dbecc7e4d658f48e01e3fa353f44050c208,1.570347780000000000,NULL,0xd0e30db0,0
17,0xf908538419d190d6599792627f5f2e5f251b318ac346eb55a1969c3b23546408,5502505,1524648624,0xb89dd647788c54a03ba290a6320ba53566afb57d,0x043375ebc36fff7a4fcef1359f3c89afddf56e08,1.000000000000000000,NULL,0x,0
18,0x49288278827e1ae74456911eca9b436c654908a536e7a338cb6835d521ef8b4c,5502560,1524649387,0x3f5ce5fbfe3e9af3971dd833d26ba9b5c936f0be,0x043375ebc36fff7a4fcef1359f3c89afddf56e08,2.297445350000000000,NULL,0x,0
19,0xce120d776691d7eee9b3d4f11aa465f93930e693992aa1e7cb78874454ee8ccb,5502620,1524650141,0x267be1c1d684f78cb4f6a176c4911b741e4ffdc0,0x043375ebc36fff7a4fcef1359f3c89afddf56e08,9.995000000000000000,NULL,0x,0
20,0xddbf29ced517c741a279b21fe0777107a81324919469b877699e08b7723857d1,5502643,1524650570,0x3f5ce5fbfe3e9af3971dd833d26ba9b5c936f0be,0x043375ebc36fff7a4fcef1359f3c89afddf56e08,0.589305000000000000,NULL,0x,0
21,0xd29e3141a2b7a0d9e372c193319a11f76760f3bdeefecbcc292ce4293a5e4a1e,5502863,1524653760,0x043375ebc36fff7a4fcef1359f3c89afddf56e08,0x7d6af7a2c77aceae3c507bc63863db4882a87e33,6.000000000000000000,NULL,0x,0
22,0xb184807aa18fd4a78b3632d67aea17839a54468887b38f4a8b063acc6f501756,5502939,1524655003,0x267be1c1d684f78cb4f6a176c4911b741e4ffdc0,0x043375ebc36fff7a4fcef1359f3c89afddf56e08,0.545000000000000000,NULL,0x,0
23,0x6c7718b272a506c84a12599f89dcda8bc0c4ec36c677ba0a7f6ad43809feb03c,5503003,1524655786,0xa30d8157911ef23c46c0eb71889efe6a648a41f7,0x043375ebc36fff7a4fcef1359f3c89afddf56e08,1.000000000000000000,NULL,0x,0
24,0x35d8de25b481ebe7376b145a50a6d1ee797a30ef4b8ebd04cf40b08b1aaef7af,5504254,1524674294,0x043375ebc36fff7a4fcef1359f3c89afddf56e08,0x7b2c2ef8954a86a7c013456cc51ba22861791740,0.427807475000000000,NULL,0x,0
25,0x93f6d7af7186a5fd8c446e3bd8b3f8daa1a6116d4efe26f745c35080c2fafaa1,5504262,1524674429,0x043375ebc36fff7a4fcef1359f3c89afddf56e08,0x7b2c2ef8954a86a7c013456cc51ba22861791740,8.999139000000000000,NULL,0x,0
0,0x04630d9b456de51fc410c2a2391fbd0e6767ad40d24ab3ec65c4ce78436b9a8a,5794382,1529083917,0x2a0c0dbecc7e4d658f48e01e3fa353f44050c208,0x043375ebc36fff7a4fcef1359f3c89afddf56e08,0.653895404948904450,NULL,NULL,0
26,0x6648649568262c30be1cd7537933d811de03faad969829447c3eb8bd05720d9f,5794418,1529084453,0x043375ebc36fff7a4fcef1359f3c89afddf56e08,0x1730fc7f331284c78c3a2701f807eed16fca5dcb,0.649000000000000000,NULL,0x,0
27,0x4ca821a015f18ad93a03f0ef18daf8dac9dfd720c784c42c2de9d827dfbd37a5,5794462,1529085061,0x043375ebc36fff7a4fcef1359f3c89afddf56e08,0x9720b467a710382a232a32f540bdced7d662a10b,0E-18,NULL,0xa9059cbb0000000000000000000000001730fc7f331284c78c3a2701f807eed16fca5dcb00000000000000000000000000000000000000000000007ca85e3afba8340133,0
