,TxHash,BlockHeight,TimeStamp,From,To,Value,ContractAddress,Input,isError
0,0xfcbfbffba35f7764f043249360bc320b136eaf2dc902fafd60fdaa51122c2781,4724924,1513159583,0x7ae17a0f6f8f02b5b6e76b327db15f91306194e6,0x049b01966f721db6ec76097043e9d6eccaf719b6,0.080000000000000000,NULL,0x,0
1,0x07129f214e99c413129f8e170d13a9d05ac89fd025616b502b119aba96f29776,4730357,1513242559,0x72dcad1144aabacd9cabebca911d92fff3e1cf55,0x049b01966f721db6ec76097043e9d6eccaf719b6,0.004590840000000000,NULL,0x,0
2,0x8fe9c6a3ee1f893275a94b87d4316dec3246e40ecbbf129b8308223647c353e0,4771421,1513864023,0xa0b9525e03afa3f370fa77ff30129e40c87ae6ee,0x049b01966f721db6ec76097043e9d6eccaf719b6,0.107690302928525225,NULL,0x,0
3,0x5eedac00b711c7cb8b40c63d18296b672447f9285f362f20e6d280b85341e6d0,4781571,1514018572,0x7b46ea4aeadf1c938ba58d49494b000df47a2ad4,0x049b01966f721db6ec76097043e9d6eccaf719b6,0.120000000000000000,NULL,0x,0
4,0xcbc6c17ff7f8405d075ef9f5df23d27f5fa1cf31dd6bc24003e5e975c944e49b,4825300,1514656817,0x049b01966f721db6ec76097043e9d6eccaf719b6,0x233fa8de0b8829d38dfb7fc29c86de67970dec4f,0.307004078768475100,NULL,0x,0
5,0x0b031699b45e797e5176de5c3d83d40deccd5a3c4e77cd4cd14b44bfbd1539d5,4892837,1515708601,0x7ae17a0f6f8f02b5b6e76b327db15f91306194e6,0x049b01966f721db6ec76097043e9d6eccaf719b6,0.741000000000000000,NULL,0x,0
6,0x17dd0994ce39d0b0417834ab728c876df0fd1ee534faaef30cac5606f5a551bb,4896077,1515760377,0x049b01966f721db6ec76097043e9d6eccaf719b6,0xf9184c4781da3a4b1d1eb40f05ba5d9a768fc2fb,0.326562602050813100,NULL,0x,0
7,0x90c1d7eb5b1ffc701b2d206d5419a80e55ea5481990bce1105d107424cbbbd18,4896162,1515761913,0x049b01966f721db6ec76097043e9d6eccaf719b6,0x233fa8de0b8829d38dfb7fc29c86de67970dec4f,0.393159032828779230,NULL,0x,0
8,0x76e96b1a738c79c8fc65f9563a54321ec5553f8e9954c9045b70c0a468ac3c27,4946594,1516540853,0x6994cccf6a2092a0b16ed6c4c5afa6dc7b6a0266,0x049b01966f721db6ec76097043e9d6eccaf719b6,2.000000000000000000,NULL,0x049b01966f721db6ec76097043e9d6eccaf719b6,0
9,0x8502fc004f03cdbeb9d7d0c4a994191a198f2f9ebe3610ee21bed5ea831374b7,4951489,1516613212,0x282645be0cc08e5b290e3d5979cd4165fdff018c,0x049b01966f721db6ec76097043e9d6eccaf719b6,0.028253700000000000,NULL,0x,0
10,0x8b5dcf38f71b9c3c454aab8821140cb78ed62cd99cea22c64491197196f01a7a,4974687,1516951990,0x049b01966f721db6ec76097043e9d6eccaf719b6,0xda6cb58a0d0c01610a29c5a65c303e13e885887c,0E-18,NULL,0xa9059cbb000000000000000000000000f15d4f7a0152c30e755debefa5b897d24f440c6a000000000000000000000000000000000000000000007f0e10af47c1c7000000,0
11,0xa809adfc481f7e9290f41931aabc87bc78ed9cf926aec7ab4b0ba6e733611a9f,4979467,1517021698,0xe13467e36561606a821fb7ecd72bfce8f70648f9,0x049b01966f721db6ec76097043e9d6eccaf719b6,0.080000000000000000,NULL,0x,0
12,0xefef4ae909ddf3e4bec94c33d482342e97ca9545572ac7c2bcb94dda96a9e690,4980603,1517038018,0x049b01966f721db6ec76097043e9d6eccaf719b6,0x1e818ad227aea206e5871236d6ba76523f8233b7,2.000000000000000000,NULL,0x,0
13,0x6a4526b5aca12cb2a467655a69c782283482e67aade37629a6a1263715ffb4e6,5169737,1519797503,0x049b01966f721db6ec76097043e9d6eccaf719b6,0xb96534657427b5263ccc5bab36abc3a3d37bcf56,0.010000000000000000,NULL,0x,0
14,0x841fddf9b6a764f9d5ba6523bf6dd31cb6ea792051d51f5a8f5a08c2bc31723a,5169754,1519797818,0x049b01966f721db6ec76097043e9d6eccaf719b6,0xb96534657427b5263ccc5bab36abc3a3d37bcf56,0.020000000000000000,NULL,0x,0
15,0x6c1782ed06ec498f5b9e519a9ae186e506f3a4405398d911e8bb3e417dbbba1e,5269998,1521269586,0x049b01966f721db6ec76097043e9d6eccaf719b6,0x5daf7b90835518788d097395072338bef0c1cafa,0.100000000000000000,NULL,0x,0
16,0xe6e6d6296c25f2dc09a23718c0dc0f187ff155bf2ddb5058e9fe5504e7ace7b2,5286880,1521515052,0x61385745fca39ec85ca504f340a8ba5c76ce76d8,0x049b01966f721db6ec76097043e9d6eccaf719b6,0.500000000000000000,NULL,0x,0
17,0xf5feeaa42b16b002af0e5f639a5b041b7a9c09bbdd4aaf47d455606ce551dff2,5288079,1521532503,0x049b01966f721db6ec76097043e9d6eccaf719b6,0xf43e5916bea9377068f32b8ad1c71afb72897d54,0.500000000000000000,NULL,0x,0
18,0xf3772e0d7c82adf2f3d4846f67e2be0a708dfa3f9e2f82453e69098879a6c17a,5444491,1523788122,0x540c6f30ae667319e032a8988dcb81b28a960433,0x049b01966f721db6ec76097043e9d6eccaf719b6,0.350000000000000000,NULL,0x,0
19,0xd839f3b5974184f003648fef0b36448b42835ffbbc4cb502ce036a2742863329,5449932,1523867922,0x049b01966f721db6ec76097043e9d6eccaf719b6,0x823d0cc9ea57270ee912bb0a211e7953388d78cb,0.350000000000000000,NULL,0x,0
20,0xab404348ca36ff33d91f11ec9aee12a11a900a95c959dc80741b51b6cc2c8847,5475882,1524253294,0xfc83613c5f248171493dee065be081ba45c1a674,0x049b01966f721db6ec76097043e9d6eccaf719b6,0.015082100000000000,NULL,0x,0
21,0x7364d50914229b8b873cc155ab3ed94635e84d23fca10bd3cb3007dfa467e581,5853819,1529960353,0x049b01966f721db6ec76097043e9d6eccaf719b6,0x8a77e40936bbc27e80e9a3f526368c967869c86d,0E-18,NULL,0x095ea7b30000000000000000000000002a0c0dbecc7e4d658f48e01e3fa353f44050c20800000000000000000000000000000000000000000000018bd70d2c8ecf540000,0
22,0x18f5c6e4d67cf7d55eb5ffee1f0882444d1998ca733585b804e00a182761635d,5853822,1529960379,0x049b01966f721db6ec76097043e9d6eccaf719b6,0x2a0c0dbecc7e4d658f48e01e3fa353f44050c208,0E-18,NULL,0x338b5dea0000000000000000000000008a77e40936bbc27e80e9a3f526368c967869c86d00000000000000000000000000000000000000000000018bd70d2c8ecf540000,0
23,0x1fcd7f02aba5d2ee656d3a097ac73a0626a0f1d699c4d873ab9f35e66cb09d46,5853825,1529960422,0x049b01966f721db6ec76097043e9d6eccaf719b6,0x2a0c0dbecc7e4d658f48e01e3fa353f44050c208,0E-18,NULL,0x338b5dea0000000000000000000000008a77e40936bbc27e80e9a3f526368c967869c86d00000000000000000000000000000000000000000000018bd70d2c8ecf540000,1
0,0x279d51cad8d9bf0962382fe459656e982e642a38c596574db9af7c8a636ec6c7,5853839,1529960671,0x2a0c0dbecc7e4d658f48e01e3fa353f44050c208,0x049b01966f721db6ec76097043e9d6eccaf719b6,0.137851682528039014,NULL,NULL,0
24,0x2f0e4e96c6ea359e6da726e09f0f82d2b80297053b405f09f43abf4d786d66b3,5856976,1530009054,0x049b01966f721db6ec76097043e9d6eccaf719b6,0x67577c093df8db3340b2d7dd46ed4ed5f7a60b94,0.150000000000000000,NULL,0x,0
