,TxHash,BlockHeight,TimeStamp,From,To,Value,ContractAddress,Input,isError
0,0xe40b48d44e0ad0251baa42cab13d66754651a59b19b3b824c19bca7cc2433a22,6198142,1535011983,0x26a022e559ec404c142ec873f1cde696ac97915b,0x07920356975798037f26a934db461c7aafc8aa05,2.989391000000000000,NULL,0x,0
1,0x5a450c4055b1d6ecf85cf1ca68aa7187ad87530c37be8a1d5685e60b92bdf954,6199575,1535033094,0x07920356975798037f26a934db461c7aafc8aa05,0x5bc49b46dd6b3f9e0fa000277f7d3bad07673bd9,0.300000000000000000,NULL,0x,0
2,0x8afeeb0a8eea30f3a5c5576bf851b55c286bb4309f62d8c04f8d2509a29ab032,6199821,1535037082,0x07920356975798037f26a934db461c7aafc8aa05,0xa2922ae30ff11c0fef6e250b3892a451bdd533f1,0E-18,NULL,0x,0
3,0x6e6c2f886e4e08fcd5025105bde092a6bd471e97a896f121d53c91e7d2efbdf3,6199828,1535037170,0x07920356975798037f26a934db461c7aafc8aa05,0x0084515449b037205a33d6d3940a5684126aa4b5,0E-18,NULL,0x,0
4,0xdb455bc62f21c372ef1ec9c3ff1d63481a48ce0e536e4edfba93557516422afb,6199941,1535038897,0x07920356975798037f26a934db461c7aafc8aa05,0x813ca840322e3795702300bb3ebaf7aee9af9536,0.100000000000000000,NULL,0x,0
5,0xd39379241fc60d33a6609280990dc67e38d0ab022cc12b4a5785b073b0589d6e,6199953,1535039070,0x813ca840322e3795702300bb3ebaf7aee9af9536,0x07920356975798037f26a934db461c7aafc8aa05,0E-18,NULL,0x,0
6,0x4cbf89e6cc3054dfb5e353804fc75b3d5d59b4586a4a2742e663e61a0f2a4b96,6199958,1535039126,0x813ca840322e3795702300bb3ebaf7aee9af9536,0x07920356975798037f26a934db461c7aafc8aa05,0E-18,NULL,0x,0
7,0xd9e2649b1406b13068fb9e8132101a2d1316b07693e8a76a67f94d4396de7336,6199961,1535039184,0x813ca840322e3795702300bb3ebaf7aee9af9536,0x07920356975798037f26a934db461c7aafc8aa05,0E-18,NULL,0x,0
8,0xb81db34d08745735fbd0edae67208ffd8bc53d0ec4af0b7e1fdaaea5b1a65dde,6199964,1535039243,0x813ca840322e3795702300bb3ebaf7aee9af9536,0x07920356975798037f26a934db461c7aafc8aa05,0E-18,NULL,0x,0
9,0x6a88d583927ed0ed4eabf70fd76beb2b55627ab93083e6baeb31f297eb497305,6199966,1535039268,0x813ca840322e3795702300bb3ebaf7aee9af9536,0x07920356975798037f26a934db461c7aafc8aa05,0E-18,NULL,0x,0
10,0x1378e138018c7e88e8d85bcef34838ce1184d48853bff3b526c8e27b9ce5ddda,6199968,1535039314,0x813ca840322e3795702300bb3ebaf7aee9af9536,0x07920356975798037f26a934db461c7aafc8aa05,0E-18,NULL,0x,0
11,0x66736ae0e342583cb937b07eacfcfbcadacfd9497707b7b647bd5bb7172975b8,6199973,1535039421,0x813ca840322e3795702300bb3ebaf7aee9af9536,0x07920356975798037f26a934db461c7aafc8aa05,0E-18,NULL,0x,0
12,0x4bd9a48f2b81e9f8d4ca0bc0fed1568c09081d1165c3d6096a89845b633c6510,6199978,1535039517,0x813ca840322e3795702300bb3ebaf7aee9af9536,0x07920356975798037f26a934db461c7aafc8aa05,0E-18,NULL,0x,0
13,0x9f487dcb6c96ee5036988ff2d117262a247bc681242d47bd80c54c82170a4d96,6199990,1535039775,0x813ca840322e3795702300bb3ebaf7aee9af9536,0x07920356975798037f26a934db461c7aafc8aa05,0.099433000000000000,NULL,0x,0
14,0x9a34668d95095b44b6ee314b762f34f2ee68237f4e9c431cf661cba6798da8b9,6203739,1535094633,0x07920356975798037f26a934db461c7aafc8aa05,0xdcbd1172ae45b97e1c807d93707e74463295349c,2.688446000000000000,NULL,0x,0
