,TxHash,BlockHeight,TimeStamp,From,To,Value,ContractAddress,Input,isError
0,0x12172b7f7f6b520b75ae8a5c3bf8c7e5632ea420f63d7a64a3b045f107fcbf56,5065757,1518278191,0xddf0998dbeb7d8ada32aadefc292ec5f8593733b,0x0a4392f623faf54de72cbf6f567e1a7808251cd3,0.390000000000000000,NULL,0x,0
1,0x5ca8bdb3cfab973ad2621c775e1f134df9c7a0f5dc6d64bcd93137d49244f5cf,5066071,1518282408,0xddf0998dbeb7d8ada32aadefc292ec5f8593733b,0x0a4392f623faf54de72cbf6f567e1a7808251cd3,1.640000000000000000,NULL,0x,0
2,0xcca66fdf488076fcd1dbfcfbecb140f3bb8a70770c90630636d2969e8bdd550c,5067345,1518300649,0x0a4392f623faf54de72cbf6f567e1a7808251cd3,0xab4b62c9f535f04966c88be416ba04994ce996ec,1.190000000000000000,NULL,0x,0
3,0x4166a86af58bef3556443e75df39e320c06ea512e6c2c1affd26318a22dd9132,5099057,1518761297,0x0a4392f623faf54de72cbf6f567e1a7808251cd3,0xab4b62c9f535f04966c88be416ba04994ce996ec,0.700000000000000000,NULL,0x,0
4,0x8d21acd41840a2324c7b3339caaa28af30074c61d4caf92c627cbcc0b097f407,5177699,1519914895,0x0a4392f623faf54de72cbf6f567e1a7808251cd3,0xab4b62c9f535f04966c88be416ba04994ce996ec,0.130000000000000000,NULL,0x,0
5,0xf7a67d5228e691cbf6df327238caa321977ed29f1bb20fcac556c271bac9c20e,5329679,1522132431,0x0a4392f623faf54de72cbf6f567e1a7808251cd3,0xa52fa9f30d88afebc3ea4587894eae12e6ef0605,0.008068000000000000,NULL,0x,0
