,TxHash,BlockHeight,TimeStamp,From,To,Value,ContractAddress,Input,isError
0,0xa165463a2230db39063248454e56758a5e19079f0f16135a7a656298a70fe160,5702662,1527684606,0x06b97e4bb433b87c36a0d8907342549b5cd890cd,0x0afc3711b354136a569edeeea3c6a51e1725013e,0.125783298766702334,NULL,0x,0
1,0xa7ed0109c9ed067f9a65d732751b3ad45d9e661a6c0c2dadd037ad5d609056ee,5703253,1527693458,0x9d3cf2cfe866a96334312c9d25b57fa645dd240f,0x0afc3711b354136a569edeeea3c6a51e1725013e,0.044414127743875000,NULL,0x,0
2,0x2a17e5bcce7759237b9cca9bbfb0e0d838165d5ad478ca5c2049b161c8beebae,5706126,1527737280,0x0afc3711b354136a569edeeea3c6a51e1725013e,0x283c4a5659e1c5c3e81f16fae5abb1c999ce4344,0.006000000000000000,NULL,0x,0
3,0x765dbd42ffc203e99a6416d58acf87df99f0b466c9ea9ca19967e0b532c5f5e3,5721785,1527977271,0x0afc3711b354136a569edeeea3c6a51e1725013e,0xb9bb08ab7e9fa0a1356bd4a39ec0ca267e03b0b3,0E-18,NULL,0x095ea7b30000000000000000000000002a0c0dbecc7e4d658f48e01e3fa353f44050c2080000000000000000000000000000000000000000000000aabedee4a9aca12585,0
4,0x162ef44d2b5c13f47ac6f1a1a330b7dcb35d04005fdb26d59bfbd297caab419e,5721787,1527977295,0x0afc3711b354136a569edeeea3c6a51e1725013e,0x2a0c0dbecc7e4d658f48e01e3fa353f44050c208,0E-18,NULL,0x338b5dea000000000000000000000000b9bb08ab7e9fa0a1356bd4a39ec0ca267e03b0b30000000000000000000000000000000000000000000000aabedee4a9aca12585,0
5,0x6073fbbd1c616f67bd59e3292930210dc01c8cbb2eaca92e676282b9f7f7db39,5721807,1527977582,0x0afc3711b354136a569edeeea3c6a51e1725013e,0xd99b8a7fa48e25cce83b81812220a3e03bf64e5f,0E-18,NULL,0x095ea7b30000000000000000000000002a0c0dbecc7e4d658f48e01e3fa353f44050c20800000000000000000000000000000000000000000000001944d45beb4d66155c,0
6,0xe4656adc8d73654e0f97decd5e000b645ddf6b15d01bad952c51ad859e90e4c7,5721811,1527977669,0x0afc3711b354136a569edeeea3c6a51e1725013e,0x2a0c0dbecc7e4d658f48e01e3fa353f44050c208,0E-18,NULL,0x338b5dea000000000000000000000000d99b8a7fa48e25cce83b81812220a3e03bf64e5f00000000000000000000000000000000000000000000001944d45beb4d66155c,0
7,0xbadbf3f09cc22ddb6199eba30b5cca6272bc47f3a8cd44c22ab369a56c32c7f0,5721836,1527977993,0x0afc3711b354136a569edeeea3c6a51e1725013e,0xa15c7ebe1f07caf6bff097d8a589fb8ac49ae5b3,0E-18,NULL,0x095ea7b30000000000000000000000002a0c0dbecc7e4d658f48e01e3fa353f44050c2080000000000000000000000000000000000000000000000a026c0f7c12f17f2fc,0
8,0xef6cd4fbbafbbab035b19d2ff60050d2a8799b5d66a58a3de6e600b8076f886f,5721837,1527978008,0x0afc3711b354136a569edeeea3c6a51e1725013e,0x2a0c0dbecc7e4d658f48e01e3fa353f44050c208,0E-18,NULL,0x338b5dea000000000000000000000000a15c7ebe1f07caf6bff097d8a589fb8ac49ae5b30000000000000000000000000000000000000000000000a026c0f7c12f17f2fc,0
0,0x93211f44f094993a4ddabd17b47c650238c2bc5a4502415ac6a7b778880172e7,5721845,1527978123,0x2a0c0dbecc7e4d658f48e01e3fa353f44050c208,0x0afc3711b354136a569edeeea3c6a51e1725013e,0.853819616960530333,NULL,NULL,0
9,0xaf08eae9534e10ca435524348f24bbac0f8a4b176ae84415c00332aa71ff6cdf,5728076,1528074271,0x0afc3711b354136a569edeeea3c6a51e1725013e,0xd3e53ed5bcc533a15740ba427f6e6bc90df4ebe2,0E-18,NULL,0x,0
10,0x5c71e481fe35a59242262846f0b6dccbfcc3fd5eec87102c7194d93e4dca84e4,5731187,1528121677,0x0afc3711b354136a569edeeea3c6a51e1725013e,0x9c5f4e5c017984729b05f698a294288137203583,0E-18,NULL,0x,0
11,0xaaf2e2680882e4cd3265f5806a552984e4c2afe8ddb5ee5fd16fa00fe301c66d,5742229,1528290616,0xfca9b83e0313286489085830da3aa6d641973979,0x0afc3711b354136a569edeeea3c6a51e1725013e,0.024336360000000000,NULL,0x,0
12,0x95f85c11a6ed7c1521eab26b2ce43de8c4ccaa48f7b83fa1121b2ab1bd0c5068,5742277,1528291321,0x686d04bd6727b3086da895497d288d73653ff503,0x0afc3711b354136a569edeeea3c6a51e1725013e,0.013006532809983477,NULL,0x,0
13,0x13b22d3f1379aa9ee536ee79b2b6f14a9e919c47384a30cbb6bb79c06569f3ac,5778510,1528845370,0x0afc3711b354136a569edeeea3c6a51e1725013e,0x3d4c51c1bc7a2336cfb2215e66136b2d71b71d6c,0.020000000000000000,NULL,0x,0
14,0x44297cd62a50de570c92566787e056237a4c48d17791850df9d9c7eb1ca1c75e,5778764,1528849402,0x16ba48d2cb60d1ce0595b94a0c628834b48e21ed,0x0afc3711b354136a569edeeea3c6a51e1725013e,0.595310504000000000,NULL,0x,0
15,0xb8ce4b692fd698445deb618557a0ce342dd1be2ab0b6e00d1a370102a69ad81e,5781577,1528892141,0x380466361298851a2e0fe476fd31071a00ddff4f,0x0afc3711b354136a569edeeea3c6a51e1725013e,26.000000000000000000,NULL,0x,0
16,0xb8eced25c14dcd3c9c4bacfee2a08a082adc5388544616ab046f6b183a160762,5781648,1528893146,0x380466361298851a2e0fe476fd31071a00ddff4f,0x0afc3711b354136a569edeeea3c6a51e1725013e,0.590000000000000000,NULL,0x,0
17,0x7ca6eb5e34f57ce28fedb0000cb939fd0840238c7699c0af1eb1d4e9ffc5ef68,5804898,1529238026,0xbc9a2646984af8635b760db555152777dc6378c2,0x0afc3711b354136a569edeeea3c6a51e1725013e,3.560000000000000000,NULL,0x,0
18,0x74a08b40d15852032f6eab8004dddbf23813d75d936750fd790bf711536298c1,5807300,1529273506,0x6648e07599dddb2274d0cb0f79b62536678291a1,0x0afc3711b354136a569edeeea3c6a51e1725013e,0.175000000000000000,NULL,0x,0
19,0x689a0af9348667b9199d85b11a621427148b4448a378d0963ca9b786daaebf78,5950490,1531395097,0x0976396dec017468c8d9f32dc4f7f54ea71bc5f6,0x0afc3711b354136a569edeeea3c6a51e1725013e,0.047154703877770630,NULL,0x,0
20,0xf5f4802e547d8ce7d65ea1ad5580fc00001856ad4c0bec917440e3d2f9cc48de,5950510,1531395420,0x1e8080b00e3c7bea52aacbcc10b6092a1ed6f311,0x0afc3711b354136a569edeeea3c6a51e1725013e,0.047544327851049214,NULL,0x,0
21,0x9b1975c8fcd1de162c2b52be8a0b63a81520552136ace1523b1444a3127d2019,5950521,1531395554,0x7fcf8bdc5a5ad0b661802c1571a395e2cf3cd389,0x0afc3711b354136a569edeeea3c6a51e1725013e,0.047544633250457997,NULL,0x,0
22,0x3d00e81c20c1eca179f0ac197aa658b5c786714335315747832a497d31d3c74b,5950529,1531395644,0xf29dc64c613862d2b59c752cd7358e4a42a644cb,0x0afc3711b354136a569edeeea3c6a51e1725013e,0.047544667364396853,NULL,0x,0
23,0x5ce8f050c5f35bce939755f340981402f1a461e20bbf4bd56b86d1744ff99bd1,6059282,1532983723,0x8b9310e47cd2d4aad77735a3218d9420cb152709,0x0afc3711b354136a569edeeea3c6a51e1725013e,23.669041060653328297,NULL,0x00,0
24,0xff55ea3d0d21a1d1d62d50dc681cc60ae6b68d624b5e706254a74a048a05e324,6063174,1533041159,0x0afc3711b354136a569edeeea3c6a51e1725013e,0x7bee7f57f2058c37e857768928be834cca0c079b,1.000000000000000000,NULL,0x,0
25,0xee8e1d78283f7e54cc34680843ddf8f0a5122a8f9499b887ccb9bd6b5e9ea2e1,6063234,1533041983,0x0afc3711b354136a569edeeea3c6a51e1725013e,0x8acbb222b54ebd816940117b68a2b2df1f744601,30.000000000000000000,NULL,0x00,0
26,0x3fc4c69625b18fe1cbfbc7847d70b74d88e3e05da007128cda8b2f364a5c1a61,6063382,1533044060,0x0afc3711b354136a569edeeea3c6a51e1725013e,0xaf1dce3f3a1288c73d634999944a89aab3d13113,17.000000000000000000,NULL,0x00,0
27,0x5fb5891204c02f615f24236c7c68e80582408daa5a5d152c590c9db3da1a34ba,6065119,1533069416,0x0afc3711b354136a569edeeea3c6a51e1725013e,0x5c3a228510d246b78a3765c20221cbf3082b44a4,0E-18,NULL,0xa9059cbb000000000000000000000000e0e1df65a64c5ae18b86463e30e96d1a657e42c40000000000000000000000000000000000000000000006bdf0512e35d8e78000,0
28,0x47fc0842dd7ac32f18123f34e34fb7a88ab3a473bc2a879e7ff6c85ca62b30fc,6065146,1533069707,0x0afc3711b354136a569edeeea3c6a51e1725013e,0xb97048628db6b661d4c2aa833e95dbe1a905b280,0E-18,NULL,0xa9059cbb000000000000000000000000e0e1df65a64c5ae18b86463e30e96d1a657e42c4000000000000000000000000000000000000000000000067ce470a49f4d64000,0
29,0x8c057dce4d049e53dd38cd604f619e793a34fa14e4bd431dc8711def1004a24e,6065151,1533069779,0x0afc3711b354136a569edeeea3c6a51e1725013e,0xdd974d5c2e2928dea5f71b9825b8b646686bd200,0E-18,NULL,0xa9059cbb000000000000000000000000e0e1df65a64c5ae18b86463e30e96d1a657e42c400000000000000000000000000000000000000000000002d47e6a2107eff6400,0
30,0x17e26fdedca3d3ace5e9c3dedd74ece52488f98abc261c4996df388999efd2be,6065158,1533069897,0x0afc3711b354136a569edeeea3c6a51e1725013e,0x818fc6c2ec5986bc6e2cbf00939d90556ab12ce5,0E-18,NULL,0xa9059cbb000000000000000000000000e0e1df65a64c5ae18b86463e30e96d1a657e42c40000000000000000000000000000000000000000000dec1a3fabdfc199dcc000,0
31,0xf26cec612ab838ee0bc4f1dc7f6fa9609804a99cffd01b655a4c0f2146557687,6065161,1533069958,0x0afc3711b354136a569edeeea3c6a51e1725013e,0x6c6ee5e31d828de241282b9606c8e98ea48526e2,0E-18,NULL,0xa9059cbb000000000000000000000000e0e1df65a64c5ae18b86463e30e96d1a657e42c400000000000000000000000000000000000000000000535e8bcc1ae04cbae70a,0
32,0xd643e6f3f1919e7732904c24189f071dc001edc9c8e8b15f5884ed095c09b955,6065163,1533069978,0x0afc3711b354136a569edeeea3c6a51e1725013e,0xba2184520a1cc49a6159c57e61e1844e085615b6,0E-18,NULL,0xa9059cbb000000000000000000000000e0e1df65a64c5ae18b86463e30e96d1a657e42c400000000000000000000000000000000000000000000000000000154710fea08,0
33,0x36c3dcd24d5be747485d8105061828524937ecf11dd3274a5b1e8d9cfbf93fcd,6065167,1533070013,0x0afc3711b354136a569edeeea3c6a51e1725013e,0x7d4b8cce0591c9044a22ee543533b72e976e36c3,0E-18,NULL,0xa9059cbb000000000000000000000000e0e1df65a64c5ae18b86463e30e96d1a657e42c40000000000000000000000000000000000000000000000270864d08653f8a000,0
34,0x76057b599812dfef07c662d5f45c655614f16e3755dbdf0f7d7e292f52fc9b0f,6065172,1533070068,0x0afc3711b354136a569edeeea3c6a51e1725013e,0xc12d099be31567add4e4e4d0d45691c3f58f5663,0E-18,NULL,0xa9059cbb000000000000000000000000e0e1df65a64c5ae18b86463e30e96d1a657e42c40000000000000000000000000000000000000000000000845fa0a5dec8003a65,0
35,0xeb0e639ff6a1dd7e43a7577acbc5e56412620a747a682547f616f630cbf906fd,6065215,1533070643,0x0afc3711b354136a569edeeea3c6a51e1725013e,0x05984006707585f66465e8a6505341f46b64fa7a,0E-18,NULL,0xa9059cbb000000000000000000000000e0e1df65a64c5ae18b86463e30e96d1a657e42c40000000000000000000000000000000000000000000011cb70249215a0640000,0
36,0x96a082eabd033ab271806e55f02b73030d190df2f5419d4a4b7cd705e1b36ebd,6065220,1533070770,0x0afc3711b354136a569edeeea3c6a51e1725013e,0xe0e1df65a64c5ae18b86463e30e96d1a657e42c4,7.735049356278094135,NULL,0x,0
