,TxHash,BlockHeight,TimeStamp,From,To,Value,ContractAddress,Input,isError
0,0x9bd0372d07733c721c7626892c99ae8cfc6787ba18587f64d853eb4bb0178973,4904217,1515889976,0x84c23485b34b325160f13f1185a9343462f1f5ba,0x0b7f284d74f549731499c44aed2a10adcc9e9cc0,0.195000000000000000,NULL,0x,0
1,0x523a718c2d4c3c862889f1e051a229f2ee4dac94c0a6178ec83752ddc6710451,4904300,1515891117,0xa36d4674fb813476a7c5f9bc9055d1d9ddc642ba,0x0b7f284d74f549731499c44aed2a10adcc9e9cc0,0.100000000000000000,NULL,0x,0
2,0xf9ed13de0e43d93d607594cda005fa7cdc9df1249f227c44a9bf9fb5e85bad19,4904427,1515892832,0xbe37a38a42f17ae06cb1bf4dfa456e9bcdb70148,0x0b7f284d74f549731499c44aed2a10adcc9e9cc0,0.090000000000000000,NULL,0x,0
3,0xae93933dfed33a26cdb0cbdb6a1c7c92a277580380d11d2565f3c223e239870d,4904443,1515893094,0x50514cd0a674b5542f3dd76e1dcd40f04d3856a8,0x0b7f284d74f549731499c44aed2a10adcc9e9cc0,0.225000000000000000,NULL,0x,0
4,0x1daa859dc094b6b6c7f89f7a14c77aec6fe861d23bf01a7c1b1c2d8b6cf9c128,4904464,1515893392,0xbe37a38a42f17ae06cb1bf4dfa456e9bcdb70148,0x0b7f284d74f549731499c44aed2a10adcc9e9cc0,0.080000000000000000,NULL,0x,0
5,0x723db938f876eec097d456b8a41f9c2f5d23b9edf665a55d9959e92c0b5619b0,4904607,1515895726,0xbe37a38a42f17ae06cb1bf4dfa456e9bcdb70148,0x0b7f284d74f549731499c44aed2a10adcc9e9cc0,0.090000000000000000,NULL,0x,0
6,0x5ff82a94292bf83c5c4863385af04f71b03e0ad2ca222ebc105e56dfd19de8a4,4905043,1515902499,0x2633866f9b248dd1d7c5b5a8e7f89b4e0fdbe0b2,0x0b7f284d74f549731499c44aed2a10adcc9e9cc0,1.000000000000000000,NULL,0x,0
7,0x281dd7845713bcd9ee8fd7b0116ffd66674ace56276d5b7a47dc4303c78a3008,4905155,1515904306,0x421537b82b5993cb837775d009e22e559aeea33b,0x0b7f284d74f549731499c44aed2a10adcc9e9cc0,1.300000000000000000,NULL,0x,0
8,0xe6b19d1bdd7007c29bf835fefd045635cdd97fc6444f63ebc288a834db291acc,4905169,1515904501,0xc6e8cefd475deab2f5af74d0c8ef6600b24c558c,0x0b7f284d74f549731499c44aed2a10adcc9e9cc0,0.850000000000000000,NULL,0x,0
9,0x0ea53e59902635e36503886343444a9c110f0274769e13d4b5da77b119daa93b,4905172,1515904556,0xcb585aaf61d03d47c0405229c83cd2cd00a8db7a,0x0b7f284d74f549731499c44aed2a10adcc9e9cc0,8.000000000000000000,NULL,0x,0
10,0x1f0bedcd2fff8b435c76d15ae2a1ab3ff9792134f5b1360a07fcee895af1f7fb,4905386,1515907994,0x8a9bc6d4ff1f6a44c816e885780e67d405aa5f71,0x0b7f284d74f549731499c44aed2a10adcc9e9cc0,0.818000000000000000,NULL,0x,0
11,0xa7d6f516c7970e50ccdbb8844da32e7905e386e98bf5108e1b4b7577e0bdb5b2,4905527,1515910019,0xc5927bfdf02ac5e7fd17404f489c1bd308acce63,0x0b7f284d74f549731499c44aed2a10adcc9e9cc0,0.050000000000000000,NULL,0x,0
12,0x4715933e585fc2ee51f50d64c770cabf234169a773a115afbb6fba43729f55a9,4905612,1515911437,0x5be008abdb7a2ea3e24113a263edbb21649aa37c,0x0b7f284d74f549731499c44aed2a10adcc9e9cc0,0.038139000000000000,NULL,0x,0
13,0x268ac6ddf66489aac6b4c4a0a45adf49c100f1495a8842d2eaf7136debe76397,4905936,1515916506,0xb210aaa14c2a94399b460ac7f50f2a8d3fd87b18,0x0b7f284d74f549731499c44aed2a10adcc9e9cc0,0.462883000000000000,NULL,0x,0
14,0xa93ef7171c6044b7dd487afd1f4fc9b1183dc3fcee64a7a49f65bde681e20406,4905952,1515916745,0xfd314c982235d0d25b0b9b9aec807272871f5758,0x0b7f284d74f549731499c44aed2a10adcc9e9cc0,0.999590000000000000,NULL,0x,0
15,0xff73262ab7c13f565872c314c7ec159fafc71b7f5d7a8f0ce981ea5fc71b7073,4906037,1515918136,0xc0df9dfc364f4c5417fbf0779aa83854d4df2e12,0x0b7f284d74f549731499c44aed2a10adcc9e9cc0,3.135600000000000000,NULL,0x,0
16,0x1280dc00dbc150502520e40cff64193d12c2c68b0fdcdc0c0f724b5de468658b,4906071,1515918501,0x8ff683f9df20ff1a784f4297473f3575db9a20b0,0x0b7f284d74f549731499c44aed2a10adcc9e9cc0,3.320000000000000000,NULL,0x,0
17,0x765ea01ce749385ea9ce5bc3d9628b59f882fb354b6f2f7ca9b6eeaf90f3e3b0,4906127,1515919340,0x48431efec381314dcaea38320aa0a451a61c6c79,0x0b7f284d74f549731499c44aed2a10adcc9e9cc0,0.042000000000000000,NULL,0x,0
18,0xc8f70d823402bff769d9769830ad6f27545af8cf45995f7def7b95026715630b,4906168,1515919897,0xafad1f69937ec5e6699615f4c7a1f010d9ca0748,0x0b7f284d74f549731499c44aed2a10adcc9e9cc0,0.500000000000000000,NULL,0x,0
19,0x2b92db5e78c0b8f1aadadfd0360fa30c7d0e9bb12b122ef9a1f49f4925f197e8,4906218,1515920547,0x7ed1e469fcb3ee19c0366d829e291451be638e59,0x0b7f284d74f549731499c44aed2a10adcc9e9cc0,0.000003750833599324,NULL,0x,0
20,0x09d6608b25ec430b21a06cacdba3a8524524530a5f16bdaf505a45876c3c3a9b,4906298,1515921733,0x7ed1e469fcb3ee19c0366d829e291451be638e59,0x0b7f284d74f549731499c44aed2a10adcc9e9cc0,0.077081366787972226,NULL,0x,0
21,0x322295d0e7c46c4e1ab12fb9584259a5c90ee248fc93d8100ec49e3a030ba78d,4906394,1515923089,0x56bd5767df96592ccc1e628c589a85604b976c3e,0x0b7f284d74f549731499c44aed2a10adcc9e9cc0,0.001500000000000000,NULL,0x,0
22,0xc6f442017bacf0b4a2f94ca96e2a8e0833afec5d381e9214bfaf8d9353f28b00,4906486,1515924494,0x09e8c65b36b995316b653e141bc1cbbbfa993f8e,0x0b7f284d74f549731499c44aed2a10adcc9e9cc0,0.500000000000000000,NULL,0x,0
23,0x38956aebe94906bac22033bd3fc98174c16839abbc20b1fe8ac6cb3b130fbd69,4906569,1515925750,0x6f45c3e41ec293139e04d88bcaf0d1d0a8a75436,0x0b7f284d74f549731499c44aed2a10adcc9e9cc0,0.135000000000000000,NULL,0x,0
24,0xc3ac966dbef6dfb4a36f477f2780055ae98cfb8da2fa2613ef76e1fc2881e3f0,4906628,1515926643,0x09e8c65b36b995316b653e141bc1cbbbfa993f8e,0x0b7f284d74f549731499c44aed2a10adcc9e9cc0,0.400000000000000000,NULL,0x,0
25,0x8df30006a90e257f57cdda12d3a317cd782cf0b92b48dd231657d046cc236ab4,4906657,1515927114,0x09e8c65b36b995316b653e141bc1cbbbfa993f8e,0x0b7f284d74f549731499c44aed2a10adcc9e9cc0,1.000000000000000000,NULL,0x,0
26,0x3d51e0199604113c08122e839f08fcf82974c33072053e344bf2ced092d12546,4906693,1515927656,0x5cca4755fb72a7dabeeb919d2d5013c35ed61745,0x0b7f284d74f549731499c44aed2a10adcc9e9cc0,19.991800000000000000,NULL,0x,0
27,0x861eef922b7ec9559c433b67ad20721f20011fcb808416a61aeebd95a707c216,4906699,1515927743,0xa490ba64c12cff2c5b3457841a5e852bfe64e78b,0x0b7f284d74f549731499c44aed2a10adcc9e9cc0,0.127186230000000000,NULL,0x,0
28,0xb347154ce61b146580562be8ac94819367cc9db96eac4dfb1636de6cc777814e,4906809,1515929715,0xf9b5f16ea3ae75edd3c159ac40e655c96889d28a,0x0b7f284d74f549731499c44aed2a10adcc9e9cc0,0.900000000000000000,NULL,0x,0
29,0xe6cc07ad5cb6306ac7a923438453f7b14ea16605154ffb3fa660e736321be946,4906980,1515932411,0xb40d063948499c5edd742fd5a09fcea7defcb4d5,0x0b7f284d74f549731499c44aed2a10adcc9e9cc0,0.060000000000000000,NULL,0x,0
30,0xd81b63f15854cc0196130f86418198dc64d1c01717900f14d50d207485b8da6a,4907021,1515932908,0x8d78ab6b793f0f09def91f7f7d2d0976baa78f8d,0x0b7f284d74f549731499c44aed2a10adcc9e9cc0,2.999559000000000000,NULL,0x,0
31,0xfb70489cb9fe92bc41fb453c13323bac9c53a20030b5de1cfc4078d7d486a977,4907089,1515933791,0x4a71cdfd00355f39ef5fe088e09509be823bf7a6,0x0b7f284d74f549731499c44aed2a10adcc9e9cc0,6.000000000000000000,NULL,0x,0
32,0x50736451c452376a75d17cb2fc3b20cbd1e9d7b4ffc9f5b90796310d0a137a58,4907154,1515934915,0xee49e34c8658e435b8073012980030951aba1d8e,0x0b7f284d74f549731499c44aed2a10adcc9e9cc0,1.000000000000000000,NULL,0x,0
33,0xd7da0d3085ce6331640a953a92119fcd3b7002e905d9e650cc4abe8337ec1292,4907156,1515934946,0x9a24acccbde5a06df1a4e40e05faebb82497f374,0x0b7f284d74f549731499c44aed2a10adcc9e9cc0,0.400000000000000000,NULL,0x,0
34,0x14121f4bb7fab687d58c5a0da8038557550aac387a7d2b132a7e75a3ebfd7fe7,4907386,1515938554,0x4a77188bfe961e217139658c299d96fa6cf11c61,0x0b7f284d74f549731499c44aed2a10adcc9e9cc0,0.571858430000000000,NULL,0x,0
35,0x18e051ba80e98079c4b3da109d356d5c0f84277995ba3b1a6049accbf8758e74,4907403,1515938808,0x876c2f97c9f143dead21c074d5375601535cb54c,0x0b7f284d74f549731499c44aed2a10adcc9e9cc0,0.050000000000000000,NULL,0x,0
36,0x2781e43f224c10e4654433f82dc67cbee373bfd3eb4603d4014542961094b322,4907574,1515941482,0x5a8a2556f5c6097913455be97ee993bd4d2ef0ea,0x0b7f284d74f549731499c44aed2a10adcc9e9cc0,0.200000000000000000,NULL,0x,0
37,0xaf4d19fc315216b884256591ed9758dbb99e879917ec213e18d84f2b2137fbc3,4907687,1515943359,0xe95a62d790ff41d5ede1bac7834bc601eed0d12b,0x0b7f284d74f549731499c44aed2a10adcc9e9cc0,0.370817270000000000,NULL,0x,0
38,0x34a435045120264e4287e9e3092cfbb8185baba7e793fe0248fabb75a9d314d2,4907738,1515944186,0x6ba63a596e745f17eb08bf11c28dd173bc1aa0fc,0x0b7f284d74f549731499c44aed2a10adcc9e9cc0,4.999139000000000000,NULL,0x,0
39,0x482d7b3be67931350283c46f1aac7ada1fd6f257626ffcd87d8d29ec453873c0,4907845,1515945837,0x8c6ecef6f3630d56ec00f68b657ea6b8d6ff1771,0x0b7f284d74f549731499c44aed2a10adcc9e9cc0,1.488500000000000000,NULL,0x,0
40,0x4f99868a6b9ef3d7bd6cf71dddf7ec6dd0b34ade8cc4055f9e856aa47d2f7475,4908012,1515948079,0x993b802a72ca27546ce5cef0bf08ac94279c0154,0x0b7f284d74f549731499c44aed2a10adcc9e9cc0,0.001000000000000000,NULL,0x,0
41,0x00fbe03bb2a9911809dbc6a959803a459038f0481901dd7b669271aa11c1476c,4908133,1515950123,0x48c85b0f1a29a5c215458d7c22ba2590ae6ddd08,0x0b7f284d74f549731499c44aed2a10adcc9e9cc0,0.800000000000000000,NULL,0x,0
42,0xd186b7be2f8130ef7d23d6fc31d658fe3b075c65201a9a67a4de89277902fef8,4908273,1515952240,0x020003741726dbfccd1a0d133b5060f520b7c89d,0x0b7f284d74f549731499c44aed2a10adcc9e9cc0,0.114526000000000000,NULL,0x,0
43,0x5a76ed4d5217e72094577ca4ddc6d1de3ea5a777eb0a297bfc656286ba9b1baf,4908307,1515952688,0x8d66346064b162a6ffd2d1ef2abf56214bc7316d,0x0b7f284d74f549731499c44aed2a10adcc9e9cc0,1.000000000000000000,NULL,0x,0
44,0xdea125d3c18c31969233237e74f371d58228e499cba8d884d66f4fb7c6be7da6,4908337,1515953215,0xecca9cd61a4da5772636e5da57eb5c9c484314f6,0x0b7f284d74f549731499c44aed2a10adcc9e9cc0,1.000000000000000000,NULL,0x,0
45,0x01b7c15860b46daaed8e060f3849a30cdacd1b8a2be0460a6b6f741e23b52aa8,4908364,1515953671,0x1bb927e52e215686b52fd9c5ea6dd2e111d99578,0x0b7f284d74f549731499c44aed2a10adcc9e9cc0,0.099139000000000000,NULL,0x,0
46,0x8b34bd336202d0eaeec3b69c817340ff98200e1f92a753af421d3f15420b4a6c,4908413,1515954342,0x8dd53489a605c4d9ea932cf1a509321cfe9a800f,0x0b7f284d74f549731499c44aed2a10adcc9e9cc0,0.024973090000000000,NULL,0x,0
47,0x1d638f7da7858dcf131140e3462064f145b74bb0da0328c225f2aaccd410bd06,4908485,1515955430,0xc9d54a34148be52d6566157d19efb239c08c18a4,0x0b7f284d74f549731499c44aed2a10adcc9e9cc0,0.110000000000000000,NULL,0x,0
48,0x6c9341924b8e120c7283b41e3d05c519c3eed68f9f3ec37d5d8e4cb8a0ace1dc,4908544,1515956378,0x1bb927e52e215686b52fd9c5ea6dd2e111d99578,0x0b7f284d74f549731499c44aed2a10adcc9e9cc0,1.000000000000000000,NULL,0x,0
49,0x4207ab5acc8ae5acf8ef11e4b2d2aafc595be060e11028d77e3d6893171edbdf,4909156,1515965900,0xb86da19e1edbf9a64b0ae851e20551ba45da2026,0x0b7f284d74f549731499c44aed2a10adcc9e9cc0,0.350000000000000000,NULL,0x,0
50,0xfe5f846b03e953175f77d540bc453e5af6560ad3cbeadf58b2e4554bb888aa7f,4909412,1515969518,0x020003741726dbfccd1a0d133b5060f520b7c89d,0x0b7f284d74f549731499c44aed2a10adcc9e9cc0,0.169604800000000000,NULL,0x,0
51,0x3d07d8a87a2f2bcc40dfb6667b8d9d4446fd083fda3ff2cb0e7f84af5e120ab0,4909436,1515969841,0x3fa8d0bdc530fc713f1d4a55a6e3419c4c1ddafc,0x0b7f284d74f549731499c44aed2a10adcc9e9cc0,0.893419330000000000,NULL,0x,0
52,0x7f7a8ad99eac1d02ca8728623bf762faba45f1abe68c937cd598e48735eddf64,4909533,1515971335,0x020003741726dbfccd1a0d133b5060f520b7c89d,0x0b7f284d74f549731499c44aed2a10adcc9e9cc0,0.078625230000000000,NULL,0x,0
53,0x6c9cdaabd8aec818cc0d90b7ac134a443b88a75c4c85850281e2f0ca9e92603b,4910983,1515994359,0x30e08121ecbaf4647824f7397024a256a3831137,0x0b7f284d74f549731499c44aed2a10adcc9e9cc0,0.193160000000000000,NULL,0x,0
54,0xb6c1465459c2ae9cddff3defd3d153233ad8bf96172e274d968ec32fca26e7de,4919785,1516133624,0x0b7f284d74f549731499c44aed2a10adcc9e9cc0,0x8931152cafed3e7b32e1f348d52ab09ce6f2818f,3.000000000000000000,NULL,0x,0
55,0x5ee757c5dd3c4416d3ba2e85478a85f881b78c796a92ca0fa35f975b31a9c9b3,4919818,1516134132,0x0b7f284d74f549731499c44aed2a10adcc9e9cc0,0x8931152cafed3e7b32e1f348d52ab09ce6f2818f,12.000000000000000000,NULL,0x,0
56,0xc0cb1d1407be5dcdcaab244838735eccbf5b422079caea3bd38b467b715e5b22,4919859,1516134682,0x0b7f284d74f549731499c44aed2a10adcc9e9cc0,0x8931152cafed3e7b32e1f348d52ab09ce6f2818f,16.000000000000000000,NULL,0x,0
57,0xca464fdeb4605e2dc383cbfdf51f87cea750ea7164651a79c140f95ac1e5e2b8,4919897,1516135339,0x0b7f284d74f549731499c44aed2a10adcc9e9cc0,0x8931152cafed3e7b32e1f348d52ab09ce6f2818f,25.000000000000000000,NULL,0x,0
58,0x5346d2b6c97414d80293b624ec6e0c9c743e2d219ace0bbc89adab33d75c6962,4919926,1516135802,0x0b7f284d74f549731499c44aed2a10adcc9e9cc0,0x8931152cafed3e7b32e1f348d52ab09ce6f2818f,12.396720497621571550,NULL,0x,0
