,TxHash,BlockHeight,TimeStamp,From,To,Value,ContractAddress,Input,isError
0,0xe1cd658c0feecd2e56c635d9c16e8ee12bb5ccbad109d6801b4f827e1340b275,5474465,1524232587,0xe485c3b2ef566d45d30989b07536eb77e79d7a25,0x0c6a415effaa3a2310c0db718090f4c5fd633982,0.500000000000000000,NULL,0x,0
1,0xc7a3d12bd25d794021f0c255d0ef29bedbea00ca66b6e28fd4a088e6b729582c,5478813,1524296762,0x0c6a415effaa3a2310c0db718090f4c5fd633982,0x2d4013494db76b5b3f7980e239b692d84e1c150b,0.137813610000000000,NULL,0x,0
2,0xcd70963452ef8b906da52f6ec16883e55d5e25448b47d5222e9ea118eee10ae5,5482557,1524351657,0x564286362092d8e7936f0549571a803b203aaced,0x0c6a415effaa3a2310c0db718090f4c5fd633982,0.590000000000000000,NULL,0x,0
3,0x88076f414b0350547eb6ba1e51d206a3e3ac381faab6a22c6b2ed455b2fae843,5485649,1524397611,0x3f5ce5fbfe3e9af3971dd833d26ba9b5c936f0be,0x0c6a415effaa3a2310c0db718090f4c5fd633982,0.990000000000000000,NULL,0x,0
4,0xe2cd4f13b27220a8adb2b32092d0838a4e48655ad305eb2bc37674a8810f79e9,5492509,1524498300,0xaf7cb6ee6b5be5ce46ab2050238c1adbb38e8bef,0x0c6a415effaa3a2310c0db718090f4c5fd633982,0.800000000000000000,NULL,0x,0
5,0x4901c1e4fbdeee5056e7a8b589ecfd70079086e9a24915678e57ab24043b2c19,5492903,1524504668,0xfbb1b73c4f0bda4f67dca266ce6ef42f520fbb98,0x0c6a415effaa3a2310c0db718090f4c5fd633982,0.994000000000000000,NULL,0x,0
6,0x37bf1ace7186b5a7d8b5850561ae6d201995b67bdb8fbc165f0acc391cc4cc20,5492929,1524505118,0x564286362092d8e7936f0549571a803b203aaced,0x0c6a415effaa3a2310c0db718090f4c5fd633982,0.530000000000000000,NULL,0x,0
7,0x0d179880cb406feea2c5f1818b570bb18a3e974ca3d3f52da1f9dad61034165b,5497048,1524567566,0x65d6716a13f5836c3db165e5d69ef46afe97e1f1,0x0c6a415effaa3a2310c0db718090f4c5fd633982,0.500000000000000000,NULL,0x,0
8,0x074cbef17dc6887711a70c21f8a30661038aa3071a78e36fbe317ca56d754e38,5497673,1524577038,0x0c6a415effaa3a2310c0db718090f4c5fd633982,0xfb3540810c6bb18a5532ba52670afc19b0f6b79b,0.120595390000000000,NULL,0x,0
9,0xfa47a564bf75d5d1b871cd9bb2d13c2e55089e6ffc33a18e3c0c0b46b8f3b0b4,5499661,1524606164,0x0c6a415effaa3a2310c0db718090f4c5fd633982,0x997ad34840281d459251abdf9c90d9a8c6a6e01a,4.643008000000000000,NULL,0x,0
10,0x28f4f12a6e8a641f70fe723446061ff6cd76d57f7063d286fe35e776b36cce3c,5499724,1524607235,0xfbb1b73c4f0bda4f67dca266ce6ef42f520fbb98,0x0c6a415effaa3a2310c0db718090f4c5fd633982,0.994000000000000000,NULL,0x,0
11,0xc775186e89db52481b876c308b2654ab46271974d51a8d3439930ad31ddb3137,5500396,1524617400,0xa9cf41a6d919a29e2823f9caa4ccc089da4d2f97,0x0c6a415effaa3a2310c0db718090f4c5fd633982,0.500000000000000000,NULL,0x,0
12,0xbe252e6a1b8e759f01ccfad6fee64656d463fcce65f034af64badc845dbba9ca,5503920,1524668977,0x1595c383f52e474b28b5e6b4b8f72e92c1461474,0x0c6a415effaa3a2310c0db718090f4c5fd633982,0.600000000000000000,NULL,0x,0
13,0x1405a03ec829394589623c6ab42b7cc8491f1dc49213cf7bc115ae2299c8c24c,5504418,1524676669,0x0c6a415effaa3a2310c0db718090f4c5fd633982,0x997ad34840281d459251abdf9c90d9a8c6a6e01a,2.093139000000000000,NULL,0x,0
