,TxHash,BlockHeight,TimeStamp,From,To,Value,ContractAddress,Input,isError
0,0x5c421c63dfaa2f1bff62b72d127bcfb766a04ef139583ab70643903370561142,5597675,1526082215,0x6cc7211a9c4508701936b81b98fb670825d3e5f4,0x0c4762bc7b1af1dc9448a827f53861c118b712de,0.500000000000000000,NULL,0x,0
1,0xde2e913ba115cd3d0d1fb5a295038f8e07aeccf70c4c53fc2de95c8f125e50f8,5598033,1526087417,0x390de26d772d2e2005c6d1d24afc902bae37a4bb,0x0c4762bc7b1af1dc9448a827f53861c118b712de,0.655716880000000000,NULL,0x,0
2,0x3f626accddb8b412bd035086b26fd18f3d9bb10fefa9e1437b1513f363202427,5598240,1526090612,0xd551234ae421e3bcba99a0da6d736074f22192ff,0x0c4762bc7b1af1dc9448a827f53861c118b712de,2.511953000000000000,NULL,0x,0
3,0x873a7768eecc252a2fc336e9e2cf073edff8550834e0e36a0b223b4b93d68fd5,5598284,1526091232,0x564286362092d8e7936f0549571a803b203aaced,0x0c4762bc7b1af1dc9448a827f53861c118b712de,0.387468700000000000,NULL,0x,0
4,0xb484037956211140259d1ae92409c3af24a497fcf4a2ff8ea8d529f220cf8f03,5598368,1526092400,0xef59c7ba877e4e35cecc3f6b2fd2d06c022b20bf,0x0c4762bc7b1af1dc9448a827f53861c118b712de,0.003699985000000000,NULL,0x,0
5,0x90da1ab930ceed594f3ca6c80389f16ef740062d06e9a1c71bda03d4e38bc49c,5598759,1526098399,0x38cb79c0deb0444099b2a7bc45cf60c894b2333a,0x0c4762bc7b1af1dc9448a827f53861c118b712de,0.500000000000000000,NULL,0x,0
6,0x459851f96f91d6f307bf70750bc6e77afc18b4f80086e860ef7069b8dee90b47,5598970,1526101746,0x0681d8db095565fe8a346fa0277bffde9c0edbbf,0x0c4762bc7b1af1dc9448a827f53861c118b712de,1.130000000000000000,NULL,0x,0
7,0x072de04c7823ff32f91349da37f344786137187c0133fb0cb3743b8e4c88ab79,5599661,1526111957,0x3f5ce5fbfe3e9af3971dd833d26ba9b5c936f0be,0x0c4762bc7b1af1dc9448a827f53861c118b712de,1.920506510000000000,NULL,0x,0
8,0x05b23ed94352b32363f7f0f96fc7fdc32f3bfcb4523a15760eb3945fa5f045e8,5600110,1526118634,0x3f5ce5fbfe3e9af3971dd833d26ba9b5c936f0be,0x0c4762bc7b1af1dc9448a827f53861c118b712de,0.054027160000000000,NULL,0x,0
9,0x2e18bcfd0c1570fb481c1f0a8d4b5121c774ca03304fa4befa57a87fff44cd0b,5600519,1526125101,0xbb33497b23e8c261827888611d0272e92ea052ac,0x0c4762bc7b1af1dc9448a827f53861c118b712de,1.990000000000000000,NULL,0x,0
10,0xfefd4e22d42d06480f0fe0d27a619a47625de62513cb58b5401d0784102bfdc5,5603911,1526175385,0xca1ed8c7b089d17df912414560da7912d49a58d4,0x0c4762bc7b1af1dc9448a827f53861c118b712de,1.000000000000000000,NULL,0x,0
11,0xe74af988e87d47deb1ede8f2f01f968dc7430c3d6e60d3a922d823c4b66b48a9,5605897,1526205884,0x5bc9d28807714ae2b63f572d13952157c17f05f9,0x0c4762bc7b1af1dc9448a827f53861c118b712de,1.499829900000000000,NULL,0x,0
12,0x1ce98b3425f1a711a3e8f3a21e02f01aa9664e286a2609fea0a444ff6bbbf498,5605920,1526206373,0x21d7833da8d2a723bfa44bcdabd8a3fc09afce57,0x0c4762bc7b1af1dc9448a827f53861c118b712de,0.998997728347578257,NULL,0x,0
13,0xa780339c5009341c44b42dedb1b0d1d043947a1c9822aef0191e051a58ec84fb,5609123,1526254036,0x0c4762bc7b1af1dc9448a827f53861c118b712de,0x15b3e5d390370ecd88a7fa5067c66fca5b0b67d0,13.142199863347578257,NULL,0x,0
14,0x23942f0f529ce89fd7539226e3c6984e24febcb1d149b3b2f15b00287eb04ac5,5611490,1526290001,0x51836a753e344257b361519e948ffcaf5fb8d521,0x0c4762bc7b1af1dc9448a827f53861c118b712de,0.500000000000000000,NULL,0x,0
