,TxHash,BlockHeight,TimeStamp,From,To,Value,ContractAddress,Input,isError
0,0x2c03f57f4b9eaebdec2a4ea15eb2c4d8e535259d31813c3629974c79a5b7b6f5,5460800,1524027234,0x9509840979ea23fc61f6d2544fdfcb6145b294b6,0x0ec0e48673e4901c3a28ade2540420f68996e79e,0.800000000000000000,NULL,0x,0
1,0x9593d5d7e5e97dcbbe4f5fd804989fdb4af453fd94a4f01fec81a7c81fb799a0,5462753,1524057280,0x0ec0e48673e4901c3a28ade2540420f68996e79e,0xc0e984865a14600c2e7d4f3f41aeaf9a131dee60,0.180000000000000000,NULL,0x,0
2,0x4da43784b555af5465ac0b6d89d95aa0b52648340a7ec3c3da5eca97013276bb,5462789,1524057718,0x0ec0e48673e4901c3a28ade2540420f68996e79e,0xb23d33c9935f0f059ed33d14cc4b070c6e622d01,0.600000000000000000,NULL,0x,0
3,0x4f6760e654c7be1b01dec8b5366d4c2923db5cfcd51a74b49ebe2be5b25bea84,5484464,1524380106,0xbdcea21dac9a4473301099631263a2bc5b92ffb8,0x0ec0e48673e4901c3a28ade2540420f68996e79e,0.250000000000000000,NULL,0x,0
4,0xc875124e277fbd9ec72fc617a4ca5e8e9b29f16a058a22851f9b5afc26b89b72,5484484,1524380357,0xbdcea21dac9a4473301099631263a2bc5b92ffb8,0x0ec0e48673e4901c3a28ade2540420f68996e79e,0.250000000000000000,NULL,0x,0
5,0x5d568e1903a0b859e7f2cc636175c570d437e14c5a1c7a4cf9d6d4b1151e3d94,5501251,1524630066,0x48cd26a568dcb6bf5de0a16b953bda995df67134,0x0ec0e48673e4901c3a28ade2540420f68996e79e,0.500000000000000000,NULL,0x,0
6,0x15d03573a5a719c6bf7051c27b1d2e0eeb5b4d01f5e604f972408f3e2fd63f9e,5502026,1524641826,0xa52f4eecff56e7b6f29663e53d58cdc9109d8369,0x0ec0e48673e4901c3a28ade2540420f68996e79e,0.102360896000000000,NULL,0x,0
7,0x358697aae26df45042b8f451087a0954d9d12f428bc08930e2a18d00d0d077f2,5508529,1524737315,0x0ec0e48673e4901c3a28ade2540420f68996e79e,0x993d1297af9fb8fd63d66956eb7a8b02bf1912db,1.115000000000000000,NULL,0x,0
