,TxHash,BlockHeight,TimeStamp,From,To,Value,ContractAddress,Input,isError
0,0x766a18899881e07c0d851bd971c3ee30e0b02340750fbe70320ae03dd1d1e40e,5410723,1523298710,0x7b4135919d94464fa1508c816814e43e5f292a6f,0x0e0ba79cb92e07555ef7a3fe9e18ba33dd0b6d29,0.500000000000000000,NULL,0x,0
1,0xb64e0ace858616e4e897a881d10b1357027ff4f1847ac3bb596e939123cb529c,5427685,1523542344,0x22b84d5ffea8b801c0422afe752377a64aa738c2,0x0e0ba79cb92e07555ef7a3fe9e18ba33dd0b6d29,4.129082050000000000,NULL,0x,0
2,0x006ffec37e79b053cb8578ed589a8bc316a06927a8009f6b0b02254d8fa7b251,5427846,1523544617,0xffc54cda8a340cfad407ee64d8b7b5bf8d73c8f0,0x0e0ba79cb92e07555ef7a3fe9e18ba33dd0b6d29,5.000000000000000000,NULL,0x,0
3,0xd646fe974d4ed58e7de8fc86bbc3128bea52bbf732c509feb57afed4989f9fc8,5427946,1523546157,0x564286362092d8e7936f0549571a803b203aaced,0x0e0ba79cb92e07555ef7a3fe9e18ba33dd0b6d29,0.490000000000000000,NULL,0x,0
4,0x39cedf80611d4634b776eb357854b44c4f08fa31331a177676f9501bd2faf9b6,5428297,1523551064,0xd551234ae421e3bcba99a0da6d736074f22192ff,0x0e0ba79cb92e07555ef7a3fe9e18ba33dd0b6d29,1.980008000000000000,NULL,0x,0
5,0x80e5229e4434a5e448ed8de53837dcbe4cffda1961e1a83670313e9c17e573fd,5434200,1523637972,0x593eb348546acd55f713b098f957a783bb7a233d,0x0e0ba79cb92e07555ef7a3fe9e18ba33dd0b6d29,2.000000000000000000,NULL,0x,0
6,0xaa9a6d0c57641db1d8b61894effccedf7b86df2350fbd7aa96d65a5c0ca89bf5,5438677,1523703741,0x65b60ceebf896fac0566c882c725c4246a4017d5,0x0e0ba79cb92e07555ef7a3fe9e18ba33dd0b6d29,0.150000000000000000,NULL,0x,0
0,0x5fce4e30f4fd0292b2e5bca608ce0ec309ada1e666d052482f4cad45b8554b9f,5443275,1523770034,0xa36ae0f959046a18d109dc5b1fb8df655cf0aa81,0x0e0ba79cb92e07555ef7a3fe9e18ba33dd0b6d29,0.700000000000000000,NULL,NULL,0
7,0x8bb9440bba1fdf2fdb298efe097dc220abb7ecc71e1897c04f1d5342e48cf3c5,5443588,1523774844,0x00c24487f9c702a51d3a569b4c02d41544a8fe00,0x0e0ba79cb92e07555ef7a3fe9e18ba33dd0b6d29,1.332000000000000000,NULL,0x,0
8,0x832ac0bf73809c1011ee7a0ce64c51e0a7405cc4c96e77885601b5c0288adb91,5445019,1523796048,0xe074ee77c6d361688fb02c9bb8f948075496db58,0x0e0ba79cb92e07555ef7a3fe9e18ba33dd0b6d29,1.949256840000000000,NULL,0x,0
