,TxHash,BlockHeight,TimeStamp,From,To,Value,ContractAddress,Input,isError
0,0xb70880f96970ec7f49ec098a4935e644c883df04662113ac141cbec8157a7166,4915806,1516071441,0x608d79cf2017856a61441b747995c3905808d973,0x0f38daecb3fb7b87a8d3ed168822c1bc53e8202c,38.850433082545129658,NULL,0x,0
1,0xfac5c28f7dafedc49231ba278bb6cb50b9d4542636bbff2c0d72a2cc03d231e7,4917119,1516091374,0x02a7a451f06b14a30c7e79d6032f4bc82e4b5617,0x0f38daecb3fb7b87a8d3ed168822c1bc53e8202c,0.500000000000000000,NULL,0x,0
2,0x7a6835ac203fa386234527151fe8132c020044f65776a5890795a11a6cb8300e,4919268,1516125422,0xbc162cb784009aebe1a411be5900d1a8860f632e,0x0f38daecb3fb7b87a8d3ed168822c1bc53e8202c,0.500000000000000000,NULL,0x,0
3,0x0e51062d7df927f046eaf19a098b540f42bb4711cdc74163d78c5ff3b6c86e2e,4919460,1516128529,0x4ab9e71378a693280096595a614997fa699e9dce,0x0f38daecb3fb7b87a8d3ed168822c1bc53e8202c,0.818000000000000000,NULL,0x,0
4,0x9c030dc0daf02783db7bd14823b4db871c5931fe853f5dd62e2084620234c86a,4919583,1516130596,0x5ed5859bda801fd23b5cdf76514563afa19eb6bf,0x0f38daecb3fb7b87a8d3ed168822c1bc53e8202c,0.500000000000000000,NULL,0x,0
5,0xc055db076e020d40635ef63cc409be73ec0ec0106aa94c39852d1feceeef3d65,4920895,1516150899,0x0f38daecb3fb7b87a8d3ed168822c1bc53e8202c,0xe24cd763a4ded87a7bfe2b5a88c508c55b0bd0fe,5.100000000000000000,NULL,0x,0
6,0x08602a8e2173565ea1e8415524590f9d686b3f5c69e816cb5c69ba24a24ef00a,4921515,1516160632,0xd892231adb6b819d9806d35cb2afe07ef93860c9,0x0f38daecb3fb7b87a8d3ed168822c1bc53e8202c,0.500000000000000000,NULL,0x,0
7,0x09167f58e263e7178dfe4e720efb3f472ea519d4e5f9077feb725559f306635b,4921582,1516161760,0xcdc4d0029c50c27796630418bb8d3059e0e25a8b,0x0f38daecb3fb7b87a8d3ed168822c1bc53e8202c,2.900000000000000000,NULL,0x,0
8,0xad91daf64a468880478ef0c3a6729e713ff9223904d5da1b50d145291f6da5eb,4927034,1516246407,0x564286362092d8e7936f0549571a803b203aaced,0x0f38daecb3fb7b87a8d3ed168822c1bc53e8202c,0.500000000000000000,NULL,0x,0
9,0xbd860faf20994aaf2be321772f8db84b6523ed91d7e6f6cfb8c320bfdd9b269f,4929493,1516284537,0xf29176891458ad903af28338d98aa87cf022e581,0x0f38daecb3fb7b87a8d3ed168822c1bc53e8202c,0.910000000000000000,NULL,0x,0
10,0x340cefa38662d850fda18831517a8b60f522d8e4c955ca3c1415f7b1f55a4f47,4929552,1516285531,0x0f38daecb3fb7b87a8d3ed168822c1bc53e8202c,0x0f38daecb3fb7b87a8d3ed168822c1bc53e8202c,1.000000000000000000,NULL,0x,0
11,0x340cefa38662d850fda18831517a8b60f522d8e4c955ca3c1415f7b1f55a4f47,4929552,1516285531,0x0f38daecb3fb7b87a8d3ed168822c1bc53e8202c,0x0f38daecb3fb7b87a8d3ed168822c1bc53e8202c,1.000000000000000000,NULL,0x,0
12,0x9df44db9964a9135afc4e368631ae663b4064150bba05463d5d5bd835ed702f9,4929570,1516285750,0xfdf03f2455cf5fcec4ccb40822578c1db4f86f5f,0x0f38daecb3fb7b87a8d3ed168822c1bc53e8202c,1.600000000000000000,NULL,0x,0
13,0x4e8973b2a0446ae7bf7cc5c87d280eadd25b492c95c95f0c6e7a52da4a868c39,4930073,1516293455,0x2eabef05b63c0d529965f4cc0a97d8528fbc5019,0x0f38daecb3fb7b87a8d3ed168822c1bc53e8202c,1.121243160000000000,NULL,0x,0
14,0x668e91b8f6c06f11f14a070d90cf47e036d32d08f20843f8045bb111ad9dd684,4930438,1516299201,0x3f5ce5fbfe3e9af3971dd833d26ba9b5c936f0be,0x0f38daecb3fb7b87a8d3ed168822c1bc53e8202c,28.000000000000000000,NULL,0x,0
15,0x710e2ac66642c4f1c4bb6a8fefbb660705e9dfdbd549fedac4a9522d72ad0771,4930533,1516300576,0x838b1fc16e80a76158e0bd039cc7452834838927,0x0f38daecb3fb7b87a8d3ed168822c1bc53e8202c,0.820000000000000000,NULL,0x,0
16,0x872178bec02dd71aed9c55c7684b9a00887b7b336802adc56f7974e2268107e6,4930809,1516304977,0xe8f1ce60830dc1745b7e9bc27b5c78d702800621,0x0f38daecb3fb7b87a8d3ed168822c1bc53e8202c,0.631584900580000000,NULL,0x,0
17,0x0d71abccfa86df80a63513f749b30299cb5da35019a2fe30068d0d367af9ae6a,4931072,1516309022,0x0f38daecb3fb7b87a8d3ed168822c1bc53e8202c,0xdff06e603de64027cf0a6bd602ca0fa0d88855cd,20.000000000000000000,NULL,0x,0
18,0x90c2811f9dfb214636a71a2417ab9dd6484d34f4dee2ab510b1bd274df3193ef,4931986,1516323036,0x9f3c5fcc3d2376bdab895ef81422931ca439c757,0x0f38daecb3fb7b87a8d3ed168822c1bc53e8202c,1.500000000000000000,NULL,0x,0
19,0x93a7a52df570885c6efdff5b6f502fb354991b1a98f674a7e6223caae31719d7,4932039,1516323732,0x0f38daecb3fb7b87a8d3ed168822c1bc53e8202c,0xdff06e603de64027cf0a6bd602ca0fa0d88855cd,10.000000000000000000,NULL,0x,0
20,0x847dfa017e75088d5651ba0853c928ac3c9e1637a10f7aae8385aeb38f7e30ea,4932523,1516331053,0x7ae781df9f98008668d518e7ba1d1039954711d8,0x0f38daecb3fb7b87a8d3ed168822c1bc53e8202c,0.500000000000000000,NULL,0x,0
21,0x40c7d8b3d3a11224563760dccce4fa9e26467e8a202abfeb5553a1eeb7efb1e7,4932545,1516331489,0x7ae781df9f98008668d518e7ba1d1039954711d8,0x0f38daecb3fb7b87a8d3ed168822c1bc53e8202c,0.600000000000000000,NULL,0x,0
22,0x93ac0dbcce13d64c3f6394a4d8706492eef8a63009827d25cc01db5c971a0150,4933080,1516339660,0x0681d8db095565fe8a346fa0277bffde9c0edbbf,0x0f38daecb3fb7b87a8d3ed168822c1bc53e8202c,1.000000000000000000,NULL,0x,0
23,0xad2cbbd40d4e54ae344b2611e253de40406c16e9b6e6ac3282fefbfb7381d574,4933109,1516340159,0x4d2953fe74e82e81403fc9a99266663a4770be82,0x0f38daecb3fb7b87a8d3ed168822c1bc53e8202c,1.500000000000000000,NULL,0x,0
24,0x614fbca63709013cbdc562f6f21a0a0dd39e07d081c3b9b7596e08b793acbea6,4933443,1516345438,0x1ef4c67eac48b3be55992409262679e63f23f7b3,0x0f38daecb3fb7b87a8d3ed168822c1bc53e8202c,9.000000000000000000,NULL,0x,0
25,0x04efd0ff926c02f7659cdff5f71af2fc8f9e45f2687c3843fe1e0218fe73fff0,4933909,1516352867,0x6952cd2042a575828d518daa3c0c6e4fa157d5bc,0x0f38daecb3fb7b87a8d3ed168822c1bc53e8202c,1.000000000000000000,NULL,0x,0
26,0x0b320d35ded883942dee9b1658e28dd2480de9da557879ff18c4b073237a53e4,4935215,1516372457,0xc58bb74606b73c5043b75d7aa25ebe1d5d4e7c72,0x0f38daecb3fb7b87a8d3ed168822c1bc53e8202c,0.500000000000000000,NULL,0x,0
27,0x7c94ba92ae25737d876d007a96e50e504bd962e1627b874200e76ac6ad9d9fbc,4936777,1516395778,0xb0d43653395761b1cb95c62a2ed3a8d958a98db0,0x0f38daecb3fb7b87a8d3ed168822c1bc53e8202c,0.500000000000000000,NULL,0x,0
28,0x930ba9fee6f3b94b826f571bcb0ffcb3cd1e1fcb5a1c4f82830dea6ad9a4119b,4937501,1516406618,0x0f38daecb3fb7b87a8d3ed168822c1bc53e8202c,0x6d64486a5c99139b53239297e0b653d196d05777,30.000000000000000000,NULL,0x,0
29,0x2a394d827a2ec84dc8a24144d4ac41f32b7a55ef10c78a4f61c72bea536c7d79,4938644,1516423849,0x41a7acf9ee411bf1d180bdec3e032aa5bd55605a,0x0f38daecb3fb7b87a8d3ed168822c1bc53e8202c,0.500000000000000000,NULL,0x,0
30,0xe40425ef1451391428f5ed2d2ab9e5089561f33913d4a7ba3eb0ee81dcf789f5,4938646,1516423861,0x41a7acf9ee411bf1d180bdec3e032aa5bd55605a,0x0f38daecb3fb7b87a8d3ed168822c1bc53e8202c,0.500000000000000000,NULL,0x,0
31,0x1d6393dab76206f2b35c76826a9005a26a3746e10b1506bdafd0186480338e20,4951475,1516612952,0x0f38daecb3fb7b87a8d3ed168822c1bc53e8202c,0xaa6da59f02ac6335ff0dbb896323181a8431a675,0E-18,NULL,0x,0
32,0x31508f6ae9f5199d5d9c84f7cb42bdeefd7e578236c9324797755eb26f2f73a8,4965926,1516824787,0x0f38daecb3fb7b87a8d3ed168822c1bc53e8202c,0xdf3e77cd5e563f93fc7eca905d3302e95f9bb150,30.147096623125129658,NULL,0x,0
33,0x93873ec03f80e003a80776ec07cf6a4d99167a91bde167664734a210ea97bdec,4985275,1517105507,0x608d79cf2017856a61441b747995c3905808d973,0x0f38daecb3fb7b87a8d3ed168822c1bc53e8202c,0.004265820000000000,NULL,0x,0
34,0x4410adf354557e4e8cfe6be5752a98d5a0c1b092ec24532cc895beeb935465dd,4985313,1517106113,0x0f38daecb3fb7b87a8d3ed168822c1bc53e8202c,0xaa6da59f02ac6335ff0dbb896323181a8431a675,0E-18,NULL,0xa9059cbb0000000000000000000000009071322185f6ec582fe490485aab21be451713c500000000000000000000000000000000000000000000021e19e0c9bab2400000,0
35,0x81ddfb272f803efcfa45f64dbc10e1f21da3e6021aa6cb71095584fd7b6bf2ca,4985385,1517107003,0x0f38daecb3fb7b87a8d3ed168822c1bc53e8202c,0x9071322185f6ec582fe490485aab21be451713c5,0.004155850000000000,NULL,0x,0
