,TxHash,BlockHeight,TimeStamp,From,To,Value,ContractAddress,Input,isError
0,0xb4cda66d3770c1493238ede116fed80f93e1e05477f074f5276ecccb75149840,4287952,1505749298,0x60d77ef89e7267c667d7cf27bd6cd56d7212eba0,0x1095775428aab47a4f922503d69cc8ec889995c6,1.000000000000000000,NULL,0x,0
1,0x65c38b4b3787adeba967615c1479c47fa98308a1d9c96b13bdf0bb5ee8d60ee7,4305151,1506186265,0x329d6a7a052f06ba306f3045a47a2d9f408c98c8,0x1095775428aab47a4f922503d69cc8ec889995c6,1.000000000000000000,NULL,0x,0
2,0xc1c2a09c5d12c884a1bd5b9e61d756072db779c936a401a8b62000c21b64d280,4307744,1506263851,0x2b3a7bad957945e2fb84dcd0b534336f71df0e45,0x1095775428aab47a4f922503d69cc8ec889995c6,1.000000000000000000,NULL,0x,0
3,0x87bc942b7a5a25472a47c8c9f634dcd955c524cf81dadd39550b4a351286cd05,4310318,1506340951,0xf002a26ab6162d943bfdf5ab692b707cd6c3359f,0x1095775428aab47a4f922503d69cc8ec889995c6,13.000000000000000000,NULL,0x,0
4,0xfe7609a152636c4af7beae63c85aa0ec5ed542c69857b11cc37f9435612e0198,4617851,1511592576,0x1095775428aab47a4f922503d69cc8ec889995c6,0xd78847c478a4e2496e1e92cd4cd020f449788a01,15.997000000000000000,NULL,0x,0
