,TxHash,BlockHeight,TimeStamp,From,To,Value,ContractAddress,Input,isError
0,0x6d3c0e7867e84067810d2f0983e160a6e63af7c93cc653b9bd9480dd75430561,4269116,1505297066,0x4f813b5cf2750a59a45f3c5e50397d6ac02b64f9,0x10e934603c1dd921123e20b0d8dcfe831a47fe87,2.000000000000000000,NULL,0x,0
1,0x5595bc89d6fd466d914b0aa64383c88f0c84ee2996a7451352ca36820de97a59,4269171,1505298371,0x69f82e1611c046d6519ff71f690232cd2416d697,0x10e934603c1dd921123e20b0d8dcfe831a47fe87,0.669542044000000000,NULL,0x,0
2,0x10b677ca9c3736aab2e039427312126193b1bcb796d55aa3b35c3678e260537c,4269288,1505300977,0x22b84d5ffea8b801c0422afe752377a64aa738c2,0x10e934603c1dd921123e20b0d8dcfe831a47fe87,3.000000000000000000,NULL,0x,0
3,0xc683f24e9717772f7d4265d2982dabdca9b71ccee0cecdf7f0fae191d1672f71,4269346,1505302184,0xd819702807ac53acd2d17ad19212b14fdbc4e7ad,0x10e934603c1dd921123e20b0d8dcfe831a47fe87,0.988000000000000000,NULL,0x,0
4,0xdccf927d9f6ff3b005a65acd361f8c578f95253c4a2b3e19dac62126217e71ff,4269605,1505308442,0xca2d505623c4657acc9c7317d024bf6993815729,0x10e934603c1dd921123e20b0d8dcfe831a47fe87,9.000000000000000000,NULL,0x,0
5,0x9fa656909215e3ccdb05150a9d5a1c3aa30c81d1b91465a0640ddc1cdab5d704,4269652,1505309606,0x8e81a1e69416e30ac03174a262ce1f488b914d8c,0x10e934603c1dd921123e20b0d8dcfe831a47fe87,1.000000000000000000,NULL,0x,0
6,0xa0526093ef51d505fa9b3f353b8d7e2ad4d8f1d74e9f7de77d87570f583bbb06,4313108,1506424576,0x10e934603c1dd921123e20b0d8dcfe831a47fe87,0x2c10286f3594503ce3a31be156df7b3efd8f8e32,16.650000000000000000,NULL,0x,0
7,0x12e25ee18ae005c9117817acd5916a2c10955ecfacedff52170703a56dd6de34,4824078,1514638428,0x10e934603c1dd921123e20b0d8dcfe831a47fe87,0x0cf0ee63788a0849fe5297f3407f701e122cc023,0E-18,NULL,0xa9059cbb0000000000000000000000003cbd2e6143f057bd49ffb4c7058217a5900c35d30000000000000000000000000000000000000000000000001878bf91f4d75fd6,0
8,0x7c0d26df3214037745154cfdd9b3c5681ad2d45da0bff292e50a2bdbfb46bab8,4824084,1514638514,0x10e934603c1dd921123e20b0d8dcfe831a47fe87,0x05dd62c007cde143b402fa5da3937c40c70b4b14,0.006186389000000000,NULL,0x,0
