,TxHash,BlockHeight,TimeStamp,From,To,Value,ContractAddress,Input,isError
0,0x29cdbb8a22675c2e9fecba6933d7f5f75d06c37478063a271f5019f229248aaf,5646400,1526823109,0xe03052faa5bfa4a17aec57c329cecad148aeb8d0,0x118db57c34621acd0a91f02c8c18cd1a3ad7c213,1.000000000000000000,NULL,0x,0
1,0x33852831a01c0b83fb478d5904d82293bfbaaa1e02a7745dbb36bd6d00770460,5646554,1526825310,0xd39b48a2d7d9756fd43df94071f00d5205b25172,0x118db57c34621acd0a91f02c8c18cd1a3ad7c213,1.200000000000000000,NULL,0x,0
2,0xc0d7b55a922c6883ed2e03459173f014acedc16aa5c95b430723deb343394678,5646879,1526830502,0x3fc22bf82be4c6798d16bf38ced5f7520df05c04,0x118db57c34621acd0a91f02c8c18cd1a3ad7c213,0.009988961821080292,NULL,0x,0
3,0x9ea7770dafd7a13dcd5f225f63f7463131d3be2a50a53b644895836036bc866c,5647053,1526832883,0x50106b95ae67aaa61d8e37c452c413cb75127dcf,0x118db57c34621acd0a91f02c8c18cd1a3ad7c213,0.050000000000000000,NULL,0x,0
4,0x25bbece19c2b19ba3d4abcc415685b7b8ae3d69aab10d6c8165337f14ea810c2,5647216,1526835301,0x50106b95ae67aaa61d8e37c452c413cb75127dcf,0x118db57c34621acd0a91f02c8c18cd1a3ad7c213,1.502304185200000020,NULL,0x,0
5,0xb718814dc8f692fc1ffb59ea6ca44d6ab1464b3cd9b2889cc17c77ea7cf137ee,5647331,1526836977,0xefe9ffd67adad0ff3ab6e97692fc9c72d1e6fc37,0x118db57c34621acd0a91f02c8c18cd1a3ad7c213,0.024581100000000000,NULL,0x,0
6,0xbcf4a52b2471d8a99fe885d8baaba5aa2f1c7fc6581c30aed4bc5586638012d0,5647337,1526837076,0x7b87d655a5879528e8ba3a3b42410eab140c00d0,0x118db57c34621acd0a91f02c8c18cd1a3ad7c213,0.400000000000000000,NULL,0x,0
7,0x8cd42fc110035c0496094bf3ae44c28b0de2356857018a0de13e3d37e16a8c55,5649568,1526871572,0x3a4cb52c1df4fb06e0352e6949787d47ee779ce2,0x118db57c34621acd0a91f02c8c18cd1a3ad7c213,1.500000000000000000,NULL,0x,0
8,0x740fe780e9bdadcdfb9ca377e16e10320a856878af28a7509697437a2d907ae7,5649843,1526875595,0x118db57c34621acd0a91f02c8c18cd1a3ad7c213,0x05bb13cc92b7e2d31831055c34da72f0cff2e2e8,5.686013247021080312,NULL,0x,0
