,TxHash,BlockHeight,TimeStamp,From,To,Value,ContractAddress,Input,isError
0,0x6e54da5351cf2564e3c4dcb08f3998950ba66d2057bb109c5a6514804e1b9e4d,4559025,1510774212,0x58d3770a46c26d6b3c417ccd66af56524409d1c3,0x1494403137159bb0dc545d11963fdf797ea1ecab,0.151512860000000000,NULL,0x,0
1,0xaecacf20a9586acbd0848d8a0c0302f2bb62e7fd5d28ce68b5bd08ac1d048470,4559142,1510775753,0x32be343b94f860124dc4fee278fdcbd38c102d88,0x1494403137159bb0dc545d11963fdf797ea1ecab,0.494056360000000000,NULL,0x,0
2,0x7b6ef94f4ce393842d364e431095e80b82ebc444b72d2ed0129bfaf2b5aae6c2,4559154,1510775973,0xaa6f4069d39c6e2c87742c09bd9de6d74c989828,0x1494403137159bb0dc545d11963fdf797ea1ecab,0.197820000000000000,NULL,0x,0
3,0x571082cecd13ca6070b18fa5fcc163f63cff1caaf73931d838c09fa90656ce20,4559372,1510778856,0x7af8d4d87575285803c00a55f19a595426a9ecf5,0x1494403137159bb0dc545d11963fdf797ea1ecab,0.100000000000000000,NULL,0x,0
4,0xa56fb1f672ad1cb1b6cffb7a96496b0ee0c857ffbfdcf70695cb80b7671ce167,4669127,1512316691,0x1494403137159bb0dc545d11963fdf797ea1ecab,0x4ce59b9b7c1bf58d7c27f83302cf2eb599c44d92,0.943179220000000000,NULL,0x,0
