,TxHash,BlockHeight,TimeStamp,From,To,Value,ContractAddress,Input,isError
0,0x7703008758a768f7d883f1f462b3031dad8ec31d6d1b51bebad5bd98a3a41df5,5214201,1520449680,0x6bd64d8132df66a0cdda7cdbb4f5831aa96cd924,0x14d3cb89bfb1513cfae386d9d6ff447753fd04a5,0.002848400000000000,NULL,0x,0
1,0xc02b3aa21bbd70a82e4bd77023ba7088a47d5db24236af01f7d8b15342b9c804,5214234,1520450052,0x8c13ab6674f7830a4d53148a506443f3df0b14c6,0x14d3cb89bfb1513cfae386d9d6ff447753fd04a5,0.300000000000000000,NULL,0x,0
2,0xd2f7f2ec5c2adeb2ae48a5a4d11b77dcea7c8933effc13b4564148001bafd384,5215561,1520469145,0xfbb1b73c4f0bda4f67dca266ce6ef42f520fbb98,0x14d3cb89bfb1513cfae386d9d6ff447753fd04a5,0.264000000000000000,NULL,0x,0
3,0x235fa99dbb1a48224c3882179d519adccf2bcf7adb17c97c1e0ff5fd21495906,5219924,1520533237,0x918b75e3b17260dfc7c365320206875dc9ad5e21,0x14d3cb89bfb1513cfae386d9d6ff447753fd04a5,0.200000000000000000,NULL,0x,0
0,0x5ebe82d89cf4c066d0158596067c85669dd0a37fa3034c664a08f3bffdd25c1d,5220156,1520536834,0x1522900b6dafac587d499a862861c0869be6e428,0x14d3cb89bfb1513cfae386d9d6ff447753fd04a5,1.200000000000000000,NULL,NULL,0
4,0x11519c2b59ef99e7dc448211acc841abaa87b01b0cdc49cfe760ceb94ecdbe12,5220984,1520548778,0xa87df2e03c79f97aabd0229a15ec116e190076e9,0x14d3cb89bfb1513cfae386d9d6ff447753fd04a5,0.407611260000000000,NULL,0x,0
5,0x0809558c582370c4f0da8b5b14d731dc6437865e231e6502a67ca66801ac2d91,5224400,1520598988,0x1b67c91c213364ec5c27c23186eefa2953335cdf,0x14d3cb89bfb1513cfae386d9d6ff447753fd04a5,0.002000000000000000,NULL,0x,0
6,0xe3492b6b1860463fc59d96b7efc7a67a3fe5ddd017a36f067a38f6b700bdd152,5373107,1522759391,0x14d3cb89bfb1513cfae386d9d6ff447753fd04a5,0xedc0c49946b93aa296a11298480ae7913bb65222,2.375459660000000000,NULL,0x,0
