,TxHash,BlockHeight,TimeStamp,From,To,Value,ContractAddress,Input,isError
0,0x3c1b3a4cad9cb158ed0a9b84779c45eb7c87a86c2ddb1e0a71f2fffd9fda946b,5263561,1521174927,0x6ff0aa6a46332e3cfa80cb8c5b53531307c01043,0x15b4e32d5026a5a9ad3b68becadceb00b4eb9729,0.200000000000000000,NULL,0x,0
1,0x6ca8f2417ad629da690c9facf838c4a1693089368a169a37473906b8d53fca2c,5263671,1521176311,0x564286362092d8e7936f0549571a803b203aaced,0x15b4e32d5026a5a9ad3b68becadceb00b4eb9729,0.190000000000000000,NULL,0x,0
2,0x75ee468ef782f6c5b730da73a71befa91856ee3ef3148ff6b2c1315b93405424,5270625,1521279093,0x54092cb3badd6d3c4bd85a37400176afe0ff6905,0x15b4e32d5026a5a9ad3b68becadceb00b4eb9729,0.000100000000000000,NULL,0x,0
3,0x5ffa1950d01ad3a6a79ea6948cb067d157652cd1e5f9083b7e76488a234d311c,5277182,1521374468,0xd551234ae421e3bcba99a0da6d736074f22192ff,0x15b4e32d5026a5a9ad3b68becadceb00b4eb9729,2.500000000000000000,NULL,0x,0
4,0x3ee6403a17562e0fe12121cd8319a8939f5a002d1fd19b958da1ef7e4015e325,5295367,1521638799,0x21675eda32bd424bc6522b1f2ace7d9282d20f51,0x15b4e32d5026a5a9ad3b68becadceb00b4eb9729,0.226000000000000000,NULL,0x,0
5,0xf14964f8167e54e36c3e2a01b1a08e9e7da1b9749ec320cbf2348f8e4aa8759e,5301097,1521721354,0xfbb1b73c4f0bda4f67dca266ce6ef42f520fbb98,0x15b4e32d5026a5a9ad3b68becadceb00b4eb9729,0.200000000000000000,NULL,0x,0
0,0xc0fea5aee01a8d93b1d5202dc90859eddf2a66a169b9dd9c0eb7f9e24b4b434a,5302518,1521741646,0x1522900b6dafac587d499a862861c0869be6e428,0x15b4e32d5026a5a9ad3b68becadceb00b4eb9729,0.500000000000000000,NULL,NULL,0
6,0xff24cfd47fe3831c09cd162f6918d474014532e8677c932ef57eeb567cd41c92,5321615,1522016173,0x15b4e32d5026a5a9ad3b68becadceb00b4eb9729,0x030912e121f7e1b71bb444ff2b5f2293f501c5c8,0.018850000000000000,NULL,0x,0
7,0x18db411b86d745fbb5596b0670f6834b930a9a9b6b7a0b571e0a6158071582e7,5401158,1523161037,0x15b4e32d5026a5a9ad3b68becadceb00b4eb9729,0x8f1f05ba86ab9b203b5f27b3eaf445d7bf2e5f24,0.020610000000000000,NULL,0x,0
8,0x161da903137ce04d5fa8f31dd6e4df1b56b923a67e11148186cf226957f4679a,5414784,1523356003,0x15b4e32d5026a5a9ad3b68becadceb00b4eb9729,0x870781b214b339c0f9783c5bd19ca5a6f322f303,3.774057000000000000,NULL,0x,0
1,0xa7fadf28a1d294ea689ac3d2b3c3153e125b45bba57d6cdbdc4423bf64ca415f,5417110,1523389555,0x31a240648e2baf4f9f17225987f6f53fceb1699a,0x15b4e32d5026a5a9ad3b68becadceb00b4eb9729,7.777777777E-9,NULL,NULL,0
