,TxHash,BlockHeight,TimeStamp,From,To,Value,ContractAddress,Input,isError
0,0xa07fec62b0b146e3181c89a233308edbd11f0ac1b130e282004e8f3bba45ac57,5060226,1518197179,0xdc978ab6446e2aeecd0df404cb5a3ebe7c84dec9,0x15f4a5d5bbc071fc20bd60b9b7d81aaa8a1142ab,0.800000000000000000,NULL,0x,0
1,0xb057d92121f058c8f5d8972096d136fa42cc667f4001439356cd2605c86cdb57,5065846,1518279537,0x15f4a5d5bbc071fc20bd60b9b7d81aaa8a1142ab,0x5359cce787d38ac5b6c475f6c96d25ce5368aeba,0.400000000000000000,NULL,0x,0
2,0x1cd5cb447d5542d0f682012b87d172694024eb8fc27d85d94717ab9fd5a8daec,5069594,1518332507,0x15f4a5d5bbc071fc20bd60b9b7d81aaa8a1142ab,0x668a5e5a388c956dfe1bf940ad30555542ba4551,0.399034000000000000,NULL,0x,0
3,0xadbae02c86716163d2dc7d80962394b3f0fe404512f8fdcd9f48a1b95243da37,5324451,1522056594,0x66ce3621812a2fc1597868f27bc6ccce152e55be,0x15f4a5d5bbc071fc20bd60b9b7d81aaa8a1142ab,0.100000000000000000,NULL,0x,0
4,0xbb6184c5442dd7ff9d048afa52d59e3a8c68b3e8dc956558dad980e2d6641739,5326832,1522090834,0x15f4a5d5bbc071fc20bd60b9b7d81aaa8a1142ab,0x668a5e5a388c956dfe1bf940ad30555542ba4551,0.030000000000000000,NULL,0x,0
5,0x0cd60ab4cc778e09fff6dff2be96a2798964a540df920cb4552d2466d257da9f,5350744,1522439793,0x15f4a5d5bbc071fc20bd60b9b7d81aaa8a1142ab,0x65d5825580ead0c6bfb8cdf50266abb96733b625,0.045000000000000000,NULL,0x,0
6,0x5dba08e3c52229e3e574916de3c240aba0971b2cfad323e2296477d7513e9bda,5375154,1522789529,0x15f4a5d5bbc071fc20bd60b9b7d81aaa8a1142ab,0x65d5825580ead0c6bfb8cdf50266abb96733b625,0.023550000000000000,NULL,0x,0
