,TxHash,BlockHeight,TimeStamp,From,To,Value,ContractAddress,Input,isError
0,0x0d4cac4809b286644ee555e170cab42a49d58094a1beeccd949b5c2d1437e46b,5066214,1518284557,0xac0972dc3a51ac26adbe5cb90590047a2a66664e,0x16b9c4333559256ca7d87b28c6fb2e8415b4711f,0.311539000000000000,NULL,0x,0
1,0x5fc4000be07ea5812bfa33b51c9d8d8d0d3bc293d240e9c4b6866ee4b4e25d19,5066222,1518284645,0x79d4ca550004888bc35520b01ef1dbbe92541e6c,0x16b9c4333559256ca7d87b28c6fb2e8415b4711f,1.400000000000000000,NULL,0x,0
2,0x6d54d5ecee261abf2947d048a8b80a7b84908b79f5c0d89bc1c7bca7d0627a27,5066434,1518287331,0x7095bf3154cc6625de46b8f211187306bbe2abe2,0x16b9c4333559256ca7d87b28c6fb2e8415b4711f,2.000000000000000000,NULL,0x,0
3,0x1c74379c64b0d9373c88ba271af51c2d137bd939eb8bdcf40f6e170030aa1292,5066730,1518291926,0x791638900d4419d97ac2aebc332409381d205c88,0x16b9c4333559256ca7d87b28c6fb2e8415b4711f,0.110000000000000000,NULL,0x,0
4,0x65d6f5498607c6aec5af9a90cfead89a556124615b7de5bbc73d62a0c1170816,5066855,1518293544,0x1e522713f108a31e557ea5168675c48b472b36b5,0x16b9c4333559256ca7d87b28c6fb2e8415b4711f,0.110000000000000000,NULL,0x,0
5,0x2129cde919db52513193fb94583723a77d71fde88b418cbe5cb61b5e31df9ee2,5254135,1521035851,0x16b9c4333559256ca7d87b28c6fb2e8415b4711f,0x36cbddea89ffc54e240d7b8a5a55de8f10bc0070,3.930678000000000000,NULL,0x,0
