,TxHash,BlockHeight,TimeStamp,From,To,Value,ContractAddress,Input,isError
0,0x05e980aa7bbe7ba3ea70cfab6e7df465c5047408f4ec1ece8a73c42cf9bb6c78,5517174,1524867329,0xd551234ae421e3bcba99a0da6d736074f22192ff,0x16c26eb6051fe13273c634cb6df70a26befa9ec3,0.500000000000000000,NULL,0x,0
1,0xe76d5116ff26c58d5847da2d558c0a75d38a85091f8d5b269be0bfcbca91ed92,5519470,1524901851,0x3f5ce5fbfe3e9af3971dd833d26ba9b5c936f0be,0x16c26eb6051fe13273c634cb6df70a26befa9ec3,0.516071330000000000,NULL,0x,0
2,0xa33e79c3fc2a77e5646f5078a57c2b23da3b883255300f84250c909094af5ba9,5525231,1524988092,0x16c26eb6051fe13273c634cb6df70a26befa9ec3,0xe2343bb3fc59392d223bc01958b990a10befa9c8,0.052574560000000000,NULL,0x,0
3,0x6b53731d3d6058155f8de94226358ae2224e09a587e3ab9d43444e354fe03186,5526236,1525002702,0x16c26eb6051fe13273c634cb6df70a26befa9ec3,0xf261a51a30f18ddf8a780c1b1f3676a4944ffa9f,0.069536280000000000,NULL,0x,0
4,0x63267775829f048e35a015b4f13af6651631c0ce98bad4d6b19a34846c5bf916,5527376,1525020194,0x564286362092d8e7936f0549571a803b203aaced,0x16c26eb6051fe13273c634cb6df70a26befa9ec3,0.611378000000000000,NULL,0x,0
5,0x5d654b514e189d655c82d18d9b673dd598fa901b1d1111d155d5841f4965f769,5530243,1525062983,0xf5613e4da78cee6a1bffdf9c235d56bbf6d01d8d,0x16c26eb6051fe13273c634cb6df70a26befa9ec3,5.080000000000000000,NULL,0x,0
6,0xfcd625baa0fad1abed9b4fbec122f576b89b517f2291fcf7f9471b7c5c8ad9e2,5530867,1525072373,0x16c26eb6051fe13273c634cb6df70a26befa9ec3,0x88e5962cf1397182681630153d24f35aa6a8a0c7,0.138038850000000000,NULL,0x,0
7,0x1e3e1bf4de573b172cd75268ade682af025369b53447d7d8c36f9cfae6424152,5531210,1525077677,0x620a3e5cddd2748e111a11810757f419d10b1aac,0x16c26eb6051fe13273c634cb6df70a26befa9ec3,0.500000000000000000,NULL,0x,0
8,0x1b8826c3c2556f29cc2615b0f99eff5814d8f412b31c668d746e94f249aae803,5531768,1525086338,0x2054ff17c3c70f895668498cb05e2d6f495780eb,0x16c26eb6051fe13273c634cb6df70a26befa9ec3,3.987147164000000000,NULL,0x,0
9,0x08b07695d728089d6d75f551c95d82220f1636da5adbc67883b87a8e84810155,5532083,1525090852,0x16c26eb6051fe13273c634cb6df70a26befa9ec3,0xd01a7ec4e14878a170d5a60ce0916d7d1ee62590,0.136244540000000000,NULL,0x,0
10,0x2453001f2ad28fa11bddf90792debc856c89719d9b6a966e840f7304b381c8aa,5534595,1525128423,0x564286362092d8e7936f0549571a803b203aaced,0x16c26eb6051fe13273c634cb6df70a26befa9ec3,0.495343630000000000,NULL,0x,0
11,0xdd7fe27c65fef94e83ba072aee3e196063825a53504266527dd8269114d75d02,5534648,1525129366,0x51a16ad16c97ac3425a8d61b6f2f85ce544b624e,0x16c26eb6051fe13273c634cb6df70a26befa9ec3,0.000544850000000000,NULL,0x,0
12,0x9b44a3ca7b5213c109b426a1df46e35b6a3fd42653156361665fb1161a96b0f0,5536971,1525165459,0x16c26eb6051fe13273c634cb6df70a26befa9ec3,0x94deb3eb68217bde745450966a622f529525f842,0.139099420000000000,NULL,0x,0
13,0x9523f2e8c390f99854570451f46042f41943c7959a1cf5a271b1dc42a9d6761d,5537578,1525174253,0x16c26eb6051fe13273c634cb6df70a26befa9ec3,0x021cfae057e21ed01dd34345b4dc5177ffb5ecfe,0.001502300000000000,NULL,0x,0
14,0x77ea668a3e7dac45d6453f7f7a60fb78a2230a9500850779b202f3f9dd58801a,5538829,1525194082,0x028ac40937832efe97d66eb89f62d2bc6466ae00,0x16c26eb6051fe13273c634cb6df70a26befa9ec3,0.500000000000000000,NULL,0x,0
15,0x46cfaa64829983c8088a26d4ab3cb8494910fcd986369a3cef89eb2c5b3d1901,5538878,1525194864,0xec7e755928bc29e3c782dbe1238bb117e4256cc1,0x16c26eb6051fe13273c634cb6df70a26befa9ec3,0.510000000000000000,NULL,0x,0
16,0xd95c58113c5365001cc9d7fd213c3dac19c775fed10f1a0db0f9fa3d38f29082,5538985,1525196462,0x8dc12e0a1a67b604c4c606fc481ad9e0dac9793e,0x16c26eb6051fe13273c634cb6df70a26befa9ec3,0.800000000000000000,NULL,0x,0
17,0x621b86c75401460819039d97f4ec8159cf1f384921b3892779bf7f81292195a5,5539004,1525196690,0x8dc12e0a1a67b604c4c606fc481ad9e0dac9793e,0x16c26eb6051fe13273c634cb6df70a26befa9ec3,0.600000000000000000,NULL,0x,0
18,0x9c27e8062dec00943d853bad3d36ca719d8c9606596ae78723585f93877590a8,5539784,1525208195,0x0681d8db095565fe8a346fa0277bffde9c0edbbf,0x16c26eb6051fe13273c634cb6df70a26befa9ec3,1.232493590000000000,NULL,0x,0
19,0x5a06107365f2ec3c803cdc0aa9f477233af070f85f625e18927404a2540fbd63,5539803,1525208453,0x16c26eb6051fe13273c634cb6df70a26befa9ec3,0xd533905d76827b40e83f10968bd3f8a010225eb6,0.070393940000000000,NULL,0x,0
20,0x4b305042fc7837a37072f2f4fc4371a29ee9576abbd6bc5f14bc2d112fd393f1,5542213,1525244899,0x16c26eb6051fe13273c634cb6df70a26befa9ec3,0x59b9cbf221a2b163b2cd001476c50acb751968e9,0.068526250000000000,NULL,0x,0
21,0xdfda7ce054904c57f6af3373f0184a09057d6100922181ee4aea8ff9d2037858,5542853,1525254894,0x16c26eb6051fe13273c634cb6df70a26befa9ec3,0x4b1d03ee9673be17cbb587eeb16426f2bd86b3ec,0.200000000000000000,NULL,0x,0
22,0xac51099d7577822451f5dc1ef97e99794e74cb3200e733b0944bea385d254de6,5543621,1525266917,0x16c26eb6051fe13273c634cb6df70a26befa9ec3,0x4b1d03ee9673be17cbb587eeb16426f2bd86b3ec,14.000000000000000000,NULL,0x,0
23,0x3ea3666e7901f5c7bfcdfdede2a5c1129b4debc2a12be91a9b8a0f4c99dc54c2,5544940,1525286631,0x3f5ce5fbfe3e9af3971dd833d26ba9b5c936f0be,0x16c26eb6051fe13273c634cb6df70a26befa9ec3,0.395402390000000000,NULL,0x,0
24,0x463bc4960f98e1d0306f061c3c7b67d11664045c362ea46a122a310ce45066be,5545370,1525293152,0x3f5ce5fbfe3e9af3971dd833d26ba9b5c936f0be,0x16c26eb6051fe13273c634cb6df70a26befa9ec3,0.989000000000000000,NULL,0x,0
25,0xf54edf48d6a2f69493a0798c4230fe6a587996449f7d5924c8294f0c71318cee,5548480,1525340799,0xc9740080de258ed59c684a7e71e0d63e81badb92,0x16c26eb6051fe13273c634cb6df70a26befa9ec3,0.636000000000000000,NULL,0x,0
26,0x68b69e3efca36fc33040c3b0cd0f88918a3ad7a35b4823468cad9b7139c2432d,5548885,1525347153,0x5d5f944b72d48e60fe5f43dce888bffda40da33e,0x16c26eb6051fe13273c634cb6df70a26befa9ec3,0.000010000000000000,NULL,0x,0
27,0xf30370500dad2d669aa91d0b55bb1f4e7ab7624131632074fb06d0f5d4b1f2ac,5550014,1525364446,0xf5613e4da78cee6a1bffdf9c235d56bbf6d01d8d,0x16c26eb6051fe13273c634cb6df70a26befa9ec3,0.540000000000000000,NULL,0x,0
28,0xfacf1a7234f131d8667dc01117ed6d2e6578af1948c247d21469b62ea21267ee,5550117,1525365919,0xbda0f5624b6fcc3e231ba9b06c93e4a005723f07,0x16c26eb6051fe13273c634cb6df70a26befa9ec3,0.060000000000000000,NULL,0x,0
29,0x707b24a79a88d38227264dcef31989bbca8d54f5826a1a046d8a6cc7da5b5f5e,5550337,1525369110,0xb6ba1931e4e74fd080587688f6db10e830f810d5,0x16c26eb6051fe13273c634cb6df70a26befa9ec3,0.499000000000000000,NULL,0x,0
30,0x9d1c89f3dc70b90bc201a744c95160138c36435fd43c08264029270a5b1b3e99,5550995,1525379004,0x564286362092d8e7936f0549571a803b203aaced,0x16c26eb6051fe13273c634cb6df70a26befa9ec3,1.061900000000000000,NULL,0x,0
31,0xc2958ff94bf8ed5bd3b3fa38b3f4f3f36968beff358a0e48a4896d4396907113,5552047,1525394363,0x416299aade6443e6f6e8ab67126e65a7f606eef5,0x16c26eb6051fe13273c634cb6df70a26befa9ec3,0.500000000000000000,NULL,0x,0
32,0x1bedef02b1fbccaece90ebac2b81113926c9497f5d19ae53b5780816496e9ed4,5554078,1525425552,0xf3f32ebcc93eda576ab9e3e6f3ec38c421891fa8,0x16c26eb6051fe13273c634cb6df70a26befa9ec3,0.500000000000000000,NULL,0x00,0
33,0x3351b74c2f519dfd558c99d857bc3a7cde1893f8ae78096fac892b285815b01b,5554856,1525437916,0x16c26eb6051fe13273c634cb6df70a26befa9ec3,0x4c0792d962d6cb35a21efadb88dfc560aa605b36,0.064673370000000000,NULL,0x,0
34,0x34d25ee763e7a0a3d78df16fc5e226e1e2f3322baf0b18e5449ca15f9dbd94b1,5555260,1525444042,0x62f56467818be95bac534eda4557ac2ce00c28ca,0x16c26eb6051fe13273c634cb6df70a26befa9ec3,3.000000000000000000,NULL,0x,0
35,0x828b7f5bb8734ea0f30d1412105b716af64f318e0340400d27483343fde7fffb,5555554,1525448786,0xd551234ae421e3bcba99a0da6d736074f22192ff,0x16c26eb6051fe13273c634cb6df70a26befa9ec3,0.810000000000000000,NULL,0x,0
36,0xc140d95ccf65ce6a291726e9b5da1d508b0985889a4b3b53a2e64fe00dd71262,5556663,1525465993,0x390de26d772d2e2005c6d1d24afc902bae37a4bb,0x16c26eb6051fe13273c634cb6df70a26befa9ec3,0.595000000000000000,NULL,0x,0
37,0x97a0959936a80c55a0d8f4be99db930771dbd987fad0e3cda80a50f04772d21e,5557495,1525478244,0x137b86d20a03fecee917a272c9a1b5249be2f43d,0x16c26eb6051fe13273c634cb6df70a26befa9ec3,0.800000000000000000,NULL,0x,0
38,0x49deb7a3180bca022298fc54d8ebb59e5f04dbd63618c7c00dabebfdebb9d409,5559926,1525514789,0x16c26eb6051fe13273c634cb6df70a26befa9ec3,0xde77c93bd64719c2aac1172b82e76ef983c4f0c1,0.127659570000000000,NULL,0x,0
39,0xa6335b289b6d355bd72d2cf3ae2cb7dbe497c3119457f3c0c9254d63de75ee93,5560438,1525522930,0x16c26eb6051fe13273c634cb6df70a26befa9ec3,0x69a70907800414c1b726161f7951a8be4ec47fc2,0.063047290000000000,NULL,0x,0
40,0x147645aaf2d1c49a6d4eeda5c9c8ea13d25e2a0307f66ddff5dff64ee91902bb,5561007,1525531565,0xd551234ae421e3bcba99a0da6d736074f22192ff,0x16c26eb6051fe13273c634cb6df70a26befa9ec3,0.500000000000000000,NULL,0x,0
41,0xb2ffd275469aa074872a6028a02b3b7d04ae92484ca8d9fa45eab6fb94a60e8b,5562105,1525547872,0x98b088c4ae49b835d8a0c4b4bc3b8209902e60d6,0x16c26eb6051fe13273c634cb6df70a26befa9ec3,5.000000000000000000,NULL,0x,0
42,0xcf2c42f7d3690ce1f6940bd0d5b10210d3b351f7ae84a21896f8b57499f391e7,5562887,1525559608,0x267be1c1d684f78cb4f6a176c4911b741e4ffdc0,0x16c26eb6051fe13273c634cb6df70a26befa9ec3,0.095000000000000000,NULL,0x,0
43,0x1e71220542d4614f96188d4c99d346acca8059ebd412664139b850b9370e1813,5564534,1525584411,0xabe655ca5e81ded0e94ca4bb7979997737395d96,0x16c26eb6051fe13273c634cb6df70a26befa9ec3,2.000000000000000000,NULL,0x,0
44,0x0c1f4672ab6d27165a5eb2722f25b2346422514c2b127c82f978bb3ae5d18628,5564570,1525584867,0x130deced7d7e80cf318c3e0480ebe53a10c1c707,0x16c26eb6051fe13273c634cb6df70a26befa9ec3,1.000000000000000000,NULL,0x,0
45,0xc85c070ea2962a9ca7d7e7b70bf045273711885378363055fb0e879920cd229f,5567693,1525631657,0xca8850147b208b931945aae0304a3476b35992d7,0x16c26eb6051fe13273c634cb6df70a26befa9ec3,0.050000000000000000,NULL,0x,0
46,0xb38a84e5bf99d20c923d27c5914fe863a8cda3a29edbcb685d2e2699ec323bc6,5572224,1525699462,0x16c26eb6051fe13273c634cb6df70a26befa9ec3,0x738b273946e885db2a8ade3ba6049425f749d1d5,0.142029470000000000,NULL,0x,0
47,0xed39e20bb2f771456a50ca2d4072bef57e459ee9598eac435daffb84e3ff3eb7,5577088,1525771090,0x16c26eb6051fe13273c634cb6df70a26befa9ec3,0x994fd532638e851981338b4a2a1b73ff022d46a0,0.100000000000000000,NULL,0x,0
48,0x37efb426dca47f74c848bf354d612bc47f750c2780f30c20610fa0dbccd40584,5577106,1525771348,0x16c26eb6051fe13273c634cb6df70a26befa9ec3,0x994fd532638e851981338b4a2a1b73ff022d46a0,18.000000000000000000,NULL,0x,0
49,0xc02c05b043b7634f024aa72b6bc135a1c07eddcddae807d718362cbf10b6133a,5586698,1525916252,0x390de26d772d2e2005c6d1d24afc902bae37a4bb,0x16c26eb6051fe13273c634cb6df70a26befa9ec3,0.637365210000000000,NULL,0x,0
50,0xd8a4a23e2f32ce3af85d9f50cb23c90ac210bd211c823749c2adee88b95f7d61,5613152,1526315691,0x16c26eb6051fe13273c634cb6df70a26befa9ec3,0x4593611c85fc9fd3ba9b4dd2ef2baa1bb091ca3d,0.063856790000000000,NULL,0x,0
51,0x2060f9c0c6b9d1523a8140663b8e7b7a87aad631b41ebdb6fe9c7b8d73f670a4,5613174,1526316062,0x16c26eb6051fe13273c634cb6df70a26befa9ec3,0x4b1d03ee9673be17cbb587eeb16426f2bd86b3ec,1.554540534000000000,NULL,0x,0
