,TxHash,BlockHeight,TimeStamp,From,To,Value,ContractAddress,Input,isError
0,0xb930248953c4aa5f728791d353b7f73f154f09e6d7131d6fcf9f1a6dfae35882,4896046,1515759838,0x2b4c9381c1b8242d1a24fb4bdd40a1f82fa89688,0x17a5a3fab6a22378756ef364f495032fb634eff8,0.077767350000000000,NULL,0x,0
1,0x8370e159f5abd7a04c850bd72087da9125deb499bf75bdcc68d5978e3b20814b,4896068,1515760276,0x17a5a3fab6a22378756ef364f495032fb634eff8,0x7ae17a0f6f8f02b5b6e76b327db15f91306194e6,0.076717350000000000,NULL,0x,0
2,0x1ac3ab14074059bd50a978afed71f18ebf0cdada009f36b17cd88190885db71d,4950823,1516602938,0x563b377a956c80d77a7c613a9343699ad6123911,0x17a5a3fab6a22378756ef364f495032fb634eff8,0.160834500000000000,NULL,0x,0
3,0x23608d4e8b4ff0cad2f45df578e0bc6d1262934003a76d26c5d5c2848ef4559d,4950875,1516603709,0x17a5a3fab6a22378756ef364f495032fb634eff8,0x7ae17a0f6f8f02b5b6e76b327db15f91306194e6,0.159574500000000000,NULL,0x,0
4,0xe324287d92c2de27a3feb13ca7fdfc4415f89a7916a7d5621c0f47960df9866a,4968670,1516863792,0x3b0bc51ab9de1e5b7b6e34e5b960285805c41736,0x17a5a3fab6a22378756ef364f495032fb634eff8,0.332550380000000000,NULL,0x,0
5,0x332c3c813ac66a287afdeae32e0549671c572bf7df92cdfdd408d9506fd505af,4968709,1516864296,0x17a5a3fab6a22378756ef364f495032fb634eff8,0xb8cf411b956b3f9013c1d0ac8c909b086218207c,0.331710380000000000,NULL,0x,0
6,0x5598908468929b286446ef4f1e2f652b2c87d9a5eb3bfc5df5b381acacd48652,5109723,1518915168,0x48e40a47ea0b69799366399f9d2eb89dbeba528b,0x17a5a3fab6a22378756ef364f495032fb634eff8,0.100000000000000000,NULL,0x,0
7,0x3ff6697ef98d692c11800cff74247dfb372c30d4641aa36a268155a8a12b36c5,5109756,1518915569,0x17a5a3fab6a22378756ef364f495032fb634eff8,0xb8cf411b956b3f9013c1d0ac8c909b086218207c,0.099160000000000000,NULL,0x,0
8,0xb2bfe7213da07bebddcf1442b8b2ecb6ee88e31ff1eec1aebe327bf573f1cc6d,5111330,1518938378,0xe1a6e86d540f485c767ab89de09d707e4f0c7b1c,0x17a5a3fab6a22378756ef364f495032fb634eff8,0.150000000000000000,NULL,0x,0
9,0x17da1277a8f7d5184d67add8a28291343ce85afe8fce8ca8674dbd21e905fcbd,5111360,1518938977,0x17a5a3fab6a22378756ef364f495032fb634eff8,0xb89dd647788c54a03ba290a6320ba53566afb57d,0.149160000000000000,NULL,0x,0
10,0xe0b589bf8728cc2b065d4812a6d728dfa02b1a66bd67db41c97f84214ee5c9a0,5132816,1519254473,0x3f5ce5fbfe3e9af3971dd833d26ba9b5c936f0be,0x17a5a3fab6a22378756ef364f495032fb634eff8,0.318745000000000000,NULL,0x,0
11,0xa7c254d1af757d5142bb311ca239c4c157fb01783ea6b67890432af19dd0199c,5132840,1519254724,0x17a5a3fab6a22378756ef364f495032fb634eff8,0xb8cf411b956b3f9013c1d0ac8c909b086218207c,0.317905000000000000,NULL,0x,0
