,TxHash,BlockHeight,TimeStamp,From,To,Value,ContractAddress,Input,isError
0,0xade163cce942fa827541762c5135cace99a2f219741cc2e2faf51597beeb821b,4873317,1515396449,0xbce967878f1a4c91c88b9320c66c16e3bffe09df,0x1a52c0ae2b39dbf85e3f67f95d0f3075611a003c,0.750000000000000000,NULL,0x,0
1,0xb0b80266966bef56f3c55b20b8bf0a04a064b5fa158304e9ccf4f4933ae30457,4873576,1515400642,0xdfdc1894909e86e93d9270679c0175ce77a6c1f3,0x1a52c0ae2b39dbf85e3f67f95d0f3075611a003c,0.300000000000000000,NULL,0x,0
2,0xd540fae361676ae3fe6ae1486842103ee60908732c83654982bd8d64ead3d1f8,4970162,1516886151,0x1a52c0ae2b39dbf85e3f67f95d0f3075611a003c,0xb78c07b6d33f6bdb1359d5dd0171872546b46acd,0.100000000000000000,NULL,0x,0
3,0x690672b261a3b64795ebbbfcb389bae8599b22c713cce2b60bc18886006a3646,4970210,1516886854,0x1a52c0ae2b39dbf85e3f67f95d0f3075611a003c,0xb1db3e18d50d6061f3c826b463256faae568c938,0.400000000000000000,NULL,0x,0
4,0xf44f4d1a956d5e3c58234dc741fd8762fbbf0fc8b19107fca4eaac2f034db792,4977536,1516993755,0x1a52c0ae2b39dbf85e3f67f95d0f3075611a003c,0x707aba40096b488166638c5d49e30164409146f9,0.100000000000000000,NULL,0x,0
5,0x47a1f4df024635e9e499800f6bf54b384e560ce89157c4a8a6193868e0d62e78,4977571,1516994391,0x1a52c0ae2b39dbf85e3f67f95d0f3075611a003c,0x45497fae2b08ba3cf4d15e3c3da430495e2dda86,0.200000000000000000,NULL,0x,0
6,0xb226a3a46fe1409cdb33d9f5f5ba6a01c90083c1dad4e2dda498bc3558449890,4977716,1516996302,0x1a52c0ae2b39dbf85e3f67f95d0f3075611a003c,0x99359e6e1909421124ccddc78e3d20e8914d00a2,0.103170000000000000,NULL,0x,0
7,0x2a56d39f480eea1a3ac0efcf20a913ba7ad4785876d286edcc8d9ed781768f8c,4977746,1516996754,0xf98b52c71fd2837163e7ecf90e4a68cdbec84dcd,0x1a52c0ae2b39dbf85e3f67f95d0f3075611a003c,0.001384190300000000,NULL,0x,0
8,0xf1b9c81131d34b7a1d8219b134a0fa114a77f335550f74f0d777d6fbe3047bd5,4977776,1516997159,0x1a52c0ae2b39dbf85e3f67f95d0f3075611a003c,0xa7bcc7a9eb2595d1d81677fced822a102777beb1,0.143000000000000000,NULL,0x,0
