,TxHash,BlockHeight,TimeStamp,From,To,Value,ContractAddress,Input,isError
0,0x048a2bc894be64ee0eb4fcdbe39e837afa2ebb6236cb86de72380ab011da4027,5121562,1519087384,0x1fc0a123fdf60722efe15f9141b50a1c6cd9b956,0x1b3e3c78849d80688172bf9ced8c9c2407f988e4,0.800000000000000000,NULL,0x,0
1,0x5e242938cded31b9cc85003b6a8cf33781b6798a55b9bb12398c27fddc7a43b0,5121661,1519088715,0x67ce6612e88b1fab44a609f3456a99f9226e3680,0x1b3e3c78849d80688172bf9ced8c9c2407f988e4,0.400000000000000000,NULL,0x,0
2,0xf8ba0754e717c05593e3e25fa0bf8ad868e8cc4c4de737a379d73dec56e96d91,5121715,1519089494,0x7ee597279ca33f8fe2bb7f7f363a4152e6a0333d,0x1b3e3c78849d80688172bf9ced8c9c2407f988e4,0.400000000000000000,NULL,0x,0
3,0x89ec394ec0b8e1da8bc7bd6540c15b6fc9b2c99af3e8e8419b1bd93c8ffff84e,5128263,1519187278,0x1b3e3c78849d80688172bf9ced8c9c2407f988e4,0xd8bc7066efacdccb21ba3527fd647576c76320b5,1.599517000000000000,NULL,0x,0
4,0xc98532c4048527cd3ca85e3beb960bdb9cbc758ddc193a178933f895ac13a424,5144858,1519430539,0x3f5ce5fbfe3e9af3971dd833d26ba9b5c936f0be,0x1b3e3c78849d80688172bf9ced8c9c2407f988e4,0.190000000000000000,NULL,0x,0
5,0x33bf7642eecd57f78e743debf47ad03d3dbbce103ea7cf47f0f2ad57c74168ab,5144949,1519432036,0xc2062bc4592f6fc75aab41e3eac191a36f3bbdd9,0x1b3e3c78849d80688172bf9ced8c9c2407f988e4,2.050000000000000000,NULL,0x,0
6,0x08d31d1e464a8b12683c529e7038f7ae2f1dcf7ba211069de7c613b4267ee6a3,5144986,1519432583,0xb87743d2ba530588d1be3c98b25e103be924d103,0x1b3e3c78849d80688172bf9ced8c9c2407f988e4,1.000000000000000000,NULL,0x,0
7,0x8f66127684b54bd5af6a75960fd456980b7e6f125782ec074929f096bb9a5f68,5145033,1519433370,0xcf865927b053acdae76e2572f54ef0e240602ae7,0x1b3e3c78849d80688172bf9ced8c9c2407f988e4,0.606668130000000000,NULL,0x,0
8,0x3d581f1cd31cbe2f35091d95cc510ea633fec86886cdc1ec75587190981b8942,5145042,1519433494,0x5603fe365da59de03d8fb875d5469a3426c541cc,0x1b3e3c78849d80688172bf9ced8c9c2407f988e4,0.400000000000000000,NULL,0x,0
9,0x5d36bb89bf86561903dbe63ff6ebe6d04208f9c48dab18e9dc38b24ecc805b84,5145189,1519435928,0xd24400ae8bfebb18ca49be86258a3c749cf46853,0x1b3e3c78849d80688172bf9ced8c9c2407f988e4,0.750000000000000000,NULL,0x,0
10,0xb29c112bd571777123e112ca067e6cd4f56e866354952d985bed2bd85a055e90,5145275,1519437434,0x06d70a7f616772a0eb1104844b3e418666d361f9,0x1b3e3c78849d80688172bf9ced8c9c2407f988e4,0.990000000000000000,NULL,0x,0
11,0x40f131ba4f0c6c254e1e5926ffa381d5c2179e14075078db66aa30a7c26be4e5,5145618,1519442682,0x2b5634c42055806a59e9107ed44d43c426e58258,0x1b3e3c78849d80688172bf9ced8c9c2407f988e4,0.390000000000000000,NULL,0x,0
12,0xde9c1fca99d861233cd0811efc6a60be63a61ee8015df8f8c32f1758b268c5d0,5145633,1519442955,0x1a4962c77ae33452034b0662720e36b15cc7b3bb,0x1b3e3c78849d80688172bf9ced8c9c2407f988e4,0.050000000000000000,NULL,0x,0
13,0xe4d1bfebfb2f24eddb22c3d774f1cf8581fdf1b4f4294927def26f44730a5766,5145649,1519443210,0x9bf43e4951fe381dd1e31756d855b5769ea1e20e,0x1b3e3c78849d80688172bf9ced8c9c2407f988e4,0.310000000000000000,NULL,0x,0
14,0x36f83409ab0a023fe0d76e171a09aaf2530eb3b4454faa67758cf28c557e2958,5145732,1519444615,0xb7bbd8cbaaef84d5ea07e72a3dac86b21853de0b,0x1b3e3c78849d80688172bf9ced8c9c2407f988e4,2.000000000000000000,NULL,0x,0
15,0x8489daa204313c87030d6efe76231c818d57f40c1eb9c654b286b154ebf62d36,5145764,1519444987,0x21a56305f725581f945099c4f6f1e73c42f3449e,0x1b3e3c78849d80688172bf9ced8c9c2407f988e4,1.000000000000000000,NULL,0x,0
16,0xe3b870ed434eaa195e502b1a59acf298047d1852a93ebbe02cb67221b83f2dd7,5145779,1519445169,0x97976ece596b1c297cdd8b7cbf2399d52e2c9480,0x1b3e3c78849d80688172bf9ced8c9c2407f988e4,0.800000000000000000,NULL,0x,0
17,0xa8817b717a0092d8b4f32cebf7cf30a4109601f2c3a3e4f1a90ebfcba552959f,5145805,1519445588,0xa825a421ff3bdc2e16eea8f1e8644a07a8f6ece5,0x1b3e3c78849d80688172bf9ced8c9c2407f988e4,2.000000000000000000,NULL,0x,0
18,0x63bb26402c5ce6074a6612bf90ad802d884fe1d36453c39a287072a9b449e3e0,5145969,1519448307,0x39d19c78d5e9b94def74eda1aed0811b518bbff5,0x1b3e3c78849d80688172bf9ced8c9c2407f988e4,0.800000000000000000,NULL,0x,0
19,0xea38b01023d24da3b0a0dd5c1f329e07fdc658e7722598ab743f00bd25d70401,5146554,1519456691,0x6d55bf854641b27520bbf7ea324c4a83e7675d34,0x1b3e3c78849d80688172bf9ced8c9c2407f988e4,2.000000000000000000,NULL,0x,0
20,0x18c5a8422421fec81096d208234fbdfd088ad2423374924cec6b29f94fc40045,5146786,1519460062,0x43d7ccd8941f8ccf9b27ee13ef97b7ea2b08a56f,0x1b3e3c78849d80688172bf9ced8c9c2407f988e4,0.400000000000000000,NULL,0x,0
21,0xbe9fb032c086fa6088f375186b536bb20e37a7e2b9672c355385dbe43fac78ed,5146891,1519461711,0x3a9eb40d7b1e71d1df8e63ec8fac3a97eb3e32ad,0x1b3e3c78849d80688172bf9ced8c9c2407f988e4,0.400000000000000000,NULL,0x,0
22,0x7eb525ba1196d1a7bc5cc82e52f206648e6bb8846efaaf0bd924a919e7765d8e,5146950,1519462482,0x4c1675f7a464d699fabbca1834ea696b7026ab4e,0x1b3e3c78849d80688172bf9ced8c9c2407f988e4,0.101000000000000000,NULL,0x,0
23,0xb0a303799c24ca79361521b227e62f5a0643a272e8bccdb981eef4fa327b9ba9,5147750,1519473630,0x4b46f3b08dc077da5f2c00b1c4dc900d53704cfb,0x1b3e3c78849d80688172bf9ced8c9c2407f988e4,1.000000000000000000,NULL,0x,0
24,0x1abcc8fe6f73b18f672e46abafc79f9c660600e65351c0e96ef5ce86210eec77,5148026,1519477485,0x9e4b27d0704d51cc19628d2b0f84decf74ea740a,0x1b3e3c78849d80688172bf9ced8c9c2407f988e4,0.400000000000000000,NULL,0x,0
25,0x5f4db5d7b4a951b01db211ba1ce6d2f1134d22325ef249d19fea31deb4281592,5148077,1519478366,0xad68fa81f84e020f378406c4fde7421d457a8474,0x1b3e3c78849d80688172bf9ced8c9c2407f988e4,0.400000000000000000,NULL,0x,0
26,0x5776c3006902a0b200757f09474c65ab67f23ddeb0af54c7bedc1020c3bd5917,5148103,1519478788,0x283834beeb58d0e6ec492e5bb70db1a0601cfae5,0x1b3e3c78849d80688172bf9ced8c9c2407f988e4,0.399601000000000000,NULL,0x,0
27,0x9473f70c5c3291dbd298344170770d7f9c2f5136cd0781f28a311dd3617da177,5148183,1519480248,0x564286362092d8e7936f0549571a803b203aaced,0x1b3e3c78849d80688172bf9ced8c9c2407f988e4,0.400000000000000000,NULL,0x,0
28,0x961018391a4808e8d248ccda7e94294a308c018854a66a6cf82c8b13bd0d0b93,5148200,1519480556,0x853ba9b7a880cee74f084507c1e8e3817bbb9b46,0x1b3e3c78849d80688172bf9ced8c9c2407f988e4,0.057786470000000000,NULL,0x,0
29,0x09374021871a830ac9ac06bdf9c8cb729acb973de7db0d3b2407a0e46358c72d,5148714,1519488281,0xd551234ae421e3bcba99a0da6d736074f22192ff,0x1b3e3c78849d80688172bf9ced8c9c2407f988e4,0.390000000000000000,NULL,0x,0
30,0xda0f33a34194cb0e1b3d7c41fc8e590fce80f6453b19beaeacb42f553cf6530e,5148744,1519488706,0xed3159555b94ff5c2f1703d322293ecb54fbf467,0x1b3e3c78849d80688172bf9ced8c9c2407f988e4,0.999139000000000000,NULL,0x,0
31,0xd05c1efeddb6246ddd0fdc4cb54db7dfcbc187b2e6aefe507ce44d94f9ed3df1,5148775,1519489172,0x1d2e820ff8432f84e56a80b98593711301696a69,0x1b3e3c78849d80688172bf9ced8c9c2407f988e4,0.500000000000000000,NULL,0x,0
32,0xcac5a8d9d2c94a206b71b2bc8a8e9a2074dd566908ba1e2a80fc9654c44c55ae,5148786,1519489387,0x564286362092d8e7936f0549571a803b203aaced,0x1b3e3c78849d80688172bf9ced8c9c2407f988e4,0.311007080000000000,NULL,0x,0
33,0xeaa0e40460550b9152f8ab913adb67196b7d72335283a81f615cb3f2dd2afc6e,5148796,1519489542,0x3f5ce5fbfe3e9af3971dd833d26ba9b5c936f0be,0x1b3e3c78849d80688172bf9ced8c9c2407f988e4,0.586632040000000000,NULL,0x,0
34,0xaf81f4eb9384f71d57f30fa75fe7a834c0098854c7ed59eb13ffcae68204eaa5,5148802,1519489675,0xc58481b0c6a214d9ea35c51c8232fdf76ce7e903,0x1b3e3c78849d80688172bf9ced8c9c2407f988e4,0.500000000000000000,NULL,0x,0
35,0x699a3546d9e2061425f116d0fce4cde7de71c1e78e96a60eed2db6b916ba5793,5148810,1519489823,0xa6320b11c5826cd7128686388c71521089f1af7d,0x1b3e3c78849d80688172bf9ced8c9c2407f988e4,0.000200000000000000,NULL,0x,0
36,0x5b1ce14cae318603ccbd1be7102043789e9195ce26b2417767f01a4b8d73bb62,5148816,1519489935,0x564286362092d8e7936f0549571a803b203aaced,0x1b3e3c78849d80688172bf9ced8c9c2407f988e4,0.622085400000000000,NULL,0x,0
37,0xce0f3434505c4d233aa800fc6fd81941f4af81e43ff9842b6b129368a9374d8c,5148818,1519489953,0x0681d8db095565fe8a346fa0277bffde9c0edbbf,0x1b3e3c78849d80688172bf9ced8c9c2407f988e4,0.490000000000000000,NULL,0x,0
38,0x81bbe93b57a63d167f91a23193a6630cb9c857c0a8b27309d1b86a99d0deb91f,5148830,1519490172,0x033c0c67e2e3164066882af52c6d5be94eb88c34,0x1b3e3c78849d80688172bf9ced8c9c2407f988e4,1.600000000000000000,NULL,0x,0
39,0x78885a6bfa70b2a3d872108e4b1fbb1c2bab76093c9e555b5f27fe18fe11a119,5148830,1519490172,0x6e759798a1086ef54ab12321b17c888a2fa105dd,0x1b3e3c78849d80688172bf9ced8c9c2407f988e4,0E-18,NULL,0x,0
40,0x102ec51c6b263fd93f136c45d6df646a082b3791e2c1b74e51860be554f71ffa,5148839,1519490295,0x3437cd85758010b0a0b87957d1243f8d6a5bc227,0x1b3e3c78849d80688172bf9ced8c9c2407f988e4,0.599580000000000000,NULL,0x,0
41,0x405f478741d3124dc38a7ee10fb49d0400b78d01f200f62157f37bff2280c399,5148862,1519490684,0x1d1dfab3ca6a6e23a7a9fa0e8beb5e066d5781fd,0x1b3e3c78849d80688172bf9ced8c9c2407f988e4,0.400000000000000000,NULL,0x,0
42,0xf389e3148202ca7da4056f4263c31d7d48f3df6a43bb4b886d45b207aee80066,5148871,1519490805,0xdaaad18bdff7b7a36a99e7ef516720a75ce4dbeb,0x1b3e3c78849d80688172bf9ced8c9c2407f988e4,0.400000000000000000,NULL,0x,0
43,0x8bfeedd741210cc935846d67c9b9f356adca8f0e5a67e78e608a9d82239c4d9c,5148896,1519491059,0x0681d8db095565fe8a346fa0277bffde9c0edbbf,0x1b3e3c78849d80688172bf9ced8c9c2407f988e4,0.624735550000000000,NULL,0x,0
44,0xd4292c16ad127380acfedb2d8003b35299f2bd3e362156c2bd07ce353c3482c3,5148968,1519492066,0xd2493ae1839428da82ede700944a9d5d139c1104,0x1b3e3c78849d80688172bf9ced8c9c2407f988e4,0.750000000000000000,NULL,0x,0
45,0x57da0c2fdf946d5240a1a228ff0e1426da40a6c14aca48ea37697acc3df840f4,5148998,1519492434,0xd551234ae421e3bcba99a0da6d736074f22192ff,0x1b3e3c78849d80688172bf9ced8c9c2407f988e4,0.558018120000000000,NULL,0x,0
46,0x1ba056ddda72dc9a8e3865049c79376c330105fc06ac48509eaa51967a25905f,5149021,1519492766,0xfc96a76b2dfd2d09b7e8e7c02ca49730aa57c066,0x1b3e3c78849d80688172bf9ced8c9c2407f988e4,0.670000000000000000,NULL,0x,0
47,0x4a10ee691fb449f204994b594b9e9719e22435fa895e5fac3306e25e151fc753,5149038,1519493010,0x4615c6d393886eb0819bb595f8850d878f2e223c,0x1b3e3c78849d80688172bf9ced8c9c2407f988e4,2.000000000000000000,NULL,0x,0
48,0x4689fc0e14f78d6179fecf9930783428e1456eb972741d9590fd4563b7e58a89,5149043,1519493073,0x312bcc882f0e9b05c4a8bd28294ed0a83694daf1,0x1b3e3c78849d80688172bf9ced8c9c2407f988e4,0.745228460000000000,NULL,0x,0
49,0x80fbc38d2d0acc07a08a92835744a00865edbcb940a27d2a71894d43fa3c8332,5149057,1519493239,0x438ba5d8049b972445e4fe2a5807289df73712fa,0x1b3e3c78849d80688172bf9ced8c9c2407f988e4,0.001201320000000000,NULL,0x,0
50,0xa593161e99f2eb893dfd578774998265805e544fcdce47d4a2723c7cb3f29356,5149092,1519493810,0x16d7fbed32627e0aac127f18cda9b501b4149b41,0x1b3e3c78849d80688172bf9ced8c9c2407f988e4,0.500000000000000000,NULL,0x,0
51,0xb006d0f42b0348e6eb8ca27c0455111012879a13f3db2bd589f8d52090d422af,5149186,1519495199,0x59f02b5e10751a61d16efef5d9c9b5058a48bd92,0x1b3e3c78849d80688172bf9ced8c9c2407f988e4,2.000000000000000000,NULL,0x,0
52,0x5a2f0a486e82e6b5249a8b63f32054e6b50cb0606c2b3e37650c0591e3493267,5149207,1519495463,0x3f5ce5fbfe3e9af3971dd833d26ba9b5c936f0be,0x1b3e3c78849d80688172bf9ced8c9c2407f988e4,0.990000000000000000,NULL,0x,0
53,0x2011636eaccbec5fad8686888cdd01c9e080bdd9e1c54f3aec10a71ea6fda75c,5149220,1519495659,0x564286362092d8e7936f0549571a803b203aaced,0x1b3e3c78849d80688172bf9ced8c9c2407f988e4,0.400000000000000000,NULL,0x,0
54,0xd5002806d9fc3a60a6a908d53f7fdf1ee07a183a7bd27ab1d46a0f8070bb09f5,5149268,1519496232,0x0acac7ae9b473e831aba8782a6e69c28622ab010,0x1b3e3c78849d80688172bf9ced8c9c2407f988e4,1.000000000000000000,NULL,0x,0
55,0xcf377cc6d59d41b9b41baa29f606e378f4968fb3c22b740d25cbf2759548f9b3,5149319,1519496990,0x545d6b3f7fffb76c2f5d42877f791e1b6140eaaf,0x1b3e3c78849d80688172bf9ced8c9c2407f988e4,0.001207280000000000,NULL,0x,0
56,0x9eff1e6c8533450995858b6cf879fd080fdf8444a2dc61d5ca38ddeb1d8755a1,5149368,1519497708,0x2a96a5edfbcf6368ad1a06ff4f4d2068af9ce5cd,0x1b3e3c78849d80688172bf9ced8c9c2407f988e4,0.400000000000000000,NULL,0x,0
57,0x3a4e64f7047640e8baaaf4d38f83af1c844b8a3ba3f5fac0a020aaa1188f7630,5149375,1519497809,0x7177183ae27f75331000bcc748963c2848d458aa,0x1b3e3c78849d80688172bf9ced8c9c2407f988e4,0.000700000000000000,NULL,0x,0
58,0x21c4d90c7939698bc3fabe0234cc2b876cf7b42e31fe72f69829d0b1c78efb12,5149402,1519498191,0xd514c9611fdc964c1eb0452e55263b6971541656,0x1b3e3c78849d80688172bf9ced8c9c2407f988e4,0.400000000000000000,NULL,0x,0
59,0x28b6717b590c272170a9d089535b44caedffd4f42783b1683806cd83182d9111,5149422,1519498376,0xd24400ae8bfebb18ca49be86258a3c749cf46853,0x1b3e3c78849d80688172bf9ced8c9c2407f988e4,0.400000000000000000,NULL,0x,0
60,0xdd5850c0de9fb432f7e07bcddb9c224afeb41955639149829bc894dc8ca28d09,5149427,1519498466,0xd551234ae421e3bcba99a0da6d736074f22192ff,0x1b3e3c78849d80688172bf9ced8c9c2407f988e4,0.436825370000000000,NULL,0x,0
61,0x9b8bb2206f11bbfb103535981a07766ea2893e9db396c92645ae775dbee63614,5149427,1519498466,0x3f5ce5fbfe3e9af3971dd833d26ba9b5c936f0be,0x1b3e3c78849d80688172bf9ced8c9c2407f988e4,0.693963200000000000,NULL,0x,0
62,0x630e7a5791b6d2accd9dfd145b94ae0d291709dda0f739d23b6775c1d4389bef,5149429,1519498549,0x0681d8db095565fe8a346fa0277bffde9c0edbbf,0x1b3e3c78849d80688172bf9ced8c9c2407f988e4,0.532516950000000000,NULL,0x,0
63,0xaf092fa66212d97b9d2810a31e4f011e8a0a8edf57e84b64a3dcdb021c827e2f,5149461,1519498974,0xd551234ae421e3bcba99a0da6d736074f22192ff,0x1b3e3c78849d80688172bf9ced8c9c2407f988e4,0.490000000000000000,NULL,0x,0
64,0xa06feeb7a88d22092ddedb7075ae7f2c4649811190a0afd733a05525bfb27c93,5149536,1519500209,0x564286362092d8e7936f0549571a803b203aaced,0x1b3e3c78849d80688172bf9ced8c9c2407f988e4,0.539451000000000000,NULL,0x,0
65,0x4ca3d182b5d64bba0453012cb83d24576bec72abd463043ab187d9f4953283e1,5149538,1519500225,0xd551234ae421e3bcba99a0da6d736074f22192ff,0x1b3e3c78849d80688172bf9ced8c9c2407f988e4,0.594396600000000000,NULL,0x,0
66,0xbe7624354940cdba5f43f115c4d187a0795b30b60595382c99fb317e94b040bb,5149545,1519500371,0x564286362092d8e7936f0549571a803b203aaced,0x1b3e3c78849d80688172bf9ced8c9c2407f988e4,0.309376130000000000,NULL,0x,0
67,0x72eea4d371713ccd8ec90ca7d9078cc4c65676a6586091720832d3f55f9d4761,5149596,1519500988,0x3f5ce5fbfe3e9af3971dd833d26ba9b5c936f0be,0x1b3e3c78849d80688172bf9ced8c9c2407f988e4,0.765039330000000000,NULL,0x,0
68,0x22720e11887a9e2ae1bcf8091dd5fe4d0ad8f9c26493e3138d37ffb497bf9648,5149611,1519501293,0xd551234ae421e3bcba99a0da6d736074f22192ff,0x1b3e3c78849d80688172bf9ced8c9c2407f988e4,0.200000000000000000,NULL,0x,0
69,0x038e6b6652395686558c2115374eece319e52968fff6d2733f24d56d36d85f43,5149863,1519504998,0x0681d8db095565fe8a346fa0277bffde9c0edbbf,0x1b3e3c78849d80688172bf9ced8c9c2407f988e4,0.790000000000000000,NULL,0x,0
70,0xf69d1b6ca84a870d7d4746e9d25984d7155bf1924c88372aff27268ed5b7f141,5149902,1519505640,0xa61001518ef56b56a5ff7d3da61ad1236d7acd4c,0x1b3e3c78849d80688172bf9ced8c9c2407f988e4,3.000000000000000000,NULL,0x,0
71,0xce6280e803cd3f84330ed4c1190e31e76f7ac35483825b60360e9913b2beace8,5150082,1519508208,0x0681d8db095565fe8a346fa0277bffde9c0edbbf,0x1b3e3c78849d80688172bf9ced8c9c2407f988e4,0.410000000000000000,NULL,0x,0
72,0x24e09841e5ab4be13c6bcf6d9aa8f21b97df53a1f7b54801b3e4c4becca4bb55,5150088,1519508254,0x2b5634c42055806a59e9107ed44d43c426e58258,0x1b3e3c78849d80688172bf9ced8c9c2407f988e4,2.990000000000000000,NULL,0x,0
73,0x9202fb0726d7e4f2bd4cc3c7434faf45c6d004a5af6e69353c1dab0d3df40a3d,5150216,1519510022,0xd551234ae421e3bcba99a0da6d736074f22192ff,0x1b3e3c78849d80688172bf9ced8c9c2407f988e4,0.490000000000000000,NULL,0x,0
74,0x30bf7986bc03add8dbc9a29e09beb4ffe57ba8305096ee98aefde3ee6a52588e,5150216,1519510022,0x8d4a1af84355a792504d6a4eaaace45978b1eb7d,0x1b3e3c78849d80688172bf9ced8c9c2407f988e4,0.400000000000000000,NULL,0x,0
75,0x55283956b66ad3e3d0741b0b6f667886e1e9a89dab1cb7ec56e4a3536ccaff54,5150236,1519510311,0x7905099337fbdc53fc3f5fdbdab35fe0b6d52580,0x1b3e3c78849d80688172bf9ced8c9c2407f988e4,0.200000000000000000,NULL,0x,0
76,0x71fd1ec8021f6f6b71a151df388eaf000f190bef320a629d027054560724287e,5150252,1519510531,0x7199f749c0de83429ac7eb24ad42b3db9c201970,0x1b3e3c78849d80688172bf9ced8c9c2407f988e4,0.600000000000000000,NULL,0x,0
77,0x4e233627cb80648bfa4276f0a2e025428cbbdc9fd5b1587b9b777a3a9035b61d,5150254,1519510592,0x3f5ce5fbfe3e9af3971dd833d26ba9b5c936f0be,0x1b3e3c78849d80688172bf9ced8c9c2407f988e4,0.490000000000000000,NULL,0x,0
78,0xbd93314e2c100d8d610626eef62ae6d13c8082a6ef5537b57f1ab66756dd15af,5150348,1519511954,0x1b3e3c78849d80688172bf9ced8c9c2407f988e4,0xd8bc7066efacdccb21ba3527fd647576c76320b5,1.000000000000000000,NULL,0x,0
79,0x82d5b90886b99b080826c1386b14fc7b934f74cecc0d5d3940841765bfd8bd8e,5150354,1519512047,0x1b3e3c78849d80688172bf9ced8c9c2407f988e4,0xd8bc7066efacdccb21ba3527fd647576c76320b5,10.000000000000000000,NULL,0x,0
80,0x9f92f804e73b46fbe4489ce8eb9a343e2ab51661feb271065f30cc69169798da,5150363,1519512159,0x1b3e3c78849d80688172bf9ced8c9c2407f988e4,0xd8bc7066efacdccb21ba3527fd647576c76320b5,10.000000000000000000,NULL,0x,0
81,0x1f55d2179a9e402cbacda9145f7f290d873670352659ed415050dbc31161f6d2,5150369,1519512237,0x1b3e3c78849d80688172bf9ced8c9c2407f988e4,0xd8bc7066efacdccb21ba3527fd647576c76320b5,10.000000000000000000,NULL,0x,0
82,0x6bf172aac92513708e94ebae48610f9f311a3e5a1c7ae42dcb3a14bae1a4d686,5150395,1519512466,0x1b3e3c78849d80688172bf9ced8c9c2407f988e4,0xd8bc7066efacdccb21ba3527fd647576c76320b5,20.663943430000000000,NULL,0x,0
