,TxHash,BlockHeight,TimeStamp,From,To,Value,ContractAddress,Input,isError
0,0xbb2a845d7a274b344666e36b76e52bbfd28cabcaeb7383b887f80f018acb2823,4636008,1511847697,0xb44da48b4e81deb4c15da466c6d2d5f50cbafeea,0x1cea7999fdafe5d156952ebf1816e8aa67a5485e,1.275000000000000000,NULL,0x,0
1,0xbf4e4612542ded014d5acbdb1f44302427760f103725b2ad12c544fa49545af5,4636044,1511848117,0xfc3b8e53722a762476aa7a82adf0005a9ba7169c,0x1cea7999fdafe5d156952ebf1816e8aa67a5485e,0.500000000000000000,NULL,0x,0
2,0xee6727495a51ccc4700b89abe89743ce871cc0bc716557aa6765fa398dd31b80,4636077,1511848645,0x43ce0dc3d01ab2c773afb91f82408cd851dfd614,0x1cea7999fdafe5d156952ebf1816e8aa67a5485e,2.000000000000000000,NULL,0x,0
3,0x97f1072200ad11abb6dc1b61928d4c7465d1fd3e27b93b366cdba7af00a07b97,4636140,1511849563,0x39635e3731bb04f4e772d69e4a46a7198f02c4c2,0x1cea7999fdafe5d156952ebf1816e8aa67a5485e,1.300000000000000000,NULL,0x,0
4,0xfcd84de28e39100fb553b2a7325f2e19fd33920320aeeb8dcda94f1200a6f4b5,4636157,1511849831,0x8fb746b6d888ae3d66aede40eb3575f09d21a2d6,0x1cea7999fdafe5d156952ebf1816e8aa67a5485e,0.609000000000000000,NULL,0x,0
5,0xce504c243a4183bb6aba1f4998240368ddeae9554a1a9b04fb20f5f637b1e9f1,4636171,1511850034,0xeabcf7171c7c4ea66bd3a03a1e9459057506ed5d,0x1cea7999fdafe5d156952ebf1816e8aa67a5485e,0.400000000000000000,NULL,0x,0
6,0xa831b3099c66f68378480a809f3156397492e6be472b6238aab3fc0a5666806a,4636172,1511850077,0x3f5ce5fbfe3e9af3971dd833d26ba9b5c936f0be,0x1cea7999fdafe5d156952ebf1816e8aa67a5485e,0.092292500000000000,NULL,0x,0
7,0x78fc0bea7dcdd5d55dd5c0367a4cb54bb8d5e9f493021c45c81990d3199d7dbe,4636187,1511850236,0x53871c23523453988ebd6524fcb0ea29241ca4d2,0x1cea7999fdafe5d156952ebf1816e8aa67a5485e,5.000000000000000000,NULL,0x,0
8,0xa1c0a7d4af48bb570227e2b6b5942a8926fa6f75c7ad364236a802d40b94c97d,4636238,1511850969,0xe49dc21825705734078a682489b8180607c5c69d,0x1cea7999fdafe5d156952ebf1816e8aa67a5485e,0.320000000000000000,NULL,0x,0
9,0x5d1ba96c54d8d01dd8e7fe122db835e4505139dd83571a0f784259ef34f45b54,4636332,1511852153,0xa3953352beab67861e5a7fff47f36611a1ff5335,0x1cea7999fdafe5d156952ebf1816e8aa67a5485e,2.500000000000000000,NULL,0x,0
10,0xcb1965e90a2ed858041c20f083c327f80176a4e0aa935c10e682c105eec79899,4636578,1511855538,0xa546a366d38150af351977d9d8f641f234567871,0x1cea7999fdafe5d156952ebf1816e8aa67a5485e,0.300000000000000000,NULL,0x,0
11,0xa7270fa8d111e1091fecc33976ef139411138795ff803e3afcae9211aa6dba22,4636621,1511856213,0xdc55a4847f0f47c52a6a4d0bb1625c76aee186f6,0x1cea7999fdafe5d156952ebf1816e8aa67a5485e,0.800000000000000000,NULL,0x,0
12,0x14c6a08697dccac1ee54dcbb32e6b3a6eb35f948ebc86ff755e3a6e53e3bd0ab,4636752,1511858092,0x1a6d4517c7a00089ee0ea54a6fffd59d4180ef80,0x1cea7999fdafe5d156952ebf1816e8aa67a5485e,0.300000000000000000,NULL,0x,0
13,0x6ff723842eb336caf837c6a00bbfb4d80b66c9b4cc24f1115958f204c07122a0,4637456,1511868007,0xa546a366d38150af351977d9d8f641f234567871,0x1cea7999fdafe5d156952ebf1816e8aa67a5485e,0.200000000000000000,NULL,0x,0
14,0x5cb58472d80cb11ffaceada7e42f35aac0893622d2a5ad422c7f1c3832b38c8d,4637649,1511870693,0x2312c9612674c1eae4fbf0b7fb0efdddb3bb1a40,0x1cea7999fdafe5d156952ebf1816e8aa67a5485e,0.978000000000000000,NULL,0x,0
15,0x2b9985cebec67de4f04fbcf31f571608ffa7a6418b88f5deff86ac4b2b0d328b,4639275,1511894198,0x95817c48c2da9f787bd20421dc7927aeaea70509,0x1cea7999fdafe5d156952ebf1816e8aa67a5485e,3.450000000000000000,NULL,0x,0
16,0x1e6660faed1acc36d4ebde4396e9b00c9be9ccfc5c347cd5570f7c2036ff4cc9,4648767,1512027795,0xb49fb86ae180926c0692a6b810f962849d043767,0x1cea7999fdafe5d156952ebf1816e8aa67a5485e,1.000000000000000000,NULL,0x,0
17,0xf21ea3f9531de32742e582b3fe18706810eed27822b73de3a768301a0bbc5255,4667428,1512292663,0x1cea7999fdafe5d156952ebf1816e8aa67a5485e,0xf8f3e7004b482fd14293d0dfdc8b83497d1c71f7,21.024082500000000000,NULL,0x,0
