,TxHash,BlockHeight,TimeStamp,From,To,Value,ContractAddress,Input,isError
0,0x1ccf1c4fe773e8586a52361527f40286ac38c247f0fd5ec80a907211daaa6524,5963985,1531588971,0x3f5ce5fbfe3e9af3971dd833d26ba9b5c936f0be,0x1cbc864ea74e0f23f103df8623ba56a01b1eda59,0.980000000000000000,NULL,0x,0
1,0x67b8144678eb5f291de798635eb099417da293cafcfc01bb91a035a944a6bbc9,5969804,1531672547,0x167a9333bf582556f35bd4d16a7e80e191aa6476,0x1cbc864ea74e0f23f103df8623ba56a01b1eda59,10.946705520000000000,NULL,0x,0
2,0x7476eb5d7314f1dc1e959a061f732b0b2b5674e4dd3f8faea345e98366e241be,5971059,1531690769,0x9ffd9df4d04991ca1eb6109dba93bf80e1efd7ed,0x1cbc864ea74e0f23f103df8623ba56a01b1eda59,0.500000000000000000,NULL,0x,0
3,0x4530a80f0c4f37204e8a1356c2749010b2a20bc92b02d257b7b31783aec181f0,5973466,1531725532,0xe89943ec20d856f064a87349a00ef6ab00aed042,0x1cbc864ea74e0f23f103df8623ba56a01b1eda59,1.200000000000000000,NULL,0x,0
4,0x4a593017cf98a977b364cd3c58d36324d9d60a06de7356a4490a0a4859141c38,5973535,1531726525,0xd551234ae421e3bcba99a0da6d736074f22192ff,0x1cbc864ea74e0f23f103df8623ba56a01b1eda59,0.814558410000000000,NULL,0x,0
5,0x18b41f28686852757ec8b5e87b012eedf5f007634e10dd6a5eddaa61e8a23b64,5974629,1531743152,0xad4f558fc005349135a55b2f6dab60174626b92f,0x1cbc864ea74e0f23f103df8623ba56a01b1eda59,0.020000000000000000,NULL,0x,0
6,0x3148f91b9ab8108d0e4ae3e18454b47183eb1b9e4128203b4bc64c009a5a9c27,5978530,1531800392,0xc322813f03ff7399e84bb8092b43ad6c1bbf2ec3,0x1cbc864ea74e0f23f103df8623ba56a01b1eda59,0.500000000000000000,NULL,0x,0
7,0xb45f452d54f24f0901916e9fbfa9105fedab2c8c13fe3d2dcc47e383720a737c,5981402,1531843239,0xb9ee1e551f538a464e8f8c41e9904498505b49b0,0x1cbc864ea74e0f23f103df8623ba56a01b1eda59,0.721071350000000000,NULL,0x,0
8,0xa3a67e6ea03ae20bf77f84ecd289cdc2753939d493852c813c8ba6e64956f713,5981521,1531845113,0xe6c76bb82397d4e5ef0ebf58133dcbef5b1d70c5,0x1cbc864ea74e0f23f103df8623ba56a01b1eda59,0.014890610000000000,NULL,0x,0
9,0x1203909edf53d7ecb598e0683a12833aeede3af6cbffcc37d18ef5ae7180364f,5982701,1531862171,0xf2a93b9d03e7adb2979aa90705a70841f474022c,0x1cbc864ea74e0f23f103df8623ba56a01b1eda59,0.001997300000000000,NULL,0x,0
10,0xf4be6d1c4fe0abcfa62afb785c355f072254ad2db382252bc7ce0c5e28a90273,5984283,1531886099,0x4f04fdde1c627153c563780b608e6f984ae956d0,0x1cbc864ea74e0f23f103df8623ba56a01b1eda59,1.949527239777777777,NULL,0x,0
11,0x41c7ed5162de208c699f88327d218d0a4fe0fcbb6274633871d5a9f16c4b8de4,5985750,1531907863,0x564286362092d8e7936f0549571a803b203aaced,0x1cbc864ea74e0f23f103df8623ba56a01b1eda59,0.522590610000000000,NULL,0x,0
12,0x3bc033a04c6aee8c164b8295796cec1146e55f71b748dd296298fcd6c07dc9be,5986758,1531922858,0x564286362092d8e7936f0549571a803b203aaced,0x1cbc864ea74e0f23f103df8623ba56a01b1eda59,0.800000000000000000,NULL,0x,0
13,0x1f48f663bbc7578b39b9068a152a5820f7609f357419b0e4a8509766eeac4b46,5987661,1531936522,0x564286362092d8e7936f0549571a803b203aaced,0x1cbc864ea74e0f23f103df8623ba56a01b1eda59,0.523656900000000000,NULL,0x,0
14,0xd38ba950fea3b8419d14d546539b4de1d8b0cc2ea29616f03b331a41f6dd37c3,5988399,1531947343,0x1cbc864ea74e0f23f103df8623ba56a01b1eda59,0x851b63411527fdfe630277f10f41ad5a5d66d691,4.900000000000000000,NULL,0x,0
15,0x7f2d5cf0a030f9d0ea4fda589171cc421a5c6e0c8a79a62406074bc588b978de,5988408,1531947438,0x1cbc864ea74e0f23f103df8623ba56a01b1eda59,0x851b63411527fdfe630277f10f41ad5a5d66d691,5.000000000000000000,NULL,0x,0
16,0x70c6292b300e53f79f020846fde33ae0c6c03a56f82b94913c1f1ca1e86ff331,5988418,1531947539,0x1cbc864ea74e0f23f103df8623ba56a01b1eda59,0x851b63411527fdfe630277f10f41ad5a5d66d691,5.100000000000000000,NULL,0x,0
17,0x754ec60de0936afe7c9f7c142f59c3b55fbe225a9bc659888a27dccf8c9831de,5988428,1531947689,0x1cbc864ea74e0f23f103df8623ba56a01b1eda59,0x851b63411527fdfe630277f10f41ad5a5d66d691,1.000000000000000000,NULL,0x,0
18,0xe3fd40515a5f20f0e800342d014c90ba1175ef559b50dee7dc60e3592b78af61,5991559,1531994652,0xfbb1b73c4f0bda4f67dca266ce6ef42f520fbb98,0x1cbc864ea74e0f23f103df8623ba56a01b1eda59,1.016047700000000000,NULL,0x,0
19,0x02b7da18bdd5202255e76fda7ef72943db65285603d12a836702e11788908af7,5992187,1532003502,0xba7a65be73c0df5916232820d008ac03ed434737,0x1cbc864ea74e0f23f103df8623ba56a01b1eda59,0.500000000000000000,NULL,0x,0
20,0x194240fa254bf8ea840713e131f0e85e4cb0146e52a7b2c0c393540e1bc0b252,5992314,1532005294,0x75631aab2cad539631160b354c5078d900fabd92,0x1cbc864ea74e0f23f103df8623ba56a01b1eda59,10.000000000000000000,NULL,0x,0
21,0x8a9187eedd7a1879127e0e4684a3a9979cf9f4b0ce2e6d8ea409622fdd541129,5993516,1532023000,0x5e515d28872fc5576fa38f858994eefa950e784f,0x1cbc864ea74e0f23f103df8623ba56a01b1eda59,0.500000000000000000,NULL,0x,0
22,0xe3a6fe112d4cc3681c9777149c148263a37853da90161b145a6d4b84cb164793,5996417,1532066445,0x5e032243d507c743b061ef021e2ec7fcc6d3ab89,0x1cbc864ea74e0f23f103df8623ba56a01b1eda59,0.500000000000000000,NULL,0x,0
23,0x93fccef53761eb1dfba75f196b579313f8dcaf8300b4e2cc5b2bbd26d87bac4b,5996448,1532067076,0xbd59191247c1743a4d3b385157766da0175a6eb2,0x1cbc864ea74e0f23f103df8623ba56a01b1eda59,0.500000000000000000,NULL,0x,0
24,0x6a51a35d707db4647cec396cb35840d61f745a83de1192d21071e56cc4ee6f4a,5997355,1532079907,0x3f5ce5fbfe3e9af3971dd833d26ba9b5c936f0be,0x1cbc864ea74e0f23f103df8623ba56a01b1eda59,0.500000000000000000,NULL,0x,0
25,0x9daa36516e345b638ecee6966efbcd75278f92dd29a2f84ae59cae9cb93cd7a6,6020346,1532416569,0x1cbc864ea74e0f23f103df8623ba56a01b1eda59,0xcc7598f81439d312a95bfa481c45052c35a0023d,6.000000000000000000,NULL,0x,0
26,0x43abe07742f8b38c36f98205c90a5225cdc4d3f86ea8898aa35d3064bc040867,6020354,1532416655,0x1cbc864ea74e0f23f103df8623ba56a01b1eda59,0xcc7598f81439d312a95bfa481c45052c35a0023d,5.000000000000000000,NULL,0x,0
27,0xe48fb0cf1d35e5442103ded78144fc46c54afb0b571e3044513d8c405fc5550a,6020361,1532416778,0x1cbc864ea74e0f23f103df8623ba56a01b1eda59,0xcc7598f81439d312a95bfa481c45052c35a0023d,6.000000000000000000,NULL,0x,0
