,TxHash,BlockHeight,TimeStamp,From,To,Value,ContractAddress,Input,isError
0,0x03d083b106bbee3fec55955981dce921f93ea9d86a600d9bd42d212ba572d740,4288318,1505758203,0xb10ec363a320b4e8d0f3dfa00ccc1ee046c29f62,0x1c50139c266559b29d7cb27635e0da13bef76a09,0.320000000000000000,NULL,0x,0
1,0x3cedc45e11bfeb404329183784b42ed195dc41a4cdb18ea7bc012b0e09fe8a80,4289741,1505792357,0x30071094ef22eb6338c822f170a5c20054952ea0,0x1c50139c266559b29d7cb27635e0da13bef76a09,0.700000000000000000,NULL,0x,0
2,0x00c0454de8c8739461645a075dac7d9f48a3dc140ca903cf62d5cf07e0a47d44,4291129,1505825167,0x18abc46e8d37f1c8c0de434589cb1fd96bd43b55,0x1c50139c266559b29d7cb27635e0da13bef76a09,7.000000000000000000,NULL,0x,0
3,0x66a6a0d771b1169f3ec8428ca83e349b32496a945c9e46e99da402a0103d34ea,4291259,1505828318,0x1404f9944644e1b7011cb2bf7b27ac3d35b4daab,0x1c50139c266559b29d7cb27635e0da13bef76a09,1.000000000000000000,NULL,0x,0
4,0xbc42de3e49070d1920c7a4abfe0feb416c427ca958e0655fc053e5b6dd415037,4291499,1505834248,0x82906f86b1256df5f05b22c625968474dd815840,0x1c50139c266559b29d7cb27635e0da13bef76a09,1.000000000000000000,NULL,0x,0
5,0x15bcb1d88376651801c4875bc4387aee608e03c7e11d47b38b337ac7b8aab33b,4291548,1505835457,0x51e003acecb4bba743a1e692b744e573188e5f39,0x1c50139c266559b29d7cb27635e0da13bef76a09,1.000000000000000000,NULL,0x,0
6,0x631a62a068a6852cf97b0151841d6d7826edf048af0a6d9bea70174baf15fd6d,4291663,1505838163,0xe5d8ead4733317754f099fd9332cecbb045f3397,0x1c50139c266559b29d7cb27635e0da13bef76a09,2.500000000000000000,NULL,0x,0
7,0x33fe51770432b3f84f6e70b41ba66920d394e3ce9a3b0516c86a9b91c80a6b7b,4292003,1505846256,0xed47b209668c602387b7a88ff8d9bd07c5c6378a,0x1c50139c266559b29d7cb27635e0da13bef76a09,6.000000000000000000,NULL,0x,0
8,0x29385e6dc145c9c8a34bad1a9a10ed639e580fc21fb86dfd6ece838afe0497d9,4292054,1505847434,0xf92b31766dc63e260096c4400559c5f786b60dd7,0x1c50139c266559b29d7cb27635e0da13bef76a09,0.100000000000000000,NULL,0x,0
9,0x12062920ef821bab12f007bfdca3acf2be5163325d9cfd8baf207a34c517c550,4292384,1505855151,0x0fee4019a6c3f2b92071505abfa2db4a7b62af05,0x1c50139c266559b29d7cb27635e0da13bef76a09,1.000000000000000000,NULL,0x,0
10,0x22698fa3f3f06408777260d65cc42a0eb32d1ebd2cb5cea62ee8ee8c446aed71,4293137,1505872886,0xeb45138695639a220e3e55bbbe0003263f5ddcf4,0x1c50139c266559b29d7cb27635e0da13bef76a09,1.000000000000000000,NULL,0x,0
11,0x5c153782b2e5b1d47561a2d5fd86476a8761309d2353b8a77f023aff999ccc9b,4293144,1505873133,0xeb45138695639a220e3e55bbbe0003263f5ddcf4,0x1c50139c266559b29d7cb27635e0da13bef76a09,3.183000000000000000,NULL,0x,0
12,0x8ff29b96b0c87c6a67f1943c8ca6a9b8cf54c40218dc6ac5ba6a0d2e05f313f1,4293896,1505890710,0xc581c7dcfc662a0f894cdcb1da3f03819938cc7b,0x1c50139c266559b29d7cb27635e0da13bef76a09,1.100000000000000000,NULL,0x,0
13,0x9ff32b5f515fe4d0cd6a2e9f480a1e1d2fce273897bf5ee96d0c62eed9eb4fed,4294639,1505908748,0x6c551e1e8115002c693a6e6522acbd3fd59d5319,0x1c50139c266559b29d7cb27635e0da13bef76a09,1.000000000000000000,NULL,0x,0
14,0x661b86cad029f1c904b95d3bf4a98c6772ea5addbe02fac9379c85719567b28a,4297969,1505988732,0xfc12197925e4e97946d071aba4e90984ce5b8305,0x1c50139c266559b29d7cb27635e0da13bef76a09,0.493502353002496440,NULL,0x,0
15,0xa3ada79c614b8deb956d45cbc86a968af19a89dfb73a01120e7f81594fd7e5d1,4403467,1508610958,0x1c50139c266559b29d7cb27635e0da13bef76a09,0x40f1d48f340648b9778cbc915a7e92f4845b6824,12.900000000000000000,NULL,0x,0
16,0x043ed5b51609dc8fdc0f44e91d2ea51ba3660fba3532d2f62da3e05bb843b1fa,4403544,1508611775,0x1c50139c266559b29d7cb27635e0da13bef76a09,0x2ff76c96612e8f069ca71d6cea62230c340b6f61,14.490000000000000000,NULL,0x,0
