,TxHash,BlockHeight,TimeStamp,From,To,Value,ContractAddress,Input,isError
0,0xad20aae2d9d90321f4e4cda554f4694ea82a82a30c7f18d3f332c88060e92065,5301499,1521727191,0x4ab284c1365228d3a8f730f95cf2ff849394e65e,0x1e071281416b20ac2cd50d2e8093b43f8526940a,0E-18,NULL,0x,0
1,0xae7d6c8b31c489e39033972a0bf356529ea696f2a07c0c084e4bf131526a8e7c,5301500,1521727208,0x9161c98832c00dee3b71bcb636cd1c6b675ab399,0x1e071281416b20ac2cd50d2e8093b43f8526940a,0E-18,NULL,0x,0
2,0x8ed83f85f892cf198ef52ed9b4227764a72c68e860c30bd3f3433e8ce6304765,5301503,1521727249,0x9161c98832c00dee3b71bcb636cd1c6b675ab399,0x1e071281416b20ac2cd50d2e8093b43f8526940a,0E-18,NULL,0x,0
3,0xa8b9a955f1b577a4b6151315f06db7950e4e201dda4261b4c466f1934c7cef8e,5301505,1521727273,0x9161c98832c00dee3b71bcb636cd1c6b675ab399,0x1e071281416b20ac2cd50d2e8093b43f8526940a,0E-18,NULL,0x,0
4,0x473f9b87f268a95240d46c78756fc7fdb852e18b6d846e0b04d892b97dc6fab2,5301509,1521727316,0xe484c935fa10fd259de40ae9a31e18369b901235,0x1e071281416b20ac2cd50d2e8093b43f8526940a,0E-18,NULL,0x,0
5,0x35971110bf6a5b297dd8c5716875c444dac2209b144dfb8c4bc564753fc41bd5,5301510,1521727328,0xe484c935fa10fd259de40ae9a31e18369b901235,0x1e071281416b20ac2cd50d2e8093b43f8526940a,0E-18,NULL,0x,0
6,0x9b77ad842d3b993e344cc4133821be73edbcbcc52a00e17ac1b78fd47b2f0e48,5301513,1521727349,0x4ab284c1365228d3a8f730f95cf2ff849394e65e,0x1e071281416b20ac2cd50d2e8093b43f8526940a,0E-18,NULL,0x,0
8,0xb8795927d20186c16dbfc9da7f69294fec9b9eb64ce09a5614adaa1513d150d8,5301517,1521727392,0x4ab284c1365228d3a8f730f95cf2ff849394e65e,0x1e071281416b20ac2cd50d2e8093b43f8526940a,0E-18,NULL,0x,0
7,0x17ddfa5b23e331ff796191cabbff0e9220425338e44afe0810c09afa8c6572e1,5301517,1521727392,0xe484c935fa10fd259de40ae9a31e18369b901235,0x1e071281416b20ac2cd50d2e8093b43f8526940a,0E-18,NULL,0x,0
9,0xd86bdbc4c42d453c87883682d1e3e5a776e169663e41601670196aa67007cd1e,5301520,1521727424,0xe484c935fa10fd259de40ae9a31e18369b901235,0x1e071281416b20ac2cd50d2e8093b43f8526940a,0E-18,NULL,0x,0
10,0x1972586acba033f114870ccaf9292e8c79448b76ea3636efcd4f5b60bad0c722,5301520,1521727424,0x4ab284c1365228d3a8f730f95cf2ff849394e65e,0x1e071281416b20ac2cd50d2e8093b43f8526940a,0E-18,NULL,0x,0
11,0xd3e80954bc2dfa2c79fb353a688a4b73f29fcc86cf7737155c0e5de2c1b265a7,5301542,1521727693,0xdf6e638ba3bf63c29c42f71969864a0ad829b728,0x1e071281416b20ac2cd50d2e8093b43f8526940a,0E-18,NULL,0x,0
12,0x18b0fb7e5b3c9cabaa9133060c3cf06530a9930dfcb9ad3c6d896525058e4242,5301544,1521727710,0x4ab284c1365228d3a8f730f95cf2ff849394e65e,0x1e071281416b20ac2cd50d2e8093b43f8526940a,0E-18,NULL,0x,0
13,0xbb2f97055ed4faa5340a3a2b2cdc1b74e49c47cc0f0737f114094581b9e2f315,5301548,1521727749,0xe484c935fa10fd259de40ae9a31e18369b901235,0x1e071281416b20ac2cd50d2e8093b43f8526940a,0E-18,NULL,0x,0
14,0x659e6fde433c7456b28c1c7473980eeddaeba452f21fc37f261d9004b22b4967,5301554,1521727879,0xe484c935fa10fd259de40ae9a31e18369b901235,0x1e071281416b20ac2cd50d2e8093b43f8526940a,0E-18,NULL,0x,0
15,0xac5eb5615910024946f7a3dc07460b5dffa55c5e71762aabfdf1756331feff71,5301554,1521727879,0xdf6e638ba3bf63c29c42f71969864a0ad829b728,0x1e071281416b20ac2cd50d2e8093b43f8526940a,0E-18,NULL,0x,0
16,0xff2457cbc95eb4ec4c84b8e3ea1ef636d776e6ae52ced255df9b03252cfdf095,5301555,1521727905,0x4ab284c1365228d3a8f730f95cf2ff849394e65e,0x1e071281416b20ac2cd50d2e8093b43f8526940a,0E-18,NULL,0x,0
19,0x71fc9bd3d2c1b1fa2c79cafbca18ce562b5a1312d9d4d712b085db9a9b35f820,5301557,1521727983,0xdf6e638ba3bf63c29c42f71969864a0ad829b728,0x1e071281416b20ac2cd50d2e8093b43f8526940a,0E-18,NULL,0x,0
20,0x80dc37cd3e5aa1457901660871ee18f8510679164f4661cd8ca5b0b91d90f4f2,5301557,1521727983,0x9161c98832c00dee3b71bcb636cd1c6b675ab399,0x1e071281416b20ac2cd50d2e8093b43f8526940a,0E-18,NULL,0x,0
17,0x995ac6ddb811a79d0b4739ae017c7c8f11955188b8e4d9bdd5ad5069589bdba6,5301557,1521727983,0x4ab284c1365228d3a8f730f95cf2ff849394e65e,0x1e071281416b20ac2cd50d2e8093b43f8526940a,0E-18,NULL,0x,0
18,0x2b0f9220edc3c26191f6fb72542cf2a1ed9bf19e0201ce2db1aaf747a6b97d50,5301557,1521727983,0xe484c935fa10fd259de40ae9a31e18369b901235,0x1e071281416b20ac2cd50d2e8093b43f8526940a,0E-18,NULL,0x,0
21,0xe66c9eb550389e759c68d30f932541561ac54950b983b112e3441118a560a2a7,5301562,1521728044,0xe484c935fa10fd259de40ae9a31e18369b901235,0x1e071281416b20ac2cd50d2e8093b43f8526940a,0E-18,NULL,0x,0
22,0xfcfdacccb869fb627f469aaabba62a3d45341a57c733ff1523d4769fa32f7004,5301562,1521728044,0x4ab284c1365228d3a8f730f95cf2ff849394e65e,0x1e071281416b20ac2cd50d2e8093b43f8526940a,0E-18,NULL,0x,0
23,0xea8f82570460914bbebb98a7bdd3fbb243397b8c5f52ff5c9338d1c1b6cd63db,5301562,1521728044,0xdf6e638ba3bf63c29c42f71969864a0ad829b728,0x1e071281416b20ac2cd50d2e8093b43f8526940a,0E-18,NULL,0x,0
24,0x14ee28f1e4d1b3bf2a76abd99fd6ba090b0d7fb683cc01d8737e4343604f0a47,5301563,1521728065,0x5ae3c2e18669bd952844730e96c2d9efbc3eb04d,0x1e071281416b20ac2cd50d2e8093b43f8526940a,0E-18,NULL,0x,0
25,0x611cd53557637bd567f441ae9ca85cc7f2039d3ef82ccd0c6e720f981901f5f7,5301565,1521728077,0x5ae3c2e18669bd952844730e96c2d9efbc3eb04d,0x1e071281416b20ac2cd50d2e8093b43f8526940a,0E-18,NULL,0x,0
26,0xf8dc5c6b4d0ea983ad5e5a8345d7e3aab5bb37008ed656967c8cc6010436add6,5301565,1521728077,0xa379298734740ed6d87918d6d2a0c486c9e1f08c,0x1e071281416b20ac2cd50d2e8093b43f8526940a,0.283980000000000000,NULL,0x,0
27,0x141a71c51d3e4b09d637f3a7c2fba05bedf2e9d7a0163af00749eeab350eeb5e,5301576,1521728173,0xdf6e638ba3bf63c29c42f71969864a0ad829b728,0x1e071281416b20ac2cd50d2e8093b43f8526940a,0E-18,NULL,0x,0
28,0xc3c5604cdb8111689dbad03fc1b9b221df281f445f9b1046d604f73eec39ffa6,5301577,1521728182,0xe484c935fa10fd259de40ae9a31e18369b901235,0x1e071281416b20ac2cd50d2e8093b43f8526940a,0E-18,NULL,0x,0
29,0x4dd664563459d8c166c261b34a6eb030df4e5f5ea7a5c998dca60362f729f5f9,5301578,1521728209,0x4ab284c1365228d3a8f730f95cf2ff849394e65e,0x1e071281416b20ac2cd50d2e8093b43f8526940a,0E-18,NULL,0x,0
30,0x52ad9e0274035b674812e0b4a7cf8747bb964daa077a39738b2bd7bd6a379be7,5302105,1521735723,0x48cc4d2bcf1617d54065a136baeb4b75e47a4ac0,0x1e071281416b20ac2cd50d2e8093b43f8526940a,0.100000000000000000,NULL,0x,0
31,0x7f3f934ce9d29d3cdcb530f62edc39f1f1344eeb9fee7fbaeacde189cf9ab97d,5302168,1521736797,0x343ba1ca5c17801d27296deb197d35d04e1751fa,0x1e071281416b20ac2cd50d2e8093b43f8526940a,2.500000000000000000,NULL,0x,0
32,0x46c67fdec30bc616be52d9b36f4a4c5a4cac8a9dbe1f931f7798975d1e78c2d7,5302247,1521738089,0x46877aa820dd0f048963531dab33c698411eacb6,0x1e071281416b20ac2cd50d2e8093b43f8526940a,2.600000000000000000,NULL,0x,0
33,0x9dcb491ca444c0435b5fe41306380b855ac5b2fb0206d1aec9996d2c24b7f51e,5303580,1521756651,0x79a9e902cfbe87fa5065905293992c15de7f6095,0x1e071281416b20ac2cd50d2e8093b43f8526940a,0E-18,NULL,0x,0
34,0xf1bdbcd20d2c4aff25e6efe24b55728e4ec277ef4e8f098fbdd70c9e1d9e065e,5303582,1521756680,0xbb19ef2bcdc43022d21145cacc60cda1d706b9db,0x1e071281416b20ac2cd50d2e8093b43f8526940a,0.290000000000000000,NULL,0x,0
35,0xa4ec26aff0fb7dc55cefeb705dc7dc7238ebac081db0c87c9bb8f53751e5894e,5303582,1521756680,0x79a9e902cfbe87fa5065905293992c15de7f6095,0x1e071281416b20ac2cd50d2e8093b43f8526940a,0E-18,NULL,0x,0
36,0x90066c91aacc0f5d6a29f82d6804cbcaceb5bef36c67ada3f77368fcd89c2496,5303584,1521756710,0xdf6e638ba3bf63c29c42f71969864a0ad829b728,0x1e071281416b20ac2cd50d2e8093b43f8526940a,0E-18,NULL,0x,0
37,0x068474c12c93d5df84cdb96e5d165a7cfd1b141ff6a225ebfd2f5a97a5a3802c,5303586,1521756771,0xc703b8edcdd600e265c39a2495bae24b7d95499b,0x1e071281416b20ac2cd50d2e8093b43f8526940a,0E-18,NULL,0x,0
38,0xa43e1e211db214cc4fbda95cf658d0b3316f3d98ec91bdb0b2af4a22fc259a26,5303593,1521756824,0xc703b8edcdd600e265c39a2495bae24b7d95499b,0x1e071281416b20ac2cd50d2e8093b43f8526940a,0E-18,NULL,0x,0
39,0x1eb4a7544eb301f8baf8c0f77a2f6a194e266aef4d6065f605268e58219b0e2c,5303599,1521756943,0x175f6dbf87215a6da7107977b4680bc3db31b2de,0x1e071281416b20ac2cd50d2e8093b43f8526940a,0E-18,NULL,0x,0
40,0xdca070ce9bdbec302bbd9b2edf7ca1630782919133b7049304a44bef2a331b06,5303603,1521757026,0x580c9a0f14e2920483d032fb9e6ec4cfe7e6ab5d,0x1e071281416b20ac2cd50d2e8093b43f8526940a,0E-18,NULL,0x,0
41,0xc3f468b4e851f45e66daee2d4fe75d5e6cdf2ef8aaf38316148f52619e43c924,5303606,1521757046,0x175f6dbf87215a6da7107977b4680bc3db31b2de,0x1e071281416b20ac2cd50d2e8093b43f8526940a,0E-18,NULL,0x,0
42,0x6938c1c2f7131f48ae87782b4b87ec8bc47379793b53558d3fbddd922bf0e0ec,5303608,1521757083,0x580c9a0f14e2920483d032fb9e6ec4cfe7e6ab5d,0x1e071281416b20ac2cd50d2e8093b43f8526940a,0E-18,NULL,0x,0
43,0x139dd2f43280291c190586957b79de0a8895808c0ae00fa182611edb2c4ced01,5303608,1521757083,0x175f6dbf87215a6da7107977b4680bc3db31b2de,0x1e071281416b20ac2cd50d2e8093b43f8526940a,0E-18,NULL,0x,0
44,0x8a82675cf76baf8e823f0a266d42538ba81818489f63d9c374147b87712899cd,5303610,1521757111,0x580c9a0f14e2920483d032fb9e6ec4cfe7e6ab5d,0x1e071281416b20ac2cd50d2e8093b43f8526940a,0E-18,NULL,0x,0
45,0x801073325af255b51170bccdc9e89b40b5e4f77071ecf79b190976bf4e46d1e8,5303611,1521757118,0x175f6dbf87215a6da7107977b4680bc3db31b2de,0x1e071281416b20ac2cd50d2e8093b43f8526940a,0E-18,NULL,0x,0
46,0xdfe57811028202d34517cb5895788e7d723689750e8e4456a6aadcfeef013c44,5303612,1521757163,0x580c9a0f14e2920483d032fb9e6ec4cfe7e6ab5d,0x1e071281416b20ac2cd50d2e8093b43f8526940a,0E-18,NULL,0x,0
47,0xe37af76702e8615898bf98241d10d5e5fc551673a54637047eb6f32b2c3fedff,5303613,1521757185,0x580c9a0f14e2920483d032fb9e6ec4cfe7e6ab5d,0x1e071281416b20ac2cd50d2e8093b43f8526940a,0E-18,NULL,0x,0
48,0xab0ff91b3331eccfed39f1c46ccdca72a041e7f8b0ebfe8b0e2cc7c5bfef5136,5303614,1521757252,0x175f6dbf87215a6da7107977b4680bc3db31b2de,0x1e071281416b20ac2cd50d2e8093b43f8526940a,0E-18,NULL,0x,0
49,0x042e62f620bcf8b74b280bdbb1d02f517bfe63dca38a353e36b0abbfad7926fd,5303616,1521757281,0x580c9a0f14e2920483d032fb9e6ec4cfe7e6ab5d,0x1e071281416b20ac2cd50d2e8093b43f8526940a,0E-18,NULL,0x,0
50,0x81466d8534fa0bc6f036d9469171c941a7de2861d6835a5e887f17681530a4b5,5303616,1521757281,0x175f6dbf87215a6da7107977b4680bc3db31b2de,0x1e071281416b20ac2cd50d2e8093b43f8526940a,0E-18,NULL,0x,0
51,0x9cf3835baea01a9895fbc67b28d340483eac1f9c5f176197102976f8399ef4ca,5303618,1521757313,0x20c7634d63390a12b5ca1189b17f6ed3438ccbfd,0x1e071281416b20ac2cd50d2e8093b43f8526940a,2.051502150000000000,NULL,0x,0
52,0x426ec6c5e94aec9c3431441ae37d4558b5ca8b54a16cb9d49dbcf3b87dbc984a,5303624,1521757350,0x580c9a0f14e2920483d032fb9e6ec4cfe7e6ab5d,0x1e071281416b20ac2cd50d2e8093b43f8526940a,0E-18,NULL,0x,0
53,0x8eeb4080c24c3f803f6b2e4eaecf49437389a0497d7c3c9189b68de71174c528,5303628,1521757394,0x175f6dbf87215a6da7107977b4680bc3db31b2de,0x1e071281416b20ac2cd50d2e8093b43f8526940a,0E-18,NULL,0x,0
54,0xe7faedf8f892a6e5dba8c258bdc44de809f6cd7f9528587bf4cdc0184d1f4880,5303640,1521757538,0x175f6dbf87215a6da7107977b4680bc3db31b2de,0x1e071281416b20ac2cd50d2e8093b43f8526940a,0E-18,NULL,0x,0
55,0x2e72c65583a42bb3bb883963c9ca09ad352b398aa5454b0b9ab37448508aa9c2,5303640,1521757538,0x5ae3c2e18669bd952844730e96c2d9efbc3eb04d,0x1e071281416b20ac2cd50d2e8093b43f8526940a,0E-18,NULL,0x,0
56,0x85def92f17ad0a613a916d5abbafe5610abee2b843a9c72cac0e725f858e1887,5303644,1521757642,0x175f6dbf87215a6da7107977b4680bc3db31b2de,0x1e071281416b20ac2cd50d2e8093b43f8526940a,0E-18,NULL,0x,0
57,0xa52e6bc8f101ef8cbd969e6d5b764b5858237916715c703a94d1c307c8d0d947,5303644,1521757642,0x580c9a0f14e2920483d032fb9e6ec4cfe7e6ab5d,0x1e071281416b20ac2cd50d2e8093b43f8526940a,0E-18,NULL,0x,0
58,0xa1ea3f9b4afb6271ffc3fff901ba0eff4b85e992cada3d656d85af05cce9f79e,5303645,1521757691,0x175f6dbf87215a6da7107977b4680bc3db31b2de,0x1e071281416b20ac2cd50d2e8093b43f8526940a,0E-18,NULL,0x,0
59,0xec481332b0042add2183e56490700bb3ac9eb9f5ca71ef8386ecaad5d67b12b2,5303645,1521757691,0x580c9a0f14e2920483d032fb9e6ec4cfe7e6ab5d,0x1e071281416b20ac2cd50d2e8093b43f8526940a,0E-18,NULL,0x,0
60,0x3ded0c289fd9b1b3a99341ab415b62a83323452e390c56a9b82daf91859d7f42,5303645,1521757691,0x5ae3c2e18669bd952844730e96c2d9efbc3eb04d,0x1e071281416b20ac2cd50d2e8093b43f8526940a,0E-18,NULL,0x,0
62,0x40305b80dc9de4863e8d6c82495e34be51c80034c7d51a973071828a942c6562,5303647,1521757715,0x5ae3c2e18669bd952844730e96c2d9efbc3eb04d,0x1e071281416b20ac2cd50d2e8093b43f8526940a,0E-18,NULL,0x,0
61,0x24b4803d067b742bdee7e811e641d5ae972466147dcc74547be0655aec913bee,5303647,1521757715,0x175f6dbf87215a6da7107977b4680bc3db31b2de,0x1e071281416b20ac2cd50d2e8093b43f8526940a,0E-18,NULL,0x,0
63,0xdf7bf068235c964a984c1ddefea8fee3e73135732ec0fe5809fbc65f6eeb3d71,5303679,1521758149,0xa83da5ae9962d6c28fefeb84e6a235a9fe92f37e,0x1e071281416b20ac2cd50d2e8093b43f8526940a,1.000000000000000000,NULL,0x,0
64,0x307dbbc0e5bbe58df8a21001106e31074cfaf145fe813c166ca568551166d2f2,5303690,1521758340,0x54ca339eb7c94db4dcc83f8fad0e316e5d1c429e,0x1e071281416b20ac2cd50d2e8093b43f8526940a,0.200000000000000000,NULL,0x,0
65,0x23ba72294f22e5d0f5f50a6aa7ac6b03d588721204f050c4929867c034310adf,5303697,1521758489,0x3f69a55f188a0f8201032815d5a0d102a804b9d3,0x1e071281416b20ac2cd50d2e8093b43f8526940a,1.000000000000000000,NULL,0x,0
66,0xc597bc4653b6aaff4d6183fc3aaa12902a5ea5859cbb6b7d6ff378b15c4155dc,5303698,1521758501,0xe6a1e8bb492afd682d8db7938a15030a30fe5ccf,0x1e071281416b20ac2cd50d2e8093b43f8526940a,1.398576945430471330,NULL,0x,0
67,0x91fba3a18cdb32e4640072c7d59adb86c31bf1ec1d1b509ebd4b6f3155227ea4,5303726,1521758953,0x825019a7868fee0fe6b1cb24e35d26197e782724,0x1e071281416b20ac2cd50d2e8093b43f8526940a,0.009779000000000000,NULL,0x,0
68,0x4362747b5694051c3e89c94a6264a4b00dee95c5e75dc2b82a89f553ef94b947,5303735,1521759068,0xf3153f952260b1a8ab9e6e537203b2b691575b2e,0x1e071281416b20ac2cd50d2e8093b43f8526940a,0.100000000000000000,NULL,0x,0
69,0x96d7c99fc6d30a38860e2e4f7b868ff6a9b4e7118ad8c7fceee77529091f4082,5303958,1521762326,0x6d72c8dca3112d21ee0749df4c8f8c169acfaf5e,0x1e071281416b20ac2cd50d2e8093b43f8526940a,0.100000000000000000,NULL,0x,0
70,0x9de0a8b46f303432dfdd13961a273f1c3c80fff05bc62e2a68c014fe8bddbda1,5303997,1521762958,0x267be1c1d684f78cb4f6a176c4911b741e4ffdc0,0x1e071281416b20ac2cd50d2e8093b43f8526940a,3.995000000000000000,NULL,0x,0
71,0x434341229abcd6250a25362219e0aca4e673b02332537973342c60c0f057fa63,5304036,1521763525,0xe6a1e8bb492afd682d8db7938a15030a30fe5ccf,0x1e071281416b20ac2cd50d2e8093b43f8526940a,4.493740000000000000,NULL,0x,0
72,0x1a5d0f2a6c88342b2d2a4cd95d9b6096b46c371a88b5e49cbc69d360950fffd2,5304084,1521764104,0x0267fe358e22144439d1a8372a337b584c89b28a,0x1e071281416b20ac2cd50d2e8093b43f8526940a,0.100000000000000000,NULL,0x,0
73,0x0ec602519b751a3431c9882957f89238513e99b64266b73f466b2e9eb020cff3,5304130,1521764725,0xf06b20fcd97c5a2267b72663bb7112d23e4b6758,0x1e071281416b20ac2cd50d2e8093b43f8526940a,3.190353727000000000,NULL,0x,0
74,0x88b4d0b7a1d7ac9bec526d6fbea93ae769d9b1e10969ce108d9594592047fb21,5304133,1521764767,0x5be78822bb773112969aac90bbfc837fae8d2ac7,0x1e071281416b20ac2cd50d2e8093b43f8526940a,0.521612981000000000,NULL,0x,0
75,0xa570d17e96bbf60a1d413806f3317e3be768e8f984387a9e3948ea0ddced71ef,5304147,1521764935,0xe8be8de481f06d65064dbe2d1475359daeb4ceaf,0x1e071281416b20ac2cd50d2e8093b43f8526940a,0.021327940000000000,NULL,0x,0
76,0x272531866d1a1e45139e25cbf29e44f52a5633f1fc72bc92d6ee086500500c39,5304228,1521766034,0x7b3eb5c826368386b7fb53694761cdb20864cdaf,0x1e071281416b20ac2cd50d2e8093b43f8526940a,3.179988840000000000,NULL,0x,0
77,0x8e3e90477329fe24548fce483104693c6db47432607b85a054cf332a5e65f2ef,5304233,1521766136,0x67908b6346fd1c8fe3a60f3b303bbb3d8d88cdb4,0x1e071281416b20ac2cd50d2e8093b43f8526940a,1.290947280000000000,NULL,0x,0
78,0xd9bf75c244019b3b5cf5fd5f9dfbe02459bc72e5c0b737f11c683299efe31067,5304379,1521768023,0x9e04ac3dea4d7c6ad05e6098fd462d43e4fd18dd,0x1e071281416b20ac2cd50d2e8093b43f8526940a,3.000000000000000000,NULL,0x,0
79,0xeff69c24700c400a4952ef50f45688966b9901c986b524e97661897d0012d89c,5304384,1521768097,0x3674a01893c1c2def6d0bf6a95b7f96ba7acbe3b,0x1e071281416b20ac2cd50d2e8093b43f8526940a,14.000000000000000000,NULL,0x,0
80,0xcdbd23a74724a863bfb2e5c1d980ccfa1b11e54716fa3148cdbd6d97c5512901,5304399,1521768305,0x02ab1954581bd6db0e9066696ece8b658b5bd7ab,0x1e071281416b20ac2cd50d2e8093b43f8526940a,1.100000000000000000,NULL,0x,0
81,0xdfd7464d964478823c0a49f35937376a78b3a515b75156388278505b683d42b9,5421936,1523458849,0x1e071281416b20ac2cd50d2e8093b43f8526940a,0x8d973f86ddbe047dd1155661e409b220dcd14528,15.500000000000000000,NULL,0x,0
82,0x21eefa1ad8467e48f165de837962c06cb04835d1f8fdc195f5244cad949a5175,5421971,1523459367,0x1e071281416b20ac2cd50d2e8093b43f8526940a,0x5ae3c2e18669bd952844730e96c2d9efbc3eb04d,15.500000000000000000,NULL,0x,0
83,0xb486f2c33ed3ef889d6526183eb327eca27944cad012ed6dd0a48e8f8aa89190,5422000,1523459907,0x1e071281416b20ac2cd50d2e8093b43f8526940a,0x7332c717ad0905a0df6d60114a4fa056da5b043c,15.500000000000000000,NULL,0x,0
