,TxHash,BlockHeight,TimeStamp,From,To,Value,ContractAddress,Input,isError
0,0xf34f185e3b2a6dc2b64ba0dc4963831829d335acebc5679c96ad9f5c3ce941a0,5792709,1529058546,0xe7049ace590b845cbe52bc50244b819b85ae785c,0x21f2ec12b1770545ff0f731f2d21edfa0db30ccc,0.210000000000000000,NULL,0x,0
1,0x75f79d1beea9b760652d820f1fa67fef63165ad6a36cabac4e53a6ed6ff31136,5792726,1529058782,0x21f2ec12b1770545ff0f731f2d21edfa0db30ccc,0xdf7555a9fc55badcf792a9bf6c5092747139b7fc,0.200000000000000000,NULL,0x,0
2,0xcd06319383bed3f0fb7bc2cf86fd46a71ffaffedfc03d32ecd1d343d3df51d6f,5794026,1529078337,0xa0f642c42ebf0c7a71e6c49a72688c089330c709,0x21f2ec12b1770545ff0f731f2d21edfa0db30ccc,4.400000000000000000,NULL,0x,0
3,0x9dc43acc0d4e70e4adda24a43a44edf671a8be8f4a6e704dfadab6f0508737df,5794154,1529080466,0x21f2ec12b1770545ff0f731f2d21edfa0db30ccc,0x14793031919b5c811ceadcb0535902ff2d61f132,4.400000000000000000,NULL,0x,0
4,0x6ed1049d37b36bcd02eae543594accd8ba5e2da69d172e7eb86178d150c80075,5794320,1529082852,0xc29adcd23bb9c0e1342156fc1608bbb18bce5bc4,0x21f2ec12b1770545ff0f731f2d21edfa0db30ccc,1.000000000000000000,NULL,0x,0
5,0x3ff85844baad0d9cc987b5eda4650b684a3455b650c510123b0d57643fa8405f,5794520,1529085892,0xc29adcd23bb9c0e1342156fc1608bbb18bce5bc4,0x21f2ec12b1770545ff0f731f2d21edfa0db30ccc,1.000000000000000000,NULL,0x,0
6,0x7de816ac03cd07ec935ad841d0e13dd801da3c987b320cd8ccb0362e0e63f331,5794677,1529088341,0xc29adcd23bb9c0e1342156fc1608bbb18bce5bc4,0x21f2ec12b1770545ff0f731f2d21edfa0db30ccc,0.500000000000000000,NULL,0x,0
7,0xa9bcd614f92dee44e45471e9476444b0bb30b8983f7016ff0f2134f9a84f6d0d,5794932,1529092092,0x21f2ec12b1770545ff0f731f2d21edfa0db30ccc,0x14793031919b5c811ceadcb0535902ff2d61f132,2.500000000000000000,NULL,0x,0
8,0xdb280bcb432448849902fa57ce7b488bc6faf53c7872c401f0f5fcb294ba931f,5796110,1529109182,0xc29adcd23bb9c0e1342156fc1608bbb18bce5bc4,0x21f2ec12b1770545ff0f731f2d21edfa0db30ccc,0.500000000000000000,NULL,0x,0
9,0xb263bedeb6a3e05d8c63e0073082d6163f41345cda9c0d9b8dc9097506eae937,5796141,1529109599,0x21f2ec12b1770545ff0f731f2d21edfa0db30ccc,0x14793031919b5c811ceadcb0535902ff2d61f132,0.500000000000000000,NULL,0x,0
