,TxHash,BlockHeight,TimeStamp,From,To,Value,ContractAddress,Input,isError
0,0x5159a51b4f49aba554f03db64ee63c4dfea83b8bfd74dbba474271dcce5edbea,5567097,1525622669,0xd843f8fcad0ddf4ebaeb48316bd2c6b96e607b55,0x2276f412d2ae5dc2cdc293b0df70a8273f6f6771,0.570000000000000000,NULL,0x,0
1,0x9e5c36e589ecfa48a22f4ce4ce1458b4ea2e1babd79bbad67cf14069fd579cb8,5567703,1525631806,0x564286362092d8e7936f0549571a803b203aaced,0x2276f412d2ae5dc2cdc293b0df70a8273f6f6771,0.685292420000000000,NULL,0x,0
2,0xe50ffde4b2292e1e958c5de53cb60248fc3e0ac3251a9c3c991aae358f03304a,5567922,1525634721,0x2276f412d2ae5dc2cdc293b0df70a8273f6f6771,0x802746bc9af74ff854fda97ba80ff7bd6657259c,0.153820000000000000,NULL,0x,0
3,0xe883747798b83c0b00822799fbc0c535b5d871d92ebc65a33ab6cf78e6a3ff02,5609041,1526252858,0x2276f412d2ae5dc2cdc293b0df70a8273f6f6771,0x4bcd6f97053deafbfb2b53499941453de1468978,0.035206020000000000,NULL,0x,0
4,0x54949dc6fcf6bea6ef8012adfc34bea07bf4f3f6d872fccaed477d74f6950233,5612985,1526313436,0x2276f412d2ae5dc2cdc293b0df70a8273f6f6771,0xb9f1d7bdcc4a0184f93466efcbc5689af9d1302c,0.035427650000000000,NULL,0x,0
5,0x53ac64c8c382c76046bbcefd817b0dfc45a6fd1f6a27441925986c60bb9aef59,5616866,1526372330,0x2276f412d2ae5dc2cdc293b0df70a8273f6f6771,0x7bdf4adaa9e7c700b75ff540e038984e17a3f72c,0.027150000000000000,NULL,0x,0
6,0x9ea6dc05ee103ea4cef6a3d33a86e291ea9acff30d9b447178f6e8fc91fc0989,5623273,1526469373,0x2276f412d2ae5dc2cdc293b0df70a8273f6f6771,0x28add2741f28c8e9dc311949da03c211abfc2671,0.083030380000000000,NULL,0x,0
7,0xf8a578ed7a33324107cd17b888158e34df2117bce0324f1364e28d218e2f0daf,5623275,1526469403,0x2276f412d2ae5dc2cdc293b0df70a8273f6f6771,0x1f5ea12963ca1616768f640392d93f25a01822f1,0.039931740000000000,NULL,0x,0
8,0xd31f61b32d92fe5f4fa3bfce4f1d822504e3ae079a5ed05133a59f223b023e24,5652349,1526913731,0x2276f412d2ae5dc2cdc293b0df70a8273f6f6771,0x19a4f1c62dd2620fade8b945bda927643b05d6c7,0.077560000000000000,NULL,0x,0
9,0x414039f7110e85a93b106eb7535a2404b3e7a7cc55bfbcd721bb9f3f79bf992d,5652677,1526918631,0x2276f412d2ae5dc2cdc293b0df70a8273f6f6771,0x25d5bb80c7daf77a56f0c969d998b7ba6cceeabe,0.049040000000000000,NULL,0x,0
10,0x4f0b0dc100e84d821dbaa9309a3a59718f17c52946de0fca2f6f709ab63b280c,5668149,1527156752,0x2276f412d2ae5dc2cdc293b0df70a8273f6f6771,0x9e1536352f4c068029c23a27d3ebca4097c5c71a,0.021090000000000000,NULL,0x,0
11,0xbd5bf7f0f933e7018334299bb0e15cfa00e9a6aab4687b148471f54b0a059e35,5668236,1527158206,0x2276f412d2ae5dc2cdc293b0df70a8273f6f6771,0x613084fa9f1e63cee8970ac549b0635d4ffa48e2,0.023820000000000000,NULL,0x,0
12,0x85415930d5ef4c248bfa4383d1cd50ae9eba8e082005d4acd7304085813686ad,5674435,1527253039,0x2276f412d2ae5dc2cdc293b0df70a8273f6f6771,0xc2d176d52e03910359cd3a4a0452eebc05e5f143,0.055850000000000000,NULL,0x,0
13,0x0bb7b2e8c89315d2ae2b5f9f5c4422fcc35bb5111c912c9f14c4054645d82b5d,5681151,1527355075,0x2276f412d2ae5dc2cdc293b0df70a8273f6f6771,0x12706a75c76640cdbe371cdc41e41724a7bf7365,0.650999006279867000,NULL,0x,0
