,TxHash,BlockHeight,TimeStamp,From,To,Value,ContractAddress,Input,isError
0,0x4260143081fc5a35bcbdc2d977054acc12bb606f30f8680b27b3502e10c79891,5827348,1529568658,0x3f5ce5fbfe3e9af3971dd833d26ba9b5c936f0be,0x224b9f4666472682f3e805f4dc1e0fc39b7b96fb,0.690000000000000000,NULL,0x,0
1,0xd7066c27df047fd24ce691f4fdf399ecadacf351a9b19d460d99c32e979380ea,5838723,1529737947,0x224b9f4666472682f3e805f4dc1e0fc39b7b96fb,0x83d7cb758c30d067e99e9f52f9e4f987101ab888,0.689517000000000000,NULL,0x,0
2,0x147f2d12ce56b63fedc6f6cf2644472dee195d294773c271574171fd1cf86445,5847986,1529872309,0x564286362092d8e7936f0549571a803b203aaced,0x224b9f4666472682f3e805f4dc1e0fc39b7b96fb,1.987997590000000000,NULL,0x,0
3,0x1ac1edbd63ae6430b1bc4cf26191a473ad69436be98b19e50acd80314d1111dc,5851424,1529924526,0x3f5ce5fbfe3e9af3971dd833d26ba9b5c936f0be,0x224b9f4666472682f3e805f4dc1e0fc39b7b96fb,0.560830680000000000,NULL,0x,0
4,0x6bf7105959b44aab1f43dce719bfa903e34a335ee5ca37db084b648250f578ed,5851497,1529925774,0x83d7cb758c30d067e99e9f52f9e4f987101ab888,0x224b9f4666472682f3e805f4dc1e0fc39b7b96fb,3.502537970000000000,NULL,0x,0
5,0xad4fadffc16832aa3e5c499e7ebb7aca906b267026559f5c6b4b0ea19e5080dc,5852151,1529935557,0x59d93dd2d86125e43b769e79631cabd7d647e924,0x224b9f4666472682f3e805f4dc1e0fc39b7b96fb,0.500000000000000000,NULL,0x,0
6,0xa0f830a8ff65c631ddfa40c1d6596af1a02942840f6d91847a8584d8b15ef8e5,5863523,1530107089,0x224b9f4666472682f3e805f4dc1e0fc39b7b96fb,0x35c48eb6e9240af2fd872a3442ff216b768f3209,0.146070990000000000,NULL,0x,0
7,0x9ad6385705ebc7f0f00e76445d5c2522dde1bf38d2f98929f5568155b1a9351d,5865597,1530136878,0x3f5ce5fbfe3e9af3971dd833d26ba9b5c936f0be,0x224b9f4666472682f3e805f4dc1e0fc39b7b96fb,0.989986170000000000,NULL,0x,0
8,0xa7162b829a00ac397e0348ee0b72002f8d0a1822100663b793c245d6a9bbc319,5870170,1530205623,0x224b9f4666472682f3e805f4dc1e0fc39b7b96fb,0xc464e37df64412b1486b309c7176287c076ecde5,0.108724920000000000,NULL,0x,0
9,0x81729fcb516c50716b742f781ea10b52d20d79d9fd198072e273bfb4ac27c62d,5877202,1530310597,0x423dd7ebedd2c3abc25da592e0be8f06acc4519a,0x224b9f4666472682f3e805f4dc1e0fc39b7b96fb,0.500000000000000000,NULL,0x,0
10,0x8d93113f5525df56c283d01b36ae6228dc6baec3e551bb0735201361c19e378c,5878854,1530335052,0x1b79f74ba796317a925358422b389252857376f3,0x224b9f4666472682f3e805f4dc1e0fc39b7b96fb,0.050000000000000000,NULL,0x,0
11,0x51354aab5d9a5bcc0f3a65346dcc9cfdb803db0404b91097ebcf016441ce4f48,5899619,1530640816,0x224b9f4666472682f3e805f4dc1e0fc39b7b96fb,0x0dac4e4fb75b61cb5232af40dd7b8e8c4577e311,0.330000000000000000,NULL,0x,0
12,0x41f14b132d18014214d27d383df2a96e84c7307d92a82ea888176fe66c3c906d,5921926,1530971622,0x224b9f4666472682f3e805f4dc1e0fc39b7b96fb,0x61cbef9db89e5d397bdde7ff9095bede35d4eeb5,1.000000000000000000,NULL,0x,0
13,0x925dc8589032b7f69c4bd4d98679c9919b388683acc458f074750a490b76c12c,5934635,1531162103,0x224b9f4666472682f3e805f4dc1e0fc39b7b96fb,0x61cbef9db89e5d397bdde7ff9095bede35d4eeb5,2.000000000000000000,NULL,0x,0
14,0xbe62d72b2a1922c31b45e899039d4b623399c312cddf6067f5903cad4c937740,5943620,1531296150,0x224b9f4666472682f3e805f4dc1e0fc39b7b96fb,0x61cbef9db89e5d397bdde7ff9095bede35d4eeb5,4.497820500000000000,NULL,0x,0
