,TxHash,BlockHeight,TimeStamp,From,To,Value,ContractAddress,Input,isError
0,0x4f46695cb1233a0f3da39be62122aaacd3865fd41fbaaa893da8719ba37fbcf7,5435565,1523658345,0xeea8dc1b5a4d552e8ab8bfcadf76b6d141c5ab97,0x2223d0e991e67830f9184171e2f5a44c1f0dee09,0.100000000000000000,NULL,0x,0
1,0xc86092d862453fbdbafe8e52aa62315976d0a09742637e21d51fee8dbb6ef92b,5435678,1523659895,0xeea8dc1b5a4d552e8ab8bfcadf76b6d141c5ab97,0x2223d0e991e67830f9184171e2f5a44c1f0dee09,0.500000000000000000,NULL,0x,0
2,0x010107725ea977e32b2baa5b027cbe6e105c5bf308e1db32ffe651442ef259a2,5435843,1523662227,0x75e7f640bf6968b6f32c47a3cd82c3c2c9dcae68,0x2223d0e991e67830f9184171e2f5a44c1f0dee09,0.590000000000000000,NULL,0x,0
3,0x1e6fa19c0a7a796fe3597e7ee50c988e0d1163229638aa7c541eb8496d707dec,5435882,1523662788,0xe9179fe695657ed53258f9b839d35ca9ae97dd65,0x2223d0e991e67830f9184171e2f5a44c1f0dee09,1.000000000000000000,NULL,0x,0
4,0xa20b5540f20ad016bd999582f4994ba7d33676af95f56c828f908339ed9a2b50,5435993,1523664316,0x3cdf99e8eb09c1cd789b34ec00df74202a8ccf2f,0x2223d0e991e67830f9184171e2f5a44c1f0dee09,2.000000000000000000,NULL,0x,0
5,0xf4ebbcf3eded32a8bc7277adffc9c62d1d9ced7a1c4400bd2f4c89bd9f4c6945,5436209,1523667380,0xb01cb49fe0d6d6e47edf3a072d15dfe73155331c,0x2223d0e991e67830f9184171e2f5a44c1f0dee09,0.500000000000000000,NULL,0x,0
6,0x802ea8e4dbdbbce8f145f4d8c78678a24ec1250c437e974c0bafba770e11ff39,5436231,1523667701,0xa806b56b422708b1ce927455db331962030bf447,0x2223d0e991e67830f9184171e2f5a44c1f0dee09,0.545940360000000000,NULL,0x,0
7,0xb76ce3a4ec7f7a6bab48b541c048def34b0fd8731703f3c1926d06cebb3fd082,5436277,1523668118,0x533962e48bb691205cb1e824cf625d5b89f37b2a,0x2223d0e991e67830f9184171e2f5a44c1f0dee09,1.000000000000000000,NULL,0x,0
8,0x67c0dda3d6554dbdf6e239dfb27c77a25bb1fe4c7334a1008e3b162f461f3e6b,5436442,1523671011,0x18729880e304a53a876f391a2aa6c4866029f566,0x2223d0e991e67830f9184171e2f5a44c1f0dee09,0.500000000000000000,NULL,0x,0
9,0xbc3fa3884bbe641acfac7ee9c78493ac3a900849e3551ccc32e295381293e874,5436487,1523671599,0xbf0615506807702aeb553619365d4bc83bceb39e,0x2223d0e991e67830f9184171e2f5a44c1f0dee09,0.500000000000000000,NULL,0x,0
10,0x3f0a6e48f6a1b48db11f793dd57d2832abdd906fcc42907c9ce746650eab8db5,5436543,1523672348,0x416299aade6443e6f6e8ab67126e65a7f606eef5,0x2223d0e991e67830f9184171e2f5a44c1f0dee09,0.500000000000000000,NULL,0x,0
11,0xb449252d0aa41b712b8953ceb36c08d42f4e1cd36877289cf260bfa2debc1fae,5436567,1523672763,0x3f5ce5fbfe3e9af3971dd833d26ba9b5c936f0be,0x2223d0e991e67830f9184171e2f5a44c1f0dee09,0.020000000000000000,NULL,0x,0
12,0x0d7c85e439faa1a1713d7bbcc7b9e13a8ddcde375ea6be0da72c05289b9e42df,5436567,1523672763,0x564286362092d8e7936f0549571a803b203aaced,0x2223d0e991e67830f9184171e2f5a44c1f0dee09,0.256735100000000000,NULL,0x,0
13,0xe95a6d8c6c7829f4cc944716ba8aa744735a53fbd5dc6b3c34b3671553883415,5436577,1523672953,0xb521e168c42888cdd7f72371dfc5699bcf0044f7,0x2223d0e991e67830f9184171e2f5a44c1f0dee09,0.139010250000000000,NULL,0x,0
14,0xe4bb18e5525c6301b54a939b2d3d2b8a94b882c7da2690574ef131ddb4a79ff9,5436860,1523676785,0xe143b3a6693e91ae79ba68928a2efb610216cccc,0x2223d0e991e67830f9184171e2f5a44c1f0dee09,3.900000000000000000,NULL,0x,0
15,0x42a1a5051acf711d05d164f9d459611581d31dd21aed2008c2e1c76fb4e6e652,5437000,1523679071,0x0454706237a684b370dcb88e61822d78f4a6451a,0x2223d0e991e67830f9184171e2f5a44c1f0dee09,8.462421765594782316,NULL,0x,0
16,0xfc8e0b58310277d922663c5c348fb64b2440a6bfdd4c24d063e37d9edefb5f28,5437487,1523686239,0x5f922dd82954f577e64f7ef73bfbb4e4ac45c5e5,0x2223d0e991e67830f9184171e2f5a44c1f0dee09,0.652970271796524176,NULL,0x,0
17,0xea858a72ca3575e4f0f0f665f928f625cee702d2b0a4b84bb5b9fb359d9f2e20,5437649,1523688392,0x1a84abdb95f51af45b73674f3e52fc4e2b500d28,0x2223d0e991e67830f9184171e2f5a44c1f0dee09,0.100000000000000000,NULL,0x,0
18,0x6daf5dcca3d00d67096db6f56255c41d3479de87b922c513d45955fa9cf16cce,5439290,1523712292,0x2ba4538beeae439b785cb17bda794309074f8908,0x2223d0e991e67830f9184171e2f5a44c1f0dee09,0.001018790000000000,NULL,0x,0
19,0x89a90e261aa986b7ff422afaae57e35b4a55a0a1c6096d91f0c3ee06a607fb0c,5439304,1523712549,0xa29e55e31c20f21c22c15a986e5d0970b425ab3c,0x2223d0e991e67830f9184171e2f5a44c1f0dee09,0.509393210000000000,NULL,0x,0
20,0x93fe2555df9c084403ae3315fe85f39f46715ecafbc87e79ecc420a7dcccc6dc,5440432,1523728852,0x6c2db32c9e57abe11991f82847fa4f4acecbfde6,0x2223d0e991e67830f9184171e2f5a44c1f0dee09,0.629091210000000000,NULL,0x,0
21,0x10becc1029de99e7e1bfb74f670459057124737f59739962033008a9df9d2b5a,5440467,1523729346,0x3f5ce5fbfe3e9af3971dd833d26ba9b5c936f0be,0x2223d0e991e67830f9184171e2f5a44c1f0dee09,0.508302060000000000,NULL,0x,0
22,0xc694549fcb8332cb4a754fed62e41eec65532e805d55a984917a7f8e38f2c295,5441317,1523741749,0x95fd31f7893e85ec0b6beea7f2c30d84b4fcb4b9,0x2223d0e991e67830f9184171e2f5a44c1f0dee09,0.600000000000000000,NULL,0x,0
23,0x8e4e6a06bf78a3a5cbb53cb3bcb73dd0736d2843b81ee6017bb09ac891ae63f3,5441348,1523742269,0x17750bdbef1dafb8af210bb8a57b4b557832cac4,0x2223d0e991e67830f9184171e2f5a44c1f0dee09,0.500000000000000000,NULL,0x,0
24,0x59604ef57045e12e8944b067edde6457709efe7fe0b51ffb8346bfa06ae1b65e,5441405,1523742940,0xd2fbb4d267a6f52018c71d450c832404bf1bd750,0x2223d0e991e67830f9184171e2f5a44c1f0dee09,0.500000000000000000,NULL,0x,0
25,0x17b6c6c4de576413a045c496bb8a553258bdac0246ca76713377e55934861bca,5441433,1523743457,0x79da8600181a32bf10e4b391c72713c5a314e70e,0x2223d0e991e67830f9184171e2f5a44c1f0dee09,0.500000000000000000,NULL,0x,0
26,0x8070ad736e808d0962060526ac4fe842e3f6d512a2448058ccaf938435109166,5441596,1523746154,0x365a5751103a1fa912e2eb57cea3624e882bfc2e,0x2223d0e991e67830f9184171e2f5a44c1f0dee09,0.500000000000000000,NULL,0x,0
27,0xf8ce94f4cd4fbd4e339426925b0173fdbea6699ecdf608a4a215e3852f7d2213,5442959,1523765421,0x8a967f3c6cc5ed2d77dad91717b97be839110d97,0x2223d0e991e67830f9184171e2f5a44c1f0dee09,1.000000000000000000,NULL,0x,0
28,0xc10aa5ceedccbfe49d54ebee4ef755ea80af38217ec064b8ab6015070b33917f,5444138,1523783067,0x906052f24721c20f77f14e57126383ee6d8a4ea8,0x2223d0e991e67830f9184171e2f5a44c1f0dee09,2.000000000000000000,NULL,0x,0
29,0xd72e6fa891f6e404f3f7f26d9c9e85c3d1762a7593428aa29ebce9b59a3b03b3,5444675,1523790634,0x846cfad00d4fcc2f0a9ea143a47cbfd4d980e0f8,0x2223d0e991e67830f9184171e2f5a44c1f0dee09,1.000000000000000000,NULL,0x,0
30,0x8f560ef0fbc9dcb6c6c57b484a93194bf222730d55d1dc58758bf6c3e8224f25,5445162,1523798174,0x265be08f017a594285bdcf55a19320812ff64543,0x2223d0e991e67830f9184171e2f5a44c1f0dee09,3.999953800000000000,NULL,0x,0
31,0x5cb14782b40918ffaf8bbc3700a813961330e226c67b3e8a1d815c4072ee5bed,5445256,1523799609,0x8bda581417ebf034cb3e089c4fbe33038a499b41,0x2223d0e991e67830f9184171e2f5a44c1f0dee09,1.000000000000000000,NULL,0x,0
32,0x671685e81a5b09c3ca567918eb94a8b81a0c7c50585bbf8e5855136ea355e49e,5445468,1523802746,0x0db36d9bfdc04e01857d1681470a4d47e2974cfa,0x2223d0e991e67830f9184171e2f5a44c1f0dee09,0.580000000000000000,NULL,0x,0
33,0x30a9f5bc02434e2b6e4b11f90753c4219fcc98c79877f09751668faf0717641a,5938343,1531216722,0x2223d0e991e67830f9184171e2f5a44c1f0dee09,0x238a13e818ba62073c97d2d01844c6f9d6da994d,35.092883817391306492,NULL,0x,0
