,TxHash,BlockHeight,TimeStamp,From,To,Value,ContractAddress,Input,isError
0,0x92ef53c5c74838a5109808049b6fb9b9c9380bd0b70f294674402039afc51ee1,4040424,1500402258,0x577e080ef7604bb855aebb45a63a04cc4a689908,0x240e125c20a4cc84bd6e7f8d1fd07aff4c06d43d,0.500000000000000000,NULL,0x,0
1,0x90e6406bd3b822c572474dc47062d3c9bee2e254fcac746ec43274dfb3a33bd0,4048445,1500553906,0xeefc540d073822ad7df7df8a3242489da48a25be,0x240e125c20a4cc84bd6e7f8d1fd07aff4c06d43d,0.400000000000000000,NULL,0x,0
2,0x1c47ce324ebdc2d912c1a649e76ebc00b829bc2ffb84035de8b29ea81b5796f3,4048659,1500557800,0x0a439c68e2f4c8156d1cb2d3ed3fcbe53426ef8e,0x240e125c20a4cc84bd6e7f8d1fd07aff4c06d43d,1.000000000000000000,NULL,0x,0
3,0x9d4c3b68f4f2287756e282217b97aef953250a6867b193335d4a2f7821b3a44c,4048964,1500563547,0xab87e04800f168a2a678cff0698634d67b0b6308,0x240e125c20a4cc84bd6e7f8d1fd07aff4c06d43d,0.002199484949186112,NULL,0x,0
4,0x3a27777cb920907ebbe0be4662d374fbdba8e50aedd98f0212a9d8916f8d4b1e,4346506,1507431355,0x240e125c20a4cc84bd6e7f8d1fd07aff4c06d43d,0xe68fbaed8c16825707805a807ccc12a78a60e4d5,1.900000000000000000,NULL,0x,0
