,TxHash,BlockHeight,TimeStamp,From,To,Value,ContractAddress,Input,isError
0,0xa3de7e7b48130ea53a5cc2625898def9e51c3c613c232ef7e905e407e947cefc,4999197,1517307302,0x62e206f1a2e2efa5f7f05253c5f17c3b5c42fc14,0x25ad159a960fe0f6147b7c620d1ff77af26fa319,1.222215200000000000,NULL,0x,0
1,0xc80dc28d3c0f8cfe0d48596a0c97f186a38857bc2faa700839699a22b4c48ff0,4999288,1517308885,0x62e206f1a2e2efa5f7f05253c5f17c3b5c42fc14,0x25ad159a960fe0f6147b7c620d1ff77af26fa319,0.181167050000000000,NULL,0x,0
2,0x05739c24b93f485594a24a88a2ed4dd979c15bc77018a767815c3a375c30cce5,4999936,1517318607,0xf4047e1bc19864091737df6b9738aa93fb565cf8,0x25ad159a960fe0f6147b7c620d1ff77af26fa319,0.160000000000000000,NULL,0x,0
3,0xeed4a1c850d3a54971df2a494ec41d67d6daa5144b6df35c8e6c790d769fe28d,5000041,1517320271,0x9cdd041bdde9a7ad74167a935c664c8077af50d1,0x25ad159a960fe0f6147b7c620d1ff77af26fa319,1.000000000000000000,NULL,0x,0
4,0xc425025f2894a8beb5a6e323e3aef7cd4d0541b40b0f0e63a0e8d26edd4d2dc6,5000446,1517326346,0x2f07d9372b48c97aedcb09ccec9bad68878ededd,0x25ad159a960fe0f6147b7c620d1ff77af26fa319,0.370000000000000000,NULL,0x,0
5,0xfabd995cc2434401eb6f53c190c49b096e53633f5b1809ccf1e3b0d86c10d6ab,5000678,1517330120,0xe0536ac21daf1891930a56c1c2185d3099a4adc3,0x25ad159a960fe0f6147b7c620d1ff77af26fa319,0.168910681000000000,NULL,0x,0
6,0x4e5a67523e6c4b20dfc141756e2e32143b78fdce2021583a2dbad8fd26126c1e,5000828,1517332389,0x7c3a417758520cc2aa16132bb322471e1ece0e5f,0x25ad159a960fe0f6147b7c620d1ff77af26fa319,0.113000000000000000,NULL,0x,0
7,0x2ce788528e15970cd80581a57bc8fca85adf8a78391ffa78be5709af7dd3db38,5003101,1517365141,0x9b34dca500315e0ae1f4cd649767e2c687aac1e4,0x25ad159a960fe0f6147b7c620d1ff77af26fa319,0.250000000000000000,NULL,0x,0
8,0xa2a199acd327b10e8e8a5436c2bae32f381310ad71226c231f67a40b6444677f,5003550,1517371254,0x03ef00e3eb3d1bd377dc212c1992c4ef7168ff3e,0x25ad159a960fe0f6147b7c620d1ff77af26fa319,7.300000000000000000,NULL,0x,0
9,0xbf2f44ec98f83ea183c9c11d28848e2f0a4eb03f55302e540165ef6a6e7ea5fd,5003889,1517376566,0x25cdcdd141fd2f12009fec84ac32d4e09cd1859d,0x25ad159a960fe0f6147b7c620d1ff77af26fa319,1.000000000000000000,NULL,0x,0
10,0xe41f3d5fe2bf18e30592710d414aff9c8bf1be8090374abb7d7562c169674003,5004246,1517381588,0x1a08e001f9f57712726d8e22c6329082a473d02c,0x25ad159a960fe0f6147b7c620d1ff77af26fa319,0.150000000000000000,NULL,0x,0
11,0xece6c0fb73dca52b2fc0c38a643bdad04f920f22e3b536ac76687cda2f7cd75e,5004304,1517382256,0x0f38444d60f8c2fb1d2e7a0e2fab2d1257782e62,0x25ad159a960fe0f6147b7c620d1ff77af26fa319,7.000000000000000000,NULL,0x,0
12,0x9cc2468faac3c0ba84d8f605a6f6e5bc9a2a8146eb1ffe4c20cba4ae4be62265,5004383,1517383409,0x3bb983bfa4fbeb5c58135f60ca3c651834dcc229,0x25ad159a960fe0f6147b7c620d1ff77af26fa319,0.500000000000000000,NULL,0x,0
13,0xd7772dd93e11a08aca0fb9d574afeec3b6d3aecb399c3bd3afb73f6180264812,5004424,1517383931,0xc9d5f6dc2ed19cc965df47987fa90b733ddc4818,0x25ad159a960fe0f6147b7c620d1ff77af26fa319,1.000600000000000000,NULL,0x,0
14,0x8553998cdeb82ffd2265f52354252320eff306a6672a9c5f7299bd09a5dcc895,5005249,1517396063,0x5afb1723b78f6983c9f7922db7f9086677b8e808,0x25ad159a960fe0f6147b7c620d1ff77af26fa319,0.100000000000000000,NULL,0x,0
15,0xd7a7a2763bf71379c85cbb3cd4b1a425745ed3ff6d2676df7cf0e31b758635d9,5005507,1517399842,0x19078efd47884eddc5adf1a69f3c9057666a838b,0x25ad159a960fe0f6147b7c620d1ff77af26fa319,0.100000000000000000,NULL,0x,0
16,0x24b46ae40f94fff07780e752e539a2d453ed308b62bb4834745015d5e799aa36,5005672,1517402112,0x7643a9512f0d9277257d4474fa8389422649498d,0x25ad159a960fe0f6147b7c620d1ff77af26fa319,0.299160000000000000,NULL,0x,0
17,0x82a9c58674620f199f21fb4de948af43d6d6d37b91db58dc36b459bf7f667bce,5006088,1517408735,0x1bddb576407789698ef5532020cddfa628e22caa,0x25ad159a960fe0f6147b7c620d1ff77af26fa319,0.070000000000000000,NULL,0x,0
18,0x940975e07802bda240329159193d98916810775d36666303d2e1d7a4f22bfe3a,5006232,1517410889,0x1bddb576407789698ef5532020cddfa628e22caa,0x25ad159a960fe0f6147b7c620d1ff77af26fa319,0.030000000000000000,NULL,0x,0
19,0x04e4004c4f97824a59e60267476a6bb2e5062abca7a091b9bf2009a1962a9f03,5006241,1517411055,0xac7b400890f7d8e1b74be0c7b41efd5f3ca9df7d,0x25ad159a960fe0f6147b7c620d1ff77af26fa319,3.000000000000000000,NULL,0x,0
20,0xffdae59fc74a2fe194496166a3bd664b52833a29f12f946c3b17de846b92681c,5006867,1517419770,0xebff84bbef423071e604c361bba677f5593def4e,0x25ad159a960fe0f6147b7c620d1ff77af26fa319,7.100000000000000000,NULL,0x,0
21,0x7c5bea9ee03b5934d1c4cd33f2eae651e74284c6d47643e9fb5c8b1f1d0a58b1,5007449,1517428618,0xd95dcfa7766ed3b8eb933d9cbb63e0866bf10556,0x25ad159a960fe0f6147b7c620d1ff77af26fa319,0.150000000000000000,NULL,0x,0
22,0x1dc39bc0c8833ff48b7cecb9ecbf176c175158162ea904b1d8499b19dda32ab2,5007479,1517429153,0xf5bec430576ff1b82e44ddb5a1c93f6f9d0884f3,0x25ad159a960fe0f6147b7c620d1ff77af26fa319,0.009462310000000000,NULL,0x,0
23,0x4e6fd81071bb261f29327679ba7b0bcf4714b38cd573272a06a79bbbb210352e,5007496,1517429367,0x6ddaffe163e050d03dfcba2dcd7e93d5d25bb446,0x25ad159a960fe0f6147b7c620d1ff77af26fa319,0.100000000000000000,NULL,0x,0
24,0xf53227430dc6e06259eb2cfe2d90158061e07c02ca5e41d0927f848594ffd48d,5007752,1517433595,0xc2a9fe646c03ed582e497b8a9759de4795f1082d,0x25ad159a960fe0f6147b7c620d1ff77af26fa319,0.200000000000000000,NULL,0x,0
25,0x76b3a3259faa12ccb8e76772570705ffba656eb3156b306d4ee481b764d34e1b,5007861,1517435259,0xf64c130968c511211fe86024aebb992be77ac708,0x25ad159a960fe0f6147b7c620d1ff77af26fa319,0.010000000000000000,NULL,0x,0
26,0x85adbb12e6ec209bd86afa151bb257ca21a852ac11259df70dbfb8768b8c5f55,5007869,1517435407,0xf64c130968c511211fe86024aebb992be77ac708,0x25ad159a960fe0f6147b7c620d1ff77af26fa319,0.100000000000000000,NULL,0x,0
27,0xc3bdd71ca61aed98b5961afa87a29a93fdaa123b190dc5c24bf08980e4e968f0,5007942,1517436574,0x796d33306393e3c49e0d9a79d94f067b6323da3b,0x25ad159a960fe0f6147b7c620d1ff77af26fa319,0.100000000000000000,NULL,0x,0
28,0x66cbb95c9676ede932ca0bc0f1d89644b22e47076c2fccbe803c94702abcf6e7,5008010,1517437508,0x796d33306393e3c49e0d9a79d94f067b6323da3b,0x25ad159a960fe0f6147b7c620d1ff77af26fa319,2.400000000000000000,NULL,0x,0
29,0x3f06e8a3dbb1c39ace6e505f9bb78448855e281a9347b43ef88364c946f163df,5008075,1517438513,0x04ed753c52bc765179339b552cb1f096e89591d8,0x25ad159a960fe0f6147b7c620d1ff77af26fa319,0.200000000000000000,NULL,0x,0
30,0x500d700c7b02a399559de863294f9b666b62ba1dd5555bd529418956739d6d1d,5008104,1517438917,0x7fa52cc68e4138c560f2e763387ebeb36f483095,0x25ad159a960fe0f6147b7c620d1ff77af26fa319,0.200000000000000000,NULL,0x,0
31,0x829f3a997d2aa54b61f7b4573a7d21ad454c519edaec4b04ca94e4ce864988a0,5008105,1517438943,0xa6218d30f14c9633e5f52271e22b28707413c84d,0x25ad159a960fe0f6147b7c620d1ff77af26fa319,0.170000000000000000,NULL,0x,0
32,0x17e2ab93106747af84cc0809e469255a7365e8f363c110e72e9ace2feafbd24c,5008135,1517439281,0xd21283d66d2120427e03414421666836ed4e5b9f,0x25ad159a960fe0f6147b7c620d1ff77af26fa319,0.270000000000000000,NULL,0x,0
33,0x029eb80aaf1ddf33ef4fe6f90e8c8e5e2cbaba72b555be416882421cf88d88ee,5008182,1517440108,0xbdec2202dfba5d42e3136dd1a7332573a59e597e,0x25ad159a960fe0f6147b7c620d1ff77af26fa319,0.092215000000000000,NULL,0x,0
34,0x5daef50586c4e756253660a3f1d3552b37887b918ca5f7940544b62f5821e500,5008301,1517441694,0x72009e014322a3c778ce6abc12fe387aeda77d45,0x25ad159a960fe0f6147b7c620d1ff77af26fa319,2.000000000000000000,NULL,0x,0
35,0x25e350410804c8953ec7bfdf87683de8a5b8363daf0272839db2ab32eda4b7e1,5009059,1517452631,0x73fe7629fd46f5d47dea8bcf93537f5146fbdf83,0x25ad159a960fe0f6147b7c620d1ff77af26fa319,1.000000000000000000,NULL,0x,0
36,0x29a16b56080e90c8c534c7f3d243a931356d2ae5feb1fc861f9b9773dc0087dc,5014278,1517530599,0x69aa8168436203dcece92d468d0d7eedc69a672b,0x25ad159a960fe0f6147b7c620d1ff77af26fa319,1.244131087277396591,NULL,0x,0
37,0x370a1aad9aa445a3549567bade2238950be4619c359759d0c9c60c1d7ff6a2f4,5014279,1517530665,0x09d897cebe711011ec836bc6917f6fdfedc11090,0x25ad159a960fe0f6147b7c620d1ff77af26fa319,0.400000000000000000,NULL,0x,0
38,0xe2dc2f92b03cc57e74f1beb5af79c22caa5b864f0ce7225e19a9b6ac78d9c2bf,5016253,1517560104,0x000d4b94db7dd666b8a6bc445798b211a042abc8,0x25ad159a960fe0f6147b7c620d1ff77af26fa319,0.060894920000000000,NULL,0x,0
39,0xee09701fb8e4328c047aa324de4d5ce998f2d904b41ff19003772d7e9ddea029,5018394,1517591781,0xc7610a583fef49cded951ff732521cb70a775a12,0x25ad159a960fe0f6147b7c620d1ff77af26fa319,1.000000000000000000,NULL,0x,0
40,0x914b2d79052036de280f3ccacc34d6680ed46dc8fa577ea545ee5601f9870817,5021481,1517636465,0x2f07d9372b48c97aedcb09ccec9bad68878ededd,0x25ad159a960fe0f6147b7c620d1ff77af26fa319,0.370000000000000000,NULL,0x,0
41,0xa37b642f2823cdaa171ebbd7873338df457032ee934448d09a0753c5c8704755,5056149,1518138650,0x25ad159a960fe0f6147b7c620d1ff77af26fa319,0xa396c704b6cb33397a864aeab8ab6a4b94e80065,21.100000000000000000,NULL,0x,0
42,0x249f744ba0b925122e1040d13058873f94b55440f9b9a9d2bc5dc1cc579a4e9d,5063007,1518238414,0x25ad159a960fe0f6147b7c620d1ff77af26fa319,0xbc5aeff738af834c6ee86a02b2b1ce834246a3ad,20.090034248277396591,NULL,0x,0
