,TxHash,BlockHeight,TimeStamp,From,To,Value,ContractAddress,Input,isError
0,0x655f72e249af92f00d1f7cb554b461e321e09c9cccdaa540f971d6507057b5bb,5450582,1523877181,0x3f5ce5fbfe3e9af3971dd833d26ba9b5c936f0be,0x250486b8f0264b1fe65aa5d7e05986723e492e0d,1.000000000000000000,NULL,0x,0
1,0x659c9b075381ae13759f88d1bb6d967f90fcad8cdb5a9068e4f350854be42cfd,5450805,1523880099,0x35fdb1590ac2a84179f5729bd84ac47ba75abf0c,0x250486b8f0264b1fe65aa5d7e05986723e492e0d,2.000000000000000000,NULL,0x,0
2,0xe0c04baefd03f9e22b3caa8c5eb9ada7d9e545f5244d905e18360519268d1fba,5450824,1523880509,0x5a7f601ed824ebcf0a64c9b379367c8c2bd30ab0,0x250486b8f0264b1fe65aa5d7e05986723e492e0d,0.797138386000000000,NULL,0x,0
3,0x603c95f2ec00ba79d871d24e531029f15056bd0b823d29832ce18ff88621d9f7,5450901,1523881540,0x80baf98238a187628eec59a46f601bbf2106b723,0x250486b8f0264b1fe65aa5d7e05986723e492e0d,1.604467097000000000,NULL,0x,0
4,0x36018ffc31bd6279bc373913031eec7150da09236f6c014f05225d0cc3a4bb84,5451176,1523885881,0x564286362092d8e7936f0549571a803b203aaced,0x250486b8f0264b1fe65aa5d7e05986723e492e0d,5.990000000000000000,NULL,0x,0
5,0x1a65c57c83aa9101318d2228e4e5188dffb5fb33a4cc5befb5d91c994ade3a68,5451291,1523887580,0xb01cb49fe0d6d6e47edf3a072d15dfe73155331c,0x250486b8f0264b1fe65aa5d7e05986723e492e0d,0.500000000000000000,NULL,0x,0
6,0xa3d1e5b65ab07dd90a08a31fdebc6a145dc9764ec8ba7f7333bc3f7b2d57925d,5451415,1523889610,0xf5bec430576ff1b82e44ddb5a1c93f6f9d0884f3,0x250486b8f0264b1fe65aa5d7e05986723e492e0d,0.646194990000000000,NULL,0x,0
7,0x54662c55ea1617ce680b0709d7d3928531c6b48ba873ba6a649d504dde61aded,5478777,1524296319,0x250486b8f0264b1fe65aa5d7e05986723e492e0d,0x1491d824f13203f7826d1c8a1319350efb518e89,12.536939473000000000,NULL,0x,0
