,TxHash,BlockHeight,TimeStamp,From,To,Value,ContractAddress,Input,isError
0,0x9a3e4df2831568a4a9c5d5da3bb772cff77b2d889528aa7180ae65aac10c8da5,6148346,1534284960,0x13c8fa8ea66692943ee83d4599978921bb7fc361,0x28f45192fd495bd9cbb312a6080d086d14481ebc,0.500000000000000000,NULL,0x,0
1,0xb924f57944dec13407fbedc2404486d5b31024cbb0fd72c60d26ba8e9f8e204c,6177519,1534711226,0x28f45192fd495bd9cbb312a6080d086d14481ebc,0xecbd6f308bc7daac360351a36f51fd9298e67e4c,0.170000000000000000,NULL,0x,0
2,0x318d6daa2b7b44f9dc5fc570af42dc9def537c26af3a378d6506500b37fb0576,6179142,1534734993,0x0681d8db095565fe8a346fa0277bffde9c0edbbf,0x28f45192fd495bd9cbb312a6080d086d14481ebc,1.388050370000000000,NULL,0x,0
3,0x0c8139538a4c8828bf186821ff934988504f5fc7bc727219ec8bdc396a2779c7,6191195,1534910045,0x0681d8db095565fe8a346fa0277bffde9c0edbbf,0x28f45192fd495bd9cbb312a6080d086d14481ebc,1.062000000000000000,NULL,0x,0
4,0x10deca5f1500713e968837c5402518e3aa2a3216a23e5407eb678d22a33a5d4c,6193524,1534944059,0x003e36550908907c2a2da960fd19a419b9a774b7,0x28f45192fd495bd9cbb312a6080d086d14481ebc,0.550000000000000000,NULL,0x,0
5,0x8adf71b4096be9c07998dbe93d7f3f9d9b2056c9a65e103a1b1aa830464bcdf2,6204017,1535098813,0x28f45192fd495bd9cbb312a6080d086d14481ebc,0x2fb7fe1deb5bd7617f795447a10693f3de273e6b,3.328328370000000000,NULL,0x,0
