,TxHash,BlockHeight,TimeStamp,From,To,Value,ContractAddress,Input,isError
0,0x35bce64cbadeb46d1e60efdd62a14b701462087ced89e78177f8a601f08d9606,5690158,1527492758,0x8ef5d0d88fff4b84b5484b5515e87de78b2bd5b9,0x297a88c749273f2de6a378a6015dd624d993c671,1.000000000000000000,NULL,0x,0
1,0x20d06c44d2752ce8084cb9fb597bda8539a9acbfe9132a1dc17822ff91559d6a,5690211,1527493530,0x1fd6267f0d86f62d88172b998390afee2a1f54b6,0x297a88c749273f2de6a378a6015dd624d993c671,0.490000000000000000,NULL,0x0000000000000000000000000000000000000000,0
2,0xbf8ca6685eea426b1701207f7f745fd6b6664d5cb7eabc371e2ec7a34e7e6def,5690496,1527497819,0x243bec9256c9a3469da22103891465b47583d9f1,0x297a88c749273f2de6a378a6015dd624d993c671,0.500971930000000000,NULL,0x,0
3,0xff9c1a214c783337dacafadf9e76a72a4214b407e6294cf723dcee28773fa637,5691436,1527511912,0x0681d8db095565fe8a346fa0277bffde9c0edbbf,0x297a88c749273f2de6a378a6015dd624d993c671,0.500000000000000000,NULL,0x,0
4,0x0a27103787ef3ea893a0eccadb0f09c16eb40a095a7b8cbaacff89e9fc5bdcf8,5691639,1527514944,0x4dcd128067817f5a765d71584072c5dbc6d19985,0x297a88c749273f2de6a378a6015dd624d993c671,0.500000000000000000,NULL,0x,0
5,0x01c339b3dd575d6302dabc97c05957f790b1a743954e9f01a0c4db47ba3e840a,5691774,1527517186,0x4ebc3c60f03c800d8435fd9c183c6e0fc07cc699,0x297a88c749273f2de6a378a6015dd624d993c671,0.500000000000000000,NULL,0x,0
6,0x4e89978b2867ca41a6660bc536437422ff1ec8b0dfe0ab38e3ddea15ceb4bf3c,5692227,1527524284,0x4dc713b28242393e1e67ebc9e02ca66da154a3c6,0x297a88c749273f2de6a378a6015dd624d993c671,0E-18,NULL,0x,0
7,0xba8eb03429fa1ebb6ccf3a79e08c9d347055cf1678e5e9614b5b7bd8325fc1d6,5692286,1527525199,0x3f5ce5fbfe3e9af3971dd833d26ba9b5c936f0be,0x297a88c749273f2de6a378a6015dd624d993c671,0.559966510000000000,NULL,0x,0
8,0x9d66a743dbbf46abb8116dbe8a738dea284ad63314028cbe392f38720c0a3ed9,5693523,1527543700,0x24ecf939545a850e485ef04ba668e83772e45760,0x297a88c749273f2de6a378a6015dd624d993c671,1.000000000000000000,NULL,0x,0
9,0x41d53a3de7fb0bf8fb3ad25b9a1b800a2cba75ce4af96450b0f4d71872e07655,5693749,1527547058,0x1048a246cc95e1f6464dfb264f4a28b355fe1546,0x297a88c749273f2de6a378a6015dd624d993c671,0.500000000000000000,NULL,0x,0
10,0xebed9c021374b4a57a47cf435f831912c7af83c58d0f4613735d3dfa7c910355,5693774,1527547383,0x914216ba156e657b8b25dfd454a13ba346be1d5b,0x297a88c749273f2de6a378a6015dd624d993c671,0.700000000000000000,NULL,0x,0
11,0x7fe69dd812118a8d163969ae57a6419a09c7809f6ea654eadadd9d22f3a4e2b9,5695228,1527570244,0xd6263e37dcd9c95b72dbcf89a700df653e2649f4,0x297a88c749273f2de6a378a6015dd624d993c671,3.000000000000000000,NULL,0x,0
12,0xaeb2acfcc2cf2375b2733e6b3f86de24b12e6e7352b4eb6e95afedae5af4e6fa,5699477,1527634883,0xf2cc1a27028a47e3b5c124eaafb0fda092e91ff8,0x297a88c749273f2de6a378a6015dd624d993c671,4.000000000000000000,NULL,0x,0
13,0x23ce5ecfc04c53d0eba6a4b93ef2c1e66a99b154638910220103c4894d7963e1,5700268,1527646935,0xfbb1b73c4f0bda4f67dca266ce6ef42f520fbb98,0x297a88c749273f2de6a378a6015dd624d993c671,7.324594580000000000,NULL,0x,0
14,0xb555659568bdb5643e6afc7da4180f4c191ef3ee4a2a9b921c279690a1308aeb,5700318,1527647599,0x59a5208b32e627891c389ebafc644145224006e8,0x297a88c749273f2de6a378a6015dd624d993c671,7.851420000000000000,NULL,0x,0
15,0xa49b63a09e97aa5f7c774e85a872fb5e50f65d027ffe09603a9e3c4ae9d68291,5700757,1527654485,0x390de26d772d2e2005c6d1d24afc902bae37a4bb,0x297a88c749273f2de6a378a6015dd624d993c671,1.374617540000000000,NULL,0x,0
16,0x34262a67ec980eaf27bff797d85e7dac6988f26fc1875b945f72a9cc6125d2d7,5701213,1527661217,0x29d5527caa78f1946a409fa6acaf14a0a4a0274b,0x297a88c749273f2de6a378a6015dd624d993c671,0.070000000000000000,NULL,0x,0
17,0x8c3feae75d78b8cab97a2b13cf329f247b5b4622c9c648ae6fd183df0895b801,5701514,1527666160,0x267be1c1d684f78cb4f6a176c4911b741e4ffdc0,0x297a88c749273f2de6a378a6015dd624d993c671,2.995000000000000000,NULL,0x,0
