,TxHash,BlockHeight,TimeStamp,From,To,Value,ContractAddress,Input,isError
0,0x3c5e0a406da5bd4d31afea1dda0c4bf003cfe4e301978cd7cc279ab5c474caff,5108385,1518895742,0xfdb9f3aebdcb99aa5fe5152e3607efeddc20873e,0x2965deab20b16565d5fb08799728c51b6cdda34b,0.001000000000000000,NULL,0x,0
1,0x60fbcbbee207f472c89daf3dfa43a1bbf7da48f18da79b143467e3c55ce30e45,5109857,1518916954,0x2c138f5e25ce9981a9d5caf3e01e153e7495f262,0x2965deab20b16565d5fb08799728c51b6cdda34b,0.010000000000000000,NULL,0x,0
2,0x62b28ddf0bc99080959a8aeb8dea02c1b7f4c29e2c9f48b84be6fd8b87ab2d19,5160772,1519667051,0x2965deab20b16565d5fb08799728c51b6cdda34b,0x11fe997e4225d1e8e5c86852b52c6c4d36e9c2a2,0.009740000000000000,NULL,0x,0
3,0x046d6d79b8d7c5046f7832d3329b9d1e18db5ddecd82f994232db5fb0afe1248,5309153,1521836545,0x07dccbcd20bf95e2138d6b369869ea413f69e060,0x2965deab20b16565d5fb08799728c51b6cdda34b,0.002000000000000000,NULL,0x,0
4,0x83836b0fab9d2faa9f1588d393e60a5be70aef7086aa00a481120bb74bb113cf,5309780,1521846336,0x2965deab20b16565d5fb08799728c51b6cdda34b,0x809826cceab68c387726af962713b64cb5cb3cca,0E-18,NULL,0xa9059cbb00000000000000000000000007dccbcd20bf95e2138d6b369869ea413f69e06000000000000000000000000000000000000000000000000ad78ebc5ac6200000,0
5,0xdbefb1a9248fea88bf98c84ef928dea8f9de45b66684c70831d21ce691fb3b1f,5384537,1522923982,0x2965deab20b16565d5fb08799728c51b6cdda34b,0x4cf488387f035ff08c371515562cba712f9015d4,0E-18,NULL,0xa9059cbb00000000000000000000000007dccbcd20bf95e2138d6b369869ea413f69e060000000000000000000000000000000000000000000000002b5e3af16b1880000,0
