,TxHash,BlockHeight,TimeStamp,From,To,Value,ContractAddress,Input,isError
0,0x8c38bf46f4b150cc0b5346e0d43719b722e5ba28971c7e9f10727efaeffef51d,5550282,1525368287,0x928dc5fe5bc1e6302e517ea4ceacf6eb344bc73c,0x29c3adf6f50e2186c21f5ebb1ac073115831286e,0.599832000000000000,NULL,0x,0
1,0x976ac7f8da3a1447d06bc2ebe3c77f6ff265f2e94f4325fda7ad01416f17ca20,5550462,1525370657,0x482d0987ec27f9cae94412be6545362958562031,0x29c3adf6f50e2186c21f5ebb1ac073115831286e,8.000000000000000000,NULL,0x,0
2,0x656d4048a6ec3b1b8df5c8133d32b8bc77b595a6d9c9acbd9edb1af9211aae28,5551476,1525385923,0x75b949a59f55c065ec8a0e98d3c5eaf4dbd76363,0x29c3adf6f50e2186c21f5ebb1ac073115831286e,0.518212200000000000,NULL,0x,0
3,0x0098a911fbbfcdbc83c571018dcc84ece11a17e7facabf340ace3faeb94d99ab,5552922,1525407625,0x7041aadaeb12460c5423578be4619738b280ec49,0x29c3adf6f50e2186c21f5ebb1ac073115831286e,0.500000000000000000,NULL,0x,0
4,0xd2eb5aa66fd5c262ae15e2ec640c3f9214b1be980b1ab83a959ea90a92aa079c,5552979,1525408433,0x3103b788f6a14322e80276f2b8ab2067fdc43ef7,0x29c3adf6f50e2186c21f5ebb1ac073115831286e,0.500000000000000000,NULL,0x,0
5,0x513adc6acc4bea74945e8e4190332c213e60d1db4a5b6a537bf06e8b9c100651,5553103,1525410421,0xb65430b05c62755546ba1d047ebac248f4793989,0x29c3adf6f50e2186c21f5ebb1ac073115831286e,0.996238670000000000,NULL,0x,0
6,0xb154381cdd8d5cf5dffebc8969469c7b2c0c2fed1cc258cbe18312a321e1aeed,5553120,1525410672,0xd551234ae421e3bcba99a0da6d736074f22192ff,0x29c3adf6f50e2186c21f5ebb1ac073115831286e,0.600000000000000000,NULL,0x,0
7,0x2b12bdef55b8f34c8342a384520105a653094266bf97f27d61b1b56253dedc47,5553179,1525411577,0x0681d8db095565fe8a346fa0277bffde9c0edbbf,0x29c3adf6f50e2186c21f5ebb1ac073115831286e,0.082810000000000000,NULL,0x,0
0,0x2572cb83fd40de064e93223d89e4893cf763e0b0c9729f7a5a67aa9a5cf09c87,5553195,1525411920,0x1522900b6dafac587d499a862861c0869be6e428,0x29c3adf6f50e2186c21f5ebb1ac073115831286e,0.500000000000000000,NULL,NULL,0
8,0x8b0ea6091d4433adab1cce6f92f05a33b843e37d5ee7721aab9810b7cfa52a8b,5553238,1525412649,0xd551234ae421e3bcba99a0da6d736074f22192ff,0x29c3adf6f50e2186c21f5ebb1ac073115831286e,0.544999440000000000,NULL,0x,0
9,0x38469d650b47c410da0cea936d550d96d69b90b68750faa5844d68941b8f3063,5553614,1525418370,0xd551234ae421e3bcba99a0da6d736074f22192ff,0x29c3adf6f50e2186c21f5ebb1ac073115831286e,0.550000000000000000,NULL,0x,0
10,0xfbd0c0b08f8c989fbdd7811ca3d3ec67976c9e19f60325ffb006237b4ef204f1,5553680,1525419296,0x0681d8db095565fe8a346fa0277bffde9c0edbbf,0x29c3adf6f50e2186c21f5ebb1ac073115831286e,0.702474670000000000,NULL,0x,0
11,0xe7f80c8141f5112704200a4cb79f3312f82f73241f914408584d0cff935a41d3,5553715,1525419792,0x750cbb03274120c63a35060f3e5523a77b4e63e1,0x29c3adf6f50e2186c21f5ebb1ac073115831286e,0.530000000000000000,NULL,0x,0
12,0xa4befd9d6cdede94d97598776d27f25bafac5eddeda566778b7d9bb3088496a4,5553720,1525419865,0xd551234ae421e3bcba99a0da6d736074f22192ff,0x29c3adf6f50e2186c21f5ebb1ac073115831286e,2.213000000000000000,NULL,0x,0
13,0xf1b91b8ba7fab5433311078c6dc31492aa9cd5064f5f9db9ed7f218d367210af,5553941,1525423337,0x69d0ac5a6dbba40c5c23481349d786134562b50f,0x29c3adf6f50e2186c21f5ebb1ac073115831286e,1.000000000000000000,NULL,0x,0
14,0x31cfcc952da9f6325c3cb620fd625d1f769a2213d428d606560a1de124412fbb,5553988,1525424053,0x326eb9d43d776d6dac0bf9183efa786eda99c018,0x29c3adf6f50e2186c21f5ebb1ac073115831286e,2.000000000000000000,NULL,0x,0
15,0x653dd51fb6dd2faa1c22be4e081fa8381ee412e00e1ee536756a3088570dd917,5554444,1525431063,0x8b916025a8278b0416a5b9efcb74f5b4d69f1e7c,0x29c3adf6f50e2186c21f5ebb1ac073115831286e,0.843194400000000000,NULL,0x,0
16,0x06d8e6e2774c452520874fcdb537b7ba75253c9acfa92d5f26ac4bd819749195,5554466,1525431468,0x36cc6dc59e05ce17d500df641fd5fc5232c6edbf,0x29c3adf6f50e2186c21f5ebb1ac073115831286e,0.510000000000000000,NULL,0x,0
17,0x8c76401a913057426a79524900f75d343f41aa22d5959af99e041087ede27d88,5554626,1525434041,0xd551234ae421e3bcba99a0da6d736074f22192ff,0x29c3adf6f50e2186c21f5ebb1ac073115831286e,0.490000000000000000,NULL,0x,0
18,0xb6860fd662002f2a639bc68cd4d30d71594630b9f76f135fbccc64485beffbb8,5555037,1525440642,0x564286362092d8e7936f0549571a803b203aaced,0x29c3adf6f50e2186c21f5ebb1ac073115831286e,3.546528020000000000,NULL,0x,0
19,0x90497962f1b625e40193da9e573d1e977cddf01aeadb8d09b9778de6de28f082,5555085,1525441332,0x167a9333bf582556f35bd4d16a7e80e191aa6476,0x29c3adf6f50e2186c21f5ebb1ac073115831286e,0.589438160000000000,NULL,0x,0
20,0x85345e7ea6d2121dc3656d1f643e8f28e2af7bd5741d2cc6a8ebf5681b27999f,5555251,1525443841,0x54b2cd2608fa9580c4231b9e77334e1f878e3a19,0x29c3adf6f50e2186c21f5ebb1ac073115831286e,0.500000000000000000,NULL,0x,0
21,0x9e86ea20262ea97457d9e8987114a12d24e30f8519fa86152cf1f5558e2cae32,5555447,1525447144,0x8172f2069b5857c2dc798bb802c3b91be0a6ba90,0x29c3adf6f50e2186c21f5ebb1ac073115831286e,1.457001270000000000,NULL,0x,0
22,0x7d8e7167343b910379a2877263b26107ff19732b59bcd53551154a088c4fbac6,5555584,1525449240,0xd551234ae421e3bcba99a0da6d736074f22192ff,0x29c3adf6f50e2186c21f5ebb1ac073115831286e,0.490442880000000000,NULL,0x,0
23,0x661cccb9a626ac20de053a13e2ef0c03736aacd5a116bb9bcf5ce55417989789,5555596,1525449397,0x51836a753e344257b361519e948ffcaf5fb8d521,0x29c3adf6f50e2186c21f5ebb1ac073115831286e,0.506711800000000000,NULL,0x,0
24,0x061b397ce4fa51dca8ea52eb8a46214176c3dc9e854956d482e9c36fa1925baf,5555648,1525450246,0x0d0707963952f2fba59dd06f2b425ace40b492fe,0x29c3adf6f50e2186c21f5ebb1ac073115831286e,1.997000000000000000,NULL,0x,0
25,0xf6e07b2f0d67f99ff32c390bb672d2bdc70461e8e2f521ecd272554550574821,5555655,1525450380,0x09e05d5e313fdd75c91192aea6bea30a2dabbb10,0x29c3adf6f50e2186c21f5ebb1ac073115831286e,5.000000000000000000,NULL,0x,0
26,0x1d99c1134204c42f0bb3bc13956f4061e71fac682fa70b99e72785e520364125,5555703,1525451139,0x40d0c9472cf8923cf5d39ae1787151225389e48f,0x29c3adf6f50e2186c21f5ebb1ac073115831286e,0.600000000000000000,NULL,0x,0
27,0xe09a920a05c3fd22b64f4f975294fcd8e0ad2c7b440210a0d3bf0df54e9e1ce5,5555915,1525454219,0x416299aade6443e6f6e8ab67126e65a7f606eef5,0x29c3adf6f50e2186c21f5ebb1ac073115831286e,0.547440480000000000,NULL,0x,0
28,0xe9bdcf6d622ca45494b4818ecd0920b15956328d81c2f70259a5dbd7297d6ca7,5555933,1525454677,0x564286362092d8e7936f0549571a803b203aaced,0x29c3adf6f50e2186c21f5ebb1ac073115831286e,0.510000000000000000,NULL,0x,0
29,0x378a0d86ee75c2588fb63ce0b228ffe54a7e1251227e2984f7d786c7e28176da,5556179,1525458270,0xb3aaaae47070264f3595c5032ee94b620a583a39,0x29c3adf6f50e2186c21f5ebb1ac073115831286e,0.517000000000000000,NULL,0x,0
30,0x4c521c7d386f950e90383c15dd12a4e002ffba5f2be892e0899dde79974bf364,5556355,1525461209,0xd551234ae421e3bcba99a0da6d736074f22192ff,0x29c3adf6f50e2186c21f5ebb1ac073115831286e,0.500000000000000000,NULL,0x,0
31,0x96edc1fbd497aedec2ccb9bec0049cb6c4a01f1c2af15c216e63e217ecd22d89,5556522,1525463789,0x267be1c1d684f78cb4f6a176c4911b741e4ffdc0,0x29c3adf6f50e2186c21f5ebb1ac073115831286e,0.595000000000000000,NULL,0x,0
