,TxHash,BlockHeight,TimeStamp,From,To,Value,ContractAddress,Input,isError
0,0x2e310202f90ed2dbc6ccc38aabd7ccbb6e5eeb595cb2c625fb6821044a4f756c,5256250,1521067305,0xfbb1b73c4f0bda4f67dca266ce6ef42f520fbb98,0x2a6c7867e605d0f0f940cec1669d98a33cf4c299,0.525750780000000000,NULL,0x,0
1,0xb16807399172dda3ce7e094b5749f595e3d69293fb2da5a89f295483f0d2d401,5256476,1521070679,0xfbb1b73c4f0bda4f67dca266ce6ef42f520fbb98,0x2a6c7867e605d0f0f940cec1669d98a33cf4c299,0.033800250000000000,NULL,0x,0
2,0x7eb5c20d5041051982e0b7a2288a067138a3b8a0b2f5251854473ea9d8dc93cf,5256567,1521072134,0xfbb1b73c4f0bda4f67dca266ce6ef42f520fbb98,0x2a6c7867e605d0f0f940cec1669d98a33cf4c299,0.111081580000000000,NULL,0x,0
3,0xad9c3eda94e1bf57fddf4c4357b0cccce9fbd67deac4e572f0fe7ee036a396e1,5256744,1521074576,0xfbb1b73c4f0bda4f67dca266ce6ef42f520fbb98,0x2a6c7867e605d0f0f940cec1669d98a33cf4c299,0.216826090000000000,NULL,0x,0
4,0x7f1dd7e069a34b5930a765341b7b6c3d59c5565c198ddb517e095529bf00747f,5257010,1521078205,0x2a6c7867e605d0f0f940cec1669d98a33cf4c299,0x8e492d7ad4e844366002a05786bb846c371f948a,0.082300000000000000,NULL,0x,0
5,0x85e15b59cd9f81484fe825769f18dd28ca72c23d39c704976a137085ade22fa0,5259794,1521119986,0xd551234ae421e3bcba99a0da6d736074f22192ff,0x2a6c7867e605d0f0f940cec1669d98a33cf4c299,0.500000000000000000,NULL,0x,0
6,0x2a4e7ec3cc92fb2c2f63aae7f291aced7ceb0724a48fe1b0e1327786a6b82d7d,5265711,1521206142,0x0681d8db095565fe8a346fa0277bffde9c0edbbf,0x2a6c7867e605d0f0f940cec1669d98a33cf4c299,1.000000000000000000,NULL,0x,0
7,0x9fd68c6ee6a29770484e7a6bfba42187a58b6e4eff5081c6975dd54664a6f7f3,5266345,1521215452,0x3eeaa4185ccca6e6dbfca34fe762415b1617da43,0x2a6c7867e605d0f0f940cec1669d98a33cf4c299,5.000000000000000000,NULL,0x,0
8,0x6bf0fdacb13ad45224918b25b02c7e0dce0b02f2c84497ed201ca9e3a624ce88,5266414,1521216395,0x3eeaa4185ccca6e6dbfca34fe762415b1617da43,0x2a6c7867e605d0f0f940cec1669d98a33cf4c299,5.000000000000000000,NULL,0x,0
9,0x788c39828873d36b607ee34a85cb30d1cb5506b04a47c0d102dd5dfab5a4c19d,5266988,1521224410,0x2a6c7867e605d0f0f940cec1669d98a33cf4c299,0x7874a06e1e02d6c7a3a5ec6d6cf35913c8688c27,6.348000000000000000,NULL,0x,0
10,0x835a000f9d258d42c5f0d62b036c85ff8bccfc507b4b5bc184904126d27b6ba7,5267000,1521224539,0x2a6c7867e605d0f0f940cec1669d98a33cf4c299,0x04a2467b649117b75bd5cb92e07a274ca88af410,5.922000000000000000,NULL,0x,0
11,0x1adf5cc4b48b8a454fcce68ad7963bdbd7e00c4430ddba1dfc55e825ae5ce05a,5270595,1521278604,0x564286362092d8e7936f0549571a803b203aaced,0x2a6c7867e605d0f0f940cec1669d98a33cf4c299,1.300000000000000000,NULL,0x,0
12,0x5ae7a940b8b07f9f4d30709cd9bbf8f5396c45ed0e79b00024e9a57619a4452d,5320059,1521994739,0x2a6c7867e605d0f0f940cec1669d98a33cf4c299,0x7874a06e1e02d6c7a3a5ec6d6cf35913c8688c27,1.331714700000000000,NULL,0x,0
