,TxHash,BlockHeight,TimeStamp,From,To,Value,ContractAddress,Input,isError
0,0x5a542f619974dda07977f094cf89757da409a1887ece93ab4dbd4eae86ab7104,5964911,1531602689,0xeaf85a1a396b8e753465bea3fc02d15685d30ad7,0x2b164ae662a0ab1832c87cb4a226efec56219fb6,0.499118000000000000,NULL,0x,0
1,0xb9464707912a751d082bf479786011e254d4bc8af6fc5d66fa7ac1c8057ef274,5966170,1531621220,0xa9a4337ab26062fd692f7e5c9ac8c08ac7e3ef70,0x2b164ae662a0ab1832c87cb4a226efec56219fb6,5.000000000000000000,NULL,0x,0
2,0x721677cdffea818497a15948465b1e996cd2445b7002e1cc576a092277fab7b4,5967148,1531635510,0xb89dd647788c54a03ba290a6320ba53566afb57d,0x2b164ae662a0ab1832c87cb4a226efec56219fb6,0.600000000000000000,NULL,0x,0
3,0x84231d4638e5938af2183e6d3dbf4bdca7e61080ff3b8d54317b5e201c8d5043,5972651,1531713435,0xacda9f9409c01cf5f6b1cab442ff6e8f11752b74,0x2b164ae662a0ab1832c87cb4a226efec56219fb6,0.925643185000000000,NULL,0x,0
4,0xb6e5f00b9612c7b81a172a7763f0622be15eb75fe5c6d0182c8b2bf57580f8b7,5973379,1531724347,0x564286362092d8e7936f0549571a803b203aaced,0x2b164ae662a0ab1832c87cb4a226efec56219fb6,0.490000000000000000,NULL,0x,0
5,0xcfbe82ac0aa1501cf1db85d0f5f925630be4dddd2bb99aa3220106e66103aa84,5990829,1531984074,0x7674946e05ceb5078dbe35a1b823fe975f3f1ab1,0x2b164ae662a0ab1832c87cb4a226efec56219fb6,0E-18,NULL,0x,0
6,0xc3f77dc95a0c11e94fc191e718f34a74808cc708379e82968baec4e752d8db90,6004899,1532190663,0x78efd90dd688eb9259bb6a272e40ee8994f090cf,0x2b164ae662a0ab1832c87cb4a226efec56219fb6,0.388886940000000000,NULL,0x,0
7,0xdf6a2f168c886c315c768d7d4aa9b7cc78dc386a5cb5fdcd2e6359c81c78755e,6005848,1532204087,0x32be343b94f860124dc4fee278fdcbd38c102d88,0x2b164ae662a0ab1832c87cb4a226efec56219fb6,4.490000000000000000,NULL,0x,0
8,0xfeb0f92517a710ecb63515fa2749e9d8535b37308ef684cb8bca45c55ee17c0b,6013013,1532307618,0xd24400ae8bfebb18ca49be86258a3c749cf46853,0x2b164ae662a0ab1832c87cb4a226efec56219fb6,0.500000000000000000,NULL,0x,0
9,0x57bb17d7eedb17ba53d5becedcd66be7ebce7f5d0f44671074614f752d654c1e,6015363,1532342489,0x267be1c1d684f78cb4f6a176c4911b741e4ffdc0,0x2b164ae662a0ab1832c87cb4a226efec56219fb6,0.595000000000000000,NULL,0x,0
10,0x6303dcf292fdadcbe7c0a9781ceaaaf32b6b5ab5b6b64d12b22b095b0fac5c18,6015620,1532346491,0x2b164ae662a0ab1832c87cb4a226efec56219fb6,0xe15a1db22a371b875c8dd06530fefe9450fdde34,0.034824246381543150,NULL,0x,0
11,0x591bc129a7cf1cccc7f5053ef8e001fb444454f51bec14573d8201b4400315d0,6016075,1532353092,0xa4192cf260862a0883b3137010880bc07db1c2f3,0x2b164ae662a0ab1832c87cb4a226efec56219fb6,0.499790000000000000,NULL,0x,0
12,0xd06672a25ad95fc8b4da7b51caf03b978c49bafc233cdc3714f9d0481febbd51,6016438,1532358481,0x59e0c3e702fb9432d1c2a8fbf766dd18a205b85d,0x2b164ae662a0ab1832c87cb4a226efec56219fb6,0.300020000000000000,NULL,0x,0
13,0x2cb660afe1cf80071a70a3866eca11ca056e496c2060b0e6e6eaea8b9dd7bded,6018114,1532382802,0xf30cbe2c8c7c2846c842f5f602532a9e5c9ec1f7,0x2b164ae662a0ab1832c87cb4a226efec56219fb6,0.005000000000000000,NULL,0x,0
14,0xde2e3f94a37c6127d58f0e08991ed124140d806627c699d11ab0062ac05f64b3,6018572,1532389660,0x2b164ae662a0ab1832c87cb4a226efec56219fb6,0x73fa72116fd590d72839c2ecaf1f1177da42942d,0.011634510000000000,NULL,0x,0
15,0x39759f383c4837c6a17f3f90b90d3ef9fabe8080f2f08462102e1259c1d0bfce,6021942,1532440077,0x500d043c043ab1077b29d5d8dd7d3190aec2615e,0x2b164ae662a0ab1832c87cb4a226efec56219fb6,0.005624560000000000,NULL,0x,0
16,0xc671791e59e2f8e008be454d1697ae0f6f57fc54aea5b0262b5ec1dcff79dbdc,6021988,1532440715,0xe18d72daf8e92efb12813015504f3527ddc8e158,0x2b164ae662a0ab1832c87cb4a226efec56219fb6,0.005895000000000000,NULL,0x,0
17,0xfbfddd9c0339dc39b21d48a568fbd9ff23d696461d6e4dd845a0b9fc4d198b38,6029968,1532558032,0x2b164ae662a0ab1832c87cb4a226efec56219fb6,0x28afa5afa0fbe6307852a8a8d5c511b58461bbca,0.016820000000000000,NULL,0x,0
18,0x0351be66cf5216165a95eb0fee4bc0a0cb8ce02594337da5f402db07df4b2f84,6030713,1532568865,0x2b164ae662a0ab1832c87cb4a226efec56219fb6,0x9f2c0a121ea9878013f9a78e4d478afa79990c4d,0.014000000000000000,NULL,0x,0
19,0x7c9e6cb444543a2b372042dfba776512d809774bb5db50ce5cf0bd0be649a6e6,6033255,1532606445,0x2b164ae662a0ab1832c87cb4a226efec56219fb6,0x945b79fb35914df7b3e9571f6a645ccdc33f57a3,0.031000000000000000,NULL,0x,0
20,0xac401fb732800df66ca7535a1f898dbeb488b3bbd0588a11f552d74ebb25c529,6033308,1532607303,0x2b164ae662a0ab1832c87cb4a226efec56219fb6,0x22ac29a3885ff17c1fb3d348dfb7d6a6814d396b,0.031000000000000000,NULL,0x,0
21,0xfcd7b4c8a95b250717513d2fcd824e525d18c8aa5ba81c189b2d573768b6a971,6035149,1532634750,0x32be343b94f860124dc4fee278fdcbd38c102d88,0x2b164ae662a0ab1832c87cb4a226efec56219fb6,0.790000000000000000,NULL,0x,0
22,0x5d66865c7007891d3eeb7e751abe6c9605d7fe549130b6202672a02fe5045439,6036355,1532652246,0x2b164ae662a0ab1832c87cb4a226efec56219fb6,0x95c9b42548b4d2cb28eb43392ede6f1902b6ea18,0.024000000000000000,NULL,0x,0
23,0x4779433932ccb048eeb3cbfc2a465cb86b81e94e0171a853cea80ec496cc1cac,6036409,1532653007,0x2b164ae662a0ab1832c87cb4a226efec56219fb6,0xcb37118cd8ea90a7a5561310ebca9456736ec021,0.051000000000000000,NULL,0x,0
24,0xa5a00b87d0fb980b942bcc7af8dd4cc28829ba90a8ebfe79f3f2042f15808da0,6041408,1532726105,0x2b164ae662a0ab1832c87cb4a226efec56219fb6,0x409c59b015481bc0b24c27c2c5695327a6bea884,0.044000000000000000,NULL,0x,0
25,0xf71f3beda248c6804c114bff31101d129e38260eb38cd5833771bd13f249cbf1,6048183,1532823814,0x2b164ae662a0ab1832c87cb4a226efec56219fb6,0x783fb6444e47f42b3208feeb07971d5576c990ad,0.170000000000000000,NULL,0x,0
26,0x960c2893b1abc1f427b79da201a09215337338df52094964461759c3a09a9807,6057145,1532952901,0x2b164ae662a0ab1832c87cb4a226efec56219fb6,0x783fb6444e47f42b3208feeb07971d5576c990ad,5.000000000000000000,NULL,0x,0
27,0x8758bc9c5305e14d255334b1d80e6b20f3c3d542ea4a4bb36411d6d5e7a9ea36,6057165,1532953189,0x2b164ae662a0ab1832c87cb4a226efec56219fb6,0x783fb6444e47f42b3208feeb07971d5576c990ad,9.657645837618456850,NULL,0x,0
