,TxHash,BlockHeight,TimeStamp,From,To,Value,ContractAddress,Input,isError
0,0xa2a3d593aefde4be966f319772eee00a205573121a15030919670874733b9ed9,5394310,1523063714,0x16e7a48d59cca47f4dc7b5696f57dbf6c8a7ba02,0x2cc762c27a50d18e50efcd3bee9e3154e3bb094d,1.087529515716177831,NULL,0x,0
1,0x6e520efcb9b8a03cb999da76b39d036ef564bcd272625512f0c342012843fc11,5394384,1523064621,0x2cc762c27a50d18e50efcd3bee9e3154e3bb094d,0x3f5ce5fbfe3e9af3971dd833d26ba9b5c936f0be,1.081529515716177831,NULL,0x,0
2,0xa4b01b0424500ba40d733355233a02332274c6bd00755f39ff3a727f3abbe373,5410230,1523292221,0x3f5ce5fbfe3e9af3971dd833d26ba9b5c936f0be,0x2cc762c27a50d18e50efcd3bee9e3154e3bb094d,0.735254000000000000,NULL,0x,0
3,0x58c7e9203c06cab1d7d5804dd0a44835c1e5f9502ed5f96452302c7653863c68,5410305,1523293247,0x2cc762c27a50d18e50efcd3bee9e3154e3bb094d,0x3f5ce5fbfe3e9af3971dd833d26ba9b5c936f0be,0.735149000000000000,NULL,0x,0
4,0xe3dc8743a61225f64830f9f9d194b0ed08e6e4b684431f9e8c86a2967f932d05,5410402,1523294369,0x0681d8db095565fe8a346fa0277bffde9c0edbbf,0x2cc762c27a50d18e50efcd3bee9e3154e3bb094d,0.490000000000000000,NULL,0x,0
5,0x50f0267748110861e69800df2c57afca437e44e949fc52739cea3350196450e8,5410434,1523294888,0x7071f121c038a98f8a7d485648a27fcd48891ba8,0x2cc762c27a50d18e50efcd3bee9e3154e3bb094d,5.000000000000000000,NULL,0x,0
6,0xab1a68540e7f6dace3122825e800d9d82d58fe9ca8c3b3055b2f0b8a753b1635,5410448,1523295055,0x2cc762c27a50d18e50efcd3bee9e3154e3bb094d,0x3f5ce5fbfe3e9af3971dd833d26ba9b5c936f0be,5.489895000000000000,NULL,0x,0
7,0x25f2c80b77998f41ad87d1705202128f161efa933e181c7fc1e1cc4d1cf21b6d,5421184,1523448052,0xfbb1b73c4f0bda4f67dca266ce6ef42f520fbb98,0x2cc762c27a50d18e50efcd3bee9e3154e3bb094d,0.500000000000000000,NULL,0x,0
8,0xb98e1388aed8b35f0705906de66fae4077839c7ffd00e53ccd77e1dfc1695f77,5421302,1523449861,0x2cc762c27a50d18e50efcd3bee9e3154e3bb094d,0x3f5ce5fbfe3e9af3971dd833d26ba9b5c936f0be,0.499895000000000000,NULL,0x,0
9,0x389f7fd897bb09bb42621d3be9ca5c6cd978c1aafe2eb82b7e89fabf4e3885d9,5421552,1523453433,0x0de13760750513355a3de825391f2d6c4fb14c70,0x2cc762c27a50d18e50efcd3bee9e3154e3bb094d,0.000100000000000000,NULL,0x,0
10,0xa5dc8383d0d1f9eb77ffad7fa45274c59300e22dfc785a7fe26202bda1824351,5421666,1523455115,0x41d57e163b6c64fca2cd6535fcaa199b1fedd98b,0x2cc762c27a50d18e50efcd3bee9e3154e3bb094d,0.499979000000000000,NULL,0x,0
11,0x135cd2103b3c8c74bd5fa4a8be747f8e60a4b50e877601bf0f3b61f3b85e9a14,5421680,1523455260,0x2cc762c27a50d18e50efcd3bee9e3154e3bb094d,0x3f5ce5fbfe3e9af3971dd833d26ba9b5c936f0be,0.499974000000000000,NULL,0x,0
12,0x7d52bf1699504ee440ed77476562e4c1fc0300e2d4bec9a770e1a070cba96d1b,5430306,1523581336,0x4fd928a10543be6a8df6fc6bac2c8ab8c7c6b369,0x2cc762c27a50d18e50efcd3bee9e3154e3bb094d,0.508201600000000000,NULL,0x,0
13,0xd988166d5e64afefafcca5d840f317a11bfa421f7933ffea702d4d70653239c2,5430437,1523583092,0x2cc762c27a50d18e50efcd3bee9e3154e3bb094d,0x3f5ce5fbfe3e9af3971dd833d26ba9b5c936f0be,0.508096600000000000,NULL,0x,0
14,0x48884763584e2afce4c8bc55acab8d67bd59d5cfa0187c5f5f88a0716323844c,5436291,1523668324,0x74406b85f925ffa48bdec0a16c35469523eaefa8,0x2cc762c27a50d18e50efcd3bee9e3154e3bb094d,0.500000000000000000,NULL,0x,0
15,0xdc29c8e7b677b1387a6c9b3c195273cbb7007cb3782f74db3ada1c3da88e7197,5436364,1523669453,0x2cc762c27a50d18e50efcd3bee9e3154e3bb094d,0x3f5ce5fbfe3e9af3971dd833d26ba9b5c936f0be,0.499895000000000000,NULL,0x,0
16,0x5136b1b48a93953e46b484835907221cfc5f7a3dc65bd0973825e8dc007feaa4,5437723,1523689393,0x3d1f97058bbfa06a0c96681c3948ca2b235d7004,0x2cc762c27a50d18e50efcd3bee9e3154e3bb094d,5.000000000000000000,NULL,0x,0
17,0x1561eebf910cebd1aace27087afaaf949912b49eb71889ab9dd30be6a14717d8,5437831,1523691008,0x2cc762c27a50d18e50efcd3bee9e3154e3bb094d,0x3f5ce5fbfe3e9af3971dd833d26ba9b5c936f0be,4.999895000000000000,NULL,0x,0
18,0xeba45b0cb74840db763c87055a9db8e8a2df9da34ed287fa2182edb81753be6e,5447292,1523828873,0x4b114d07a712d8bac43138d413792469183222a0,0x2cc762c27a50d18e50efcd3bee9e3154e3bb094d,5.000000000000000000,NULL,0x,0
19,0xeede8e3d0a994fad36b48afdbb091a8ba72be52fd9b58c03c66d56025d2b6c88,5447336,1523829612,0x2cc762c27a50d18e50efcd3bee9e3154e3bb094d,0x3f5ce5fbfe3e9af3971dd833d26ba9b5c936f0be,4.999895000000000000,NULL,0x,0
20,0xc32bb08dd545d616b57fffe444cd0472831388499eb779ff574e4a50991ef5bc,5469086,1524151555,0xfbb1b73c4f0bda4f67dca266ce6ef42f520fbb98,0x2cc762c27a50d18e50efcd3bee9e3154e3bb094d,0.502000000000000000,NULL,0x,0
21,0xbbcc6d6e622e041f82d06d6e88f26365104ff2587478a2a06ab89f23d9be15c7,5469220,1524153683,0x994666ff21ee3aa0ee89ce9313f7b9aade4bca95,0x2cc762c27a50d18e50efcd3bee9e3154e3bb094d,0.817780158726871343,NULL,0x,0
22,0x44f0863344463ceba65490e0b737de434994f94f33b1931eb77261057e295721,5469322,1524155343,0xf0aeddccc34fe12bf4c97fd0ae3c5aa83c11c21a,0x2cc762c27a50d18e50efcd3bee9e3154e3bb094d,0.540000000000000000,NULL,0x,0
23,0x078c971466e4ca6088292a6eff97394403838cea5125aa39163e0404d683fdaf,5469330,1524155458,0x2cc762c27a50d18e50efcd3bee9e3154e3bb094d,0x3f5ce5fbfe3e9af3971dd833d26ba9b5c936f0be,1.859675158726871343,NULL,0x,0
24,0x6c8831c3bfa474340e00a4f45d8632339cb5ee6c477ce7a181249106429a8992,5471375,1524184898,0xfbb1b73c4f0bda4f67dca266ce6ef42f520fbb98,0x2cc762c27a50d18e50efcd3bee9e3154e3bb094d,0.694000000000000000,NULL,0x,0
25,0x2e2e95926d38257b158b3e8393e498278460dda23e006c4e9de528b0d3a602a7,5471463,1524186068,0x2cc762c27a50d18e50efcd3bee9e3154e3bb094d,0x3f5ce5fbfe3e9af3971dd833d26ba9b5c936f0be,0.693895000000000000,NULL,0x,0
26,0x0eb374099c59e4ed08b6d776d7488cca45504e8e1d005c2bf6c6fe72a366a219,5492041,1524491428,0xd551234ae421e3bcba99a0da6d736074f22192ff,0x2cc762c27a50d18e50efcd3bee9e3154e3bb094d,0.490000000000000000,NULL,0x,0
27,0xba5ead2a73486d26cf80db41889dc9dde62e9dadd584b24c8ae1c5bb49720886,5492089,1524492113,0x2cc762c27a50d18e50efcd3bee9e3154e3bb094d,0x3f5ce5fbfe3e9af3971dd833d26ba9b5c936f0be,0.489895000000000000,NULL,0x,0
