,TxHash,BlockHeight,TimeStamp,From,To,Value,ContractAddress,Input,isError
0,0x4382b0690d46d21e7e61870ada71534fc1b1ea1a33f737df3a547ae2133b70be,5025707,1517697434,0x0a66c8f16cd3ef1fb359be3d864db958143d3426,0x2e02b825813f2040632d41dfd00fabf82df25eff,0.498278370000000000,NULL,0x,0
1,0x468cbff549e90084d682dd07d2b819dc72a256bee530575fc818a379b93d0dbe,5026199,1517704711,0x2e02b825813f2040632d41dfd00fabf82df25eff,0x4ee924a570bcf4af6032410a12df9f7073d2c968,0.497837370000000000,NULL,0x,0
2,0x3ea99d412d6aa2dd36c23a6bc39ab800f444be68e6fec7e7e4548ee4ae2d7285,5026801,1517713742,0x5b9b38293fb06d1b913d0bb3ae67d7f5b65c9c31,0x2e02b825813f2040632d41dfd00fabf82df25eff,3.000000000000000000,NULL,0x,0
3,0xec1ff88902164f2034bcc96749e36a6fdd1acb400bf0af6bdd606f0941e6bcea,5026865,1517714699,0x2e02b825813f2040632d41dfd00fabf82df25eff,0x20eedcfca964cf8b491b394018c2d094076a830f,2.999517000000000000,NULL,0x,0
4,0xb4c8c6d5e5a0fd2df1310e222c96034090dac0a6a9532be8e917171dae95e28f,5080616,1518492974,0xfbb1b73c4f0bda4f67dca266ce6ef42f520fbb98,0x2e02b825813f2040632d41dfd00fabf82df25eff,1.165187030000000000,NULL,0x,0
5,0x1313d3ad6cf7ac1ec403c1a02eb74e5ae38b9305c315b61ba8efa711dbf4ebce,5080656,1518493538,0x2e02b825813f2040632d41dfd00fabf82df25eff,0x0109b4dce9fb5994d4680a5b53c1dc782a050830,1.085383500000000000,NULL,0x,0
6,0xaa9d02ffaf04f03354095aae1399e1d59bed1cea26d8a769bc8165c26ac40ddb,5081191,1518500962,0x2e02b825813f2040632d41dfd00fabf82df25eff,0xd1ccc0d2923fdffb8606aa55983316e5fb546d2d,0.078921530000000000,NULL,0x,0
7,0x477a77443b8c4231eeee0c0c1b8fe24813b02d16f05b97121803cc72347eaf5d,5118614,1519043774,0xf9920350a33027c8551d27f13d0ad14069a02af8,0x2e02b825813f2040632d41dfd00fabf82df25eff,1.000000000000000000,NULL,0x,0
8,0x87d65883592a641556c09b6b39ee3ec6f13d0cae61de686af25b0ee95269d244,5118752,1519045871,0xf9920350a33027c8551d27f13d0ad14069a02af8,0x2e02b825813f2040632d41dfd00fabf82df25eff,1.000000000000000000,NULL,0x,0
9,0xb78249d4cfed0e724870c69ad857b8f0b18625a4184b4c5a719d0aaf346cd72a,5119014,1519049803,0x2e02b825813f2040632d41dfd00fabf82df25eff,0x20eedcfca964cf8b491b394018c2d094076a830f,0.001689064363908917,NULL,0x,0
10,0xae77e3b91b39d16d87c4b25455c497c4caca5c51133f3e341b278d20770873f0,5119047,1519050279,0x2e02b825813f2040632d41dfd00fabf82df25eff,0x20eedcfca964cf8b491b394018c2d094076a830f,1.710972402648838756,NULL,0x,0
11,0x636e2cb31d782ae90cb3611f57f3acf6190ff36309de0cc3b6065407d0799c65,5122446,1519100472,0x2e02b825813f2040632d41dfd00fabf82df25eff,0x3897d4cabf755543d020e37552e21f733f9f8176,0.285931530000000000,NULL,0x,0
12,0x66a603b482397c28b7fc0edad1f7c8cd772f14e969971bb0419a9a6dbb693dec,5123269,1519112541,0x5ee642a95f07a492c8ab1c2b29aafa9ae9d52702,0x2e02b825813f2040632d41dfd00fabf82df25eff,0.001000000000000000,NULL,0x,0
13,0x757e21c2e6ecf3d2b25a7bb1eee33dbcc140a069cb556dfd585f57da192ccf83,5123298,1519113058,0x2e02b825813f2040632d41dfd00fabf82df25eff,0x5ee642a95f07a492c8ab1c2b29aafa9ae9d52702,0.000500000000000000,NULL,0x,0
14,0x4e61dc45eb5ed8791cd2d0f54da716725270cc37c492dbf0a3f02fbbadc6db00,5127984,1519182698,0x37d9b598dcd70c2eeb3b2c803c35d2561d6072fd,0x2e02b825813f2040632d41dfd00fabf82df25eff,0.428875280000000000,NULL,0x,0
15,0x73d00546bd52dea81ccdd6deb8b1e3ddebd9f1a88ed1762cae131cffccc7bbe4,5128069,1519184205,0x37d9b598dcd70c2eeb3b2c803c35d2561d6072fd,0x2e02b825813f2040632d41dfd00fabf82df25eff,0.600000000000000000,NULL,0x,0
16,0xddfc70eddd5d84fbc83529f70aff43451c40138104989b0e68d30c5f34c517ff,5128091,1519184485,0x2e02b825813f2040632d41dfd00fabf82df25eff,0x1dd9f52b61f849dc69556dc3189c49cc1f86aada,0.800000000000000000,NULL,0x,0
17,0x453cfa5089da285a86684a57e92b758f08865be28ab3339075039d51e4d8beee,5128178,1519185792,0x2e02b825813f2040632d41dfd00fabf82df25eff,0x6454971bb3ee9f8d5a7d8ef41113bd2b9cf04b76,0.227968280000000000,NULL,0x,0
18,0xe2d7161beeaa7123516a5d5c88a5d550cbc036160bc52ee84d0365de2bb8bbd5,5128803,1519194986,0xd94e3abfd6ea06c18d276f129d02ee18dd30871b,0x2e02b825813f2040632d41dfd00fabf82df25eff,0.100000000000000000,NULL,0x,0
19,0xf3a4f16ef343c8ff3cb6f229e3f1c12ec5ffd1911c044f8d37af79841ca35146,5130675,1519223322,0x2e02b825813f2040632d41dfd00fabf82df25eff,0xcd212a1d34e8bcf29c31cd9a6bda65f4ace3b855,0.099559000000000000,NULL,0x,0
20,0x5a24c351e21b61955fdf9af1844b05c0a2e675c4e3a472c724e3fe2ae6c3cc57,5137409,1519321378,0xc1a8b61c8a8b6302ed0548bc046c05708670477a,0x2e02b825813f2040632d41dfd00fabf82df25eff,0.228193060000000000,NULL,0x,0
21,0x605edd476c1ea5484f090145614daad69b2eba18beaa16d3b9e7f389ad09ae66,5137543,1519323532,0x2e02b825813f2040632d41dfd00fabf82df25eff,0xe043cc10e1590c0d517db3d35bd669c57948f4e6,0.227752060000000000,NULL,0x,0
22,0xb3d4439430448ebc0add770cdc0f7e60e1f1a0dea527c40e7b8faa0f6903106d,5149112,1519494109,0xcc83dc5a37d49de4562019560307ce724a975d5c,0x2e02b825813f2040632d41dfd00fabf82df25eff,0.104500000000000000,NULL,0x,0
23,0x475e1bed6e26782d7c070eb3155cb98a5fdd3f76104fbc2f457548602adae510,5149134,1519494488,0x2e02b825813f2040632d41dfd00fabf82df25eff,0x9d4d2a61e20d0010c9deceaf7a3627151b0762d0,0.104059000000000000,NULL,0x,0
24,0xb8e168119811ee0db6c52de37845b642043285c26dadeb05a018821d05cd5d7d,5161673,1519679938,0xae543c0db10934916f513368dd8ac650db575d79,0x2e02b825813f2040632d41dfd00fabf82df25eff,0.120000000000000000,NULL,0x,0
25,0x9a4e917f2e8cee0ad01b81eaf9946af2cbc234d1f3e4d873853baddfdc85e638,5161712,1519680460,0x2e02b825813f2040632d41dfd00fabf82df25eff,0x2bfd4a034c6560cd60abeadb20d75178c3c75bfb,0.119559000000000000,NULL,0x,0
26,0xf137b95c24a4a0ce6208b7caee31a77ceab76f1ccd591bec9173c6559b977194,5169658,1519796489,0x1dd9f52b61f849dc69556dc3189c49cc1f86aada,0x2e02b825813f2040632d41dfd00fabf82df25eff,1.249517000000000000,NULL,0x,0
27,0x40d990476c4ae623a506ae52715f84aa09b375f07ca9c2680334da4b6faeda04,5169684,1519796795,0x2e02b825813f2040632d41dfd00fabf82df25eff,0x20eedcfca964cf8b491b394018c2d094076a830f,1.135388921493386303,NULL,0x,0
28,0xfa4e541ec5cc4e82bb4e1225d2ccc8f1052dc14c083362868d1d7a8139433aa9,5169693,1519796950,0x2e02b825813f2040632d41dfd00fabf82df25eff,0x8b4b28fb92dc99b7ed374c2dd718e994e6c18e7a,0.113204080000000000,NULL,0x,0
29,0x5e3d376adee302f2802a7533e7b287bdb1445cdc58d03962605ba160c0efeb95,5195578,1520176433,0x1dd9f52b61f849dc69556dc3189c49cc1f86aada,0x2e02b825813f2040632d41dfd00fabf82df25eff,2.999517000000000000,NULL,0x,0
30,0x708418f49ee58f4d007bd8dbc28ad468418c14bd32d1c9a50663a5afbd3758d7,5195648,1520177313,0x2e02b825813f2040632d41dfd00fabf82df25eff,0x6808ca25c067374663e6f21f5982a191307aea62,0.234950410000000000,NULL,0x,0
31,0xf197a33335eea800f4fd1607bc5c3799c358215d60c1539e6aa1d9e3a3633366,5195656,1520177451,0x2e02b825813f2040632d41dfd00fabf82df25eff,0x20eedcfca964cf8b491b394018c2d094076a830f,2.701940698275457000,NULL,0x,0
32,0x174d4d6a7eb4fcf651591f67d0e144c8898761ad10e9fb31239d9e417fa9e9d9,5205333,1520319555,0x2e02b825813f2040632d41dfd00fabf82df25eff,0x956191fc5830eee2ec93af1b6a59fd95ae5178c1,0.061260890000000000,NULL,0x,0
33,0xf5f1df94da390eea52d6c04df84cc91d3311799c21df2eef0782cb958856bdad,5618266,1526393378,0x2ad2f5a3b9f78524ef87253588fd708eef5fc4f8,0x2e02b825813f2040632d41dfd00fabf82df25eff,0.518369161000000000,NULL,0x,0
34,0x4c201183c6ae8c84f416e7010da2e95a7287d77449239be9c5bc6247931b922b,5618315,1526394157,0xd551234ae421e3bcba99a0da6d736074f22192ff,0x2e02b825813f2040632d41dfd00fabf82df25eff,0.500000000000000000,NULL,0x,0
35,0xe05e9ce0808deab335f9b79777dba8becb7dfcb54afb48e257a38fc57e653b0c,5618418,1526395689,0x2e02b825813f2040632d41dfd00fabf82df25eff,0x20eedcfca964cf8b491b394018c2d094076a830f,1.017886164218409024,NULL,0x,0
