,TxHash,BlockHeight,TimeStamp,From,To,Value,ContractAddress,Input,isError
0,0x8bc5521ba7e5424106f78b34b575c42d053e37c8e708c3ceae351c5d86dd5ecf,5762483,1528601378,0xd773c57a301aebeee0a33d76eb99a5cad7b05263,0x2e3fd2b400a269f7a0b1aaf448ef02679cd557e9,10.000000000000000000,NULL,0x,0
1,0xd519b1d607b4f14dfcc85454f9f67339d4b205fa9ec968e3e1fdebe762df1fdb,5763834,1528622256,0x7ed1e469fcb3ee19c0366d829e291451be638e59,0x2e3fd2b400a269f7a0b1aaf448ef02679cd557e9,0.599500000000000000,NULL,0x,0
2,0xf08ff2a720ee2c73daa6a78d50184502c710a19638225f31f1441411bd3245bd,5765553,1528648445,0x416299aade6443e6f6e8ab67126e65a7f606eef5,0x2e3fd2b400a269f7a0b1aaf448ef02679cd557e9,0.009730000000000000,NULL,0x,0
3,0x0746a4ef17509cc5ec79d3a951730ac45f13db3f1f8483a7a9b564564b123746,5765844,1528653117,0xcdeddbe9ac1accf1f9ec9ebb1c29b8a91b157dc8,0x2e3fd2b400a269f7a0b1aaf448ef02679cd557e9,0.730201720000000000,NULL,0x,0
4,0xa985a546032d78326a609e4397a53bad0479dcac76ac4b1dbb9679a25ee0a022,5766220,1528658948,0x4195b8e02890e4166f63a4e13aa9d18bfc04f841,0x2e3fd2b400a269f7a0b1aaf448ef02679cd557e9,0.656821220000000000,NULL,0x,0
5,0x055777c395d1fd25cdf5710a61928910fcb1fda9363efaad1b468cff6959769c,5766472,1528662820,0xf844e6176d6c48132a3141c1dc136608c5052ad8,0x2e3fd2b400a269f7a0b1aaf448ef02679cd557e9,0.010000000000000000,NULL,0x,0
6,0x099e1458297e270d9653dd9ef7cd36f18578a7d0821a443a346694ed29b95b67,5766590,1528664566,0x64c85b4ac4ed96434ecb0777694239e98e2324d6,0x2e3fd2b400a269f7a0b1aaf448ef02679cd557e9,0.189530340000000000,NULL,0x,0
7,0x8c5fae48d53a018e08547285ef23f91bd814b0305e5c123309bea61ef0585723,5766621,1528665015,0xcc0c262f7e1d4734d6ff6ae972abc01f731a9b1d,0x2e3fd2b400a269f7a0b1aaf448ef02679cd557e9,0.853080570000000000,NULL,0x,0
8,0xaa5802b9be40c1716967d7ea584ce7eef253d6a1d871ea5569418fa376a5c447,5766854,1528668271,0xd8b751f0862e8e52bf92697bd207a26f00a42ff2,0x2e3fd2b400a269f7a0b1aaf448ef02679cd557e9,2.015669670000000000,NULL,0x,0
9,0xb762eed6be33925539b12f41480fe8382e7299abe969948131008b5271857378,5767570,1528679224,0x4bebde89aaf612321e357d4a3e63f796b721e4da,0x2e3fd2b400a269f7a0b1aaf448ef02679cd557e9,0.500850870000000000,NULL,0x,0
10,0x033a87f55d276c124dc52e30c3a85014fd02df9331271d6ecc7a78314e54a222,5799317,1529156930,0xa67047ee09651b12be0931a1572be7115f860fc3,0x2e3fd2b400a269f7a0b1aaf448ef02679cd557e9,0.500000000000000000,NULL,0x,0
