,TxHash,BlockHeight,TimeStamp,From,To,Value,ContractAddress,Input,isError
0,0xfdc7e3f28c0ee5d51fa1ca6ae83a81c64669f2f11a9d35da7bfa45e89a32cde8,5746805,1528361208,0xa68735515e8bec32a91c5b8784a460d9cb5e5d07,0x2f46c85b5a9c6e908a3453220e4dad23caa5c8a3,0.300000000000000000,NULL,0x,0
1,0x0a605a7ad5bc7be22d920de2f0cad3275393cdb3728d91470c2bdf2a68500a83,5746847,1528361843,0x2f46c85b5a9c6e908a3453220e4dad23caa5c8a3,0xb89dd647788c54a03ba290a6320ba53566afb57d,0.299685000000000000,NULL,0x,0
2,0x085672305c82c1e22f2e6a92fdf9dd50c8296c1abf0b3ac0177539ba7925da6f,5747639,1528374193,0x6bddbd1d6bbe36aff9a1dff1e4067148425a76d9,0x2f46c85b5a9c6e908a3453220e4dad23caa5c8a3,0.050580000000000000,NULL,0x,0
3,0x8f4954cd075e1092d2621816207ad08f004ff2b6e6a1d32a8e78a911489bb0db,5747683,1528374969,0x2f46c85b5a9c6e908a3453220e4dad23caa5c8a3,0xb89dd647788c54a03ba290a6320ba53566afb57d,0.050286000000000000,NULL,0x,0
4,0x69b02d54c3974ba634ad1bb792d57f72a5546489d21159440747e37e1623aa28,5832697,1529647812,0xa68735515e8bec32a91c5b8784a460d9cb5e5d07,0x2f46c85b5a9c6e908a3453220e4dad23caa5c8a3,0.200000000000000000,NULL,0x,0
5,0x93ce330c9531b0d2cf54baf50a4bfe647ede3295719847a77f63ad55a4db863e,5832745,1529648384,0x2f46c85b5a9c6e908a3453220e4dad23caa5c8a3,0xb89dd647788c54a03ba290a6320ba53566afb57d,0.199790000000000000,NULL,0x,0
6,0x3b8ec6525d0171e2c049a7dcf11a76835689f5096f52a815cea3a7aef32d1bf8,5893245,1530546536,0xa68735515e8bec32a91c5b8784a460d9cb5e5d07,0x2f46c85b5a9c6e908a3453220e4dad23caa5c8a3,0.500000000000000000,NULL,0x,0
7,0xa28b159e341a9b6e45a5b6f0c165af4db477de5689e7d0db6426a8d564b41f83,5893338,1530547887,0x2f46c85b5a9c6e908a3453220e4dad23caa5c8a3,0xb8cf411b956b3f9013c1d0ac8c909b086218207c,0.497900000000000000,NULL,0x,0
8,0xcae7dd76959ac7aa0f791a392218ce3ddb5d43c2f6dc548b4418a1995c1cf1dd,5914606,1530863006,0xa68735515e8bec32a91c5b8784a460d9cb5e5d07,0x2f46c85b5a9c6e908a3453220e4dad23caa5c8a3,0.300000000000000000,NULL,0x,0
9,0x3edb988c8f0c0f337d1d6bc908b10faacc5f7294bc1cc329a0986e4cf9a24f42,5914665,1530863727,0x2f46c85b5a9c6e908a3453220e4dad23caa5c8a3,0xb8cf411b956b3f9013c1d0ac8c909b086218207c,0.298278000000000000,NULL,0x,0
10,0x72544a7934d275aa6e7cb09b346525f7c6b387052813da204676c9ccfb934d0c,5955128,1531461913,0xa68735515e8bec32a91c5b8784a460d9cb5e5d07,0x2f46c85b5a9c6e908a3453220e4dad23caa5c8a3,0.100000000000000000,NULL,0x,0
11,0x73c4f25fa83396f491eb573cfd9209572b529063b741e278d36f6fc04da1b7ed,5955133,1531461967,0xa68735515e8bec32a91c5b8784a460d9cb5e5d07,0x2f46c85b5a9c6e908a3453220e4dad23caa5c8a3,0.100000000000000000,NULL,0x,0
12,0x213b6b15eb23466dff529a825cbfa26ff03705d5c00acae753f606e3e926551c,5955164,1531462535,0x2f46c85b5a9c6e908a3453220e4dad23caa5c8a3,0xb8cf411b956b3f9013c1d0ac8c909b086218207c,0.099685000000000000,NULL,0x,0
13,0x33e4a0e583e8fbd4e3384a6ab02f297fed67460bd6f2acb58d49f86188109f22,5955164,1531462535,0x2f46c85b5a9c6e908a3453220e4dad23caa5c8a3,0xb8cf411b956b3f9013c1d0ac8c909b086218207c,0.099685000000000000,NULL,0x,0
14,0x8b2d1c1df1241f93821266b8855145ae6cd8b3a7985f3fd8aeeb12f144b73917,6015197,1532339879,0xa68735515e8bec32a91c5b8784a460d9cb5e5d07,0x2f46c85b5a9c6e908a3453220e4dad23caa5c8a3,0.160000000000000000,NULL,0x,0
15,0xf1cca3e1a2bd98e2fc33bc8a8a1d61b630e29ec70dea2bdc547dc725067ee71d,6015233,1532340373,0x2f46c85b5a9c6e908a3453220e4dad23caa5c8a3,0xb8cf411b956b3f9013c1d0ac8c909b086218207c,0.159622000000000000,NULL,0x,0
16,0xc77a587f1fd2dd3e065f04d1cac3e7b1216e69bf7c516824a3ee459922b0fa3c,6020994,1532426237,0xa68735515e8bec32a91c5b8784a460d9cb5e5d07,0x2f46c85b5a9c6e908a3453220e4dad23caa5c8a3,0.110000000000000000,NULL,0x,0
17,0x2672ecdc0e03d1e86e18bff3238a53f3abb16233a3808225360596b1dbaa8982,6021045,1532426944,0x2f46c85b5a9c6e908a3453220e4dad23caa5c8a3,0x87ad3f8573e96308eaef597dde8d9dcfb19202d2,0.109790000000000000,NULL,0x,0
18,0x8db6d0615e8977745252f6ac7037b62fdf940178c6b24ad01c4938c2fe01ecb6,6046243,1532796463,0xa68735515e8bec32a91c5b8784a460d9cb5e5d07,0x2f46c85b5a9c6e908a3453220e4dad23caa5c8a3,0.241000000000000000,NULL,0x,0
19,0xe197c702a5e20537de1a2bb6ab5a8971305aecd3a6ef2844fcadeba9616f5b90,6046265,1532796767,0x2f46c85b5a9c6e908a3453220e4dad23caa5c8a3,0xb89dd647788c54a03ba290a6320ba53566afb57d,0.240790000000000000,NULL,0x,0
