,TxHash,BlockHeight,TimeStamp,From,To,Value,ContractAddress,Input,isError
0,0xaabf4482997f48aad5af9b5e5cea0a3b86b6835ae2c9a6586890f12139f48eac,5556000,1525455729,0xba32cfbd50aa4045b6a98a638aed6db02b6ff814,0x311e8fbacc2ec05793e14319ef0006f7a7516cba,1.209917000000000000,NULL,0x,0
1,0x4d439ce3d496678317a30d317554a86cfd6aa18819430a585c067b84368bde2a,5556322,1525460742,0xcc494a939c47e9fabde7d29477ec1156a88ccba4,0x311e8fbacc2ec05793e14319ef0006f7a7516cba,0.499832000000000000,NULL,0x,0
2,0xbb69cd37b70551e79ffc321d016623ec3a06c433b45d1f4ac8e4221e9551a62e,5556425,1525462296,0x9d6c55b8741a36d5c0e8e43b60bfa5440dad5114,0x311e8fbacc2ec05793e14319ef0006f7a7516cba,1.999580000000000000,NULL,0x,0
3,0x36e4337d8ed7b99aaae5ff821e67ad0bcb74937b8772c2e3becec19450ea36b7,5556517,1525463677,0xb20b89a8088371fd3f063c74336c891e0bd3f2af,0x311e8fbacc2ec05793e14319ef0006f7a7516cba,1.000000000000000000,NULL,0x,0
4,0xcb850d8745faf81c3bdcdc8466af4275ee25b3c4c7064059ac6370a7d8503689,5556618,1525465257,0x45254727d6f6c041dcc7cafee17f139cd3405458,0x311e8fbacc2ec05793e14319ef0006f7a7516cba,0.337000000000000000,NULL,0x,0
5,0x9a3c2e67442b80bd2bef17470033392846ee4b4f45a1f6f1719572771e3f9fe1,5556637,1525465507,0x70e2752ddf088e5818ecde10c1d59736dcb5c8b6,0x311e8fbacc2ec05793e14319ef0006f7a7516cba,9.000000000000000000,NULL,0x,0
6,0x8ce042494ba2abcd6bc389f10f9482a53c1eda17d28fd1fdb0c0f1f18d63e199,5556740,1525467032,0xc03b4f3df43bfe5c97b195d5df3f97ca4adaeeeb,0x311e8fbacc2ec05793e14319ef0006f7a7516cba,5.000000000000000000,NULL,0x,0
7,0x202ca1fedb051a1b1eb8f182808f535571687e22c08db86f8d22bf030cd869ec,5556784,1525467632,0x7ed1e469fcb3ee19c0366d829e291451be638e59,0x311e8fbacc2ec05793e14319ef0006f7a7516cba,0.200000000000000000,NULL,0x,0
8,0x33550b64e46acfea15cccf58ad730a912c8fe5ad226fb72fea0e9ba5d69b2043,5628037,1526542102,0x311e8fbacc2ec05793e14319ef0006f7a7516cba,0x2b29c9ad45b0921407f8a44beb2b9c2d7def5cc3,3.000000000000000000,NULL,0x,0
9,0x178f24b514ecad975b464a0d4c57859160cc52f9b4f9e70b89bd024633f2b790,5628047,1526542253,0x311e8fbacc2ec05793e14319ef0006f7a7516cba,0x2b29c9ad45b0921407f8a44beb2b9c2d7def5cc3,10.000000000000000000,NULL,0x,0
10,0x9480d895729d95da98b45402084c6c823cde2828df3d3ba7b33fe56878a9e9bb,5628096,1526542859,0x311e8fbacc2ec05793e14319ef0006f7a7516cba,0x2b29c9ad45b0921407f8a44beb2b9c2d7def5cc3,6.243746000000000000,NULL,0x,0
