,TxHash,BlockHeight,TimeStamp,From,To,Value,ContractAddress,Input,isError
0,0x654ab7bdad1108aef891fd91f3ae694a8721d74cf20847d0cf6cf8e29c5a2751,5856884,1530007364,0xe8d1a99d3f9ccce3b8edd5d08ac0d9a57cb7e10d,0x31f530b58efa42dab4bd1789184b4cc6b884dea0,1.060000000000000000,NULL,0x00,0
1,0xb5db0801756ff4588ba0e16ca092504fd6a8051e314e65ce702fd87e6eadcdcf,5862444,1530090886,0x8594d6fc134a4cd5065df74cf1decb02993b4102,0x31f530b58efa42dab4bd1789184b4cc6b884dea0,0.270000000000000000,NULL,0x00,0
2,0xe9723c817cb61b10cdfc6b51ad1e0f3d0013bd5b8587c2ed64822c44178014f8,5863482,1530106448,0xe66eeed2a3cab767dad97248d88dfd83a3cf92cf,0x31f530b58efa42dab4bd1789184b4cc6b884dea0,9.670000000000000000,NULL,0x00,0
3,0x7df4093b019ba109eb10af4a3076e5e00d9b9d667ee7849ec67adb388792445c,5863489,1530106534,0xe66eeed2a3cab767dad97248d88dfd83a3cf92cf,0x31f530b58efa42dab4bd1789184b4cc6b884dea0,5.100000000000000000,NULL,0x00,0
4,0xe6718c5a0730f79d3ea00c0b9c5d79b00354b2ea2b3db226f295ec1533703532,5863875,1530111770,0xa149ac53a658e3c9451bae904d1b4d230efd4ab0,0x31f530b58efa42dab4bd1789184b4cc6b884dea0,0.550000000000000000,NULL,0x00,0
5,0xfb92e045aa0c6c385e3df0c9fa1a0241e86ce3f56ab3a8f76f5393885958ca99,5865570,1530136437,0xbf27f2697f96cef94f449badc16df784b9e2e387,0x31f530b58efa42dab4bd1789184b4cc6b884dea0,2.745000000000000000,NULL,0x00,0
6,0xafa0bc8bc685485a15b232d3a59f668e042fce990dab4d1fc709c83e78c38c04,5865580,1530136513,0x547711ee22f2205b9572d18759c1189cbebb8945,0x31f530b58efa42dab4bd1789184b4cc6b884dea0,1.324000000000000000,NULL,0x,0
7,0x03390e029b146a86dd4a1482e65e6822918a542949cc3dbce46a74f4386119ff,5865586,1530136615,0x8fe2e5ba17e6d3073b2744ed8d7746f9a00d7bae,0x31f530b58efa42dab4bd1789184b4cc6b884dea0,0.270000000000000000,NULL,0x,0
8,0xf105fc1a92f5c401401fafa70f2be00590f34a9702cb151c90c68d8840f0a8dc,5868280,1530177160,0xca9b8c5402fe3a208970c33e6bcce542f2f83d66,0x31f530b58efa42dab4bd1789184b4cc6b884dea0,2.000000000000000000,NULL,0x00,0
9,0x7cdd1f7b5bcdeb7bf4e13947059466e86f4329937c83666724fc0882770f7231,5868808,1530184813,0xb874157d5faac51211f1caad3fd8c462e30936a7,0x31f530b58efa42dab4bd1789184b4cc6b884dea0,0.280000000000000000,NULL,0x00,0
10,0x338ec991f18ec754ac94a14c6dc3104e7de5355c992725abf16ae36390c1280e,5871143,1530219797,0xb6cd13f7d0aa8152e94d9fff7a3b5af759fabe3c,0x31f530b58efa42dab4bd1789184b4cc6b884dea0,2.350000000000000000,NULL,0x00,0
11,0xab70fc3716722fd12e02bea840997b42ff049a31f5cdd4ccd5e5c338a16c97a5,5871148,1530219902,0x63d2987d951bb4051e71bf99cb51b800c90bff63,0x31f530b58efa42dab4bd1789184b4cc6b884dea0,7.000000000000000000,NULL,0x00,0
12,0x052b345b2c51f697bdad00ec2169b6eccc7ecc852218bfbd51da84f0ec26d896,5871176,1530220315,0x63d2987d951bb4051e71bf99cb51b800c90bff63,0x31f530b58efa42dab4bd1789184b4cc6b884dea0,2.310000000000000000,NULL,0x00,0
13,0xfaa3e7b0f6b166a302eef9413efea81441eb061718bac1b68f768bdeddb2f0a7,5874489,1530270364,0x554614015b670e68587fe889954759cea6cdd2d5,0x31f530b58efa42dab4bd1789184b4cc6b884dea0,0.130000000000000000,NULL,0x00,0
14,0x417fe1eac9f3a2abb27f8d9c3134c133744d92943fe65e6483db4887bcd0b971,5875756,1530289300,0x989731594aa1cfcc5c94cf55764a504cc4c7263d,0x31f530b58efa42dab4bd1789184b4cc6b884dea0,0.302664825000000000,NULL,0x00,0
15,0x9e4a4b0c8f522461a599c04325da821cfdacd4d010e1e268b7e11eef721def69,5877279,1530311739,0x31f530b58efa42dab4bd1789184b4cc6b884dea0,0x9a38dc5e1dacae397c24409a8a1587b007ad15a8,35.360000000000000000,NULL,0x,0
16,0xbfb644f3ecb7484f15f474c25c3b6cd677e2152c41fb282074f90c231d0bc9f0,5877290,1530311912,0x9a38dc5e1dacae397c24409a8a1587b007ad15a8,0x31f530b58efa42dab4bd1789184b4cc6b884dea0,0.100000000000000000,NULL,0x,0
17,0xa461d900dddb0a517f5a807acf12e044b9b914c2d841d49d918aebaf171118fb,5877294,1530311984,0x31f530b58efa42dab4bd1789184b4cc6b884dea0,0xcdcfc0f66c522fd086a1b725ea3c0eeb9f9e8814,0E-18,NULL,0x095ea7b30000000000000000000000002a0c0dbecc7e4d658f48e01e3fa353f44050c20800000000000000000000000000000000000000000000000422bfb957eed94000,0
18,0x904066b60d87872298fed6c3f4372e3e46c0ad7f05588028b26c27717d6e3acb,5877296,1530312026,0x31f530b58efa42dab4bd1789184b4cc6b884dea0,0x2a0c0dbecc7e4d658f48e01e3fa353f44050c208,0E-18,NULL,0x338b5dea000000000000000000000000cdcfc0f66c522fd086a1b725ea3c0eeb9f9e881400000000000000000000000000000000000000000000000422bfb957eed94000,0
19,0x8cb56637f89e50d515e7e8fc4daa648d66511fccb186a0eaad7807d0c434e665,5877298,1530312042,0x31f530b58efa42dab4bd1789184b4cc6b884dea0,0x2a0c0dbecc7e4d658f48e01e3fa353f44050c208,0E-18,NULL,0x338b5dea000000000000000000000000f0ee6b27b759c9893ce4f094b49ad28fd15a23e40000000000000000000000000000000000000000000000000000002dd8279100,1
20,0xa289fd107bad7400e6092af8ad16184cd5f02d2821878e09aec14df92062e484,5877303,1530312094,0x31f530b58efa42dab4bd1789184b4cc6b884dea0,0x05f4a42e251f2d52b8ed15e9fedaacfcef1fad27,0E-18,NULL,0x095ea7b30000000000000000000000002a0c0dbecc7e4d658f48e01e3fa353f44050c2080000000000000000000000000000000000000000000000000019934041450a00,0
21,0x01bd84fd89fe3436e9ff6864e318881e9151cd065ba6a1e32039aa1acaef19ca,5877305,1530312103,0x31f530b58efa42dab4bd1789184b4cc6b884dea0,0x2a0c0dbecc7e4d658f48e01e3fa353f44050c208,0E-18,NULL,0x338b5dea00000000000000000000000005f4a42e251f2d52b8ed15e9fedaacfcef1fad270000000000000000000000000000000000000000000000000019934041450a00,0
22,0x5e94fcda28e074f2d23f3cde17c7d056502d2d18dcec527ccb8f48029d2a45a7,5877308,1530312170,0x31f530b58efa42dab4bd1789184b4cc6b884dea0,0xf0ee6b27b759c9893ce4f094b49ad28fd15a23e4,0E-18,NULL,0x095ea7b30000000000000000000000002a0c0dbecc7e4d658f48e01e3fa353f44050c2080000000000000000000000000000000000000000000000000000002dd8279100,0
23,0x2b5293f7cfc0b37e663c916fd53e28b5d99c3b1690e38a527a626abb30b4a48d,5877312,1530312223,0x31f530b58efa42dab4bd1789184b4cc6b884dea0,0x2a0c0dbecc7e4d658f48e01e3fa353f44050c208,0E-18,NULL,0x338b5dea000000000000000000000000f0ee6b27b759c9893ce4f094b49ad28fd15a23e40000000000000000000000000000000000000000000000000000002dd8279100,0
24,0xb0486a6baf4c300d29855e20dc47271501cd3c9e87a67660d5ca4211386a051a,5877317,1530312300,0x31f530b58efa42dab4bd1789184b4cc6b884dea0,0xb1eef147028e9f480dbc5ccaa3277d417d1b85f0,0E-18,NULL,0x095ea7b30000000000000000000000002a0c0dbecc7e4d658f48e01e3fa353f44050c2080000000000000000000000000000000000000000000002d0fe93ed9477500000,0
25,0xea8f5e56948cdaa1994b955a91df22aef6d401c598802473c806275a4db849a3,5877319,1530312322,0x31f530b58efa42dab4bd1789184b4cc6b884dea0,0x2a0c0dbecc7e4d658f48e01e3fa353f44050c208,0E-18,NULL,0x338b5dea000000000000000000000000b1eef147028e9f480dbc5ccaa3277d417d1b85f00000000000000000000000000000000000000000000002d0fe93ed9477500000,0
26,0xadfcd4d6788b0a3bb96965be9d75413efdf01e4987c71d9b73ad3aff32816dff,5877329,1530312463,0x31f530b58efa42dab4bd1789184b4cc6b884dea0,0x3abdff32f76b42e7635bdb7e425f0231a5f3ab17,0E-18,NULL,0x095ea7b30000000000000000000000002a0c0dbecc7e4d658f48e01e3fa353f44050c20800000000000000000000000000000000000000000000017b7883c06916600000,0
27,0x25d02714de1e6302bfcb273c311364aa621cbd8ba22279da4ec33a58b94629d0,5877331,1530312499,0x31f530b58efa42dab4bd1789184b4cc6b884dea0,0x2a0c0dbecc7e4d658f48e01e3fa353f44050c208,0E-18,NULL,0x338b5dea0000000000000000000000003abdff32f76b42e7635bdb7e425f0231a5f3ab1700000000000000000000000000000000000000000000017b7883c06916600000,0
28,0xec810fba55e10b05319b8a172323f5e53e63c01a531513b6fd1989c68fcb4186,5877334,1530312552,0x31f530b58efa42dab4bd1789184b4cc6b884dea0,0xe41d2489571d322189246dafa5ebde1f4699f498,0E-18,NULL,0x095ea7b30000000000000000000000002a0c0dbecc7e4d658f48e01e3fa353f44050c20800000000000000000000000000000000000000000000003627e8f712373c0000,0
0,0x3f353fb6d4ef73c763ec814986756121e58c7f28cf76c21d432b95b07b36ae9b,5877335,1530312566,0x2a0c0dbecc7e4d658f48e01e3fa353f44050c208,0x31f530b58efa42dab4bd1789184b4cc6b884dea0,12.432384466575946335,NULL,NULL,0
29,0x2195a32ee689c0b5f2324ab47e69f9d9ca22f8806050ea669dea5210790c25b4,5877336,1530312575,0x31f530b58efa42dab4bd1789184b4cc6b884dea0,0x2a0c0dbecc7e4d658f48e01e3fa353f44050c208,0E-18,NULL,0x338b5dea000000000000000000000000e41d2489571d322189246dafa5ebde1f4699f49800000000000000000000000000000000000000000000003627e8f712373c0000,0
1,0xfe63c387c15df61aec021d97540d6b9a9e61414c39658db65a4b32fd92065035,5877351,1530312694,0x2a0c0dbecc7e4d658f48e01e3fa353f44050c208,0x31f530b58efa42dab4bd1789184b4cc6b884dea0,1.393818274455674222,NULL,NULL,0
30,0x32b03189a8c59063e6696169f2ad30e39d6a8a93db734d807301a5d6a8131990,5877359,1530312807,0x31f530b58efa42dab4bd1789184b4cc6b884dea0,0x9a38dc5e1dacae397c24409a8a1587b007ad15a8,13.921000000000000000,NULL,0x,0
31,0x02fe4d5e5725532a5f6fd99e7bc43c44c99465b3c8a8751e88c249bc7f076cd3,5985198,1531899393,0x31f530b58efa42dab4bd1789184b4cc6b884dea0,0x257640ab5d4d873d23436509c6f169a1b5a56237,0.000098871031620557,NULL,0x,0
