,TxHash,BlockHeight,TimeStamp,From,To,Value,ContractAddress,Input,isError
0,0x4859b792f61cb6c2edba1affbba7b5514647578492869e99025885f241626842,5401993,1523172966,0x863ac657232c2259b374e1e7e1a55375a30552b5,0x319ce3233d17b45d49aaa9414f154832d0f9aa61,1.000000000000000000,NULL,0x,0
1,0x43a899da0d6a1f396b1401a3185effc9b919b228ccb324b2d151c985c9003538,5403630,1523196599,0xb7918c05a60fbc1e06762621a1241653b401b14a,0x319ce3233d17b45d49aaa9414f154832d0f9aa61,0.300000000000000000,NULL,0x,0
2,0xf63be78e417d99cf9c8d221259da0aa33a97726a06e49f9b958f087af2d495ae,5403938,1523200862,0x319ce3233d17b45d49aaa9414f154832d0f9aa61,0xa9125d43bf5e4f981a8ea2b8e06b3de00e92b469,1.299517000000000000,NULL,0x,0
3,0x88669ffcd773d40e53b3c434254b4699efe2725a3274f9efe7b0e818d602f0c6,5405881,1523228377,0xd551234ae421e3bcba99a0da6d736074f22192ff,0x319ce3233d17b45d49aaa9414f154832d0f9aa61,0.390000000000000000,NULL,0x,0
4,0x3a8bbdf498d720a5029d37529eda2e71d492b2b6100b8e79eebf2c64d9058208,5408676,1523269333,0xec2e63ab041523c523118d80ec61dfc5e6253775,0x319ce3233d17b45d49aaa9414f154832d0f9aa61,0.330000000000000000,NULL,0x,0
5,0x56d450347c3384c6523b34cc0cd66c50fcb5759673c8f5fe43b0787b1703f8a0,5411456,1523309304,0xcee9f23da377494747d73f671031df99e993977d,0x319ce3233d17b45d49aaa9414f154832d0f9aa61,0.300000000000000000,NULL,0x,0
6,0x3071fb44b43c027365b1706e5cf623b147d104041822d0b694650a65c45d08d7,5412722,1523327086,0xd551234ae421e3bcba99a0da6d736074f22192ff,0x319ce3233d17b45d49aaa9414f154832d0f9aa61,1.000000000000000000,NULL,0x,0
7,0x5a04a1d68d94731cd5c872d8e5c2e18d14658cf207cf5fe5d8c0e757490ddd02,5412728,1523327191,0xd33577609f71eeb9e72b8b077590f50f9cbbce0a,0x319ce3233d17b45d49aaa9414f154832d0f9aa61,0.302748000000000000,NULL,0x,0
8,0x694164fb630ed869beab00a313be8469a2bc0205f4b54caf72970a6c2f594520,5413183,1523333572,0xb14da6cb8876a2c60eee1f02fef33fe9adf80da7,0x319ce3233d17b45d49aaa9414f154832d0f9aa61,0.500000000000000000,NULL,0x,0
9,0x916b6b4f5baf6b18afb0c6ca1987aa3c90388b62f8eee0024de7f8a6f79285d6,5416433,1523379812,0x319ce3233d17b45d49aaa9414f154832d0f9aa61,0x32bdd07a3f1f784a263d4c3f781e40746619baea,2.822265000000000000,NULL,0x,0
10,0x630a9f40a28c4d1aca701d2af842f1ba0b5c7f9347284976f13a71ef5c286ff1,5416633,1523382716,0xfbb1b73c4f0bda4f67dca266ce6ef42f520fbb98,0x319ce3233d17b45d49aaa9414f154832d0f9aa61,0.500000000000000000,NULL,0x,0
11,0xfafd981f560fe7efcd0be15fd512a6f94d333880a5aa662a02c549e1c15aabd8,5416658,1523383072,0xfbb1b73c4f0bda4f67dca266ce6ef42f520fbb98,0x319ce3233d17b45d49aaa9414f154832d0f9aa61,1.000000000000000000,NULL,0x,0
12,0xb111d605e61ec3d57f02fe9b529facb513416cb328836e8172f2398dd0af8b1f,5416780,1523384915,0x296657e5de626400b092e4a150b7801bd085ad20,0x319ce3233d17b45d49aaa9414f154832d0f9aa61,0.350000000000000000,NULL,0x,0
13,0xb90f44cebe1c917b0b400146e8a8b165462f8a521e1b879a4efeaf90a189c945,5421533,1523453234,0x319ce3233d17b45d49aaa9414f154832d0f9aa61,0x16ff399658c1dd52e0c1e30ee3663eefcfce1620,1.849517000000000000,NULL,0x,0
