,TxHash,BlockHeight,TimeStamp,From,To,Value,ContractAddress,Input,isError
0,0x8ca493b2886d97b316f9d8c83b7d07e4a0d89c21461bf586db3aeb61bc12cc42,5568671,1525645934,0x22fffd7ca2cadbc5065a5280c40c69072f175b34,0x3171b40d92195d65a406f947daf0d5354a138fb3,0.500000000000000000,NULL,0x,0
1,0x89be9165b566e22fab7852faccbb1575036ba1d56557f38abbf462abc9def1f4,5568692,1525646308,0x3171b40d92195d65a406f947daf0d5354a138fb3,0x7ed1e469fcb3ee19c0366d829e291451be638e59,0.499937000000000000,NULL,0x,0
2,0x0394ea70d0bb86677e187ec10393c7b9200ccbda39a28d993287afa430e51211,5721137,1527967433,0x1f737f5f4929088f976a13d5bb3b98b406b8cbec,0x3171b40d92195d65a406f947daf0d5354a138fb3,0.500000000000000000,NULL,0x,0
3,0x1b132921f5b0234638e73963a9990a683672f2ff5d1cc2311a7d7c70535c3f44,5721153,1527967677,0x3171b40d92195d65a406f947daf0d5354a138fb3,0x7ed1e469fcb3ee19c0366d829e291451be638e59,0.499727000000000000,NULL,0x,0
4,0xb23d78c1bf4bbe701f840c0ce1dc76cfd5bed8660dd7206ae12e6601b0ededcb,5721515,1527973149,0x1f737f5f4929088f976a13d5bb3b98b406b8cbec,0x3171b40d92195d65a406f947daf0d5354a138fb3,0.500000000000000000,NULL,0x,0
5,0xb0d9aa6130fe72aafa0e24b8ad128f2bf96e4d6ab57910f98230a81d07ef500f,5721556,1527973618,0x3171b40d92195d65a406f947daf0d5354a138fb3,0x7ed1e469fcb3ee19c0366d829e291451be638e59,0.499790000000000000,NULL,0x,0
