,TxHash,BlockHeight,TimeStamp,From,To,Value,ContractAddress,Input,isError
0,0x98fa68c1cb969d61ec370b8904da5bda836f10f97b0cf09a9be6dcd0021dd56a,5707820,1527763169,0xc1a012e58ad5a229e4a7051e07bc5bdf2ecb91a2,0x34d202c37f9609a3d0d44db259ff51bae8ea2d0f,0.503480000000000000,NULL,0x,0
1,0x773490166508251661373596bb23b11f4ce9586d9ef83908f2b8039e22ee0522,5708255,1527769646,0x34d202c37f9609a3d0d44db259ff51bae8ea2d0f,0xdf2acd6b7689657138f3429e60ee73bb0f89f694,0.500000000000000000,NULL,0x,0
2,0xacb43c19fba2def7d86c433116ea1b08388767c8f17a4181c4e1d7ceda73465b,5712586,1527836742,0xb0efcd743f15e9b29fc63d03983893af077ad37e,0x34d202c37f9609a3d0d44db259ff51bae8ea2d0f,0.500000000000000000,NULL,0x,0
3,0xbe8abd53e765e4b95512e9dde26f97400ba2a88d49d9406772c5cf38f65da624,5712889,1527841329,0x34d202c37f9609a3d0d44db259ff51bae8ea2d0f,0xdf2acd6b7689657138f3429e60ee73bb0f89f694,0.500000000000000000,NULL,0x,0
4,0xcaaa335ff8bf928304bdea2eb9789139d8e1249015ebc57e0b805a1ef8c06e6f,5713711,1527853724,0xfbb1b73c4f0bda4f67dca266ce6ef42f520fbb98,0x34d202c37f9609a3d0d44db259ff51bae8ea2d0f,1.281822380000000000,NULL,0x,0
5,0x17bc9ce71061f64a02c82f660a6bbac25551035b40af719dffc7d7f95ba9eefd,5716068,1527890096,0x32be343b94f860124dc4fee278fdcbd38c102d88,0x34d202c37f9609a3d0d44db259ff51bae8ea2d0f,0.590000000000000000,NULL,0x,0
6,0x0f652fea09c6d1018fd878113bd30d4487cb0b3ff2f9e8d0deac5c789c7a617e,5739407,1528247776,0x34d202c37f9609a3d0d44db259ff51bae8ea2d0f,0xcf801331c55a50bc12beeb036aae6f17e0607ff4,1.860000000000000000,NULL,0x,0
7,0x6109c0b3c103d739c062f39fc51deeb8e1ce766747a5df1e5438929a906343b4,5739469,1528248693,0x34d202c37f9609a3d0d44db259ff51bae8ea2d0f,0xb7e4975a86337f08063e16dafb10a3e8debcb4d4,0.010000000000000000,NULL,0x,0
8,0xdd92fa5ed91c8a3fdc2a10e40a7ad2570798d0332231df74ea2488afbc3b63c7,5786975,1528972788,0x34d202c37f9609a3d0d44db259ff51bae8ea2d0f,0x1ad5f31b670fa9cdfcf7865ffee272154917632e,0.002500000000000000,NULL,0x,0
