,TxHash,BlockHeight,TimeStamp,From,To,Value,ContractAddress,Input,isError
0,0x4fa320bd74f27ebd06de35c2bfc55f9dbbc96945d6d550d19df4893d4b25e10c,5054725,1518118197,0x14d0d00e174fcb2c2a547dc8f7b3e4550b082721,0x34eea3e741f9a3e77fb34e0793b1af36edc2b0ae,0.200000000000000000,NULL,0x,0
1,0xc49d5c165fe2ef0111c23f954b9d84e87486ca154f99c50463e90601a5cc532f,5054971,1518122077,0xc777dec59e7298aad452c8565a85721517351fc7,0x34eea3e741f9a3e77fb34e0793b1af36edc2b0ae,0.020000000000000000,NULL,0x,0
2,0x0092b5035c0dc0adad10cf97aa8d2953d6a367ad06f52dd383712d65896e864f,5056334,1518141127,0xb01cb49fe0d6d6e47edf3a072d15dfe73155331c,0x34eea3e741f9a3e77fb34e0793b1af36edc2b0ae,0.200000000000000000,NULL,0x,0
3,0x36fc85ee90dcbfd07aac61b340ca417a42fb665ceb44192fe9e6d3651d26c43d,5074577,1518405255,0x564286362092d8e7936f0549571a803b203aaced,0x34eea3e741f9a3e77fb34e0793b1af36edc2b0ae,0.190000000000000000,NULL,0x,0
4,0x17ebe44a7aea309e76fca60b3210d1d36f786b9062afe1f5ee678c56e92f5383,5116906,1519018948,0x34eea3e741f9a3e77fb34e0793b1af36edc2b0ae,0xf8a4b8c70a3311aaf5dd7ee13aa510e275e5cfa6,0.300540870000000000,NULL,0x,0
5,0x35aef68be74a8e07b9aaeacb3c70bfb47ec03e51da31df18d496060ea071ca2f,5135706,1519296785,0x7403bb722a1fdd00e8637d1ca0da5f5c98264d3a,0x34eea3e741f9a3e77fb34e0793b1af36edc2b0ae,1.000000000000000000,NULL,0x,0
6,0xca70c25a77c765fa64440a0662394a3c509f6941f6cadc86e0526fb8cdefe7a7,5157917,1519623449,0x29968c7d53b5b47652ad55bc06f77622339b0496,0x34eea3e741f9a3e77fb34e0793b1af36edc2b0ae,0.004630842663463120,NULL,0x,0
7,0x1b400b279b87c09e859197b04b116a2cd8418fda3d2ccb41cb772f8737f4094c,5158001,1519624698,0xd45b5a22618ad94fa3f28e21662b4a76852432d8,0x34eea3e741f9a3e77fb34e0793b1af36edc2b0ae,0.010000000000000000,NULL,0x,0
8,0xe1933f105be422a589f3241499c1d58559e9fc11a45023c0fca212ec88270705,5159970,1519654420,0x32be343b94f860124dc4fee278fdcbd38c102d88,0x34eea3e741f9a3e77fb34e0793b1af36edc2b0ae,0.200000000000000000,NULL,0x,0
9,0x351af4f5f81d2dc46cf2d362feaa90adb3b1db4138b5b313e6a0ce16e60ab321,5160126,1519656917,0x32be343b94f860124dc4fee278fdcbd38c102d88,0x34eea3e741f9a3e77fb34e0793b1af36edc2b0ae,0.706800990000000000,NULL,0x,0
10,0xbbf2d47360372a85cf0aaf5a7ae29779d37ef27c4572d24957874e9323094acb,5167190,1519760460,0xfbb1b73c4f0bda4f67dca266ce6ef42f520fbb98,0x34eea3e741f9a3e77fb34e0793b1af36edc2b0ae,4.994000000000000000,NULL,0x,0
11,0x15792b622754e52c5fea073633d50985bf3dd5b51cabb9d74c2f654279781d9f,5169438,1519793453,0x34b9952057a4bcd136d6915e64847c7b80e8befa,0x34eea3e741f9a3e77fb34e0793b1af36edc2b0ae,1.000000000000000000,NULL,0x,0
12,0x0b1b52038d8442b5c88d1732008eae663064eca2a7731bfd6ed0db2f97be740e,5170094,1519802604,0xfbb1b73c4f0bda4f67dca266ce6ef42f520fbb98,0x34eea3e741f9a3e77fb34e0793b1af36edc2b0ae,0.653518340000000000,NULL,0x,0
13,0xf97e82192e47849f50a35ea9f5e444bb43c4938601610e6d015c95f011529be4,5172150,1519833070,0x34eea3e741f9a3e77fb34e0793b1af36edc2b0ae,0xc90816d6c3a2607d3fc19c44290d4574c4431df6,1.000000000000000000,NULL,0x,0
14,0xb0809551944f823f80bf283e945cef2ed6f4a9d44510f246e32df5cdd871488a,5172163,1519833240,0x34eea3e741f9a3e77fb34e0793b1af36edc2b0ae,0xc90816d6c3a2607d3fc19c44290d4574c4431df6,3.000000000000000000,NULL,0x,0
0,0xdefc671990991241f38296ef794e67d650ebad8a2c73f75cc05f513807a25735,5176526,1519897438,0xc71e9987640e5f9663316b351a38f2c60e8b1b03,0x34eea3e741f9a3e77fb34e0793b1af36edc2b0ae,0.500000000000000000,NULL,NULL,0
15,0x3ef21e2afbd27a090ed0e5f071f4926ff098172adaa5bb9f2190dd336dc9d820,5176855,1519902444,0x89ec013b293b61f634f83aae6ec98fe5e733aa0c,0x34eea3e741f9a3e77fb34e0793b1af36edc2b0ae,0.100000000000000000,NULL,0x,0
16,0x003882c5871b925e04d0c57725af06d8a7bea0f693393cf8c95be8afddbe6dc7,5182939,1519992541,0x668580231359ec3866db49b7737bbb9f817da7c1,0x34eea3e741f9a3e77fb34e0793b1af36edc2b0ae,0.615010883722400000,NULL,0x,0
17,0xa268d2d8653f0200af76c1a098bc6e3f866eea3ac4ff314f5482abc82235d46e,5184546,1520016030,0x426267a261d569ec3d640f05b4fff4ff7959a82c,0x34eea3e741f9a3e77fb34e0793b1af36edc2b0ae,0.005858230000000000,NULL,0x,0
18,0xafcdb008d6a3dce1d29e8124fcbfd006de38f1da0a6eaf73da3da7e4a2b81b80,5184572,1520016288,0x23008066d838c755f69c7f4ed8b86e0bf9b54621,0x34eea3e741f9a3e77fb34e0793b1af36edc2b0ae,0.001054360000000000,NULL,0x,0
19,0xff1de96de7af48e92c2f32203f0f26862d0821728206c76be0270aaf03da392b,5184789,1520019376,0x876eabf441b2ee5b5b0554fd502a8e0600950cfa,0x34eea3e741f9a3e77fb34e0793b1af36edc2b0ae,0.427300000000000000,NULL,0x00,0
20,0x129687e08f5c09a3b73ef12aa9973098d7bc7c0a31c05ef1d9d42057a0933c3c,5184792,1520019453,0x49bccc010b28c929013e40d3825a0062107af42a,0x34eea3e741f9a3e77fb34e0793b1af36edc2b0ae,0.475554240000000000,NULL,0x,0
21,0x6a12e8b2c8145cb586d054a35ba84dce1b998b50de6e6ca9e02889ea5249b2d3,5184832,1520020040,0x876eabf441b2ee5b5b0554fd502a8e0600950cfa,0x34eea3e741f9a3e77fb34e0793b1af36edc2b0ae,0.297300000000000000,NULL,0x00,0
22,0xed3c4e1222664c82c0513aebf0bb3d63e7120eb84208c84714742d5fe28a4ef7,5185214,1520025306,0x65e2c5175e2e618f48e70343b14c31b280e42d90,0x34eea3e741f9a3e77fb34e0793b1af36edc2b0ae,0.425420000000000000,NULL,0x,0
23,0xb01793583e617616ded7dfe87c9d0c0568e121f9cfffe25c7986d336524bb90b,5185260,1520025881,0x63b869b6cc57532d698ce96f632e881f62a50849,0x34eea3e741f9a3e77fb34e0793b1af36edc2b0ae,0.031532480000000000,NULL,0x,0
24,0xda4c567a5f1b7eb0b3f51d41373ec1106e8817bafea7777b25084dd918f69d63,5185824,1520034089,0x876eabf441b2ee5b5b0554fd502a8e0600950cfa,0x34eea3e741f9a3e77fb34e0793b1af36edc2b0ae,3.000000000000000000,NULL,0x00,0
25,0xe40b24406e28367b7a3262004fb34e365b2713d0c07fdb63fa53fb3940805894,5187971,1520065572,0x34eea3e741f9a3e77fb34e0793b1af36edc2b0ae,0xc3da8ab98c8c7d8f1e364677175a691742eaa4b8,2.000000000000000000,NULL,0x,0
26,0x6e2d45504b2d0a096f38c85afb97d1f76b01d9026fac4a9c5da602c62b9f368f,5187978,1520065642,0x34eea3e741f9a3e77fb34e0793b1af36edc2b0ae,0xc3da8ab98c8c7d8f1e364677175a691742eaa4b8,5.000000000000000000,NULL,0x,0
27,0xc98014bc778fbe9723014a6413f22d531d77ebf3a867b573eba09ff105b1bad7,5200200,1520243822,0xa236c36c501e887e85964f2b766113bf3a83a8b5,0x34eea3e741f9a3e77fb34e0793b1af36edc2b0ae,3.000000000000000000,NULL,0x,0
28,0x5b9d3120c2fe0b1770d8bd93a31e3504716b4c22d86f87e982213309b88651ec,5202713,1520280876,0x2213ca444e240912277ee51e5e60966b1f6d58d6,0x34eea3e741f9a3e77fb34e0793b1af36edc2b0ae,0.584450000000000000,NULL,0x,0
29,0xc717c64c21ce853f4a5d33fc3d4af5c696f85f8e77327aea1a66f2f81a36f861,5202805,1520282220,0x7e1f5e5bfe7650c42ec1de95eca9ee258d066d00,0x34eea3e741f9a3e77fb34e0793b1af36edc2b0ae,0.070000000000000000,NULL,0x,0
30,0x80fbd738a0c3dc09dccdf64d6c99c1876bee449e83540e4c286cbb7cccf5ca8d,5202865,1520282939,0xc10cdaecc5f59b989874da1118958bc6907fb2dd,0x34eea3e741f9a3e77fb34e0793b1af36edc2b0ae,0.343019780000000000,NULL,0x,0
31,0x8d62b4676116f912af8693fa071a5e42d023eef8981be4464f72b006cdd9b485,5202872,1520283036,0x267be1c1d684f78cb4f6a176c4911b741e4ffdc0,0x34eea3e741f9a3e77fb34e0793b1af36edc2b0ae,4.995000000000000000,NULL,0x,0
32,0xc038dd751040f9f3d6e71d92b174825a4aaaecf97c5cd9e4a1c43852bc146117,5202927,1520283837,0x85d93bb05ec7fcdd33d37215cfa65ace1582ebe9,0x34eea3e741f9a3e77fb34e0793b1af36edc2b0ae,0.350000000000000000,NULL,0x,0
33,0xd770765e21b756d34258483057d8878662c12b012495668c8daebe4c00273500,5202942,1520284067,0x7a683e778d4cfb4565d7817db741c3aa9db7a8b5,0x34eea3e741f9a3e77fb34e0793b1af36edc2b0ae,0.300000000000000000,NULL,0x,0
34,0x95861e49f0a1ecabd56bdba6a650af2a6bbb58baa061ead8c6474c9965cfe17c,5202943,1520284108,0x824f03e9b2455afadbff2c4502e0173ca7ada95b,0x34eea3e741f9a3e77fb34e0793b1af36edc2b0ae,0.260000000000000000,NULL,0x,0
35,0x3f3fa61587cec14117d58beaaa548ae918f584c40c2943a21efbb80dba5891ef,5203013,1520285240,0xa0bb4ba19f578a63fa3f67adaf7bbca15ccadc45,0x34eea3e741f9a3e77fb34e0793b1af36edc2b0ae,0.309000000000000000,NULL,0x,0
36,0x6abfa3f662ef396997a5e920e1ecdc7f83d9c42ec4010b2110c9e681d532f800,5203050,1520285717,0xfa3f823dbb4c515b5198de5f1852c0936c88002f,0x34eea3e741f9a3e77fb34e0793b1af36edc2b0ae,0.002344500000000000,NULL,0x,0
37,0xb18afb80168e47e081dfec65a5c0581b80522f6e8506670818fedceb05b78bc4,5203087,1520286274,0x8896bbf13b489bf407969377d371d4e85c379c2a,0x34eea3e741f9a3e77fb34e0793b1af36edc2b0ae,2.980000000000000000,NULL,0x,0
38,0x9ca78a314d3f36f848b9265f6eecea127a26d743caa32daaa909be5808671c39,5203422,1520291361,0x0141eab88756fb715830a0502f7d5a107f0adccf,0x34eea3e741f9a3e77fb34e0793b1af36edc2b0ae,0.300000000000000000,NULL,0x,0
39,0x96cb2d5540bd7333eb88e25b4807c211c6b00399d1c095424f351e34acb4a1ba,5203637,1520294730,0x25123321e4fd6b369c7dbd7e3ea09807a2d83d8d,0x34eea3e741f9a3e77fb34e0793b1af36edc2b0ae,0.312368000000000000,NULL,0x,0
40,0x01fe4e73f4ee6b8a512366773b337409169d674cd99cc985d3654c3a9a4c209c,5204111,1520301523,0xb0274e39a82a78c95f7de709537b8cc48eae4ac5,0x34eea3e741f9a3e77fb34e0793b1af36edc2b0ae,0.313000000000000000,NULL,0x,0
41,0xfeaf4d460b954fd9275b913498d833ae0897be715a2ff24ce4c03a32cf2c680a,5204307,1520304303,0x0c6bf004a5d9be1b79de5ca301d2462345a092b2,0x34eea3e741f9a3e77fb34e0793b1af36edc2b0ae,0.300000000000000000,NULL,0x,0
42,0x72112f77f5dff12f04aeef20b66f7e2ca231b4d5a982e20ce7399a8833f6ac9b,5208336,1520363253,0x34eea3e741f9a3e77fb34e0793b1af36edc2b0ae,0x0730229c09f91f8884c7fa147a08f921425e1fda,10.000000000000000000,NULL,0x,0
43,0x7276c32783221c1b932cdc8843932c43da14fa4b3971ef2c25dd807389ae5901,5208344,1520363353,0x34eea3e741f9a3e77fb34e0793b1af36edc2b0ae,0x68e392d82bb5996a20f5b2504dbe4d6157133654,1.000000000000000000,NULL,0x,0
44,0x116cb8f1bfec79a7176f4b7704d3961197379eb14a50db80d73206b4551d4f83,5208360,1520363544,0x34eea3e741f9a3e77fb34e0793b1af36edc2b0ae,0xc90816d6c3a2607d3fc19c44290d4574c4431df6,5.000000000000000000,NULL,0x,0
45,0x89b56b408f6a1f7df9c8609c5ebde5a41dc4b2b5ea83781f906f22d03ac6d451,5208364,1520363643,0x34eea3e741f9a3e77fb34e0793b1af36edc2b0ae,0xc3da8ab98c8c7d8f1e364677175a691742eaa4b8,2.168872776385863120,NULL,0x,0
46,0x9dd6a3bf8f5ea6d635bdcdbeaba890eb4af4bdb7e36f94987758b7e4e6b2435d,5217572,1520498772,0xe41ccd72faf217a5603fac7517af65fef29ebba7,0x34eea3e741f9a3e77fb34e0793b1af36edc2b0ae,0.450000000000000000,NULL,0x,0
47,0x84d4882f65928a829294e2d40000557f2962887c5a03227206ea26710e2f5ca2,5253230,1521022362,0x177c4938f57fdf1a9a3c8862066805cdf3de5ea1,0x34eea3e741f9a3e77fb34e0793b1af36edc2b0ae,0.004476460000000000,NULL,0x,0
48,0xd3193fd85dd2937a2c5bcb91350652f10ef6731a3f3733533b2f4a52aed15067,5350759,1522440036,0x34eea3e741f9a3e77fb34e0793b1af36edc2b0ae,0xc3da8ab98c8c7d8f1e364677175a691742eaa4b8,0.450000000000000000,NULL,0x,0
