,TxHash,BlockHeight,TimeStamp,From,To,Value,ContractAddress,Input,isError
0,0x7299cd96fcb3d845766d42f796211db9f5d2ada8f7026d2dced389e6b0dea74b,4280285,1505565436,0x827d74b20e0ae2f3b0955784d1259f45bf36156a,0x34743ffa1f93e745668725e44efeb3c50a237796,3.000000000000000000,NULL,0x,0
1,0x2572e625328b2db403d0c4cc2fe693a0db8f011e95e757204dc6ba9014cc33fe,4280437,1505569036,0xb01cb49fe0d6d6e47edf3a072d15dfe73155331c,0x34743ffa1f93e745668725e44efeb3c50a237796,1.000000000000000000,NULL,0x,0
2,0xcc5aaae0abba476136b4277971646fa95f9c3d4db54919069b829f8ca9994add,4280496,1505570469,0x445a2a3d6c777abb53b232cb614cc18ad75141c8,0x34743ffa1f93e745668725e44efeb3c50a237796,0.393557929000000000,NULL,0x,0
3,0x422a64f65050a09e460f003047c4310f6d23c3d7230430f08c3d749bd64580a4,4280508,1505570755,0xbc88d0947d2cc81415325569acf29d9d834cc469,0x34743ffa1f93e745668725e44efeb3c50a237796,0.600000000000000000,NULL,0x,0
4,0xbc6fc49c770c015d48857248e5f861a2f15ac6a652ec90231f0b46050bf95384,4280515,1505570912,0x695bc23b23bf55a969b346f1ebe8cb4afb483a42,0x34743ffa1f93e745668725e44efeb3c50a237796,1.000000000000000000,NULL,0x,0
5,0xbdd699d6618f4edb8ff50aa0567498616cbe51b6d5ac1774a688e35cf40f5db4,4280515,1505570912,0x4c0c802751bb4e9ea74db8bece89c4e4bd0b8919,0x34743ffa1f93e745668725e44efeb3c50a237796,5.000000000000000000,NULL,0x,0
6,0xb20714e378ae129876a6a8f4988cab9fb57b6b2a86ba30d6d8bfadd6ff853a73,4280525,1505571152,0x8666635c093f4733e4e55db1c560f2f7483ea317,0x34743ffa1f93e745668725e44efeb3c50a237796,9.999559000000000000,NULL,0x,0
7,0x03e84531e4bac95d62c1cd7cb4c20da5aca12b5c956d70ddd080394ad218d7ed,4280526,1505571236,0x303e33b483b5df3148cb2eaa1c17c486531ddf31,0x34743ffa1f93e745668725e44efeb3c50a237796,1.010000000000000000,NULL,0x,0
8,0x5db6b9719d69afbb0b32851956f96ddaa895ebf97727f2f4fb38b50fd37a5e96,4280541,1505571566,0x83328cee1994dfc5ce56e55b4072bf7f3724be95,0x34743ffa1f93e745668725e44efeb3c50a237796,1.000000000000000000,NULL,0x,0
9,0x2a9dc0a1cda243ae7aa8be1ce101570d0c950789ccad88057b4b14f8a9571a70,4280542,1505571650,0x21f71436af1d052fee249b59cfab21092f7afb3e,0x34743ffa1f93e745668725e44efeb3c50a237796,0.998284720000000000,NULL,0x,0
10,0xc876109d0698ce751c6b1613a5f83f6616087dbe48d935eed1738bdc76f3cf67,4280601,1505573147,0xd480bd4b2b33d5bbcafa75e7ceb77c542271dbb3,0x34743ffa1f93e745668725e44efeb3c50a237796,0.950000000000000000,NULL,0x,0
11,0x8598cccaad67ce44f4a8b2a9b645d0cb6369d304a711a4e7b6fa604e89d17a70,4280681,1505575191,0x1151314c646ce4e0efd76d1af4760ae66a9fe30f,0x34743ffa1f93e745668725e44efeb3c50a237796,1.000000000000000000,NULL,0x,0
12,0xa19595d4f78e6e5444c3ab6a2a98bbb659bba9e8a145f609c6cff93f4e73b7d4,4280703,1505575707,0x2a40243577866f02d05cc99f184b2eb587e76bf2,0x34743ffa1f93e745668725e44efeb3c50a237796,0.500000000000000000,NULL,0x,0
13,0x04e0ae567fa4310732df9646412cc81be84af6bcce7bb2c8b7b817d10d0beabb,4280887,1505579752,0x514008917e06c9d35f55c5b2edf72bdda59fee06,0x34743ffa1f93e745668725e44efeb3c50a237796,0.108000000000000000,NULL,0x,0
14,0xbdf67c6bb7788571760339378f52342b6f3cfc209e78439dac324d2e68734cb7,4280892,1505579933,0xe5cccae931f9cd5501233dccab9e33b946d8f885,0x34743ffa1f93e745668725e44efeb3c50a237796,0.780000000000000000,NULL,0x,0
15,0xfd8d3f616da8c478cc68f24798dd0fcbc391d94c809fb99ca9fd62789447ccec,4301139,1506068035,0x267be1c1d684f78cb4f6a176c4911b741e4ffdc0,0x34743ffa1f93e745668725e44efeb3c50a237796,1.095000000000000000,NULL,0x,0
16,0x4bffd705a6fc5ef22de7f5549fe3825f78d620519dd10a4426b1ad3a7e0bb3d8,4313136,1506425619,0x34743ffa1f93e745668725e44efeb3c50a237796,0xf328c09e1d7e7e545e69166fcdf06a8ef7b12c32,28.433000000000000000,NULL,0x,0
