,TxHash,BlockHeight,TimeStamp,From,To,Value,ContractAddress,Input,isError
0,0x119487029af10317d80ad9ae3c9ec6fd20328f8b51587d9c4c61bda8460a0d39,5928822,1531075760,0x2b81d6d1b9ceea47b9720f9dcd917b54e74bede1,0x35810a676a84ec4db68c0a9286f7a740fda10b29,0.500000000000000000,NULL,0x,0
1,0xc971f74b39a60f8419b1aa7d3e63f25b9e19fe50b57e4273dd53022e30e96b7e,5929058,1531079206,0x2dddaffdb3277d846fce9b3066048e316bd19d70,0x35810a676a84ec4db68c0a9286f7a740fda10b29,0.500000000000000000,NULL,0x,0
2,0xa37d1822daae4a0c95abf72812bb4f943a25ba002eee45617cd84ceebe366003,5929622,1531087335,0x93d18ea8694b7d9019bcf11018bc36a6f89b0d7e,0x35810a676a84ec4db68c0a9286f7a740fda10b29,0.700000000000000000,NULL,0x,0
3,0x2d8a15f978865e0caf588b4ad19c430423681e3d395f331abff15f45d97666ed,5934624,1531161965,0x93a647c9d13875c867997c946487bc98adc700f6,0x35810a676a84ec4db68c0a9286f7a740fda10b29,0.500000000000000000,NULL,0x,0
4,0xf954011743b291c399642ef3489614d47d728b234ed97df79b943791e1d242da,5939412,1531233235,0x0b2ae7a75120d7be61f2716116eddd43ad93b7cc,0x35810a676a84ec4db68c0a9286f7a740fda10b29,0.500000000000000000,NULL,0x,0
5,0x2772429b8944434c321a44820e01da8df274df032b96b68289d5b9362b5ad6ba,5939816,1531239162,0x310a2a94657084de90eba082cddb307c173b4151,0x35810a676a84ec4db68c0a9286f7a740fda10b29,0.500000000000000000,NULL,0x,0
0,0xe2e5c93736b62a1e7c5caaf50718759af9e90f066c362a25464e71fb09ae9c44,5940959,1531255667,0x1522900b6dafac587d499a862861c0869be6e428,0x35810a676a84ec4db68c0a9286f7a740fda10b29,0.974695000000000000,NULL,NULL,0
6,0x65e88c5aed84ff7f28f2889a6c15ad2a28149d17b01aa6ad8cf74a9a11b075f5,5941030,1531256822,0xe21a78017b52db712d0900c0517157f7df3565f4,0x35810a676a84ec4db68c0a9286f7a740fda10b29,1.000000000000000000,NULL,0x,0
7,0x69e8f1c32d526079fe9452f313f855410ae28ae537e9b3119205d0b527445699,5941376,1531261822,0xb6aac3b56ff818496b747ea57fcbe42a9aae6218,0x35810a676a84ec4db68c0a9286f7a740fda10b29,1.000000000000000000,NULL,0x,0
8,0xb34913311864f48ae39d0eec688f5cb4dfb06e25dc25a4bfbf075a955d93c316,5941590,1531265449,0xcf813e1d4ba4c1c61dc2f76cc5b009a5313bce51,0x35810a676a84ec4db68c0a9286f7a740fda10b29,0.260000000000000000,NULL,0x,0
9,0xd84f037b73b10b0791d529526b064a54307c4e4e2c5caa40b6ee8c6b477e4d89,5941594,1531265470,0x909edcadeeb3f6d4aa910162bc6c90e9cf069fdc,0x35810a676a84ec4db68c0a9286f7a740fda10b29,0.730000000000000000,NULL,0x,0
10,0x36ea63b86e65b298214ef7eea8c91e31be0b7d5ba3aeaa6301849ba19092556e,5942397,1531277766,0x1d1ff7c9f9695a72c6d99fbe621048bdeff373d8,0x35810a676a84ec4db68c0a9286f7a740fda10b29,1.000000000000000000,NULL,0x,0
