,TxHash,BlockHeight,TimeStamp,From,To,Value,ContractAddress,Input,isError
0,0xd2313a158ce832ecdeec7b3043d47aefb77ef6bfa15d7ba95efb9b5eeafc6d17,4245247,1504719002,0xe23c7252b2dc3a569afab648bdbb5b4ce5b1e903,0x354d4f3eb48be676a030f98e2a6c5bc06b96e249,4.151318630000000000,NULL,0x,0
1,0xe778d2704cfb5f16a9593088ee6b8ffd4249c7f257df5690cd5bc5be4e981f39,4245260,1504719395,0xff998eb6f2e2c1b4666991a677758035513a941e,0x354d4f3eb48be676a030f98e2a6c5bc06b96e249,1.133890582000003500,NULL,0x,0
2,0xabdd037a94478271d0f0e609aa0696bcb7c43797e632585bfbdf54f5defb2f63,4245305,1504720229,0xb3d899075013ce12dfdb251bb82f0c8c242a9034,0x354d4f3eb48be676a030f98e2a6c5bc06b96e249,0.180140400000000000,NULL,0x,0
3,0x9dee6b090f92f362576c874f4f103bbfdc14e4170bd31403966240dc43ffd592,4245327,1504720806,0x9fdf2ec3db376f730cd67952b15a5e0de0484bda,0x354d4f3eb48be676a030f98e2a6c5bc06b96e249,0.060267984000000000,NULL,0x,0
4,0x77ee0e5ce593c129413ab9963df3ce042322a8bb7ccc76fd9f9e21ab7c7577f2,4245430,1504723305,0xb9cfb64c092edaeb658ea606f1f42035f6fdf882,0x354d4f3eb48be676a030f98e2a6c5bc06b96e249,2.000000000000000000,NULL,0x,0
5,0x3c4bf4816091230ed27f94935ca1c33adea54657d34c61115ef55c70364d92f6,4245448,1504723678,0xb9cfb64c092edaeb658ea606f1f42035f6fdf882,0x354d4f3eb48be676a030f98e2a6c5bc06b96e249,0.091437810083030000,NULL,0x,0
6,0xb70fe33e80d4f43a65ddbad9703fc0382ecce72e2e61e72994b7c5ea19fdd97f,4245454,1504723760,0x3feb364d380fa7ab5a76071a121d24865e850c19,0x354d4f3eb48be676a030f98e2a6c5bc06b96e249,0.838488000000000000,NULL,0x,0
7,0x31684cbccb868148de3b52b15483fbf22cb5064ce067a2b26ff33227009aaad5,4245505,1504724844,0xa3fb1d10bacfc2353fa4924b693e23365bf9a445,0x354d4f3eb48be676a030f98e2a6c5bc06b96e249,10.058179554044210526,NULL,0x,0
8,0xa54e50cd602357df659ba865ebce107d8976d92496a84d13f1818e1f77a9f51b,4245513,1504725073,0xf5618c73a5b47d8026efc954107670114dbb8896,0x354d4f3eb48be676a030f98e2a6c5bc06b96e249,0.049316319479000000,NULL,0x,0
9,0xbe3e18d296aae9b958b941b93949c1a8bee4feabaf136fdcc3e781c11a0c55c9,4245520,1504725236,0xaf471db01315afc08fa60ec388dda283e6a81694,0x354d4f3eb48be676a030f98e2a6c5bc06b96e249,4.682805184382727144,NULL,0x,0
10,0x345ffc28f30d6f14fa1c9b55b62d1ab68f8b38fe779f26e43bae2892e65503da,4245546,1504725824,0x3f0ac7cee1243dc0ab17b2cbb650300138b1374b,0x354d4f3eb48be676a030f98e2a6c5bc06b96e249,0.999118000000000000,NULL,0x,0
11,0x1f0c207253653e4d3ecbd9102107b098b7f05df15c2a58a7d69a23e24dacf898,4245553,1504726019,0x14035cad4f62ec78e43a043ff48639a3bca235ed,0x354d4f3eb48be676a030f98e2a6c5bc06b96e249,0.858401740000000000,NULL,0x,0
12,0xc6c83d42782687c1ad66511d92823db9ea84a1b401da320245215c96f73467dd,4245557,1504726158,0xce25c0347d78fcac180ab056006fa91f7901e4c2,0x354d4f3eb48be676a030f98e2a6c5bc06b96e249,3.216796308063039555,NULL,0x,0
13,0x2f82025b85caeafddc0e828c6d86a96397c2f5994fb1e81ea81612a11d114f12,4245574,1504726575,0x0ce4bf1630920626b2c5854c443147bc828e88bf,0x354d4f3eb48be676a030f98e2a6c5bc06b96e249,14.978204770000000000,NULL,0x,0
14,0xe22ef185c6cd6475f47b442b03d6d2811e3be59b086f7900c2147caa8d5f94df,4245577,1504726607,0x4fe120a5f34e8e8cab5cde035fd6f01484453610,0x354d4f3eb48be676a030f98e2a6c5bc06b96e249,1.493559000000000000,NULL,0x,0
15,0x245e2cd6784768957d32f7a52ef3e8cb858c503b08a0aacc997e7c13f4be8f75,4245587,1504726925,0xed13d106bf33e2abe8fbf8ec88993559fb7b86cc,0x354d4f3eb48be676a030f98e2a6c5bc06b96e249,0.241889000000000000,NULL,0x,0
17,0xc00cd3d296edcf223542b190ec57b436d0f688f01743867764d5d140462b7ae4,4245625,1504728046,0x6b987e0cafce602299b19eaa6791c1718cd3c9a3,0x354d4f3eb48be676a030f98e2a6c5bc06b96e249,1.976299630000000000,NULL,0x,0
16,0x0fbe6e9c7269e09180b3397be48b0b3ce7247b5e0d79a18ca8bb7b2ebd3f397c,4245625,1504728046,0x0942873de99cdc3cdfa7416596178961d42d2800,0x354d4f3eb48be676a030f98e2a6c5bc06b96e249,0.697831372000000000,NULL,0x,0
18,0xfecc47f9329fa120cecea2237f4c6c20176923765ad866fa8b45bc1ee415736f,4245655,1504728851,0xfc49b95378e46f95581d71d8d332bb8c15bbf214,0x354d4f3eb48be676a030f98e2a6c5bc06b96e249,2.170644700000000000,NULL,0x,0
19,0x0c4e8e94fd3cee48afbccecc5bbac71f86e62212e747e070c263171719eaa3a7,4249366,1504819177,0xa5e078a64c75126b7cab5cf52688a2f9ba23169d,0x354d4f3eb48be676a030f98e2a6c5bc06b96e249,1.015508979000000000,NULL,0x,0
20,0xbf1016cb8b26a09aac54ebe26af580da76bc054ff1337f69d339e4b27279b830,4266926,1505243607,0xb9cfb64c092edaeb658ea606f1f42035f6fdf882,0x354d4f3eb48be676a030f98e2a6c5bc06b96e249,0.075558675000000000,NULL,0x,0
21,0x1976bb343b697bee7717f208885b6ddab1704e72ea8b68ff96af8cf37fb9159b,4318609,1506589042,0x354d4f3eb48be676a030f98e2a6c5bc06b96e249,0x3a1e47f6672d94e59266edfdf04174aab3f0e452,0.005000000000000000,NULL,0x,0
22,0x7116ee2f7a853f1f9f4a68d543f726c8bf0cc599c4da8e47b64744d8c6b44c0a,4318650,1506590176,0x3a1e47f6672d94e59266edfdf04174aab3f0e452,0x354d4f3eb48be676a030f98e2a6c5bc06b96e249,0.003750405000000000,NULL,0x,0
23,0x73818ab7bf1d083f67837cf0aa7e5574c40ca5a1d5f0f78cde62ab10a46ba8e2,4774560,1513912910,0x354d4f3eb48be676a030f98e2a6c5bc06b96e249,0x6bb6f590d231d4a180e5f57faf0049f40f487f1e,50.750000000000000000,NULL,0x,0
24,0x8d5db5e6b8c07a067b8b6767ed159548e64412f28a9383eedfcb09ed55433126,4806863,1514383127,0x354d4f3eb48be676a030f98e2a6c5bc06b96e249,0x12fef5e57bf45873cd9b62e9dbd7bfb99e32d73e,0E-18,NULL,0xa9059cbb0000000000000000000000005701f44fce042dcf3b377d364841c582f8861cc100000000000000000000000000000000000000000000011478943c184c6f0000,0
25,0x679f04c90bf0d5868d0c21db150dc08e6fa6a308ac92527dac025a1a8d7720ee,4806863,1514383127,0x354d4f3eb48be676a030f98e2a6c5bc06b96e249,0x5af2be193a6abca9c8817001f45744777db30756,0E-18,NULL,0xa9059cbb0000000000000000000000005701f44fce042dcf3b377d364841c582f8861cc10000000000000000000000000000000000000000000000000000008170841e72,0
26,0xdadc0aaa18ce5eaf461fc0e8d2ca7c270bee7f04c75719551e6a638f69e9cf67,4806864,1514383136,0x354d4f3eb48be676a030f98e2a6c5bc06b96e249,0xe41d2489571d322189246dafa5ebde1f4699f498,0E-18,NULL,0xa9059cbb0000000000000000000000005701f44fce042dcf3b377d364841c582f8861cc10000000000000000000000000000000000000000000001403817b35f686c0000,0
27,0x31aa0ce7430b29369061cff650f32525a674610dad02f7d54ebbfd1f92a60f04,4806866,1514383155,0x354d4f3eb48be676a030f98e2a6c5bc06b96e249,0x93e682107d1e9defb0b5ee701c71707a4b2e46bc,0E-18,NULL,0xa9059cbb0000000000000000000000005701f44fce042dcf3b377d364841c582f8861cc1000000000000000000000000000000000000000000000000000000258bc688f0,0
28,0x95f54fa2c1796dcb007cb683c457e892412a9ad61787886fe624d4beea400ed3,4806869,1514383170,0x354d4f3eb48be676a030f98e2a6c5bc06b96e249,0xaf4dce16da2877f8c9e00544c93b62ac40631f16,0E-18,NULL,0xa9059cbb0000000000000000000000005701f44fce042dcf3b377d364841c582f8861cc1000000000000000000000000000000000000000000000000000000000f5c30a0,0
29,0x3d7b2121f96785de816fdf8f06b6609208d8b61490ffb01e14fc4f013fe4f3ad,4806872,1514383190,0x354d4f3eb48be676a030f98e2a6c5bc06b96e249,0x519475b31653e46d20cd09f9fdcf3b12bdacb4f5,0E-18,NULL,0xa9059cbb0000000000000000000000005701f44fce042dcf3b377d364841c582f8861cc10000000000000000000000000000000000000000000000374273cd86a5bc81e4,0
30,0x96c3b280b4b6ea13123e5d52245a7f4d203b2c03e39e5abd329e866a54c19830,4806874,1514383206,0x354d4f3eb48be676a030f98e2a6c5bc06b96e249,0xab95e915c123fded5bdfb6325e35ef5515f1ea69,0E-18,NULL,0xa9059cbb0000000000000000000000005701f44fce042dcf3b377d364841c582f8861cc100000000000000000000000000000000000000000000003e3dde13758562b570,0
31,0xe268bf8d442038abd4d6e228f95f208bc1a53405a35d65f7c7071efb45e96597,4806881,1514383318,0x354d4f3eb48be676a030f98e2a6c5bc06b96e249,0xa54ddc7b3cce7fc8b1e3fa0256d0db80d2c10970,0E-18,NULL,0xa9059cbb0000000000000000000000005701f44fce042dcf3b377d364841c582f8861cc100000000000000000000000000000000000000000000005150ae84a8cdf00000,0
32,0x918da6a4e07579fce00a7b3aba75ededa44a4a143514995bc7b07d7c109d4fd9,4806907,1514383743,0x354d4f3eb48be676a030f98e2a6c5bc06b96e249,0xd26114cd6ee289accf82350c8d8487fedb8a0c07,0E-18,NULL,0xa9059cbb0000000000000000000000005701f44fce042dcf3b377d364841c582f8861cc100000000000000000000000000000000000000000000000a5bb0f34ebfdd8c00,0
33,0x03d5ba14bce31ed697f17dbe60dbbeab23567f167a5d9e7a34191b38b11334f8,4806912,1514383898,0x354d4f3eb48be676a030f98e2a6c5bc06b96e249,0x5701f44fce042dcf3b377d364841c582f8861cc1,0.214472523052010725,NULL,0x,0
