,TxHash,BlockHeight,TimeStamp,From,To,Value,ContractAddress,Input,isError
0,0x5078ce59319e01cd7272db767591440314c8145534fa0c970f93800ea4c1004c,4826444,1514673433,0x563b377a956c80d77a7c613a9343699ad6123911,0x35919ff0a88a0bdfd1b0ef3be574bcf6c1e90e01,0.021287380000000000,NULL,0x,0
1,0xd754eefe2f2a34b2ede487cff22857554f73467d4fe43c3e6f0358829e77d0c4,4826454,1514673599,0x35919ff0a88a0bdfd1b0ef3be574bcf6c1e90e01,0xa74476443119a942de498590fe1f2454d7d4ac0d,0E-18,NULL,0xa9059cbb0000000000000000000000007751d4c33601dc34f79e6314248881004d468bb600000000000000000000000000000000000000000000000c55265de62b129c00,0
2,0x20e8818d64bb5fc31decaaa9d98bb3f49e2a0e6b7c6efedc7cb0624323c1dcce,4842739,1514913005,0x35919ff0a88a0bdfd1b0ef3be574bcf6c1e90e01,0xfefab5422fc18ce7311f6d3f0c9b998f5ad1b0a6,0.020131700000000000,NULL,0x,0
3,0x6d83e5fbc6e8e09cff890883a5a96fd6c17180a0ecbe408b0525b812bdfdeec7,5148801,1519489650,0x03890c3adeec7f0fdeb6edd8c572eee20cdd8cb3,0x35919ff0a88a0bdfd1b0ef3be574bcf6c1e90e01,0.010418319000000000,NULL,0x,0
4,0x53135cc5fb496d06bd863438d68d4ea14b76cedf10a7d7f4e3e83fe433f95ae5,5573282,1525715150,0x35919ff0a88a0bdfd1b0ef3be574bcf6c1e90e01,0x1570898ac6de4995d23ecdfebdf6fe1fa71c5098,0.010313319000000000,NULL,0x,0
5,0x3c44ac7239194daffa1673defbcd4cf54e165f38e6d3d91748c7ae9773de3f0e,5670236,1527188882,0xfaec680d02c223bb70af467489469e0cced364eb,0x35919ff0a88a0bdfd1b0ef3be574bcf6c1e90e01,0.007518330000000000,NULL,0x,0
6,0x07f41df03a607e69613d5d3c79d6aee2eff3b6bcfc5ef919a74994bfb277dce8,5670245,1527188995,0x35919ff0a88a0bdfd1b0ef3be574bcf6c1e90e01,0xf230b790e05390fc8295f4d3f60332c93bed42e2,0E-18,NULL,0xa9059cbb000000000000000000000000e716e47421b5b2e8874797db0a9acc1d57f55df30000000000000000000000000000000000000000000000000000000043ef5798,0
7,0x6a9f1179977371e655ac3a609f7facc045efbc4bcc33b2ac5a7329ce4a68b4b1,5720974,1527964797,0x35919ff0a88a0bdfd1b0ef3be574bcf6c1e90e01,0xa74476443119a942de498590fe1f2454d7d4ac0d,0E-18,NULL,0xa9059cbb000000000000000000000000e716e47421b5b2e8874797db0a9acc1d57f55df3000000000000000000000000000000000000000000000000989bf9c2c0464400,0
