,TxHash,BlockHeight,TimeStamp,From,To,Value,ContractAddress,Input,isError
0,0xab3b643930bcd59ca9742d80d4edcbe3fe8800bd311947353bab751416385e6e,4383091,1508328323,0x9bea2a18a8eedfa99df585998ecbf39cbf505477,0x3639b8b8eda816b2cb62b65159a183972a3cf863,51.000000000000000000,NULL,0x,0
1,0x554239e463da5e12e07be439abf3cc5d51bd37770f59eadb745c6a19b6bfda6b,4383166,1508329370,0xd801d3c39e8feeb856b0a96b0a3cc9a4c06d6a0d,0x3639b8b8eda816b2cb62b65159a183972a3cf863,2.000000000000000000,NULL,0x,0
2,0xa0bd4d41878f885ecdc3043406efb3ce68ed6fa39a707ac52bff535f22c9a2e0,4383366,1508332492,0x634efea9674e92802294574aeb32dbd8705854d7,0x3639b8b8eda816b2cb62b65159a183972a3cf863,3.400000000000000000,NULL,0x,0
3,0x158209722f4820ead092706cec2d2841d3aae702ad51570063c6cb773a5c6c1c,4383376,1508332660,0x431bb9fd70fb3b4e8d35224a6902e5688f9ab2ff,0x3639b8b8eda816b2cb62b65159a183972a3cf863,1.000000000000000000,NULL,0x,0
4,0x7556ade3b7f5529b6d8668a18ba61cbe7cc1b3f32cbb6ade415e9838fb807212,4384131,1508343555,0x0e56890912f574cd699d2f9341722a29207df618,0x3639b8b8eda816b2cb62b65159a183972a3cf863,1.320000000000000000,NULL,0x,0
5,0x59783533f5e2011cf288959d226fc7c705f769efbad1367a2360d0dc10628bc5,4384698,1508351464,0xbc1981404cc1471a8b49ce2f37c85ba0f323af11,0x3639b8b8eda816b2cb62b65159a183972a3cf863,2.500000000000000000,NULL,0x,0
6,0xb98ccf8d4bee2ff6b9d04dc8d7848fd9e6fe39f0614c88aba581237fb0fa1a7c,4385743,1508365832,0xec04450a7f07d4d795fd91375b872d2aef7ea011,0x3639b8b8eda816b2cb62b65159a183972a3cf863,20.000000000000000000,NULL,0x,0
7,0x0b87a2b3afcb10b1ac856ececa720abf5611e091a0e6e128cf1be79bec544cd2,4388373,1508401486,0xa43e8e0758eabe1292fc1eded53151c9568f419b,0x3639b8b8eda816b2cb62b65159a183972a3cf863,0.298629799415965619,NULL,0x,0
8,0x2f11c195e03d30141a3cef6290727c5ac44625b16e70d8cc8893ac854cca35c7,4390621,1508432824,0xfd03e76afa140f442a1b3eaf7b9af1461f61b59c,0x3639b8b8eda816b2cb62b65159a183972a3cf863,2.000000000000000000,NULL,0x,0
9,0xcd097c91c50bfc04075d097f0525f83fb74f0130f03ff8ffcf50389d4cb826da,4600430,1511350866,0xabbb7af65555b247fee07b5d1968d0bdb5406279,0x3639b8b8eda816b2cb62b65159a183972a3cf863,10.000000000000000000,NULL,0x,0
10,0x0c7e5475dcf16b251edceba1bf8bcb72c7351f64fc2ea8b0cd9a9d13a2c3382f,5260246,1521127050,0x3639b8b8eda816b2cb62b65159a183972a3cf863,0x0db9d449099eaba307aebf648d54969d59efa659,93.518188799415965619,NULL,0x,0
