,TxHash,BlockHeight,TimeStamp,From,To,Value,ContractAddress,Input,isError
0,0x4608f2644a8a44c45aa991908debd48078152db69838fe9c39ff6bc2af8d35c8,5167563,1519766489,0x0681d8db095565fe8a346fa0277bffde9c0edbbf,0x3715b1ed9bbd5e165af97619b5c5e13e39f55504,0.500000000000000000,NULL,0x,0
1,0x60cb52a80afcaae80e82251f868702444b076831aa766fe1f0bafb85f0ddd1e5,5167726,1519768856,0xfbb1b73c4f0bda4f67dca266ce6ef42f520fbb98,0x3715b1ed9bbd5e165af97619b5c5e13e39f55504,0.403401550000000000,NULL,0x,0
2,0xc2974f5c09ec2ea8f9fba2b41736cd602b0c146d871aae844ba4a6a04be84989,5167943,1519771889,0xb547f7c01345a7dbcfcb6c6f1e51ac10d1b73863,0x3715b1ed9bbd5e165af97619b5c5e13e39f55504,0.450469530000000000,NULL,0x,0
3,0x07d1b49271a523d87463ce9d9074d77cb29129325d6146a856a41ce3a32a45e9,5167987,1519772482,0x65e2c5175e2e618f48e70343b14c31b280e42d90,0x3715b1ed9bbd5e165af97619b5c5e13e39f55504,0.500000000000000000,NULL,0x,0
4,0x9b8209f8da479369a7b15325901efc57911f6d7bdd6ad3dc9d65b6b2fa9890ff,5169252,1519790985,0x564286362092d8e7936f0549571a803b203aaced,0x3715b1ed9bbd5e165af97619b5c5e13e39f55504,0.410249100000000000,NULL,0x,0
5,0x3ce203a0f20d9ba33d6f4c93171a7fdcf16adf0753d255604ac8262ed720d178,5170051,1519801986,0xe97e53891c81f619beb959947ddb62b16f32b4a0,0x3715b1ed9bbd5e165af97619b5c5e13e39f55504,0.709992480000000000,NULL,0x,0
6,0xfe37e7f77751a7bffb3d47dfc98a725270d5190ca0b3d76e9a428e986d62a414,5170644,1519810913,0xe8ff4c762d44d36990f534b8876fc1d2800b06ed,0x3715b1ed9bbd5e165af97619b5c5e13e39f55504,0.115570770000000000,NULL,0x,0
7,0x92cd431e178d31ae59053621aae5d21cd65fdf017cffa0174151513eff168fa0,5170651,1519811067,0x5dc4ca3b4c8e007eea34360e95cac5d9be074414,0x3715b1ed9bbd5e165af97619b5c5e13e39f55504,0.910000000000000000,NULL,0x,0
8,0x4e47b69ec7d82e00d17d285d0e8f65f46bbe67a5bcb1eb3cfd54c27e8a0985c6,5172396,1519836839,0x003e36550908907c2a2da960fd19a419b9a774b7,0x3715b1ed9bbd5e165af97619b5c5e13e39f55504,0.004709348913037523,NULL,0x,0
9,0xddbfd5f5ca53851dd71cca6f5665a1b0370df0b8d71c1958d78b5a34c450f38a,5172917,1519844402,0x5a07803258769d3239cbc0f085b8f914857a8eca,0x3715b1ed9bbd5e165af97619b5c5e13e39f55504,1.000000000000000000,NULL,0x,0
10,0xf8d0ddd1535173d97b75668ddbd562e79cf0adb1606043215ef44dcf0c8db9c4,5173256,1519849300,0xa814c38ba03ad3b0405d3978267e743a8c2f3208,0x3715b1ed9bbd5e165af97619b5c5e13e39f55504,0.400000000000000000,NULL,0x,0
11,0x4061f860cd25cbbd5d965e5f7db121cf1748c69984bff6ec2424eca72f5d20c4,5173287,1519849777,0xca47ce42b9ea6f2dabcf9bbff4983280a1588500,0x3715b1ed9bbd5e165af97619b5c5e13e39f55504,0.440000000000000000,NULL,0x,0
12,0xacc458f41577e4341785ba43ac6f4274fd03c80309bb0895cf1d507b85d6ffcd,5173321,1519850257,0x95989f77856ed82dfe5ff3a5ca1786111265be38,0x3715b1ed9bbd5e165af97619b5c5e13e39f55504,4.000000000000000000,NULL,0x,0
13,0xd69cb2757c4d3af9207f7ac8b9081977a4b3c9a6a9071ac7cfad7b2a47a1bb8a,5173409,1519851577,0x76d6b479cc3e13a39c91e7cfade849262aa7cb4b,0x3715b1ed9bbd5e165af97619b5c5e13e39f55504,0.700000000000000000,NULL,0x,0
14,0x3f341a5d6750fc1ad9d4e33aa98134258a534daa5ea13b3ef5ab024e1854e58f,5173489,1519852746,0xdb4c0260f198a0af33039b90bd279bfd5d6eb0b4,0x3715b1ed9bbd5e165af97619b5c5e13e39f55504,0.400000000000000000,NULL,0x,0
15,0xbf39708e230e71c2a67f9d7746efa7d99022a704970d5b31038bedef1a649dfe,5173554,1519853900,0xcb9fee05b23d5fdf68ee9ea0e949c3b6b4ff1470,0x3715b1ed9bbd5e165af97619b5c5e13e39f55504,0.450000000000000000,NULL,0x,0
16,0x2566192020dbd193b364c9c745b41a64cefa975b242bd9961f36b8941341d7b1,5173615,1519854950,0x8a335096700daf0bcfeabb57e5743447fd432876,0x3715b1ed9bbd5e165af97619b5c5e13e39f55504,4.000000000000000000,NULL,0x,0
17,0x5e4b3b699584f55d3509212990885f65b274f13ef050ba9d3b19adad47490305,5173667,1519855771,0xd117aba965216f9a4d5e325e2c0a80f944117e30,0x3715b1ed9bbd5e165af97619b5c5e13e39f55504,0.500000000000000000,NULL,0x,0
18,0xe31264441dc39c7d77e7004cd066378f45b3dda566da2443058655e41527647b,5173745,1519857041,0x0b53a190f77f5969e55a3735b6aa74ef2ea8eb34,0x3715b1ed9bbd5e165af97619b5c5e13e39f55504,1.004275360000000000,NULL,0x,0
19,0xad716375e799afefa3c36113155420a6fa8d6fd2ef7e0e27c1a9e768246da3cc,5173785,1519857591,0x9be612135c7098ca36eb9fec74d31f276b39571d,0x3715b1ed9bbd5e165af97619b5c5e13e39f55504,0.500000000000000000,NULL,0x,0
20,0x8ac3f48c37988cd32718021e45146c4466b019ae8c11fee9578d261e29740585,5173996,1519860644,0x070592c38634df5f32f3febc712ab0c3ff5774bb,0x3715b1ed9bbd5e165af97619b5c5e13e39f55504,1.000000000000000000,NULL,0x,0
21,0x4f569093e6ab39f4c13cd84d41862a3d911c14207e65bfb387a4ebb9016da04f,5175416,1519881221,0x1a883ca923cce8be8e621f577206ba593de629e1,0x3715b1ed9bbd5e165af97619b5c5e13e39f55504,1.000000000000000000,NULL,0x,0
22,0xd7ee852c810626935fe50d592578cb80acdf0307099a37c1f4a0983ea7c21ea5,5176383,1519895365,0x114941017ec0cd3d814792c0153753f815c0b8da,0x3715b1ed9bbd5e165af97619b5c5e13e39f55504,0.475902330000000000,NULL,0x,0
0,0xf78b19931d9a8d19b2c02fbe82aad38afe4e05421bda64eb0a5c0c21c3808da2,5418070,1523403243,0x31a240648e2baf4f9f17225987f6f53fceb1699a,0x3715b1ed9bbd5e165af97619b5c5e13e39f55504,7.777777777E-9,NULL,NULL,0
23,0xb991c1a124ef3bed6eaf7defcf2de81074e9c7106232e4b9f3a778ef5b86d9ce,5663399,1527084049,0x3715b1ed9bbd5e165af97619b5c5e13e39f55504,0xba557d06885f614a3e89e2646e3107483cdef6b0,19.874192476690815300,NULL,0x,0
