,TxHash,BlockHeight,TimeStamp,From,To,Value,ContractAddress,Input,isError
0,0xdb6957d07cca973e468bae9766534384730d3a0b88438b49b23cdd20de3bed6e,5293836,1521615704,0x80ffe3eed9f83e28cc7ea6ef53c4bda66585c308,0x37761568af636f074595bce8ed20dd5b404ed798,1.000000000000000000,NULL,0x,0
1,0x51ad54b945d8ae6c642ab6e7469d572f97e89fafcbc0d0115868fec8df0d2ae3,5294127,1521620271,0xfbb1b73c4f0bda4f67dca266ce6ef42f520fbb98,0x37761568af636f074595bce8ed20dd5b404ed798,0.447373770000000000,NULL,0x,0
2,0x4bc101cbeddb6f0d0f157910b1e6d677be5e277956f96ab2a1891fdd157c894f,5294204,1521621310,0xe5c08f2aa5d38dcb514c4105be305d46e4dcad84,0x37761568af636f074595bce8ed20dd5b404ed798,0.800000000000000000,NULL,0x,0
3,0x6b4274192394c73db68fa95699c236f1223661ff94d7759cece80b2b03a52008,5294710,1521628841,0x2eb1ffd679f8b2f11f1c071e00b265685323afde,0x37761568af636f074595bce8ed20dd5b404ed798,0.500000000000000000,NULL,0x,0
4,0x80d22592b3a7300da932292a89dc01d65e5f7b6da6b1317da5c00ccbe1f553ea,5295356,1521638695,0x34430d151dd0c3fbd822f92f02c9ab14d8887366,0x37761568af636f074595bce8ed20dd5b404ed798,1.000000000000000000,NULL,0x,0
5,0x81c636d92379bda044cc4483a9abee19f861ae8474a68bbd0fcd5e617169fc51,5295429,1521639546,0x34430d151dd0c3fbd822f92f02c9ab14d8887366,0x37761568af636f074595bce8ed20dd5b404ed798,0.500000000000000000,NULL,0x,0
6,0x68e951db10fffa8601c1b69b76effd218cd06ca44837d7234e86c7c9d7e2a867,5295689,1521643667,0x0c259b975231337ec1fec4135d509b39b9821cc9,0x37761568af636f074595bce8ed20dd5b404ed798,0.500000000000000000,NULL,0x,0
7,0xe5d4110780f8ad35aaa3e72218da472f3b4418ccbfe4a06a5b092da47f17f062,5295756,1521644591,0x32be343b94f860124dc4fee278fdcbd38c102d88,0x37761568af636f074595bce8ed20dd5b404ed798,0.599441210000000000,NULL,0x,0
8,0x805739139ec54df0307b01ec39d55650637b6c9b3e0afd541431d8b278a69d6b,5296192,1521651067,0x61162320842ef085898aaa877d56d25916de634a,0x37761568af636f074595bce8ed20dd5b404ed798,0.500000000000000000,NULL,0x,0
9,0x813ba95fd56d48c473311541d02813b7a249da233b5bc757d3bcc9d4c6dc3bbd,5299448,1521697276,0xe41de85b949f60b5906fa03ada86b640b6877dd6,0x37761568af636f074595bce8ed20dd5b404ed798,5.000000000000000000,NULL,0x,0
10,0x1f0ed5cf0ff248a4a86e0c69087b242e49bbbc243b9e5ea2b096ec9c3f57bffd,5299464,1521697512,0x28edebdac1fe9db4099922a6802dceac843a81ef,0x37761568af636f074595bce8ed20dd5b404ed798,5.000000000000000000,NULL,0x,0
11,0x97629a9d08b1b41f58889d2e46c88dc26eb9170dffd48cfa2723d6d1ed7d9c0b,5299472,1521697596,0xd3f2277c785b1d80d33b681827a2568f6ab0ebb1,0x37761568af636f074595bce8ed20dd5b404ed798,5.000000000000000000,NULL,0x,0
12,0xca630e800f42fa08d474b06342a6bd189d38fa6b3cf73a386b560632f588c6fa,5301072,1521720952,0x7412dcc363fd67c494dd550bf79844897c940c20,0x37761568af636f074595bce8ed20dd5b404ed798,0.400000000000000000,NULL,0x,0
13,0x7d6d5c3bf2545216b0618dd0e781fb2eee890a340ed0361ee5f3aa0a04f280ca,5302383,1521739848,0xd48ff8676d6ca342c02a472d907488156da2b589,0x37761568af636f074595bce8ed20dd5b404ed798,0.390000000000000000,NULL,0x,0
14,0x1e93f527af47db7f0d57fde93ad4d75aabd8d3adca16665018470661977b1d57,5303182,1521751113,0x3f5ce5fbfe3e9af3971dd833d26ba9b5c936f0be,0x37761568af636f074595bce8ed20dd5b404ed798,0.390000000000000000,NULL,0x,0
15,0x602ba9c90677fb5e1d0124b605f5556e532c1e108ac4051ac2be27f33c63db89,5303457,1521755037,0x3f5ce5fbfe3e9af3971dd833d26ba9b5c936f0be,0x37761568af636f074595bce8ed20dd5b404ed798,0.390000000000000000,NULL,0x,0
16,0xea29eea63b75d00ec78d05b822dcb94c5cba73d6c9ecd74099cbdb634629e818,5303586,1521756771,0x9cac1a78df6698db3139ca5c134ca9216e4f4cb3,0x37761568af636f074595bce8ed20dd5b404ed798,0.400000000000000000,NULL,0x,0
17,0x3433b307a2dc432e7f50248bd18739933e6849315245e0580a3816645dbfc639,5305861,1521789953,0x37761568af636f074595bce8ed20dd5b404ed798,0xf0fd675e97186996fdb248e8cd6ab4cdb10b8558,1.000000000000000000,NULL,0x,0
18,0x5f8840d4b04000b0baa2813ae1a22d1e656d30fd83a78b5c0b46ec8f5b122e69,5305991,1521792079,0x37761568af636f074595bce8ed20dd5b404ed798,0xf0fd675e97186996fdb248e8cd6ab4cdb10b8558,21.815092980000000000,NULL,0x,0
