,TxHash,BlockHeight,TimeStamp,From,To,Value,ContractAddress,Input,isError
0,0x32e0feed3f3066de0c08c553e729841f4f891b4cb28bd509dbdc51f1b244f7df,5854382,1529969263,0xb01cb49fe0d6d6e47edf3a072d15dfe73155331c,0x37e30fee740928e8db15d3dafd544baab6b87051,0.500000000000000000,NULL,0x,0
1,0x6666ad950607aea33d28067f7c1604a7fdc0dbe65e8c3c824e61659292faee63,5855335,1529984333,0xe03c23519e18d64f144d2800e30e81b0065c48b5,0x37e30fee740928e8db15d3dafd544baab6b87051,0.648000000000000000,NULL,0x,0
2,0x0aa5f04248d26ec6a6cdd386100615bea5e6951d82c27c94d366595f3a90b6d5,5855637,1529988753,0x620a3e5cddd2748e111a11810757f419d10b1aac,0x37e30fee740928e8db15d3dafd544baab6b87051,0.977000000000000000,NULL,0x,0
3,0x4375e5ec0133ab17d22b4e3864884d5e3e5c3b7a2586c8387eb059e522a32f48,5856506,1530001906,0x620a3e5cddd2748e111a11810757f419d10b1aac,0x37e30fee740928e8db15d3dafd544baab6b87051,0.763700000000000000,NULL,0x,0
4,0xfbfc5f8efeeba84ee0be24bfd3221f73b0f4ab6a742a857e669b217064c0ff6f,5857568,1530017814,0x03f688421437abd33677abb09f2c35809fb1b955,0x37e30fee740928e8db15d3dafd544baab6b87051,0.945434100000000000,NULL,0x,0
5,0xd4aa83857c9959cbeac540981245a8c143ae4fdb783b7b144e32edb9dff908ad,5857693,1530019711,0x6dbcd7e6e74eb6ac4d4c55065f2a969d20aa0c4f,0x37e30fee740928e8db15d3dafd544baab6b87051,2.000000000000000000,NULL,0x,0
6,0x418460a59cdc48c07d6389f7fe65d07b9489e03f0fcd1ad118560e17d7606e44,5857978,1530024129,0x0681d8db095565fe8a346fa0277bffde9c0edbbf,0x37e30fee740928e8db15d3dafd544baab6b87051,2.090000000000000000,NULL,0x,0
7,0x2441756722d927272fda92288cd07353e81a64a2d95e78cec79d3ec6c2598ef0,5858094,1530025773,0xe89943ec20d856f064a87349a00ef6ab00aed042,0x37e30fee740928e8db15d3dafd544baab6b87051,0.500000000000000000,NULL,0x,0
8,0xc0a7726cab4a37b8e1c9f4df8d22b0b353846f225712e0bae2d2b01b9a2460b7,5858094,1530025773,0xe89943ec20d856f064a87349a00ef6ab00aed042,0x37e30fee740928e8db15d3dafd544baab6b87051,0.600000000000000000,NULL,0x,0
9,0x1576c71d93adc19027e50b5d468729ef82c8f0fec55620df04d07ddc1efeae1e,5858193,1530027254,0x9c19b0497997fe9e75862688a295168070456951,0x37e30fee740928e8db15d3dafd544baab6b87051,0.680000000000000000,NULL,0x,0
10,0x6f323688021eedd9d92cb8821d2833162fd3ec5b0bff65bd5b4226a5eaa5bf69,5858268,1530028261,0x8c7b8af2d119b112c579ca1abf04c6753ca5feaf,0x37e30fee740928e8db15d3dafd544baab6b87051,0.980000000000000000,NULL,0x,0
11,0x10b2257c0958badf1ac2554e427d298199b75821377b3f5ba4d6a25be87a8648,5859703,1530049969,0xc4c5d3ea09f909b0de25789adeac0e7f2b57d826,0x37e30fee740928e8db15d3dafd544baab6b87051,0.500000000000000000,NULL,0x,0
12,0x81966df84f7a0c8cd58b1af30dcc9a69cd9866b98a2531987b46d5ca9c4037db,5859847,1530052117,0x357f7c9eadd36fd38ade53561a033b41cc15157d,0x37e30fee740928e8db15d3dafd544baab6b87051,0.500000000000000000,NULL,0x,0
13,0x9304203801311ae1d6a58f733aefb7759191db9cb5743e6537000a447a54878a,5860058,1530055156,0x04a01d65255d1cb564b96c25c6f1f02e2b6cf60e,0x37e30fee740928e8db15d3dafd544baab6b87051,1.600000000000000000,NULL,0x,0
14,0x8113666319cb5c1fec596b148589c7feb4ec3f4da082aad5c48b9b1866aa0fa0,5860144,1530056187,0xfc7c432059a9312e55ac646cb6e5a46fca328cf5,0x37e30fee740928e8db15d3dafd544baab6b87051,0.916212380000000000,NULL,0x,0
15,0x48b547aaa03b4bcb8ea3574fe7125afb5522ebcf820fdcdcd9dd84af0e42bb58,5860150,1530056251,0x3e32ccea0c9d4a71c6188eaac1acf242085ed3dd,0x37e30fee740928e8db15d3dafd544baab6b87051,1.861814380000000000,NULL,0x,0
16,0x9f90f3f9508f8b76f91eab849d3682c93eade5c8bce99aafd1a1976f2fd849d8,5860221,1530057211,0xe9edb763777f900cd4607e57efe56b1f929c8fee,0x37e30fee740928e8db15d3dafd544baab6b87051,0.030729970000000000,NULL,0x,0
17,0xba894ebe7fb4ad0c6a07bc270b4633c53643171e5e120f3e1033daf398bd4b9a,5860227,1530057291,0xb01cb49fe0d6d6e47edf3a072d15dfe73155331c,0x37e30fee740928e8db15d3dafd544baab6b87051,0.550000000000000000,NULL,0x,0
18,0x07cfea4562883999d17c0bce6ffeb955d4a0a5beb1e81fc8868aadca687bd5ef,5860229,1530057369,0xfff7f2941f8141850e007ebcc03587c66a6bea11,0x37e30fee740928e8db15d3dafd544baab6b87051,0.042865190000000000,NULL,0x,0
19,0x2eb387eede6bca1257313bbf1fc512822da76c8b20b4cf78d1f9522892ab5215,5860247,1530057614,0x41b44d1c8a6ab65dfa140417498ca64b41c6f431,0x37e30fee740928e8db15d3dafd544baab6b87051,0.222712070000000000,NULL,0x,0
20,0x9dbc479fb21e13cec8432137ef554a13552ee850952b69e6d90662e311d40916,5860316,1530058408,0xd220692aeba1bc67193988035bb31c47ad12dbf5,0x37e30fee740928e8db15d3dafd544baab6b87051,0.500000000000000000,NULL,0x,0
21,0x088050ec87403de803a9df0ab3ac17070c22719c93eed62112e81421d94dff70,5860382,1530059548,0xfbb1b73c4f0bda4f67dca266ce6ef42f520fbb98,0x37e30fee740928e8db15d3dafd544baab6b87051,0.854000000000000000,NULL,0x,0
22,0x29e7245f5874123bc8fb36d788d019f7d190660ffb80c77add8c20ceadc698f4,5860523,1530061592,0x2a429b29e17d71a05d38c1ed5dee974aecf3ecf3,0x37e30fee740928e8db15d3dafd544baab6b87051,5.000000000000000000,NULL,0x,0
23,0xaf56fcf6be1f349e4b47813f9e3bfa3a35122e0c6983ef5bd851e318b5767ebf,5860602,1530062821,0xe97224279549ebc6b3c60c989bfd85ef8c8f3a8c,0x37e30fee740928e8db15d3dafd544baab6b87051,0.999900000000000000,NULL,0x,0
24,0x726fcd9902db14cace574b75740b97e7aed0e7a904a3fafe7fce2011ad1cbf15,5860603,1530062838,0x6e385fa22d10b85370117530f1d202fc439cd2d6,0x37e30fee740928e8db15d3dafd544baab6b87051,1.000000000000000000,NULL,0x,0
25,0x78e877f22d25f3af5f8a7d1a8f8344d956f51d96d24a01b41406fd5d3508b106,5860610,1530062957,0x6e385fa22d10b85370117530f1d202fc439cd2d6,0x37e30fee740928e8db15d3dafd544baab6b87051,18.000000000000000000,NULL,0x,0
26,0xe29a5ff6e51d1cabf2e0e62184472bbf250da275e84d2ab080db64bae840dbb2,5860615,1530063024,0x2f91750964e891b7869ea1775672f2845087fedb,0x37e30fee740928e8db15d3dafd544baab6b87051,4.194590680000000000,NULL,0x,0
27,0x5ec4361c4330f2d01b868c74ea13a2b889160ee0d1cb46fe8a3d90e01140f0e1,5860676,1530064024,0xd551234ae421e3bcba99a0da6d736074f22192ff,0x37e30fee740928e8db15d3dafd544baab6b87051,0.772615460000000000,NULL,0x,0
28,0x16d6178c1d3aee8d0ec40b91c04c5ac761f63d2e63f6727ee8eaf2b0c9503505,5861168,1530071891,0xd24400ae8bfebb18ca49be86258a3c749cf46853,0x37e30fee740928e8db15d3dafd544baab6b87051,0.600000000000000000,NULL,0x,0
29,0x5f6ba22276ee8927dab17554f2e188ac6b7f9c2c21b9d65cf5f451a4f7f8dac9,5861179,1530072070,0xd295bd8df55fda55666860ab511eff07cf322707,0x37e30fee740928e8db15d3dafd544baab6b87051,1.000000000000000000,NULL,0x,0
30,0x13d3fa1b46b2e1208a4d397d00ea9a55fe2db3436ad330569852f0303830b72b,5862122,1530086192,0x390de26d772d2e2005c6d1d24afc902bae37a4bb,0x37e30fee740928e8db15d3dafd544baab6b87051,1.000000000000000000,NULL,0x,0
31,0x660f31fce71348923eb8bf85c887a3db3edcca6e7dcc029612ccb59dc01a9de5,5862242,1530087908,0x620a3e5cddd2748e111a11810757f419d10b1aac,0x37e30fee740928e8db15d3dafd544baab6b87051,0.554400000000000000,NULL,0x,0
32,0x3b8a3bdee4970b8c71b5d96530e1edffb36048ea2a2c896b2771c7b6eec6bfc9,5863075,1530100537,0xb9ee1e551f538a464e8f8c41e9904498505b49b0,0x37e30fee740928e8db15d3dafd544baab6b87051,1.474718440000000000,NULL,0x,0
33,0x89dd39e3fcf4400b7e2991bb2a83389a57c815efb1a683ef5c4b204c3045e1cf,5863183,1530102106,0xb01cb49fe0d6d6e47edf3a072d15dfe73155331c,0x37e30fee740928e8db15d3dafd544baab6b87051,0.500000000000000000,NULL,0x,0
34,0xafa569bbc62833224374c075a73d8a1f236de2569e7c064ac54e13149e6f540c,5863765,1530110284,0xe87247791f2d934ca0623f845bdc214d9213cf21,0x37e30fee740928e8db15d3dafd544baab6b87051,0.747706000000000000,NULL,0x,0
35,0xc05b0e75383a27257b6d282a0a1a1749e3237c651bb016bab6dffb895668bff7,5864230,1530117248,0x25d7d0de701be723f87b4dc2f25fa2222ace94b3,0x37e30fee740928e8db15d3dafd544baab6b87051,0.500000000000000000,NULL,0x,0
36,0x65d9cde39b3eb81ec73e206050fa5a9404b2e252faeb2a551c853c0cb2665154,5864642,1530123563,0xfe51cc09493fa6a1b4f6e7ccd64b67b486902373,0x37e30fee740928e8db15d3dafd544baab6b87051,1.000000000000000000,NULL,0x,0
37,0xc327b10acc60e13cb88833e18cc8e6c82eb7aba3bc08cacf90182335934a0dd0,5864692,1530124060,0x620a3e5cddd2748e111a11810757f419d10b1aac,0x37e30fee740928e8db15d3dafd544baab6b87051,0.995000000000000000,NULL,0x,0
38,0xa7a54c3d655999a23db87eaa6b58188ec20bd658fd3f7546e8ed96bfb833e4f3,5879114,1530338549,0xf4894beb676406f9cf6da0f4b3c676a7ea778a67,0x37e30fee740928e8db15d3dafd544baab6b87051,1.500000000000000000,NULL,0x,0
