,TxHash,BlockHeight,TimeStamp,From,To,Value,ContractAddress,Input,isError
0,0xb7161f37ed6a8782347bc3d8ebca986cfdf53b9ffc9841e03e61b88009fd68d8,4980815,1517040884,0xa0bb4ba19f578a63fa3f67adaf7bbca15ccadc45,0x3865fec7f15d5933d7e6fe02d26227a4c05ed591,0.010000000000000000,NULL,0x,0
1,0x2e4f7a0d930d237c6f220b79d4e8ce012ef55163da25072f6510dcd37ad74476,4981171,1517046100,0x8316d59d89d1e68dc021b4dc3d3cd6168ebe118c,0x3865fec7f15d5933d7e6fe02d26227a4c05ed591,1.000000000000000000,NULL,0x,0
2,0xcef0b859ffbe58619e1b62b4d102138f1b61703c44dad15b164efca3889fda2e,4982715,1517068390,0x3865fec7f15d5933d7e6fe02d26227a4c05ed591,0xc453f9b15c432d9fb63ac3e6f1533101020b5acd,1.000000000000000000,NULL,0x,0
3,0x3bd16253ba89d9995d39a709ac0606a39dd85f23d0a603e2ae628e7f24d69a7f,5046420,1517997615,0x390de26d772d2e2005c6d1d24afc902bae37a4bb,0x3865fec7f15d5933d7e6fe02d26227a4c05ed591,10.000000000000000000,NULL,0x,0
4,0x0fb50cf7f160ad884dc70615c18fbc75c6eaa782d8669e42882ad3fddcdf9762,5048047,1518021398,0x3865fec7f15d5933d7e6fe02d26227a4c05ed591,0x45ce4d348b150951576d18bce187c9f76d8212d6,5.000000000000000000,NULL,0x,0
5,0x7a3f67b26538e2f6bc57adb887e61fbc6b533c347d2f09e8b8d0d2adeb6cc284,5051162,1518066820,0x3865fec7f15d5933d7e6fe02d26227a4c05ed591,0x45ce4d348b150951576d18bce187c9f76d8212d6,1.000000000000000000,NULL,0x,0
6,0xdd486465d280cb2067f1e412b3c4cb46ada1e11235355df4578b5db397702070,5052844,1518091308,0x3865fec7f15d5933d7e6fe02d26227a4c05ed591,0x45ce4d348b150951576d18bce187c9f76d8212d6,2.000000000000000000,NULL,0x,0
7,0xd12eb8471d81afba6e3a3842da61e87989f0e38f1a56011006224327368509f9,5054589,1518116416,0x3865fec7f15d5933d7e6fe02d26227a4c05ed591,0x45ce4d348b150951576d18bce187c9f76d8212d6,1.000000000000000000,NULL,0x,0
8,0x4e194db8ea1cbc78c48f4644819e97446e4dd50a0b4374806ee9658c1a80400e,5165914,1519742638,0x3865fec7f15d5933d7e6fe02d26227a4c05ed591,0x0baf9fba6e93026bb7ca834dbf6c4e050b821804,1.000000000000000000,NULL,0x,0
9,0xc58f7fb5e30187846f239f11d9dd61316827b4a41d1682457128dba6bbb35322,5539924,1525210305,0x3865fec7f15d5933d7e6fe02d26227a4c05ed591,0x2e7cc7eb1c01b943b85dc6d4008b6329d76eb336,0.006619000000000000,NULL,0x,0
