,TxHash,BlockHeight,TimeStamp,From,To,Value,ContractAddress,Input,isError
0,0x2c72f5cd56c0f7df18d78bca69ef51cfe67de9136aca925a6cf59b506e5dbb8d,4041153,1500416523,0xfb9f7f41319157ac5c5dccae308a63a4337ad5d9,0x3a577dccfaeb49c18e10c6e750b316aa02e5c7f7,9.790291950000000000,NULL,0x,0
1,0x0527a3789ff52c2912376aec1860f8d9593e2b9c9dfd76fd63d7b7b2914a8022,4041226,1500418289,0xfb9f7f41319157ac5c5dccae308a63a4337ad5d9,0x3a577dccfaeb49c18e10c6e750b316aa02e5c7f7,29.952674770000000000,NULL,0x,0
2,0x3b0cb7297285d841708f0081a9b6c44645dbba8337e981c1b4d14ee19188225b,4041266,1500419039,0xfb9f7f41319157ac5c5dccae308a63a4337ad5d9,0x3a577dccfaeb49c18e10c6e750b316aa02e5c7f7,29.962546820000000000,NULL,0x,0
3,0x6ca8d67df41076184d525388ef41a5c595cd99ca9fdaef52dba66c2c123499d9,4041280,1500419238,0x5d807e7f124ec2103a59c5249187f772c0b8d6b2,0x3a577dccfaeb49c18e10c6e750b316aa02e5c7f7,32.000000050000000000,NULL,0x,0
4,0xc225d6e426b0bb1a1f71a956743568229569b8705169948768f334eefef273c6,4041301,1500419645,0xfb9f7f41319157ac5c5dccae308a63a4337ad5d9,0x3a577dccfaeb49c18e10c6e750b316aa02e5c7f7,29.884645270000000000,NULL,0x,0
5,0x9bbfbb43f8513a707abd1b0510f50a3cfd84ee8c3448966ec9f5dfcc821c5639,4041339,1500420257,0xfb9f7f41319157ac5c5dccae308a63a4337ad5d9,0x3a577dccfaeb49c18e10c6e750b316aa02e5c7f7,29.667134750000000000,NULL,0x,0
6,0xcf810b4c05e8bedeb9e4b0d10d3f3329232963968cfaf34c9a57f5734f5c0cb5,4041362,1500420737,0xfb9f7f41319157ac5c5dccae308a63a4337ad5d9,0x3a577dccfaeb49c18e10c6e750b316aa02e5c7f7,29.583756550000000000,NULL,0x,0
7,0x77214d7816eb5ab430115b3dc39547cbf2574fc0eec5bf0d4ab11f4e20d79533,4041369,1500420887,0x96fc4553a00c117c5b0bed950dd625d1c16dc894,0x3a577dccfaeb49c18e10c6e750b316aa02e5c7f7,33.060374051277643000,NULL,0x,0
8,0x689da1805626fe3265c885bcb71b712175a4d073971972086e61cc80e03ffab9,4053514,1500647941,0xfb9f7f41319157ac5c5dccae308a63a4337ad5d9,0x3a577dccfaeb49c18e10c6e750b316aa02e5c7f7,14.727444670000000000,NULL,0x,0
9,0x1128a848d71fd58a079152cc18b9c686ee14ea561345c244f553f4a50b4bb323,4056921,1500712982,0xfb9f7f41319157ac5c5dccae308a63a4337ad5d9,0x3a577dccfaeb49c18e10c6e750b316aa02e5c7f7,15.068861630000000000,NULL,0x,0
10,0xee967ba6117c11e64b64b0d29876c60706fbacebd5661e6c7d685fc573c0129e,4061636,1500800418,0x91337a300e0361bddb2e377dd4e88ccb7796663d,0x3a577dccfaeb49c18e10c6e750b316aa02e5c7f7,22.927214000000000000,NULL,0x,0
11,0x12a6a8a9079f3d903be40f3f8e9c8e6f2a3e78239756d773e617a9a1a2356bda,4065773,1500876771,0xfb9f7f41319157ac5c5dccae308a63a4337ad5d9,0x3a577dccfaeb49c18e10c6e750b316aa02e5c7f7,8.949398240000000000,NULL,0x,0
12,0xc90623c54352d0ef86cf115a601883655f8b0e3d74fe717613d206dcb53cf985,4070311,1500962174,0x91337a300e0361bddb2e377dd4e88ccb7796663d,0x3a577dccfaeb49c18e10c6e750b316aa02e5c7f7,27.496552000000000000,NULL,0x,0
13,0x808c13d16e36a18a9e9e6642a604f1175497a1823ed4128906a4281ed59ed64f,4070342,1500962715,0x3a577dccfaeb49c18e10c6e750b316aa02e5c7f7,0xaf7080a73831aa4d1edbe272ec0be73c5da3ec72,5.781948730000000000,NULL,0x,0
14,0x3441a675d88864bc33c0c386127d92bb6a3a5aed5fd2fbddd33be7316ab9f887,4080330,1501148603,0xfb9f7f41319157ac5c5dccae308a63a4337ad5d9,0x3a577dccfaeb49c18e10c6e750b316aa02e5c7f7,7.086759090000000000,NULL,0x,0
15,0x430017698bd5bb78c44ff5f895b57559799f74431caa8d04eefe2cc4774fa60e,4084739,1501229913,0xfb9f7f41319157ac5c5dccae308a63a4337ad5d9,0x3a577dccfaeb49c18e10c6e750b316aa02e5c7f7,13.416041470000000000,NULL,0x,0
16,0x802a91fc4524a372f6dd73d6a3aeb33e09abf283922e48675d9c3c70a3d16641,4086063,1501254651,0xfb9f7f41319157ac5c5dccae308a63a4337ad5d9,0x3a577dccfaeb49c18e10c6e750b316aa02e5c7f7,37.853255440000000000,NULL,0x,0
17,0xc4691437cabddcc9411bee5546654a93085ca780281668d597cdfde37c026f3d,4090031,1501328394,0xfb9f7f41319157ac5c5dccae308a63a4337ad5d9,0x3a577dccfaeb49c18e10c6e750b316aa02e5c7f7,19.068062310000000000,NULL,0x,0
18,0xa28a6e0455a54fdf848c7aaaf5837b0d008b28777d8f3a7304c521d4da432a4a,4099118,1501494930,0x1fd6267f0d86f62d88172b998390afee2a1f54b6,0x3a577dccfaeb49c18e10c6e750b316aa02e5c7f7,59.970000000000000000,NULL,0x0000000000000000000000000000000000000000,0
19,0x5e0e8360d90d8760831cfaf6b8c7cca86e24ba828baa0074e6dd2ecdb619b04b,4105923,1501635172,0x3a577dccfaeb49c18e10c6e750b316aa02e5c7f7,0xe50c21eaa8c85e3ffb58e184d51fd6eadef4983b,80.000000000000000000,NULL,0x,0
20,0x8e158bae9555a21c83d65676841a22dfa474049e4c4a721c7d5a10e1ffd597c1,4108455,1501689769,0x3a577dccfaeb49c18e10c6e750b316aa02e5c7f7,0x1cce2a89b31a9539333af0e61ee92de869c1acb7,364.681741331277643000,NULL,0x,0
21,0x5004b434a253d69f060d60e7ac23b78b8d5672b26150fbbfe2fb2f91fa7a33be,5303874,1521761103,0xc6735df27e2ff5bc1a85d092dcacbc1ae04fbcbf,0x3a577dccfaeb49c18e10c6e750b316aa02e5c7f7,0.999139000000000000,NULL,0x,0
22,0xf6eedc1c5345fc6afcdc1631c24301b2b9c2957cf803db2339411aa9cf092018,5303976,1521762604,0x8b23eb5454430dc28076ea63aea1ae06a138c2b1,0x3a577dccfaeb49c18e10c6e750b316aa02e5c7f7,0.031104837000000000,NULL,0x,0
23,0xc4051eb9fb467aac8d9e7f8ffc711abf7644603ede627a7c3ad38f4bd2677cb1,5304030,1521763364,0x03ec46b0683b928c67d60ecec1455f5ebe85fe99,0x3a577dccfaeb49c18e10c6e750b316aa02e5c7f7,0.045790910000000117,NULL,0x,0
24,0xcfefb64a1d7f678c72647657bea8c09be58cc32c36e664c73fa3156f99749abb,5304088,1521764121,0xd84e5663334b055371e4bc5c4a8395c39a9642bb,0x3a577dccfaeb49c18e10c6e750b316aa02e5c7f7,0.010659744999999999,NULL,0x,0
25,0x647a4ec5816b57124cd8a5ccc0ad1dfbc08f6fa0566bfd0be9352f16222a770d,5304104,1521764341,0x7a54ead6dfbe416278cdf70f7e54b18d09e75824,0x3a577dccfaeb49c18e10c6e750b316aa02e5c7f7,0.264582930000000000,NULL,0x,0
26,0xa56da9b855ae656b920612267e83ee4b1b3ffc751baf3771535710178cad9cad,5304232,1521766131,0x3a577dccfaeb49c18e10c6e750b316aa02e5c7f7,0x327682779bab2bf4d1337e8974ab9de8275a7ca8,0E-18,NULL,0x095ea7b30000000000000000000000002a0c0dbecc7e4d658f48e01e3fa353f44050c208000000000000000000000000000000000000000000000002ed6689e54f180000,0
27,0x3863ec125c48dad6ec8900e8eb066e957be62ad47296ea4cc2c14e25dc8c64d0,5304232,1521766131,0x3a577dccfaeb49c18e10c6e750b316aa02e5c7f7,0x2a0c0dbecc7e4d658f48e01e3fa353f44050c208,0E-18,NULL,0x338b5dea000000000000000000000000327682779bab2bf4d1337e8974ab9de8275a7ca8000000000000000000000000000000000000000000000002ed6689e54f180000,0
28,0x983955781cea0e8edb2133f6f359ae20809e7cba1461873d639f53ad3749f77d,5304238,1521766180,0x3a577dccfaeb49c18e10c6e750b316aa02e5c7f7,0x2a0c0dbecc7e4d658f48e01e3fa353f44050c208,0.100000000000000000,NULL,0xd0e30db0,0
29,0xe242528ea21b2d7bec3ab49da801859b035e81bd0b756edca0d93d10f7d28694,5304253,1521766384,0x3a577dccfaeb49c18e10c6e750b316aa02e5c7f7,0x327682779bab2bf4d1337e8974ab9de8275a7ca8,0E-18,NULL,0x095ea7b30000000000000000000000002a0c0dbecc7e4d658f48e01e3fa353f44050c208000000000000000000000000000000000000000000000002c7ee3633718a0000,0
30,0x6105ee62ff631fac936096b68fab6cd1ed8492fdb5e3ba445723a12be3470fb6,5304253,1521766384,0x3a577dccfaeb49c18e10c6e750b316aa02e5c7f7,0x2a0c0dbecc7e4d658f48e01e3fa353f44050c208,0E-18,NULL,0x338b5dea000000000000000000000000327682779bab2bf4d1337e8974ab9de8275a7ca8000000000000000000000000000000000000000000000002c7ee3633718a0000,0
31,0x595da65e543967e1d0809498bbb9c0abde53a030fc20eeec390911b98665a043,5304271,1521766575,0x3a577dccfaeb49c18e10c6e750b316aa02e5c7f7,0x46b9ad944d1059450da1163511069c718f699d31,0E-18,NULL,0x095ea7b30000000000000000000000002a0c0dbecc7e4d658f48e01e3fa353f44050c208000000000000000000000000000000000000000000000000000000000ee6b280,0
32,0xcc139d8921d1165372a285a5eb9652d31bae89538ce3c414fce663cc7e38a16f,5304271,1521766575,0x3a577dccfaeb49c18e10c6e750b316aa02e5c7f7,0x2a0c0dbecc7e4d658f48e01e3fa353f44050c208,0E-18,NULL,0x338b5dea000000000000000000000000f85feea2fdd81d51177f6b8f35f0e6734ce45f5f0000000000000000000000000000000000000000000001e8fe141e997cb28000,1
33,0x88ffac0daf11872fadbf1e7e388fcd43c81ffdd4823844b6d7cd1084b189e9c7,5304275,1521766598,0x3a577dccfaeb49c18e10c6e750b316aa02e5c7f7,0x83984d6142934bb535793a82adb0a46ef0f66b6d,0E-18,NULL,0x095ea7b30000000000000000000000002a0c0dbecc7e4d658f48e01e3fa353f44050c208000000000000000000000000000000000000000000000000000000000258fa5c,0
34,0x956fb9c0e548c2550e35241888ebf10a80830805ea4c7c4c9b04f75656da6470,5304275,1521766598,0x3a577dccfaeb49c18e10c6e750b316aa02e5c7f7,0x2a0c0dbecc7e4d658f48e01e3fa353f44050c208,0E-18,NULL,0x338b5dea00000000000000000000000083984d6142934bb535793a82adb0a46ef0f66b6d000000000000000000000000000000000000000000000000000000000258fa5c,0
35,0x6a8f6a76b0ca84219c225ae7ff4a5ebd61db4f8dd0699673dad27e8c9d81eb77,5304301,1521766954,0x3a577dccfaeb49c18e10c6e750b316aa02e5c7f7,0xf85feea2fdd81d51177f6b8f35f0e6734ce45f5f,0E-18,NULL,0x095ea7b30000000000000000000000002a0c0dbecc7e4d658f48e01e3fa353f44050c2080000000000000000000000000000000000000000000001e8fe141e997cb28000,0
36,0xcb7adf9b47b3d9fb01d13842548a05bfcdfc4fa725b2a2bfbc99f42b62038e0a,5304301,1521766954,0x3a577dccfaeb49c18e10c6e750b316aa02e5c7f7,0x2a0c0dbecc7e4d658f48e01e3fa353f44050c208,0E-18,NULL,0x338b5dea000000000000000000000000f85feea2fdd81d51177f6b8f35f0e6734ce45f5f0000000000000000000000000000000000000000000001e8fe141e997cb28000,0
37,0xe2b3ea02eaf4bf88590bccf9c1192d45e6270d8a56e614b967d30e5551c26f90,5304312,1521767093,0x3a577dccfaeb49c18e10c6e750b316aa02e5c7f7,0x2a0c0dbecc7e4d658f48e01e3fa353f44050c208,0E-18,NULL,0x338b5dea00000000000000000000000046b9ad944d1059450da1163511069c718f699d31000000000000000000000000000000000000000000000000000000000ee6b280,0
0,0x7abd0ed0f4da576b59b7358e2f5d48fd9dad49041763ba1af8040fff4ad08a28,5304340,1521767558,0x2a0c0dbecc7e4d658f48e01e3fa353f44050c208,0x3a577dccfaeb49c18e10c6e750b316aa02e5c7f7,1.704657924043802988,NULL,NULL,0
38,0x9e54c24d8e25fd4f09d82ced471afde3daecd6f53c92098c79ab934481fd7e9c,5306177,1521794771,0x3a577dccfaeb49c18e10c6e750b316aa02e5c7f7,0x5e6016ae7d7c49d347dcf834860b9f3ee282812b,0E-18,NULL,0xa9059cbb000000000000000000000000ffa524e615d9fe737e4d556f9fe08791540416d10000000000000000000000000000000000000000000000000000000897695100,0
39,0x611e0b70d223fcd863db359ceff6191f3cf4859636e1de2f9ea30a7d6e218e08,5306184,1521794892,0x3a577dccfaeb49c18e10c6e750b316aa02e5c7f7,0x5e6016ae7d7c49d347dcf834860b9f3ee282812b,0E-18,NULL,0xa9059cbb000000000000000000000000ffa524e615d9fe737e4d556f9fe08791540416d10000000000000000000000000000000000000000000000000000000897695100,1
40,0x74e9a0e5f07565d96b6bf65a53cf70443c51b10a3cebd105233f1c7720a86f96,5306334,1521796902,0x3a577dccfaeb49c18e10c6e750b316aa02e5c7f7,0x0da8ff92f1cfdaed758a1b591d82149184904b57,2.930000000000000000,NULL,0x,0
41,0xe3ec55943a3d1116be428f74a69bf11e9c325c9196c25d713e42f03a05e49b28,5307614,1521814585,0xd17da2e21741119a7cbf17b62a40f95b894ee6d0,0x3a577dccfaeb49c18e10c6e750b316aa02e5c7f7,1.999139000000000000,NULL,0x,0
42,0xaeafb7e8f097d8e47dd6b6a16b3ca2cb559d1c2a62f6abc5b653b5b2f2ab08ae,5307728,1521816276,0x3a577dccfaeb49c18e10c6e750b316aa02e5c7f7,0x968bed166a1f5e8f5f492a1aeac7b488c924ce11,2.000000000000000000,NULL,0x,0
43,0x5f13ddad0e59f12662d2b0898255ed982bf94a0dce353651d018dd0608679dd5,5308991,1521834091,0x03ec46b0683b928c67d60ecec1455f5ebe85fe99,0x3a577dccfaeb49c18e10c6e750b316aa02e5c7f7,0.909018000000000000,NULL,0x,0
44,0x9e44077aa20996003963119fff25229fa8811caf35f63fb980f25a094be8a3cc,5309022,1521834681,0x3a577dccfaeb49c18e10c6e750b316aa02e5c7f7,0x69918b687d454f2f005f6e57245c0d875949f03c,0.915000000000000000,NULL,0x,0
45,0xaac38b5cbeb22a57ac443c0c26c21985f099eab5e1aee7f42f7e7df389711c1a,5335860,1522223199,0xf47c9bde14e6754099ac31a4840adf0ad69f2506,0x3a577dccfaeb49c18e10c6e750b316aa02e5c7f7,1.765337526033466060,NULL,0x,0
46,0xeb33d6b7a7304ab3aeed9e3a6ca94352668e7e5fcfbbd4996adfe4508fd47f13,5335877,1522223429,0xe4d43c62ee520dd69b9d9d5754919217df6271e7,0x3a577dccfaeb49c18e10c6e750b316aa02e5c7f7,14.178259395000000000,NULL,0x,0
47,0xb6a94bdb04a48756495bbec90507b53be6f06773e77e66848c883454a8cb3f7d,5335915,1522223983,0x3a577dccfaeb49c18e10c6e750b316aa02e5c7f7,0x7cf7c29bc0564ae91e38ace5edd1d98eda196c08,15.900000000000000000,NULL,0x,0
48,0xe688ff4714314f5486f6c5a02ed04c180debe7817442f605feb519db527f750b,5335927,1522224162,0x6bec9a51b017def13106ed40ee8a7dfb52f51b8e,0x3a577dccfaeb49c18e10c6e750b316aa02e5c7f7,0.493368475000000000,NULL,0x,0
49,0x098e02da3e20294eee5d56a978dc3268fc13dfc18d862342e3bc890bb2e3f813,5335933,1522224347,0x6bec9a51b017def13106ed40ee8a7dfb52f51b8e,0x3a577dccfaeb49c18e10c6e750b316aa02e5c7f7,99.999139000000000000,NULL,0x,0
50,0x6812d9f5b22bd2c5264b6627fa713814d26a9bf115c7be875f42be78126e8dc1,5335974,1522224897,0x3a577dccfaeb49c18e10c6e750b316aa02e5c7f7,0x85c356ed27824658c9b4acfbb2755a507bfce874,50.000000000000000000,NULL,0x,0
51,0x51e6e4dd9669e5c82f9d30c04af290f21f58e0c32c61f13f6c3ef3e2b3e08865,5336010,1522225478,0x1c5c999eba6ec2dc5537e6a1c2596ef511945f16,0x3a577dccfaeb49c18e10c6e750b316aa02e5c7f7,1.077304675873752280,NULL,0x,0
52,0x3828a1f341f2eaa4bb9aed7136f36ebbc2ebd23158c8dcf318a69585b1a448da,5336025,1522225673,0x3a577dccfaeb49c18e10c6e750b316aa02e5c7f7,0x4ee47b512074655babcee75cd8463ae187a63afb,51.500000000000000000,NULL,0x,0
53,0x01b2561428b1cf15e2721778a789d843b498ced11c654b541ef4f0cce1962686,5336151,1522227603,0xe7636d3cc37af5be7b4390cf6fc4797d6023484d,0x3a577dccfaeb49c18e10c6e750b316aa02e5c7f7,0.997665340000000000,NULL,0x,0
54,0xac978c2b60e6df071c1f217244f8bb737d033b1dff598d64617c5855bdc8bd28,5336204,1522228283,0x6bec9a51b017def13106ed40ee8a7dfb52f51b8e,0x3a577dccfaeb49c18e10c6e750b316aa02e5c7f7,0.496985095000000000,NULL,0x,0
55,0xe3f88ad82fefb65a7f7b3197a569db1d1da40310db3daa7f21215e009c074f0e,5336241,1522228879,0x6bec9a51b017def13106ed40ee8a7dfb52f51b8e,0x3a577dccfaeb49c18e10c6e750b316aa02e5c7f7,19.998651000000000000,NULL,0x,0
56,0xf1e2d8f406ebee3b3d0dbc192ace785cb2d125df8ff795b17782e0365fd337c7,5336273,1522229436,0x3a577dccfaeb49c18e10c6e750b316aa02e5c7f7,0xfa98ee4fac527e98f590791a0e7a71082bae37e0,21.500000000000000000,NULL,0x,0
57,0x73d36fc2bc323a757f2a1eee632aa3435d55ccac92abb5281ca5d140a3df951a,5336500,1522232305,0x84a7c8a85fad07900edf69a5bc0d82f6ea1c2785,0x3a577dccfaeb49c18e10c6e750b316aa02e5c7f7,0.071783269000000000,NULL,0x,0
58,0x7578fbe1087a1753b71df49b4376bc6b5081cbba6411b64975a3a09e18efbf3e,5336537,1522232793,0x3a577dccfaeb49c18e10c6e750b316aa02e5c7f7,0x119dfc6a49b1bf5a78b888d39cd63b1b9f40bc93,0.100000000000000000,NULL,0x,0
59,0x32c7f21f2da7882111957a48634cba871a8cf5641e6ba46c38eaddb38a7ff298,5336567,1522233175,0x119dfc6a49b1bf5a78b888d39cd63b1b9f40bc93,0x3a577dccfaeb49c18e10c6e750b316aa02e5c7f7,0.093079633000000000,NULL,0x,0
60,0x4a25e27418d1492b279e41e6297e99ea493a30e0be466fb5e17139250911b870,5336601,1522233669,0x3a577dccfaeb49c18e10c6e750b316aa02e5c7f7,0x2a0c0dbecc7e4d658f48e01e3fa353f44050c208,0.160000000000000000,NULL,0xd0e30db0,0
61,0x140cf68270e8554a3ea60d85a17b16a85f4f061d7ae87d8b153664ad9a93c27e,5336620,1522234011,0x3a577dccfaeb49c18e10c6e750b316aa02e5c7f7,0xb98d4c97425d9908e66e53a6fdf673acca0be986,0E-18,NULL,0x095ea7b30000000000000000000000002a0c0dbecc7e4d658f48e01e3fa353f44050c208000000000000000000000000000000000000000000000202fefbf2d7c2f00000,0
62,0x30f0b56a992f0dd173e1b0e738e884888ab0d7aacfb775d4a420a0d1b3e74dd4,5336650,1522234399,0x3a577dccfaeb49c18e10c6e750b316aa02e5c7f7,0xf85feea2fdd81d51177f6b8f35f0e6734ce45f5f,0E-18,NULL,0x095ea7b30000000000000000000000002a0c0dbecc7e4d658f48e01e3fa353f44050c2080000000000000000000000000000000000000000000004cee50cca74c3880000,0
63,0xfbdedcdcf0208dec168c3cb8fb821c4fb1accfcba8fbcf78afdec3a1c28e3631,5336696,1522235077,0x0bd992ea6335698c8a51cfd9fd6793cbd75cd835,0x3a577dccfaeb49c18e10c6e750b316aa02e5c7f7,0.075432140000000000,NULL,0x,0
64,0xc909250065f3547e23211de40e9ed30288395df4dbf0c4a0df2094693bad6deb,5336699,1522235119,0x3a577dccfaeb49c18e10c6e750b316aa02e5c7f7,0x2a0c0dbecc7e4d658f48e01e3fa353f44050c208,0E-18,NULL,0x338b5dea000000000000000000000000f85feea2fdd81d51177f6b8f35f0e6734ce45f5f0000000000000000000000000000000000000000000004cee50cca74c3880000,0
65,0x7ad928a5dc60943213f3d0d6ade19a243f6bb383f43e8701250944f083804609,5336769,1522236006,0x3a577dccfaeb49c18e10c6e750b316aa02e5c7f7,0x80a7e048f37a50500351c204cb407766fa3bae7f,0E-18,NULL,0x095ea7b30000000000000000000000002a0c0dbecc7e4d658f48e01e3fa353f44050c20800000000000000000000000000000000000000000000004f99b4b84d99ee6500,0
66,0xde36d23641cf77126e9feb40b111ea83ef5acad6101b813c1dd35289a11172ed,5336807,1522236544,0x3a577dccfaeb49c18e10c6e750b316aa02e5c7f7,0x2a0c0dbecc7e4d658f48e01e3fa353f44050c208,0E-18,NULL,0x338b5dea00000000000000000000000080a7e048f37a50500351c204cb407766fa3bae7f00000000000000000000000000000000000000000000004f99b4b84d99ee6500,0
67,0x723e398dc374b9f80aa30056e66d0c56375d98496bcf2cd3ee5b59cd9dd65b24,5336827,1522236846,0x3a577dccfaeb49c18e10c6e750b316aa02e5c7f7,0x2a0c0dbecc7e4d658f48e01e3fa353f44050c208,0E-18,NULL,0x338b5dea000000000000000000000000b98d4c97425d9908e66e53a6fdf673acca0be986000000000000000000000000000000000000000000000202fefbf2d7c2f00000,0
68,0x718e2b82bd2c92e853fd05b95d79550f683dc4b71201520842056ffaa295efa8,5336849,1522237215,0x3a577dccfaeb49c18e10c6e750b316aa02e5c7f7,0x5c3a228510d246b78a3765c20221cbf3082b44a4,0E-18,NULL,0x095ea7b30000000000000000000000002a0c0dbecc7e4d658f48e01e3fa353f44050c208000000000000000000000000000000000000000000001489f6a0034d02227400,0
69,0xc0b046dcf4abc4207ab31f7423fddc3c65b76b08d40761473830e44d5a3204c3,5336855,1522237346,0x3a577dccfaeb49c18e10c6e750b316aa02e5c7f7,0x2a0c0dbecc7e4d658f48e01e3fa353f44050c208,0E-18,NULL,0x338b5dea0000000000000000000000005c3a228510d246b78a3765c20221cbf3082b44a4000000000000000000000000000000000000000000001489f6a0034d02227400,0
1,0x4e2ddfbbcfb6b419aa082e3ba2acfcc59de920922d2e3a194f2948f67cd5afe1,5336909,1522238102,0x2a0c0dbecc7e4d658f48e01e3fa353f44050c208,0x3a577dccfaeb49c18e10c6e750b316aa02e5c7f7,19.228198018127386799,NULL,NULL,0
70,0x736cf637adda7f2f1873c3c933f581746818fe4374a02f0c2f7192dc149a77c7,5336928,1522238329,0x3a577dccfaeb49c18e10c6e750b316aa02e5c7f7,0x574012b0b2ea10679a627f84e8ef42fabc8c1e5b,19.200000000000000000,NULL,0x,0
71,0x6d059e530696045ae00aaba929fb70e82605370941559af6e1b12116d4839561,5337001,1522239502,0xf1c294ffcf941df945194367b2c405c5da26c811,0x3a577dccfaeb49c18e10c6e750b316aa02e5c7f7,0.036992691000000000,NULL,0x,0
72,0xa8ef0823b5a34b9021a5959f3e8f6e43e730bfbd8f8396fe7cb62ae84a0a1865,5337030,1522240024,0x3a577dccfaeb49c18e10c6e750b316aa02e5c7f7,0x2a0c0dbecc7e4d658f48e01e3fa353f44050c208,0.130891466078408243,NULL,0xd0e30db0,0
2,0xb4dd9ac6b1a29df8b91e1a3fb75248a4d2c4d3fe9ade42cb2dfa1e3ae2ba8d0f,5337123,1522241321,0x2a0c0dbecc7e4d658f48e01e3fa353f44050c208,0x3a577dccfaeb49c18e10c6e750b316aa02e5c7f7,0.128691466078408243,NULL,NULL,0
73,0x77e0876560dfd52022f20826784248fabcc456db61d57a3cd919a59ff3660700,5337131,1522241501,0x3a577dccfaeb49c18e10c6e750b316aa02e5c7f7,0x93e682107d1e9defb0b5ee701c71707a4b2e46bc,0E-18,NULL,0x095ea7b30000000000000000000000002a0c0dbecc7e4d658f48e01e3fa353f44050c208000000000000000000000000000000000000000000000000000000459cf891c1,0
74,0x8bd50acdf35269a5215d02d9a1ecb3dafdbfb91b505a78464c5cf3e65a5cede5,5337131,1522241501,0x3a577dccfaeb49c18e10c6e750b316aa02e5c7f7,0x2a0c0dbecc7e4d658f48e01e3fa353f44050c208,0E-18,NULL,0x338b5dea00000000000000000000000093e682107d1e9defb0b5ee701c71707a4b2e46bc000000000000000000000000000000000000000000000000000000459cf891c1,0
75,0x85d8de37ee395a15bfc8d719ec87adbd2aaea6600282faacbe09184f9d27192a,5338333,1522258777,0xf964b013c1e96061ae29a601472a45bfe46fcb39,0x3a577dccfaeb49c18e10c6e750b316aa02e5c7f7,0.153243412000000000,NULL,0x,0
76,0x9be0efa41093e475b4d56716dec1a0c143a670d99f640a071f21301ed2451b48,5338344,1522259004,0x7b8b9b2c53879bff3cf912eda51428a91419c1e4,0x3a577dccfaeb49c18e10c6e750b316aa02e5c7f7,0.065361512000000000,NULL,0x,0
77,0x35a6664bc2bc3b46df4e8e80505183ac7bc68809f98cee2f3155a6cb0d86ffa1,5338364,1522259208,0x3a577dccfaeb49c18e10c6e750b316aa02e5c7f7,0xe0e4d16e15c6e5d2dc4d0e67c47a95cefce213f7,0.020000000000000000,NULL,0x,0
78,0x10f79a140ee1216e9a5cfca3eec333314b098a84a906f672ee38bff34f8cf1cb,5338383,1522259435,0xe0e4d16e15c6e5d2dc4d0e67c47a95cefce213f7,0x3a577dccfaeb49c18e10c6e750b316aa02e5c7f7,0.015699928000000000,NULL,0x,0
79,0xdd280dab9f16c547722343f9ef3c7e39c1df752d245630826fb382c7c3642a3a,5338409,1522259852,0x3a577dccfaeb49c18e10c6e750b316aa02e5c7f7,0x246440588706f6449cbd2773bf7a41f6d0682efc,0.020000000000000000,NULL,0x,0
80,0x59c247552d25d12d517426d6848a7f7a59eabdc5116c00f8e0c8ae54549fed5e,5338441,1522260264,0x246440588706f6449cbd2773bf7a41f6d0682efc,0x3a577dccfaeb49c18e10c6e750b316aa02e5c7f7,0.016784858000000000,NULL,0x,0
81,0xe892d2351ab93b7e76c6c0f9b0cf3941216c918135837cf8cfd41fab52a9081a,5338483,1522260939,0x3a577dccfaeb49c18e10c6e750b316aa02e5c7f7,0x5c3a228510d246b78a3765c20221cbf3082b44a4,0E-18,NULL,0x095ea7b30000000000000000000000002a0c0dbecc7e4d658f48e01e3fa353f44050c2080000000000000000000000000000000000000000000017bfeddcd07443b11000,0
82,0x1fadc0a304eef813c1a51660d7584b610e5b21e0a783bac5b4b2b67c6049e459,5338496,1522261111,0x3a577dccfaeb49c18e10c6e750b316aa02e5c7f7,0x2a0c0dbecc7e4d658f48e01e3fa353f44050c208,0E-18,NULL,0x338b5dea000000000000000000000000ea5f88e54d982cbb0c441cde4e79bc305e5b43bc0000000000000000000000000000000000000000000000e3a2af613c973a0000,1
83,0x003d5dd9e2a4b1296623d263cb271fe4d924c5fb3b43a908d61f6dc6059a034d,5338508,1522261240,0x3a577dccfaeb49c18e10c6e750b316aa02e5c7f7,0x46b9ad944d1059450da1163511069c718f699d31,0E-18,NULL,0x095ea7b30000000000000000000000002a0c0dbecc7e4d658f48e01e3fa353f44050c20800000000000000000000000000000000000000000000000000000000050f144a,0
84,0xf9a9cd474955cda0d9344cfc9aa46e190196a4922b7b005d02ad64435bd47125,5338510,1522261297,0x3a577dccfaeb49c18e10c6e750b316aa02e5c7f7,0x2a0c0dbecc7e4d658f48e01e3fa353f44050c208,0E-18,NULL,0x338b5dea00000000000000000000000046b9ad944d1059450da1163511069c718f699d3100000000000000000000000000000000000000000000000000000000050f144a,0
85,0x103a089b5b946378ed2fdc3956680454944851f1286bb55520014dd9063c579f,5338528,1522261515,0x3a577dccfaeb49c18e10c6e750b316aa02e5c7f7,0xea5f88e54d982cbb0c441cde4e79bc305e5b43bc,0E-18,NULL,0x095ea7b30000000000000000000000002a0c0dbecc7e4d658f48e01e3fa353f44050c2080000000000000000000000000000000000000000000000e3a2af613c973a0000,0
86,0x6341fef455e78b70a964faed12bb8d0ae527fa87e72b3e8550cf74917a884a12,5338528,1522261515,0x3a577dccfaeb49c18e10c6e750b316aa02e5c7f7,0x2a0c0dbecc7e4d658f48e01e3fa353f44050c208,0E-18,NULL,0x338b5dea000000000000000000000000ea5f88e54d982cbb0c441cde4e79bc305e5b43bc0000000000000000000000000000000000000000000000e3a2af613c973a0000,0
87,0xf2ce57c79237aba1ec6b2aaee3e6c987321fb3e47e4fdc8f38c7bf5169c454e6,5338540,1522261689,0x3a577dccfaeb49c18e10c6e750b316aa02e5c7f7,0x2a0c0dbecc7e4d658f48e01e3fa353f44050c208,0E-18,NULL,0x338b5dea0000000000000000000000005c3a228510d246b78a3765c20221cbf3082b44a40000000000000000000000000000000000000000000017bfeddcd07443b11000,0
88,0x304c1476cf75486db29a4a5cae7d59d2f9daa4a6dda0c1be1f92981a3a61eeed,5338594,1522262436,0x3a577dccfaeb49c18e10c6e750b316aa02e5c7f7,0xd01db73e047855efb414e6202098c4be4cd2423b,0E-18,NULL,0xa9059cbb0000000000000000000000005b50a96acda9f053c6b15e7397513a5284595b45000000000000000000000000000000000000000000000011dbc6051989b58000,0
3,0x22cfa78557a273fa2dbfa340f3f174d81eb55cbeacaffc19c5fbecb4e6c5a65b,5338675,1522263669,0x2a0c0dbecc7e4d658f48e01e3fa353f44050c208,0x3a577dccfaeb49c18e10c6e750b316aa02e5c7f7,0.923071751641812513,NULL,NULL,0
89,0x8a3bd49f13eafe91470e3e877f35cd9aadd9d18b290090eb3b0b2529bec97bf0,5338711,1522264101,0x4b01721f0244e7c5b5f63c20942850e447f5a5ee,0x3a577dccfaeb49c18e10c6e750b316aa02e5c7f7,1.047984730000000000,NULL,0x,0
90,0x332b418a29a280ec9e3cdda8faa85800023f469e434b71d9d6a71cda97baa3cd,5338747,1522264564,0x3a577dccfaeb49c18e10c6e750b316aa02e5c7f7,0x65bae0dca345b92da8d5b2ad0045cf859fe493ce,2.280000000000000000,NULL,0x,0
91,0x3f7c77729e25addadeb1315dc768c4b51660c0db65cf67d5cbc6f86be08b0726,5342046,1522313529,0x1b2f4d6bd57266108c20a6ff0245337990557fb7,0x3a577dccfaeb49c18e10c6e750b316aa02e5c7f7,0.132803000000000000,NULL,0x,0
92,0x90688bd1546675067884b20c9a5d36c9ee8f9d75d7a08d50692ae74c3f8843d0,5342077,1522313985,0xc915a64943948b8b221b7f2383eed52e85c4d929,0x3a577dccfaeb49c18e10c6e750b316aa02e5c7f7,0.047171568597035032,NULL,0x,0
93,0x4ff0b08abd68f42f2f0bdfd00367a7a607b103a7fb01cbd7bb18024c810eba19,5342095,1522314382,0xe4d43c62ee520dd69b9d9d5754919217df6271e7,0x3a577dccfaeb49c18e10c6e750b316aa02e5c7f7,0.096607327000000000,NULL,0x,0
94,0xcf49dacbc41da82ae6188fe828e37b473494a38b41774b76f13258a70882de10,5348633,1522409419,0xde45cce46254385202e68a9a79ad60da2d6558fd,0x3a577dccfaeb49c18e10c6e750b316aa02e5c7f7,0.553803000000000000,NULL,0x,0
95,0xe1bf58b6d23c8c3ccdcce41079e16e2a084e6739e68b1f242ffd6b2dba87e12d,5348698,1522410287,0xfc4b4e94bc14768749c7e88fb4ecaeee33b651e7,0x3a577dccfaeb49c18e10c6e750b316aa02e5c7f7,0.058043869936791446,NULL,0x,0
96,0xd7866a7022e3619dff03feece68bf1bb892d35c14d90c0054a4fe1a3baa3e841,5348780,1522411492,0x3a577dccfaeb49c18e10c6e750b316aa02e5c7f7,0x93e682107d1e9defb0b5ee701c71707a4b2e46bc,0E-18,NULL,0x095ea7b30000000000000000000000002a0c0dbecc7e4d658f48e01e3fa353f44050c20800000000000000000000000000000000000000000000000000000011d20813d4,0
97,0x334b5c327072823472240153e9c14223070e45f70169134c58423176f1017756,5348781,1522411498,0x3a577dccfaeb49c18e10c6e750b316aa02e5c7f7,0x2a0c0dbecc7e4d658f48e01e3fa353f44050c208,0E-18,NULL,0x338b5dea00000000000000000000000093e682107d1e9defb0b5ee701c71707a4b2e46bc00000000000000000000000000000000000000000000000000000011d20813d4,0
4,0x7e7ee661822352f967eb356e3472bac5a89e5ab7870de3bd6329331753b96899,5348805,1522411832,0x2a0c0dbecc7e4d658f48e01e3fa353f44050c208,0x3a577dccfaeb49c18e10c6e750b316aa02e5c7f7,0.049974400541162098,NULL,NULL,0
98,0xfe16099b4a434638c11f84f568c292b505238836e3bbda02fc477bd55d301eac,5348870,1522412803,0x3a577dccfaeb49c18e10c6e750b316aa02e5c7f7,0x1799ae789a4be625e399f2dafb8a273123e87d93,0.948000000000000000,NULL,0x,0
99,0x0815a9cb4062ef8e29cfa5ad06aed52b1b4f9806c31e31090a299c2e108359cf,5365639,1522652356,0xdbba1ebf4d036aea2efa88d5772cc9a0c6cc9a8f,0x3a577dccfaeb49c18e10c6e750b316aa02e5c7f7,0.193803000000000000,NULL,0x,0
100,0xeaa6a6168467c8f3983a32425c4f02687d7bae7a5592584286432a4a4f681457,5380563,1522866599,0xc915a64943948b8b221b7f2383eed52e85c4d929,0x3a577dccfaeb49c18e10c6e750b316aa02e5c7f7,0.048850213175254740,NULL,0x,0
101,0x10243b33649624909e8c08481b2379fc826a7e552a19d29b00842e13f878d723,5390812,1523013719,0x3a577dccfaeb49c18e10c6e750b316aa02e5c7f7,0x2f808c926660c234ef17b5141bb111c37b5c34e0,0.241528858970464072,NULL,0x,0
102,0x8aa8bf95dd739b5f059612bbccfe9ff97c36c2a5059f3cbb719069d1183e7b20,5408110,1523260877,0x80f5918c286fe7feb7a861dd28d0c5ef09916589,0x3a577dccfaeb49c18e10c6e750b316aa02e5c7f7,0.001000000000000000,NULL,0x,0
103,0x53a15e309c4dfce2b325c12ba6c9deff1ca821d45b81bd36dfabab23e1774c2a,5429501,1523569028,0xfa21e8dabc1da1e0591bec06caef2ef4747091ec,0x3a577dccfaeb49c18e10c6e750b316aa02e5c7f7,0.210829121618183380,NULL,0x,0
104,0xdf8d64a6044854ffaf99f6da7fc7e29c8f9899a5b1d8c89ddd88d7e472eba969,5429635,1523571254,0x3efff2d1b991cf063a8c1e71b0a3481d30c38907,0x3a577dccfaeb49c18e10c6e750b316aa02e5c7f7,0.159156040000000000,NULL,0x,0
105,0x76e238156e0354ed90eca8ea7576c129cfb24e23d67b430e39560e81b4d90dc6,5429762,1523573208,0xcae93ec767346c20184a1b32fccbd19fa2af76f6,0x3a577dccfaeb49c18e10c6e750b316aa02e5c7f7,0.041176408000000000,NULL,0x,0
107,0xc3f62abf55aafbc4df35724e48112ee9cb2d0b585e69d071caa3d4589f89a240,5429768,1523573394,0x3a577dccfaeb49c18e10c6e750b316aa02e5c7f7,0x2a0c0dbecc7e4d658f48e01e3fa353f44050c208,0E-18,NULL,0x338b5dea0000000000000000000000000d8775f648430679a709e98d2b0cb6250d2887ef0000000000000000000000000000000000000000000002e7c6ad318412e58000,0
106,0xdf6a19458ed9f3cc2cfeec9bd5baf8530fd34db0c14e912c38c0f1f75a3897c5,5429768,1523573394,0x3a577dccfaeb49c18e10c6e750b316aa02e5c7f7,0x0d8775f648430679a709e98d2b0cb6250d2887ef,0E-18,NULL,0x095ea7b30000000000000000000000002a0c0dbecc7e4d658f48e01e3fa353f44050c2080000000000000000000000000000000000000000000002e7c6ad318412e58000,0
108,0x6c498ccb27e92fccd767b1a1ef9cb15d54840dd7ed4337d967dcd717637482ff,5429778,1523573613,0x3a577dccfaeb49c18e10c6e750b316aa02e5c7f7,0xf0ee6b27b759c9893ce4f094b49ad28fd15a23e4,0E-18,NULL,0x095ea7b30000000000000000000000002a0c0dbecc7e4d658f48e01e3fa353f44050c20800000000000000000000000000000000000000000000000000000022d906f580,0
109,0x3feb452664a887c8afd39b44ee81ba0c372f26c813aa3ec346ea369ecd30eb72,5429778,1523573613,0x3a577dccfaeb49c18e10c6e750b316aa02e5c7f7,0x2a0c0dbecc7e4d658f48e01e3fa353f44050c208,0E-18,NULL,0x338b5dea000000000000000000000000f0ee6b27b759c9893ce4f094b49ad28fd15a23e400000000000000000000000000000000000000000000000000000022d906f580,0
110,0xd3b9baef3a908bf062d215f60cb650b8f1dd8fb5df043f9daee19b4340c6aacf,5429793,1523573863,0x7efff5dd57485721299cb4b79d8ae45993fda6ce,0x3a577dccfaeb49c18e10c6e750b316aa02e5c7f7,0.604517126688432000,NULL,0x,0
111,0xa5793fc16abe3c3a485900a9d497d883c06cc2c817a6e4675779daaa1aaf8a0a,5429803,1523574093,0x3a577dccfaeb49c18e10c6e750b316aa02e5c7f7,0xd26114cd6ee289accf82350c8d8487fedb8a0c07,0E-18,NULL,0x095ea7b30000000000000000000000002a0c0dbecc7e4d658f48e01e3fa353f44050c2080000000000000000000000000000000000000000000000252c2df46fd36e8000,0
112,0xb82df93e941e13b2a1a661d9c4fc4e9346d5e53215706911807d0d68b57f3dc3,5429805,1523574120,0x3a577dccfaeb49c18e10c6e750b316aa02e5c7f7,0x2a0c0dbecc7e4d658f48e01e3fa353f44050c208,0E-18,NULL,0x338b5dea000000000000000000000000d26114cd6ee289accf82350c8d8487fedb8a0c070000000000000000000000000000000000000000000000252c2df46fd36e8000,0
113,0x7d3bb9443e1a61535fc08052da026bd80cf2a416357c77a2007ef591c1d5dc22,5429815,1523574330,0x3a577dccfaeb49c18e10c6e750b316aa02e5c7f7,0xf44745fbd41f6a1ba151df190db0564c5fcc4410,0E-18,NULL,0x095ea7b30000000000000000000000002a0c0dbecc7e4d658f48e01e3fa353f44050c20800000000000000000000000000000000000000000000000f7f2c7eec1d0a8000,0
114,0xb11a6c8f0260d58471fb2e666631460ac65b39415d18831f48908cc1175c2304,5429816,1523574341,0x3a577dccfaeb49c18e10c6e750b316aa02e5c7f7,0x2a0c0dbecc7e4d658f48e01e3fa353f44050c208,0E-18,NULL,0x338b5dea000000000000000000000000f44745fbd41f6a1ba151df190db0564c5fcc441000000000000000000000000000000000000000000000000f7f2c7eec1d0a8000,0
115,0x5fb02bf1a74da69f730ae63e4e885ea29c5ede6a8e14bcd192557b989d0f38f0,5429826,1523574528,0x3a577dccfaeb49c18e10c6e750b316aa02e5c7f7,0xc27a2f05fa577a83ba0fdb4c38443c0718356501,0E-18,NULL,0x095ea7b30000000000000000000000002a0c0dbecc7e4d658f48e01e3fa353f44050c2080000000000000000000000000000000000000000000002e128ef25a60ccc0000,0
116,0x2ea5c010f2ed6f007faf87628999275fe0d7a4600e298ef62fab2246b1f01bd4,5429831,1523574569,0x3a577dccfaeb49c18e10c6e750b316aa02e5c7f7,0x2a0c0dbecc7e4d658f48e01e3fa353f44050c208,0E-18,NULL,0x338b5dea000000000000000000000000c27a2f05fa577a83ba0fdb4c38443c07183565010000000000000000000000000000000000000000000002e128ef25a60ccc0000,0
5,0x2b0852210e667eae18673ef8ea9ebe2a55c61a3330f0b5023d17e373d2d57070,5429899,1523575516,0x2a0c0dbecc7e4d658f48e01e3fa353f44050c208,0x3a577dccfaeb49c18e10c6e750b316aa02e5c7f7,28.577206688225856420,NULL,NULL,0
117,0xe2c6e11d37c85d2c07c20bd45d260c026658ab54d2956765af7578ba9cf4a3e0,5429907,1523575679,0x3a577dccfaeb49c18e10c6e750b316aa02e5c7f7,0xd08147bed466c6c802b6d205605c433eae6c908d,29.500000000000000000,NULL,0x,0
118,0xd892fced4eeb11820db8fa3314265453a3a246391c44f91492bfd9ef2a7c5a28,5430059,1523577948,0xb26dab9a665cca10a7b3ce9cfee88cc1497e8c13,0x3a577dccfaeb49c18e10c6e750b316aa02e5c7f7,1.373139189902092043,NULL,0x,0
119,0x377e6186bcfa8324bdf9975fa0257127a7855f106b044d22675560c5b9c665be,5430073,1523578082,0xb26dab9a665cca10a7b3ce9cfee88cc1497e8c13,0x3a577dccfaeb49c18e10c6e750b316aa02e5c7f7,0.998803000000000000,NULL,0x,0
120,0x7b494971dd296b28d7a64d87b259fccafbd85f059d5a251a867e0fed2df9ce34,5430093,1523578394,0x3a577dccfaeb49c18e10c6e750b316aa02e5c7f7,0x0d8775f648430679a709e98d2b0cb6250d2887ef,0E-18,NULL,0x095ea7b30000000000000000000000002a0c0dbecc7e4d658f48e01e3fa353f44050c20800000000000000000000000000000000000000000000008dcce491a2d3e78000,0
121,0x82b60e2e04c3740e1bf443b2caa27a3ecbd5de6c7f36b1451a11cf665732b95f,5430098,1523578450,0x3a577dccfaeb49c18e10c6e750b316aa02e5c7f7,0x2a0c0dbecc7e4d658f48e01e3fa353f44050c208,0E-18,NULL,0x338b5dea0000000000000000000000000d8775f648430679a709e98d2b0cb6250d2887ef00000000000000000000000000000000000000000000008dcce491a2d3e78000,0
122,0x979f15ed5321231e605e864fce054ada05cb262c06be6ec438f103c883efdf01,5430113,1523578571,0x3a577dccfaeb49c18e10c6e750b316aa02e5c7f7,0xd850942ef8811f2a866692a623011bde52a462c1,0E-18,NULL,0x095ea7b30000000000000000000000002a0c0dbecc7e4d658f48e01e3fa353f44050c208000000000000000000000000000000000000000000000003d84837b926948000,0
123,0x57e9642a9a7be57e44e4fcdbe237b52cbbd514a297e12da81f9023932282bcf8,5430121,1523578635,0x3a577dccfaeb49c18e10c6e750b316aa02e5c7f7,0x2a0c0dbecc7e4d658f48e01e3fa353f44050c208,0E-18,NULL,0x338b5dea000000000000000000000000d850942ef8811f2a866692a623011bde52a462c1000000000000000000000000000000000000000000000003d84837b926948000,0
6,0x6fd4a5fdcad19dcd183dd83f48a6b9d80a92cde97638aab0159e959844938f9f,5430145,1523578958,0x2a0c0dbecc7e4d658f48e01e3fa353f44050c208,0x3a577dccfaeb49c18e10c6e750b316aa02e5c7f7,1.537180342512445141,NULL,NULL,0
124,0xc3cef2f15a2a30571262009ab509cf6499a38745f664495a814cadad2dfa1ff3,5430243,1523580417,0x4f929a5218b21a75fa76e0e004b76a5f2da215ff,0x3a577dccfaeb49c18e10c6e750b316aa02e5c7f7,0.070025254500000000,NULL,0x,0
125,0x81188b59096b3155a6a051e92897c00d127ba8aa70f5bfe7013ea28a0f2e58a4,5430250,1523580532,0x3a577dccfaeb49c18e10c6e750b316aa02e5c7f7,0x3839d8ba312751aa0248fed6a8bacb84308e20ed,0E-18,NULL,0x095ea7b30000000000000000000000002a0c0dbecc7e4d658f48e01e3fa353f44050c20800000000000000000000000000000000000000000000010f0cf064dd59200000,0
126,0xce9256b0bd27a1e8622881ffb90d70ead03be4c22373392bcee21d5512c3657c,5430252,1523580547,0x3a577dccfaeb49c18e10c6e750b316aa02e5c7f7,0x2a0c0dbecc7e4d658f48e01e3fa353f44050c208,0E-18,NULL,0x338b5dea0000000000000000000000003839d8ba312751aa0248fed6a8bacb84308e20ed00000000000000000000000000000000000000000000010f0cf064dd59200000,0
7,0x5017db2668fafdeb6597573a85d364090069dd22dbba6f752426816ad35b8725,5430285,1523581041,0x2a0c0dbecc7e4d658f48e01e3fa353f44050c208,0x3a577dccfaeb49c18e10c6e750b316aa02e5c7f7,0.660658343201041958,NULL,NULL,0
127,0xa0949201104875dc22616d81c7815d71541ae216ccdb61463eebed41e23063a9,5430451,1523583279,0x3a577dccfaeb49c18e10c6e750b316aa02e5c7f7,0x0a59394f9247e7c7cf7c5b20d1bb7e866ec8f4b6,4.700000000000000000,NULL,0x,0
128,0xf4e8a3d1d8b4a331d7d3f0c0dea21005e4e2e8bf25a9c6595260f20e740f7ed3,5430593,1523585349,0x693686cee787061e6136820f0d3f1a45cc4203bc,0x3a577dccfaeb49c18e10c6e750b316aa02e5c7f7,0.155102160000000000,NULL,0x,0
129,0x26abe37ef065a47504888b99e5807b07f0792e03a9cb2418e972115f113d4e38,5430819,1523588619,0x17bb2d7036d124b73112cddfc75506796c25056d,0x3a577dccfaeb49c18e10c6e750b316aa02e5c7f7,5.005403016000000000,NULL,0x,0
130,0x7778f76a1c5f9d13f3c6aa2b10363d9f9492f5cd934fe34f11083ba9379f9539,5430848,1523589031,0x13e3a7c687a72b004a369fc2bdd181750c2f156c,0x3a577dccfaeb49c18e10c6e750b316aa02e5c7f7,2.499922454051846587,NULL,0x,0
131,0x7c602e9982e3127c3310eb9008c98c16057882fc042b42e58f11c7c6e1f33f79,5431005,1523591330,0x3a577dccfaeb49c18e10c6e750b316aa02e5c7f7,0x093843c7592fb78811bf26de125c6625b95f89af,7.670000000000000000,NULL,0x,0
132,0xfaa5ad97d998918e2aa0e5130bbd98ad0538c0564f10f2cf2ec2ad27eca2e943,5431043,1523591784,0x28b84f2d6a65df5a9cbdaa9b92aadb1f830cd5b6,0x3a577dccfaeb49c18e10c6e750b316aa02e5c7f7,0.019207571000000000,NULL,0x,0
133,0x886ab7ba7b816562c8568e89cabb53dbc7c0a1c9240e43ad03d8b1eeb700b568,5431049,1523591866,0x3a577dccfaeb49c18e10c6e750b316aa02e5c7f7,0x1b957dc4aefeed3b4a2351a6a6d5cbfbba0cecfa,0E-18,NULL,0x095ea7b30000000000000000000000002a0c0dbecc7e4d658f48e01e3fa353f44050c20800000000000000000000000000000000000000000000032d0dda447db6355800,0
134,0x4388c7c94c56b116f00cf4b5a3a35f4c60bf0d59017c5f07ff0ee2388a5ed411,5431054,1523591921,0x3a577dccfaeb49c18e10c6e750b316aa02e5c7f7,0x2a0c0dbecc7e4d658f48e01e3fa353f44050c208,0E-18,NULL,0x338b5dea0000000000000000000000001b957dc4aefeed3b4a2351a6a6d5cbfbba0cecfa00000000000000000000000000000000000000000000032d0dda447db6355800,0
135,0x22b00bee3afe1d762b298b7bc5d2fdf6cde0f35486382e5945c7e2311989c320,5431065,1523592021,0x88ae6d596b93263cafcba3241e0ce2efac952a43,0x3a577dccfaeb49c18e10c6e750b316aa02e5c7f7,0.997081000000000000,NULL,0x,0
136,0x2d0ec1c27c332f0871fd4b25b7ef7c0b1b1df43b83371ad100125fce47107af8,5431085,1523592229,0x17bb2d7036d124b73112cddfc75506796c25056d,0x3a577dccfaeb49c18e10c6e750b316aa02e5c7f7,1.998803000000000000,NULL,0x,0
137,0x5585ea9b1e61cc6abb9ced98e2567494c411f17dede9cee10d3d3c23e4f8dd05,5431108,1523592644,0x66ac0e67d3874f2cd47978bc8c524e4a732f33b8,0x3a577dccfaeb49c18e10c6e750b316aa02e5c7f7,0.099049953000000000,NULL,0x,0
8,0x1a3ccc8aeab52072231202426e3818d1a8e726c9bd39fc9910a6213b4082d200,5431141,1523593019,0x2a0c0dbecc7e4d658f48e01e3fa353f44050c208,0x3a577dccfaeb49c18e10c6e750b316aa02e5c7f7,1.218715431224627906,NULL,NULL,0
138,0x255926fb4b24388558c5a47628ddb760fb6cb41d7c69897befd7d3b3373324d3,5431182,1523593711,0x3a577dccfaeb49c18e10c6e750b316aa02e5c7f7,0x86d476da332a4ee45bc915483ec7fd00e1d4c231,4.320000000000000000,NULL,0x,0
139,0xa13970fc2b81be568cbc6f5b07c38b22a7e7f5c58d4743ef57bce807910481f3,5431223,1523594199,0x246cd9dbc3ba7c5e3bb6edcf961334d8079aca6a,0x3a577dccfaeb49c18e10c6e750b316aa02e5c7f7,3.699004044000000000,NULL,0x,0
140,0x6fca668b4ac4d782aa3d59bac3500ff9ca9a5a4a7314b41f00008b7cd7a6aaf9,5431234,1523594360,0x02c46b785ae1f8f79bc0469d05ecc40d83424613,0x3a577dccfaeb49c18e10c6e750b316aa02e5c7f7,1.088803000000000000,NULL,0x,0
141,0xafe703da540a81839bd06bf1cecd3b891511e6245fc474f0c70550ef3a68d368,5431277,1523595081,0x3a577dccfaeb49c18e10c6e750b316aa02e5c7f7,0x7e3ace11f48815a96e1bf04d03311a49158c0158,4.790000000000000000,NULL,0x,0
142,0x1f4f792f6c108d4fbf4f10747d3288c93b9df7ff2d885de59f456697026db7b2,5432936,1523619447,0x17bb2d7036d124b73112cddfc75506796c25056d,0x3a577dccfaeb49c18e10c6e750b316aa02e5c7f7,43.498803000000000000,NULL,0x,0
143,0x65f3c6fadfc28849d57fe60001cf31666aecac152ce4e246a93a281182c772f3,5432956,1523619814,0x3a577dccfaeb49c18e10c6e750b316aa02e5c7f7,0x0c439df35d7c09063abd9d97042b270e1289df59,43.500000000000000000,NULL,0x,0
144,0xa49e51351633f2933ef5190d5ee61d1a24036052bd20960d7e91f055b334d786,5433268,1523624324,0xff7e77384c822e10885589bd0fe36e0bca212143,0x3a577dccfaeb49c18e10c6e750b316aa02e5c7f7,0.027942000000000000,NULL,0x,0
145,0x9ca1a76fd8f0ae328d479b627c32cb49657a1175588bb81dacd7c85f3018d605,5433273,1523624396,0x3a577dccfaeb49c18e10c6e750b316aa02e5c7f7,0x4bf803bcc7c9c1fa1d84d9740f920c8c65ea3007,0.010000000000000000,NULL,0x,0
146,0xf2708e767b536383fdf212ad3d83ca766c3709297cc7df6b822e7537a0507ea0,5433285,1523624668,0x4bf803bcc7c9c1fa1d84d9740f920c8c65ea3007,0x3a577dccfaeb49c18e10c6e750b316aa02e5c7f7,0.006626227000000000,NULL,0x,0
147,0xf59200b32c9bd50ce8dd4845eca79993aea1d1c548d9ce96a93faaa2d3255c5b,5433292,1523624761,0xaf081be6dafc74483c6840a827320aa01eb3f8ed,0x3a577dccfaeb49c18e10c6e750b316aa02e5c7f7,0.057813742623554107,NULL,0x,0
148,0xdc5d4b55702d4821df7615ac3d11126539f357e394ef7de181224aa2aa782c62,5433300,1523624880,0x4f929a5218b21a75fa76e0e004b76a5f2da215ff,0x3a577dccfaeb49c18e10c6e750b316aa02e5c7f7,0.197898909000000000,NULL,0x,0
149,0xbf514a045f46d1ccba78f6b76ec9dc4288da6d4f2122ffdd4578ca08c8e55b94,5433378,1523626237,0x98a7e6913963abb2a9fa0a028a4d9fd46dbe833f,0x3a577dccfaeb49c18e10c6e750b316aa02e5c7f7,0.038024900000000000,NULL,0x,0
150,0x43d8aac687a0f74dc87c94faac81eb5769e1c350e174036009164e6638049288,5433438,1523627027,0x28b84f2d6a65df5a9cbdaa9b92aadb1f830cd5b6,0x3a577dccfaeb49c18e10c6e750b316aa02e5c7f7,0.023318983000000000,NULL,0x,0
151,0x74e0c25639b90f7de61b700e6c9e2fc8debed03b45440ab87d59e91a92c19311,5433447,1523627179,0x693686cee787061e6136820f0d3f1a45cc4203bc,0x3a577dccfaeb49c18e10c6e750b316aa02e5c7f7,0.027942000000000000,NULL,0x,0
152,0xe37c17dfaa50698f946c5ebd36c56815110af3b0b41a2633d2b554cef943a444,5433465,1523627408,0x3a577dccfaeb49c18e10c6e750b316aa02e5c7f7,0x84aceeb4a2bd6a75ca0512f12edaa2b307686e14,0.010000000000000000,NULL,0x,0
153,0x98074f95f30e9c5b28f4d0bd7dc0e6e837574406b2e2078dd8c2a6a06ba19f2a,5433499,1523627886,0x84aceeb4a2bd6a75ca0512f12edaa2b307686e14,0x3a577dccfaeb49c18e10c6e750b316aa02e5c7f7,0.006675589000000000,NULL,0x,0
154,0x8cd1b83f9f8c73d2a26323cbdc205e91fc277738105989fb1e56cd2c174b3b7f,5433528,1523628290,0x3a577dccfaeb49c18e10c6e750b316aa02e5c7f7,0xb2e753c6e998501903bc01222c222ba8df27cf90,0.020000000000000000,NULL,0x,0
155,0x95af8aae9bde2931c22fbe68efb2f1597b7c882eb4c453cd75804877e4f9b097,5433561,1523628679,0xb2e753c6e998501903bc01222c222ba8df27cf90,0x3a577dccfaeb49c18e10c6e750b316aa02e5c7f7,0.009995132000000000,NULL,0x,0
156,0x7ef27d55915bf08939ef5ff9736373db05a422a598e930043b4ea94bf6504940,5433630,1523629683,0x105dc35c3ec4628f78065bebdbb9b0a3527a9cd1,0x3a577dccfaeb49c18e10c6e750b316aa02e5c7f7,0.004186918000000000,NULL,0x,0
157,0x1f26af8576e35587bd7d568db8f9234c0c9bf331031118df32c07e1edd282cac,5433688,1523630636,0x3a577dccfaeb49c18e10c6e750b316aa02e5c7f7,0x17bb2d7036d124b73112cddfc75506796c25056d,0.050000000000000000,NULL,0x,0
158,0xce9422699bb0b2ce315d2cf917ae0b156de0581c5a2f951ed58f3b88958a1b5b,5433718,1523630914,0x17bb2d7036d124b73112cddfc75506796c25056d,0x3a577dccfaeb49c18e10c6e750b316aa02e5c7f7,0.046689554000000000,NULL,0x,0
159,0x69ee7f105fc244584e879770b28a574731c3654454312f107073ae47fafbc042,5433741,1523631274,0x3a577dccfaeb49c18e10c6e750b316aa02e5c7f7,0x327682779bab2bf4d1337e8974ab9de8275a7ca8,0E-18,NULL,0x095ea7b30000000000000000000000002a0c0dbecc7e4d658f48e01e3fa353f44050c208000000000000000000000000000000000000000000000002a455804a78a98000,0
160,0xeae4d82c9f500cdd1e78b0761f1dd025cbae8db0f62734f746a3007f858486d5,5433744,1523631302,0x3a577dccfaeb49c18e10c6e750b316aa02e5c7f7,0x2a0c0dbecc7e4d658f48e01e3fa353f44050c208,0E-18,NULL,0x338b5dea000000000000000000000000327682779bab2bf4d1337e8974ab9de8275a7ca8000000000000000000000000000000000000000000000002a455804a78a98000,0
161,0x231995d5538f2e33a8d7e2afc390369f98433de6e548c2fd523ae315a4b54196,5433839,1523632788,0x3a577dccfaeb49c18e10c6e750b316aa02e5c7f7,0x80a7e048f37a50500351c204cb407766fa3bae7f,0E-18,NULL,0x095ea7b30000000000000000000000002a0c0dbecc7e4d658f48e01e3fa353f44050c2080000000000000000000000000000000000000000000000041b3e0fa8c7d70000,0
162,0x7d78b34309e186a1715af8b87e9a103fb34b456a6fee1a26347fa80e0c3b12b8,5433859,1523633038,0x3a577dccfaeb49c18e10c6e750b316aa02e5c7f7,0x2a0c0dbecc7e4d658f48e01e3fa353f44050c208,0E-18,NULL,0x338b5dea00000000000000000000000080a7e048f37a50500351c204cb407766fa3bae7f0000000000000000000000000000000000000000000000041b3e0fa8c7d70000,0
163,0x7ffc1f8302a4f33cdd55e8e5a434cae23d7608e82dbdc18bd880af62fad686be,5433940,1523634191,0x3a577dccfaeb49c18e10c6e750b316aa02e5c7f7,0x86fa049857e0209aa7d9e616f7eb3b3b78ecfdb0,0E-18,NULL,0x095ea7b30000000000000000000000002a0c0dbecc7e4d658f48e01e3fa353f44050c20800000000000000000000000000000000000000000000000063db8d206952c000,0
164,0x07e7acad9239d85acb18cbf0f60995d97a0926d44162176c306a0a62c418f120,5433940,1523634191,0x3a577dccfaeb49c18e10c6e750b316aa02e5c7f7,0x2a0c0dbecc7e4d658f48e01e3fa353f44050c208,0E-18,NULL,0x338b5dea00000000000000000000000086fa049857e0209aa7d9e616f7eb3b3b78ecfdb000000000000000000000000000000000000000000000000063db8d206952c000,0
165,0xe1b0ee8cee27b797ab041c8b059a4a3c331cea505956121d0e3dfb451d25df2b,5433993,1523635050,0x3a577dccfaeb49c18e10c6e750b316aa02e5c7f7,0xd26114cd6ee289accf82350c8d8487fedb8a0c07,0E-18,NULL,0x095ea7b30000000000000000000000002a0c0dbecc7e4d658f48e01e3fa353f44050c208000000000000000000000000000000000000000000000000107e6673fb8d4000,0
166,0xb5a6c23e547f9759e2bc738175f3af2c957613e7408f9a2baa9129bf451939bc,5434005,1523635221,0x3a577dccfaeb49c18e10c6e750b316aa02e5c7f7,0x2a0c0dbecc7e4d658f48e01e3fa353f44050c208,0E-18,NULL,0x338b5dea000000000000000000000000d26114cd6ee289accf82350c8d8487fedb8a0c07000000000000000000000000000000000000000000000000107e6673fb8d4000,0
167,0x59b80955eb4ce496b23c39fc72c250dc7bccf095163abb628563bd18a0e10eed,5434021,1523635478,0x3a849e037b17cc82bb9a83a5190ab5ae92a1d84f,0x3a577dccfaeb49c18e10c6e750b316aa02e5c7f7,0.008362000000000000,NULL,0x,0
168,0xa24f1e6567545a218923ca405040590c24425ca5a9ed2d834ae739fa09c7e6b2,5434039,1523635708,0xb1c709c63738402b93d2db6c2bb44586843cdf96,0x3a577dccfaeb49c18e10c6e750b316aa02e5c7f7,0.008064203000000000,NULL,0x,0
169,0x8ec1456a2f51b8a2144fd759b100d0cf2d0d70f8b78a19a1f858dacdd93af474,5434043,1523635793,0x3a577dccfaeb49c18e10c6e750b316aa02e5c7f7,0xb64ef51c888972c908cfacf59b47c1afbc0ab8ac,0E-18,NULL,0x095ea7b30000000000000000000000002a0c0dbecc7e4d658f48e01e3fa353f44050c208000000000000000000000000000000000000000000000000000000005225a9c0,0
170,0x3a7fac57d4cae56a823242c3243a4d27a9d9c6d7fb599b26bf57cef1da5f5472,5434044,1523635803,0x3a577dccfaeb49c18e10c6e750b316aa02e5c7f7,0x2a0c0dbecc7e4d658f48e01e3fa353f44050c208,0E-18,NULL,0x338b5dea000000000000000000000000b64ef51c888972c908cfacf59b47c1afbc0ab8ac000000000000000000000000000000000000000000000000000000005225a9c0,0
171,0xa53f6c23c62a046ee28253ed78d10b4f4115874358354a159b480662f5d4c8fb,5434062,1523636074,0x03ec46b0683b928c67d60ecec1455f5ebe85fe99,0x3a577dccfaeb49c18e10c6e750b316aa02e5c7f7,0.031848416000000000,NULL,0x,0
172,0x32a9d341db36649ea4a823c3533b5ae06a445e425963ffc1acf34784c00ed009,5434206,1523638061,0xfc4b4e94bc14768749c7e88fb4ecaeee33b651e7,0x3a577dccfaeb49c18e10c6e750b316aa02e5c7f7,0.105142030791904719,NULL,0x,0
173,0xf289129fb41aa8c658cb249a7b3135fe0c5e0242bf5a62d54db3bf5a8106bfc9,5434215,1523638217,0x3a577dccfaeb49c18e10c6e750b316aa02e5c7f7,0x6aeb95f06cda84ca345c2de0f3b7f96923a44f4c,0E-18,NULL,0x095ea7b30000000000000000000000002a0c0dbecc7e4d658f48e01e3fa353f44050c208000000000000000000000000000000000000000000000000032c1e87df033400,0
174,0xf2b6ee7dfb837c3a6028d5f8897097fdae00a9d97000373c95327dd2a9ec8a19,5434228,1523638417,0xc915a64943948b8b221b7f2383eed52e85c4d929,0x3a577dccfaeb49c18e10c6e750b316aa02e5c7f7,0.098833585709913715,NULL,0x,0
175,0xad28afff67f44de410c818cc3b9da74c22e58d93d7f4be80dc88efd753319d11,5434230,1523638481,0x3a577dccfaeb49c18e10c6e750b316aa02e5c7f7,0x2a0c0dbecc7e4d658f48e01e3fa353f44050c208,0E-18,NULL,0x338b5dea0000000000000000000000006aeb95f06cda84ca345c2de0f3b7f96923a44f4c000000000000000000000000000000000000000000000000032c1e87df033400,0
176,0x6f140082035b2ee50e9058993062d3c5890d502200232523331c21a7b60f2c73,5434239,1523638583,0x7b8b9b2c53879bff3cf912eda51428a91419c1e4,0x3a577dccfaeb49c18e10c6e750b316aa02e5c7f7,0.048803000000000000,NULL,0x,0
177,0xd89dee934bb056b98d78aa35762ee7e65238d6942180f633d8180093b020da11,5434267,1523639090,0xce973a87753794fb04be6a6c3677ef614996841e,0x3a577dccfaeb49c18e10c6e750b316aa02e5c7f7,0.033959002000000000,NULL,0x,0
178,0x833c6a7539f647d0c9e2b601bfb06695c87cfb7a4e8be6edd23b78efceb0eee0,5434273,1523639146,0x3a577dccfaeb49c18e10c6e750b316aa02e5c7f7,0xd850942ef8811f2a866692a623011bde52a462c1,0E-18,NULL,0x095ea7b30000000000000000000000002a0c0dbecc7e4d658f48e01e3fa353f44050c2080000000000000000000000000000000000000000000000006c1f3138b5118000,0
179,0xad52c7230f87182af4b6a572679e6678044dce25e79794545a81e71e6b7f33cb,5434282,1523639344,0x3a577dccfaeb49c18e10c6e750b316aa02e5c7f7,0x2a0c0dbecc7e4d658f48e01e3fa353f44050c208,0E-18,NULL,0x338b5dea000000000000000000000000d850942ef8811f2a866692a623011bde52a462c10000000000000000000000000000000000000000000000006c1f3138b5118000,0
9,0xd46a204c05c84411019c4756c164a6ea7b34c02ce71f10fd4773ab5a38a5f9ce,5434358,1523640670,0x2a0c0dbecc7e4d658f48e01e3fa353f44050c208,0x3a577dccfaeb49c18e10c6e750b316aa02e5c7f7,0.465407438556565805,NULL,NULL,0
180,0xc671ddec05d707b97c59f55cd90b1276c220a1cd06f291e61979ac75b47aa343,5435710,1523660341,0xa409ad03198619fcd3166a3e3dd81942a16eaa81,0x3a577dccfaeb49c18e10c6e750b316aa02e5c7f7,5.015060410000000000,NULL,0x,0
181,0x9cf0412c01dba271efce39c21d90cbd96b1ae9541bd23a353e550c8be4ffdf32,5435942,1523663648,0x5df9c2b1ffdadae387b0f74af1727fadbdd3b4cb,0x3a577dccfaeb49c18e10c6e750b316aa02e5c7f7,0.000321768000000000,NULL,0x,0
182,0x8943fe284d9a942a6bde6988c5493d89c86522595521a9a62769f2eec8a725ab,5435961,1523663888,0x3a577dccfaeb49c18e10c6e750b316aa02e5c7f7,0xb26dab9a665cca10a7b3ce9cfee88cc1497e8c13,0.020000000000000000,NULL,0x,0
183,0x0b7c04a953049776ea948b9ccdc9b8e6e977471cf4b219ae5fadbf777d4afb46,5435974,1523664058,0xb26dab9a665cca10a7b3ce9cfee88cc1497e8c13,0x3a577dccfaeb49c18e10c6e750b316aa02e5c7f7,0.016681524777777777,NULL,0x,0
184,0x6ac46946f75c0323946e3e8c4a771036fa1833694ff4492879962342110221bf,5435993,1523664316,0x3a577dccfaeb49c18e10c6e750b316aa02e5c7f7,0x1336ca7cb5c5653b18e1247bf438d79e8a574aac,0.010000000000000000,NULL,0x,0
185,0xacc92d2305e9ab615389a917ef4a89584ee95215c485e219ad34906d627677c7,5436008,1523664504,0x1336ca7cb5c5653b18e1247bf438d79e8a574aac,0x3a577dccfaeb49c18e10c6e750b316aa02e5c7f7,0.007580229000000000,NULL,0x,0
186,0xc909aa017681406675ab1da887b578948e66cc35b06e171b3d0e4a62572dfb18,5436018,1523664654,0xc6042671f579115bb2cf7e430a0cdd21556b79bf,0x3a577dccfaeb49c18e10c6e750b316aa02e5c7f7,0.018803000000000000,NULL,0x,0
187,0x8e09d26f457f77e41f683cf8f7260655db55916c3050b06e653bfad5196658ee,5436021,1523664764,0x3a577dccfaeb49c18e10c6e750b316aa02e5c7f7,0x84a7c8a85fad07900edf69a5bc0d82f6ea1c2785,0.010000000000000000,NULL,0x,0
188,0x4bbc5950b7fab74ba1436a9efae253da1e3e36d55e4db12f169ef0b1b33369d1,5436049,1523665169,0x84a7c8a85fad07900edf69a5bc0d82f6ea1c2785,0x3a577dccfaeb49c18e10c6e750b316aa02e5c7f7,0.040002902000000000,NULL,0x,0
189,0x4a38562b8018f2e450de90026484ce469a1a5c3cdb199c4e55de69afb2592841,5436059,1523665331,0x3a577dccfaeb49c18e10c6e750b316aa02e5c7f7,0xadfbf0fef7846325877af982a39cf22dd37c4542,0.010000000000000000,NULL,0x,0
190,0x685f09cc46f5ab5d1834dff58222d0e9e6a1696b20d94491da47c97154b0907a,5436069,1523665521,0xadfbf0fef7846325877af982a39cf22dd37c4542,0x3a577dccfaeb49c18e10c6e750b316aa02e5c7f7,0.007484875000000000,NULL,0x,0
191,0x84e9436bacfe1a9603499fabdf222228cd0311df2220a542c0b921b73fba03d0,5436086,1523665736,0x3a577dccfaeb49c18e10c6e750b316aa02e5c7f7,0x998b3b82bc9dba173990be7afb772788b5acb8bd,0E-18,NULL,0x095ea7b30000000000000000000000002a0c0dbecc7e4d658f48e01e3fa353f44050c208000000000000000000000000000000000000000000000545f1c05053c6ade000,0
192,0x197a8459dc31e0e2ee20c2404eb42ed26b3cf8e45dc32ff5a2e1f6f7141e2f34,5436091,1523665814,0x3a577dccfaeb49c18e10c6e750b316aa02e5c7f7,0x2a0c0dbecc7e4d658f48e01e3fa353f44050c208,0E-18,NULL,0x338b5dea000000000000000000000000998b3b82bc9dba173990be7afb772788b5acb8bd000000000000000000000000000000000000000000000545f1c05053c6ade000,0
193,0x7ae6ef69802b409a3051d188a489f121b3ee1bf5a78f467be1a1b2594f03347e,5436104,1523665974,0x3a577dccfaeb49c18e10c6e750b316aa02e5c7f7,0xe25bcec5d3801ce3a794079bf94adf1b8ccd802d,0E-18,NULL,0x095ea7b30000000000000000000000002a0c0dbecc7e4d658f48e01e3fa353f44050c2080000000000000000000000000000000000000000000000056bc75e2d63100000,0
194,0x38d02213c7e0332bb53b92da5888b048c636b1abc54f3b6891b97021600d7a0d,5436105,1523665990,0x3a577dccfaeb49c18e10c6e750b316aa02e5c7f7,0x2a0c0dbecc7e4d658f48e01e3fa353f44050c208,0E-18,NULL,0x338b5dea000000000000000000000000e25bcec5d3801ce3a794079bf94adf1b8ccd802d0000000000000000000000000000000000000000000000056bc75e2d63100000,0
195,0xb97a5db4b92abfae3f1f610c50a2cdd7fa9f92a48d55ea920c4e0582f1b79dce,5436221,1523667540,0x3a577dccfaeb49c18e10c6e750b316aa02e5c7f7,0x3833dda0aeb6947b98ce454d89366cba8cc55528,0E-18,NULL,0x095ea7b30000000000000000000000002a0c0dbecc7e4d658f48e01e3fa353f44050c208000000000000000000000000000000000000000000000033346db553e4008940,0
196,0x9f9c04e1e0184aa9243eaad2281f10d5b7c8afcceb7dd8960619f62cf6288b28,5436223,1523667549,0x3a577dccfaeb49c18e10c6e750b316aa02e5c7f7,0x2a0c0dbecc7e4d658f48e01e3fa353f44050c208,0E-18,NULL,0x338b5dea0000000000000000000000003833dda0aeb6947b98ce454d89366cba8cc55528000000000000000000000000000000000000000000000033346db553e4008940,0
10,0x0ed59f94bbab8751208a6d6568f944c88e0d65fabd7726006e947672f14969d3,5436412,1523670324,0x2a0c0dbecc7e4d658f48e01e3fa353f44050c208,0x3a577dccfaeb49c18e10c6e750b316aa02e5c7f7,0.612379899348148030,NULL,NULL,0
197,0xcaaba9e97c3908c4a39c800fa19b6792646d438b825f81f87a5d976e3e2b7716,5438366,1523699180,0x17bccbc1275048bd34245dfa33ef2190cc09196e,0x3a577dccfaeb49c18e10c6e750b316aa02e5c7f7,0.091024810000000000,NULL,0x,0
198,0x10842f1a34b353f37d9beff8402880b9def62b16902c3f878561b095cb587537,5441241,1523740725,0x17bb2d7036d124b73112cddfc75506796c25056d,0x3a577dccfaeb49c18e10c6e750b316aa02e5c7f7,3.019418090000000000,NULL,0x,0
199,0x493156b879e43b037f6684c97cd6c6329e9b72624566ff3588053a898cce43a5,5442362,1523757114,0x3a577dccfaeb49c18e10c6e750b316aa02e5c7f7,0x87a39695292d833cf1afa60be3712cf522a8da3a,9.890000000000000000,NULL,0x,0
200,0xda7b1b1a1762cf305ff5305010f3313a78c5fa71688d3cd264700e3391315a12,5447618,1523833830,0x665945502e9e3ffd7d7223d3037fe3d7a7664320,0x3a577dccfaeb49c18e10c6e750b316aa02e5c7f7,11.368801767613489547,NULL,0x,0
201,0x1731006a3e2d9d02d837032bb0978e3328dae988bf35fdf8609307b75928b707,5447737,1523835296,0x446f331c4829782cbea62dc9b3b0cc2cdf3d3a9b,0x3a577dccfaeb49c18e10c6e750b316aa02e5c7f7,0.213996563000000000,NULL,0x,0
202,0x7b16674c7d5fed70cff0995d1d2139e3808204d88a97a054e934a72e59d757ef,5447831,1523836904,0xa91085079fb2a9efa12c4df18b9204873fbc3acd,0x3a577dccfaeb49c18e10c6e750b316aa02e5c7f7,0.306085889000000000,NULL,0x,0
203,0x8a1528c26b03dfc1d5fb5688365e16ade88750217b9bf213c1dc0073e0ef76af,5447978,1523839034,0xc6b7adf54c0697a9ddaf3f4d269d8762baccc7ee,0x3a577dccfaeb49c18e10c6e750b316aa02e5c7f7,0.014021281000000000,NULL,0x,0
204,0xbe24c49ca9889fb7a67b535e53e72f837411cad2fd94bdccd2c48db0fbb37acb,5447986,1523839142,0x3a577dccfaeb49c18e10c6e750b316aa02e5c7f7,0x419c4db4b9e25d6db2ad9691ccb832c8d9fda05e,0E-18,NULL,0x095ea7b30000000000000000000000002a0c0dbecc7e4d658f48e01e3fa353f44050c208000000000000000000000000000000000000000000000007518058bd45bc0000,0
205,0x4b0cc1c4da3ba2c16c213fd387959c34396534ac85837cfd7492c1bc2d6a3c2e,5447987,1523839153,0x3a577dccfaeb49c18e10c6e750b316aa02e5c7f7,0x2a0c0dbecc7e4d658f48e01e3fa353f44050c208,0E-18,NULL,0x338b5dea000000000000000000000000419c4db4b9e25d6db2ad9691ccb832c8d9fda05e000000000000000000000000000000000000000000000007518058bd45bc0000,0
207,0xc1e84291f910c4919304c61d426f1ba979452bf2008c63ef9d0a9719733d18c7,5447997,1523839320,0x3a577dccfaeb49c18e10c6e750b316aa02e5c7f7,0x2a0c0dbecc7e4d658f48e01e3fa353f44050c208,0E-18,NULL,0x338b5dea00000000000000000000000086fa049857e0209aa7d9e616f7eb3b3b78ecfdb0000000000000000000000000000000000000000000000000efbef0d0bfb56000,0
206,0x8dc41fbfa9984573e7b75bac88f1b45e2ab260ccd0b8c0bf566a6448752c7978,5447997,1523839320,0x3a577dccfaeb49c18e10c6e750b316aa02e5c7f7,0x86fa049857e0209aa7d9e616f7eb3b3b78ecfdb0,0E-18,NULL,0x095ea7b30000000000000000000000002a0c0dbecc7e4d658f48e01e3fa353f44050c208000000000000000000000000000000000000000000000000efbef0d0bfb56000,0
209,0xfcc2bbbe2dfb04f56c757c228059c852b6b228d90b87c9978506c10bb6682238,5448011,1523839534,0x3a577dccfaeb49c18e10c6e750b316aa02e5c7f7,0x2a0c0dbecc7e4d658f48e01e3fa353f44050c208,0E-18,NULL,0x338b5dea000000000000000000000000809826cceab68c387726af962713b64cb5cb3cca000000000000000000000000000000000000000000000127e248c445f7b18000,0
208,0xd0342aa004312de7cd4ed925158273455d3ad791b71ce946b8733803fe8a9f5f,5448011,1523839534,0x3a577dccfaeb49c18e10c6e750b316aa02e5c7f7,0x809826cceab68c387726af962713b64cb5cb3cca,0E-18,NULL,0x095ea7b30000000000000000000000002a0c0dbecc7e4d658f48e01e3fa353f44050c208000000000000000000000000000000000000000000000127e248c445f7b18000,0
210,0xeb93c117047edb1a96935ffa7344a6834eee491630656dee289250cadabddd5c,5448020,1523839762,0x3a577dccfaeb49c18e10c6e750b316aa02e5c7f7,0x5c3a228510d246b78a3765c20221cbf3082b44a4,0E-18,NULL,0x095ea7b30000000000000000000000002a0c0dbecc7e4d658f48e01e3fa353f44050c2080000000000000000000000000000000000000000000003ed781ccd63adcd6400,0
211,0x0282be5667a461f92cce2c5618eea6d44dbc8d62485a1c611a78503c08617a4f,5448021,1523839787,0x3a577dccfaeb49c18e10c6e750b316aa02e5c7f7,0x2a0c0dbecc7e4d658f48e01e3fa353f44050c208,0E-18,NULL,0x338b5dea0000000000000000000000005c3a228510d246b78a3765c20221cbf3082b44a40000000000000000000000000000000000000000000003ed781ccd63adcd6400,0
212,0xfcb44e24a9c56ef5330dfe0d5de544b85de3744a470fdf4db22a0ff65d38243c,5448039,1523840049,0x3a577dccfaeb49c18e10c6e750b316aa02e5c7f7,0xf230b790e05390fc8295f4d3f60332c93bed42e2,0E-18,NULL,0x095ea7b30000000000000000000000002a0c0dbecc7e4d658f48e01e3fa353f44050c20800000000000000000000000000000000000000000000000000000001386298a8,0
213,0xf88992261ee9c3cb94daf31a5633ecbefc7684c725f0904be7454e5c056f1c90,5448043,1523840125,0x3a577dccfaeb49c18e10c6e750b316aa02e5c7f7,0x2a0c0dbecc7e4d658f48e01e3fa353f44050c208,0E-18,NULL,0x338b5dea000000000000000000000000f230b790e05390fc8295f4d3f60332c93bed42e200000000000000000000000000000000000000000000000000000001386298a8,0
11,0x175d8491b3bc4c31108115e8357dc4dcf3404d6ee9ff88d177ce04399be98e85,5448080,1523840584,0x2a0c0dbecc7e4d658f48e01e3fa353f44050c208,0x3a577dccfaeb49c18e10c6e750b316aa02e5c7f7,1.418451746526536569,NULL,NULL,0
214,0x977b59a692773696bde4318541d043a768ceafdb391bba3b5f901fc31d8c3d8d,5448185,1523842147,0x2421d882ff69d71e3a9ea032f1fd383190873845,0x3a577dccfaeb49c18e10c6e750b316aa02e5c7f7,16.915958000000000000,NULL,0x,0
215,0xf245600580ffa46eb595955053e43064cc1b49de4d37fc821dd705ee6a41008e,5448279,1523843292,0x3a577dccfaeb49c18e10c6e750b316aa02e5c7f7,0x01d56caa667af83d116f963db85d254bcc5b64ab,30.200000000000000000,NULL,0x,0
216,0x46cbcbbd89aa8ceefb2cda2d01397bcf6b75153b7f043f8e2a61f85164e99897,5448429,1523845574,0xccb139dc98e37b9e6a55c7af8f6ff702e81e1bbc,0x3a577dccfaeb49c18e10c6e750b316aa02e5c7f7,0.298310991000000000,NULL,0x,0
217,0x609e8972e59c45d3c63eae65475cff55791dd9305e05eaf70ed559f7bf8ede4d,5448471,1523846223,0x3a577dccfaeb49c18e10c6e750b316aa02e5c7f7,0xc885c3a031d2719fde2c9fb4df05236a33ce7e1a,0.100000000000000000,NULL,0x,0
218,0x064fd0858b4ab63876fa5db7dd21303f955458eea9d572f404bebf7a7e019467,5448499,1523846674,0x234ca39f3b0d5a02fb0248e4335fe063b5fd5aea,0x3a577dccfaeb49c18e10c6e750b316aa02e5c7f7,0.297826324500000000,NULL,0x,0
219,0x657276d2aad6be71a50dcb2ece81c960d50aa1964fc5798d40b46860096f17bd,5448514,1523846868,0xc885c3a031d2719fde2c9fb4df05236a33ce7e1a,0x3a577dccfaeb49c18e10c6e750b316aa02e5c7f7,0.084179912000000000,NULL,0x,0
220,0x3c08e927b96c5ff5389c7317247f999ae9f5577519a35706a21719ac0d1a8ab6,5450351,1523873906,0x3a577dccfaeb49c18e10c6e750b316aa02e5c7f7,0xffe02ee4c69edf1b340fcad64fbd6b37a7b9e265,0E-18,NULL,0xa9059cbb000000000000000000000000fc6cfbc4acd0a0609e6354dd6d5a8c681aac74690000000000000000000000000000000000000000000000000000050d7d9aa300,0
221,0xb39c403e9d707af98bb3bf4efd9d78c48f84b8aa684e073ffd1b0bb5fcfba8f7,5450505,1523876244,0x3a577dccfaeb49c18e10c6e750b316aa02e5c7f7,0x1122b6a0e00dce0563082b6e2953f3a943855c1f,0E-18,NULL,0xa9059cbb000000000000000000000000185e326ceca5d9b23809801e505f28b3438b3acc00000000000000000000000000000000000000000000010800d39da258580000,0
222,0x02d5e8e786f38c34d391f3120c5b644df2a9489c532b8e9bb345930720ac107a,5450586,1523877240,0x3a577dccfaeb49c18e10c6e750b316aa02e5c7f7,0x1122b6a0e00dce0563082b6e2953f3a943855c1f,0E-18,NULL,0xa9059cbb000000000000000000000000185e326ceca5d9b23809801e505f28b3438b3acc0000000000000000000000000000000000000000000009487676405256380000,0
223,0x58d42dee19ab97b952d9bfb7b45ac96bb65aad5320e1fb0ebf77f205a2467e68,5450768,1523879675,0x3a577dccfaeb49c18e10c6e750b316aa02e5c7f7,0x5102791ca02fc3595398400bfe0e33d7b6c82267,0E-18,NULL,0xa9059cbb0000000000000000000000004eb5fcbaf8fdd7d734d232352a96e9491b18c0b1000000000000000000000000000000000000000000002ace692c074ac8ac0000,0
224,0x6d7be1d7848ca9ac72ddecb9ffe734e354b08696f3a21a4c313fb2cf31d02dfd,5450797,1523880004,0x3a577dccfaeb49c18e10c6e750b316aa02e5c7f7,0x4eb5fcbaf8fdd7d734d232352a96e9491b18c0b1,0.100000000000000000,NULL,0x,0
225,0x2632b23dc9bec19f2d6b10fbe0d2972e886e583ea4ea351b2af0011d282077da,5450822,1523880435,0x4eb5fcbaf8fdd7d734d232352a96e9491b18c0b1,0x3a577dccfaeb49c18e10c6e750b316aa02e5c7f7,4.430000000000000000,NULL,0x,0
226,0xde93b4a0ff6cbe83fbd77b5c2198c691f1f998a65946eea6149f5394780ab984,5450885,1523881297,0x3a577dccfaeb49c18e10c6e750b316aa02e5c7f7,0x622dffcc4e83c64ba959530a5a5580687a57581b,0E-18,NULL,0xa9059cbb000000000000000000000000b1f497d658fcf132abe3ead6e8cffaeec5b5ac3e00000000000000000000000000000000000000000000248558ac9d44a0240000,0
227,0x7e464692c866608a4fd2a8530a287a757ba927fd34c6426a692fd44e198238a7,5451048,1523883800,0x3a577dccfaeb49c18e10c6e750b316aa02e5c7f7,0xf7066c9dadc9d9228faeedbbc66aa4074d15c1f5,4.920000000000000000,NULL,0x,0
228,0xe6f2f5f89c98fdb2123dc38db15053d4a6d2f083c8a5c08980445a4777b2de48,5455106,1523942806,0xac33ef9e23df8ee11a1ea3318c8867052fa2dce4,0x3a577dccfaeb49c18e10c6e750b316aa02e5c7f7,0.184627786000000000,NULL,0x,0
229,0xead529e12c9f38a6f167c629f8c3151058b361c15139e8a477b4658fde4fd5fd,5470604,1524173801,0x3a577dccfaeb49c18e10c6e750b316aa02e5c7f7,0x4c0fbe1bb46612915e7967d2c3213cd4d87257ad,0E-18,NULL,0xa9059cbb000000000000000000000000a3e785ee490e1102fe32512973c96dc7dc876348000000000000000000000000000000000000000000001d0af6e7068a1bdf0000,0
230,0xb5d9e2040feb30ce62a59f5768170c5f6e628da196c2dfe06092d1585356da23,5470619,1524174052,0x3a577dccfaeb49c18e10c6e750b316aa02e5c7f7,0x49a7159720cd0541657007265f9a0398a1b53895,0E-18,NULL,0xa9059cbb000000000000000000000000a3e785ee490e1102fe32512973c96dc7dc8763480000000000000000000000000000000000000000000089a75b2ee469b93cd800,0
231,0xbe1146946cc2f6431fd99bc46bedb1f99b1c6a19d11abb952d17f37ffd488c73,5470633,1524174234,0x3a577dccfaeb49c18e10c6e750b316aa02e5c7f7,0x9e3319636e2126e3c0bc9e3134aec5e1508a46c7,0E-18,NULL,0xa9059cbb000000000000000000000000a3e785ee490e1102fe32512973c96dc7dc87634800000000000000000000000000000000000000000000006eab80f9ab5ff60000,0
232,0x9607f4a889c7f43f46e8242e31f392197a3edcb43d719cd6320287beb6aaad2b,5470636,1524174354,0x3a577dccfaeb49c18e10c6e750b316aa02e5c7f7,0xa3e785ee490e1102fe32512973c96dc7dc876348,0.179521622372415704,NULL,0x,0
233,0x26670eb8171899f3acf5f761c1070b22ac490230d0cf56d9c945b76bd019e0cd,5618671,1526399570,0xa3e785ee490e1102fe32512973c96dc7dc876348,0x3a577dccfaeb49c18e10c6e750b316aa02e5c7f7,0.010000000000000000,NULL,0x,0
234,0xa6b753f6783deb85b4131baac2ef307006122ad792edea170c27a0cf8e971a03,5618684,1526399812,0x3a577dccfaeb49c18e10c6e750b316aa02e5c7f7,0x998b3b82bc9dba173990be7afb772788b5acb8bd,0E-18,NULL,0xa9059cbb000000000000000000000000a3e785ee490e1102fe32512973c96dc7dc87634800000000000000000000000000000000000000000000053cea9d5d489c26a92a,0
235,0xc3214b9dc8028269f479a1ad915aa13eedf141f69d32af077fdb3e7e30694b9f,5618692,1526399918,0x3a577dccfaeb49c18e10c6e750b316aa02e5c7f7,0xa3e785ee490e1102fe32512973c96dc7dc876348,0.008780005000000000,NULL,0x,0
