,TxHash,BlockHeight,TimeStamp,From,To,Value,ContractAddress,Input,isError
0,0x4808eecd1fa0efcae1284e016e8bd729d544faab05864f6d53e35a7f5a83f27e,5812582,1529350581,0x3f5ce5fbfe3e9af3971dd833d26ba9b5c936f0be,0x3bd330f121c493db91e59d9125968d3df090a66f,2.092000000000000000,NULL,0x,0
1,0x079d1520243c39d66ef50f9e21d9f636ef993aac974bcc42a2d8faf832664f36,5813710,1529366349,0xb2cc3cdd53fc9a1aeaf3a68edeba2736238ddc5d,0x3bd330f121c493db91e59d9125968d3df090a66f,0.363186000000000000,NULL,0x,0
2,0xc57951004263ea028deb907fa7fe0118a2429eef6b62978d1df49063df911797,5839443,1529748193,0x3bd330f121c493db91e59d9125968d3df090a66f,0xd70032c9680a1bb4c353c7b5fb209931732fbda2,2.454325000000000000,NULL,0x,0
3,0xa437b51e54e75e75b699159bfcdcc047137c9b5cd7f3701bd9352323b02d9fc4,5863397,1530105232,0x416299aade6443e6f6e8ab67126e65a7f606eef5,0x3bd330f121c493db91e59d9125968d3df090a66f,0.009410870000000000,NULL,0x,0
4,0x1b66387b579809c93a2a7eb50aafb6a38c1642baf25df01fff6909e9cba230e4,5870867,1530216003,0x8c81bc776bc55a13ffe7baeabe9db6a2a3fc0e00,0x3bd330f121c493db91e59d9125968d3df090a66f,0.500000000000000000,NULL,0x,0
5,0x6124d76acbdfe731104940c62af45ee4f26e67d94539aaff34c64ef77e897e29,5876630,1530301925,0xd551234ae421e3bcba99a0da6d736074f22192ff,0x3bd330f121c493db91e59d9125968d3df090a66f,0.700000000000000000,NULL,0x,0
6,0x513220d66f4e9ce50c2fd29cdb27ff15e38022e9e01104c48b634d6eae8ffcf4,5887758,1530467079,0xa7f70b73633bc68f285fcdd14030691421f4814f,0x3bd330f121c493db91e59d9125968d3df090a66f,2.000000000000000000,NULL,0x,0
7,0x44d593a88e3cf7de722bac03f0bb687dd82f60416f3e9197caf9556c91946ab8,5919903,1530941567,0x564286362092d8e7936f0549571a803b203aaced,0x3bd330f121c493db91e59d9125968d3df090a66f,2.000000000000000000,NULL,0x,0
8,0x7c9b4da62e628d176fae3fdc8cd25c66a4b0cd2988b6b98408e3461a9675b73c,5920640,1530952836,0x1f973b233f5ebb1e5d7cfe51b9ae4a32415a3a08,0x3bd330f121c493db91e59d9125968d3df090a66f,2.490000000000000000,NULL,0x,0
9,0x45580d81b0048278ce58de4a953e22b52c30c86df8a6a5b327479a045723c580,5920677,1530953299,0x18f73af5ff6ba1b8c940844e5d2dadce8027f798,0x3bd330f121c493db91e59d9125968d3df090a66f,2.000000000000000000,NULL,0x,0
10,0xb1642baaabb135c1989f94ff0bfe913491bd6457c084eb499cb2ffd4108f8b37,5921121,1530960110,0x13c330056435aea7b9df82c32bcae673c31982e8,0x3bd330f121c493db91e59d9125968d3df090a66f,0.031738470000000000,NULL,0x,0
0,0x447f2a9625f7c1805ce433e5bbb6f9b41393e496cc05befeb8e71028d81241c0,5921462,1530965083,0xd4f5bf184bebfd53ac276ec6e091d051d0ed459e,0x3bd330f121c493db91e59d9125968d3df090a66f,0.000100000000000000,NULL,NULL,0
11,0x867ad227bd9f2234e4f59cafe0d63f33e5a7400febafa552e44e138f316fa205,5921468,1530965199,0xf79b2fbd4d7262024e62c2e544debe7cdaa590cc,0x3bd330f121c493db91e59d9125968d3df090a66f,0.500000000000000000,NULL,0x,0
12,0x77638bc49ac69cca11b717f2db27e5ccfc8856c6539a89caa1cd3befa39ec1a9,5921883,1530971167,0xf392b415c11213c7750f830015e5229ee3432af5,0x3bd330f121c493db91e59d9125968d3df090a66f,0.598320000000000000,NULL,0x,0
13,0x33048d25881b150ce1a724d164c153f92af6345735254c1eb725d069964588a7,5922537,1530980589,0xe4b3dd9839ed1780351dc5412925cf05f07a1939,0x3bd330f121c493db91e59d9125968d3df090a66f,1.000000000000000000,NULL,0x,0
14,0x65f459d6882faf0c86e770935e74fb17b90eb87dfb190c3c2780b0b517ad9c9a,5923102,1530989251,0x26f7f089f2bcb020141300f724d07e948d51d710,0x3bd330f121c493db91e59d9125968d3df090a66f,0.510000000000000000,NULL,0x,0
15,0x7eb763cd977be56ff97d89ab6af8f45adee0508ba1d1f476709daa2af75adb42,5923302,1530992066,0xfbb1b73c4f0bda4f67dca266ce6ef42f520fbb98,0x3bd330f121c493db91e59d9125968d3df090a66f,0.788101770000000000,NULL,0x,0
16,0x2eb6f09ea0d543db49da859d644d00a5d3fa09abba68b0f12bea22b2165bcde4,5923448,1530994347,0x46a6ef39c85b126b6b479db2f9349334727556ea,0x3bd330f121c493db91e59d9125968d3df090a66f,2.824701950000000000,NULL,0x,0
17,0xe1bf15733ce31c860bbeb0284be12905b7d38f6e91db3fd6655ab82f2f77a4d8,5929816,1531090421,0x9fcafcca8aec0367abb35fbd161c241f7b79891b,0x3bd330f121c493db91e59d9125968d3df090a66f,0.988062760000000000,NULL,0x,0
18,0x930635ccca2956d875fc657b1a1ff00260dba4db3ab06edeb83cfb9860d1b0b3,5929886,1531091435,0xd24400ae8bfebb18ca49be86258a3c749cf46853,0x3bd330f121c493db91e59d9125968d3df090a66f,0.500000000000000000,NULL,0x,0
19,0x8db22230bd08c84aad58a0c5115458d71cb2bad1cea3a77469e88b22cce3ba74,5929904,1531091738,0xd24400ae8bfebb18ca49be86258a3c749cf46853,0x3bd330f121c493db91e59d9125968d3df090a66f,0.500000000000000000,NULL,0x,0
20,0x2b1bb624f9a8da8cda651359cc1551f55b5b71f2eb6285acdb452052e43b8fb2,5930674,1531103095,0x74a0c7113250329189cb77ca2b7e561ce42ad5af,0x3bd330f121c493db91e59d9125968d3df090a66f,0.050000000000000000,NULL,0x,0
22,0x9a660098d4aca312cc4cad318f1e8754cc1952f88bc82b78da5764f720ba7ce2,5931005,1531107873,0xb91c76f3b1cfcd991a25fb610d1673f18b403080,0x3bd330f121c493db91e59d9125968d3df090a66f,0.595000000000000000,NULL,0x,0
21,0xbd578cc04806ae97a4ae21b1fe32bdbcaec1e1bb82cbdfab98a6f07cd1c28984,5931005,1531107873,0xc276e23b7d7037927d41ad5e45dba72642f4a46c,0x3bd330f121c493db91e59d9125968d3df090a66f,0.995000000000000000,NULL,0x,0
23,0x25ead61ab6dac524df42e9c15b0c578dbcb21bcd72d5aa8f8ef76b1e96686510,5931027,1531108192,0x5d377d43cbea6c97ffeeac3f8fc0a50840d77004,0x3bd330f121c493db91e59d9125968d3df090a66f,0.500703420000000000,NULL,0x,0
24,0x46fe7969950744c5216429f0c2aac8536d34035439744f85fc54cdb9fea73bc3,5931955,1531122324,0x1ea62b5f0a4771b1537121e6c71965a6e30022bd,0x3bd330f121c493db91e59d9125968d3df090a66f,0.599559000000000000,NULL,0x,0
25,0xbefa3fd0f8186226bd93ea2293ae970853efdc91e2d7800243e4a70dcbfb6d77,5932063,1531123840,0x3bd330f121c493db91e59d9125968d3df090a66f,0xd70032c9680a1bb4c353c7b5fb209931732fbda2,2.000000000000000000,NULL,0x,0
26,0x532ca7735085cd43df2a27559da3c67d0a351e2b37e1e1be5428a90c708fcec2,5932235,1531126143,0xdf7c2435d171537bed44e11a8284f71bc8fdee6e,0x3bd330f121c493db91e59d9125968d3df090a66f,0.500000000000000000,NULL,0x,0
27,0x902a8513402394b9c849198ea86249fe13ea4e1800f4829f899803d04653cc48,5933468,1531144406,0x267be1c1d684f78cb4f6a176c4911b741e4ffdc0,0x3bd330f121c493db91e59d9125968d3df090a66f,1.495000000000000000,NULL,0x,0
28,0xdbd9ba69bd3ff95d3df670038a1282fcaacbef66d27b5a2d43367ce8d27b5d0d,5933565,1531145932,0x3bd330f121c493db91e59d9125968d3df090a66f,0xd70032c9680a1bb4c353c7b5fb209931732fbda2,0.500000000000000000,NULL,0x,0
29,0xa19a67e17eee4c90da48c2d2630b339c39df51efec200fb7d940ce45e65fd18e,5944002,1531301659,0x3bd330f121c493db91e59d9125968d3df090a66f,0x0f1a050866e954d84a6595eaa672d865b7da27d2,10.350000000000000000,NULL,0x,0
30,0x93ed03204f23df8a7e94af0d0f61f443a22630017f35c8ae2575c6048ee1e79e,5944030,1531302042,0x3bd330f121c493db91e59d9125968d3df090a66f,0x7f1866f1248958a1816d627aa57676e76366bdcc,9.822254240000000000,NULL,0x,0
