,TxHash,BlockHeight,TimeStamp,From,To,Value,ContractAddress,Input,isError
0,0x03f627cbea63ab9609a85be37229fbadfcd605c00922c5ed9130efd274695df9,5537216,1525168871,0x532017b238c7baab39c6b789a27bbca687b66c7b,0x3da2bb8c828643d13c399e71d9c7b70852d45492,0.499000000000000000,NULL,0x,0
1,0x0bf7424a44edf80c8054fb57cd3e140142cac8bdc2337fa67fb1713177f68a14,5538487,1525188875,0x3da2bb8c828643d13c399e71d9c7b70852d45492,0x41b53e21a5a0caa5163b35e26dc92c977b2385fa,0.100000000000000000,NULL,0x,0
2,0x9a23efd92536b702b308e16ad837739e24653f336fc709b4fd507ca919c993e9,5549852,1525361997,0xe0eb28aae5bcd98f107b4dc6a33273c104708dc9,0x3da2bb8c828643d13c399e71d9c7b70852d45492,0.000600000000000000,NULL,0x,0
3,0xc63037eb02fc8f96a134600a249f43b5e772c610abf8dfbfedcfd4d288a8ce12,5549865,1525362193,0x3da2bb8c828643d13c399e71d9c7b70852d45492,0xe0eb28aae5bcd98f107b4dc6a33273c104708dc9,0.006000000000000000,NULL,0x,0
4,0x1b2ea818ec2cf4d686e5f5d9bd9853a47b3ff45b34e947aa5913d95b9db257a7,5549890,1525362570,0xe0eb28aae5bcd98f107b4dc6a33273c104708dc9,0x3da2bb8c828643d13c399e71d9c7b70852d45492,0.005000000000000000,NULL,0x,0
5,0xb1557a1bd16c55812f3ba673e8fdff4fc445b0354131c708776e33b14832190b,5551097,1525380578,0xc47f5cb9dcc7b3471b8b11498eabe06ae7188001,0x3da2bb8c828643d13c399e71d9c7b70852d45492,0.500000000000000000,NULL,0x,0
6,0x758059eefe9ce677ccee6eac4e8f8c06e79728326ced12d846c183db33b651f8,5551114,1525380858,0x1a8e6ebf5962ba028a83c0df9ba1af73710db43f,0x3da2bb8c828643d13c399e71d9c7b70852d45492,0.510000000000000000,NULL,0x,0
7,0x77aa2d6594da11d971f7370bc51184a1cb13329a3d382327dd600330e8bb3cf2,5551616,1525388040,0xf5613e4da78cee6a1bffdf9c235d56bbf6d01d8d,0x3da2bb8c828643d13c399e71d9c7b70852d45492,0.500000000000000000,NULL,0x,0
8,0x03c8764acc252a35712e157b5073cc154540dcf5fcf91b13f48ac28516f22231,5552120,1525395454,0x9577af9c6e497a9c35de4eadcca8d7625c25b75a,0x3da2bb8c828643d13c399e71d9c7b70852d45492,1.000000000000000000,NULL,0x,0
9,0xe7acab62169e55a782f6121ad9bf463c9a6c1af0995dbbdf3850f69a8f3bcffc,5552656,1525403611,0x45ac822fef1fb98fcbc5893d9731c33995f31012,0x3da2bb8c828643d13c399e71d9c7b70852d45492,1.015777310000000000,NULL,0x,0
10,0x5b163b209f856331cffa5957196879f7514f850ed6e020d18a60672309da148c,5552879,1525406950,0x390de26d772d2e2005c6d1d24afc902bae37a4bb,0x3da2bb8c828643d13c399e71d9c7b70852d45492,0.500000000000000000,NULL,0x,0
11,0xb1528869445eab1269282f7c1aabe7c37f6c4a72ad3e9823eee90d723267dc85,5552891,1525407172,0xa1279293bb3d05351e0f21f084c0f0f7dbdf6cdb,0x3da2bb8c828643d13c399e71d9c7b70852d45492,0.988937000000000000,NULL,0x,0
12,0xb0dfa8e6963bdeec80c79a59c194ba482bff2d178d021879d09903735480004c,5553203,1525412045,0xa0bb4ba19f578a63fa3f67adaf7bbca15ccadc45,0x3da2bb8c828643d13c399e71d9c7b70852d45492,0.509000000000000000,NULL,0x,0
13,0x0671030827cd7347de5f5d45daaccd36602635d272603ed75e2e8a1a12106206,5553279,1525413157,0xfbb1b73c4f0bda4f67dca266ce6ef42f520fbb98,0x3da2bb8c828643d13c399e71d9c7b70852d45492,1.571425810000000000,NULL,0x,0
14,0x2efd88bcd6bd810941d490123f88629f9aff1b277fdc74c5b0391c5f7e5f68bc,5553494,1525416524,0x936ae527d652de4f7f246bcca1619cd541e59414,0x3da2bb8c828643d13c399e71d9c7b70852d45492,0.500000000000000000,NULL,0x,0
15,0x8b00c49931992fbeda3a4ae7bdde758971b849ebf0f7e65ee30afe1c34a9f189,6399764,1537919863,0x3da2bb8c828643d13c399e71d9c7b70852d45492,0x93ba44cb6bdc1e8cb033fd1cc5c85bd8bd26eced,7.991157120000000000,NULL,0x,0
