,TxHash,BlockHeight,TimeStamp,From,To,Value,ContractAddress,Input,isError
0,0x85475cf2c3fe4a1cda70a068d94cec74eb25e1318f0171999d39c9ea4135ee55,5490598,1524469960,0x36ff396286b14748ac7d8221133add96d8683021,0x3d7a0fae63809c4725b13bdddabbb718939ad10e,0.500000000000000000,NULL,0x,0
1,0xe66a7a6f9ad9068b2406bbf37d1a3b7096a3ef2a940308288861076f64f1c08d,5490726,1524471762,0x0dd8ad59b2896e6c219164bb6f45dd5119fae257,0x3d7a0fae63809c4725b13bdddabbb718939ad10e,0.300000000000000000,NULL,0x,0
2,0x27c9e69b2291f80996afd8f2815dfcd96cf70475bd5aec0fa53e2b69d402664d,5490775,1524472456,0x0681d8db095565fe8a346fa0277bffde9c0edbbf,0x3d7a0fae63809c4725b13bdddabbb718939ad10e,0.853334920000000000,NULL,0x,0
3,0x50f939f4311f4f10a36247f9c3b28b5ebc295ce302d698a4c29d10a82c34358d,5490786,1524472629,0x75e7f640bf6968b6f32c47a3cd82c3c2c9dcae68,0x3d7a0fae63809c4725b13bdddabbb718939ad10e,0.990000000000000000,NULL,0x,0
4,0x37d138d9a38a4d0b87e7699c829d266366b7a1cb889dcfd2dfea8f62ce6f5c73,5491085,1524477199,0x0681d8db095565fe8a346fa0277bffde9c0edbbf,0x3d7a0fae63809c4725b13bdddabbb718939ad10e,1.000000000000000000,NULL,0x,0
5,0xec0e28fa8b568bcaeaf4f0f8af26de7f9a09ad6913304db5a4b16cdc495efedb,5493374,1524511819,0x3d7a0fae63809c4725b13bdddabbb718939ad10e,0x55e239a46d019efe3e56de37eb755a7d7fa69501,1.822000000000000000,NULL,0x,0
6,0x83c2218fb5bfdbbf6659f04e9371f969c35e097e26bd6d10eb6dcc5fd4d10848,5493387,1524512009,0x3d7a0fae63809c4725b13bdddabbb718939ad10e,0x2a46846b1dabefe9c8e531449c10f91203cab673,1.820494920000000000,NULL,0x,0
