,TxHash,BlockHeight,TimeStamp,From,To,Value,ContractAddress,Input,isError
0,0xc0377d8c952dc311df35d1c6b130621bbd23f1160d0fcf5d77cf9c2265d9b13f,5399476,1523137607,0x23833f67689dbabc6fa22bd118478798fbfd72d0,0x40afc43212f407fa717ab3315b37b6cb3480c23c,0.500238140000000000,NULL,0x,0
1,0xf10bcf4b33d4906bb98aea1b13ea83734e9fd91cf1d4a9dd92905fdaf1a4d2f1,5399715,1523140650,0x326168a7cb79aead1a843923f3326bfe2e4441d6,0x40afc43212f407fa717ab3315b37b6cb3480c23c,0.500000000000000000,NULL,0x,0
2,0xf4ef5cd71eb1371e0a4445b62d942c5abcd10f26473d771380d20fe90ae392e3,5399817,1523141860,0xf04dbba68c51b08366eb602a8fe987607c28a322,0x40afc43212f407fa717ab3315b37b6cb3480c23c,0.558049230000000000,NULL,0x,0
3,0xbc5fefc8a9a25a2cb17703a781fe76ea813205ae40894fc6d4f9bf6ca49d4ef4,5403077,1523188545,0x41c28d4b1425a4adbc843c51d3fd05a3d7301f9d,0x40afc43212f407fa717ab3315b37b6cb3480c23c,1.000000000000000000,NULL,0x,0
4,0x5daacab8de17b7b9f4dabefe4342e9de03839c998f9e3ae4f301f1f937374c74,5495482,1524543149,0x40afc43212f407fa717ab3315b37b6cb3480c23c,0x6bb2950e3cdce797f07ce70c952bd41d7563f1be,2.557426370000000000,NULL,0x,0
