,TxHash,BlockHeight,TimeStamp,From,To,Value,ContractAddress,Input,isError
0,0x957dec85ecbe061f0c55424dfc1ee2155a7a6c517c6803be43d0ca17afd15c39,5129557,1519206992,0x8d7bbd155ff37ced277193a466c38da8983bdc08,0x408fac2d2d3d3ac4e356aa188119f5624fd8c9f6,0.099784020000000000,NULL,0x,0
1,0x6fd42c878a7ebef5d35314059b08c59264eb18749127c4472959f604c3d2501e,5185382,1520027706,0x408fac2d2d3d3ac4e356aa188119f5624fd8c9f6,0x604affa2a273d4a6f191307a9c52417a3465bc1c,0.018663898188435382,NULL,0x,0
2,0x9c1d1f919c8dbf6d869e6b9b4e29510c0c13ad3874fe2c743e6af2dcaba99c36,5239741,1520823773,0x408fac2d2d3d3ac4e356aa188119f5624fd8c9f6,0x8d7bbd155ff37ced277193a466c38da8983bdc08,0.027616680475006904,NULL,0x,0
3,0x8efba257d71bd5b375901652b594a59c8fa1456c9d3a7315288e2361945cd688,5242570,1520865847,0x408fac2d2d3d3ac4e356aa188119f5624fd8c9f6,0x604affa2a273d4a6f191307a9c52417a3465bc1c,0.014190032920876376,NULL,0x,0
4,0xe47227e752520fc5481bae52af2dbc58c2ace2254920ce103acfe66e0888023c,5242685,1520867450,0x408fac2d2d3d3ac4e356aa188119f5624fd8c9f6,0x604affa2a273d4a6f191307a9c52417a3465bc1c,0.007152666514076447,NULL,0x,0
5,0xc4ac6a90673100ced340ed761ab5554f37ae1d6f5342ea2e79e7ca6a0e7579ca,5310001,1521849935,0x1396e3f72cb386073aa409bdfa5b0f54feac2391,0x408fac2d2d3d3ac4e356aa188119f5624fd8c9f6,0.071880000000000000,NULL,0x,0
6,0x4cb7d3cd33296824947e3c76ca57a2df5f4360ffb140b314f5c7402e0f9fde53,5324654,1522059321,0x408fac2d2d3d3ac4e356aa188119f5624fd8c9f6,0x3389a979439b267a6a8aa1ea1ee158c66922f585,0.101625741901604891,NULL,0x,0
7,0x7b346f09d65957d2b7a6cdf507ca1ee101588b9cd8628f3fd96139fa5c06a44c,5647814,1526844412,0x563b377a956c80d77a7c613a9343699ad6123911,0x408fac2d2d3d3ac4e356aa188119f5624fd8c9f6,0.068027590000000000,NULL,0x,0
8,0x4de4f3118632b85da82cf296207e34bd8c85d4c4aa5a442d1b88698c59e485cb,5648259,1526851134,0x408fac2d2d3d3ac4e356aa188119f5624fd8c9f6,0x028440e2454b759c82e1cfede4c0976ee12bda8b,0.016660419009538089,NULL,0x,0
9,0x390ecc13696ff108fb00bfda55df252541780c8a8de1b24010ebdba6dcc59271,5652468,1526915416,0x408fac2d2d3d3ac4e356aa188119f5624fd8c9f6,0x078202518e7de620074b80a13c7778f4f1d9b159,0.014312294260770001,NULL,0x,0
10,0xb932bbd705deca52a45f944cf0fc4a9053c2d6a5d4b507f5531c971c9cd0cecc,5656983,1526984626,0x408fac2d2d3d3ac4e356aa188119f5624fd8c9f6,0x4d9ea4da41706ff1d6e8a6ad6ef66d36d755f3e4,0.001457216134297038,NULL,0x,0
11,0x30cc3ce594721fa069bf967beff841c23852926e0d16e2ef0f6a37b4c03dbd52,5657158,1526987032,0x408fac2d2d3d3ac4e356aa188119f5624fd8c9f6,0xdc33b5920602dabac13e3ecfd8c25a613a629f61,0.001449023358256535,NULL,0x,0
12,0xf53a2585bbd9e9b2b89ec67bef455405c53e6a1cbee5a7f5586b51bf7694e079,5657286,1526989089,0x408fac2d2d3d3ac4e356aa188119f5624fd8c9f6,0x65414ceaa6633309e5ca5f7c04c6a1552ca6506b,0.001459768772626415,NULL,0x,0
13,0xba1245acc10d7ff5bfc760a49f3c464b2c4da419ae1f7e75d79f68524352cfc0,5657307,1526989470,0x408fac2d2d3d3ac4e356aa188119f5624fd8c9f6,0x84c739f12f651d0f7f5ffc80a14622258b06ba54,0.001461005756362680,NULL,0x,0
14,0x572c4e62081e3c3fe522b1ffbe72d2d14585900e4b4130d0600d7dd0787328b7,5657372,1526990492,0x408fac2d2d3d3ac4e356aa188119f5624fd8c9f6,0x9b0e7f9071fe8854e061dc3570681f2694a199de,0.001463378941977024,NULL,0x,0
15,0x0a65b50d744c08c79c5bff9aaf12f68cc1faf6e8e32330be2651995bf07b1504,5657394,1526990766,0x408fac2d2d3d3ac4e356aa188119f5624fd8c9f6,0x1510e63afc6b65c0cce0cfdf19e7117388d1a98e,0.001462822369479674,NULL,0x,0
16,0x159a38fa93daf8c2e8766acb0484063f91ea7c991feece9a3ab6ef24f0d2ffd3,5657440,1526991590,0x408fac2d2d3d3ac4e356aa188119f5624fd8c9f6,0x1510e63afc6b65c0cce0cfdf19e7117388d1a98e,0.004407551605083376,NULL,0x,0
17,0x4da31ec8c229e05fe223d12b54bbd7535c426620d6550d68e0eccf398604575f,5657501,1526992590,0x408fac2d2d3d3ac4e356aa188119f5624fd8c9f6,0xe09f1d6880d8e0709e14060a5b25c2729bf7d163,0.004393544418734072,NULL,0x,0
18,0x820e7b94d064988cdb5d395c648f6eaaa523fd2b43eeaff986f650d761cd4861,5657649,1526994627,0x408fac2d2d3d3ac4e356aa188119f5624fd8c9f6,0x1510e63afc6b65c0cce0cfdf19e7117388d1a98e,0.007325470661490000,NULL,0x,0
19,0x8eac691e732dbb597f580ada2a248dadcf985ed0f364a77b155841cd2928ca26,5658146,1527002587,0x408fac2d2d3d3ac4e356aa188119f5624fd8c9f6,0x545e1a9206131c027cee598a6afa0f1f5019ebed,0.004407486850997561,NULL,0x,0
20,0x056231243d02ec63003d90545228e0952dafc6382b769f64d4c32610f5da8004,5658213,1527003471,0x408fac2d2d3d3ac4e356aa188119f5624fd8c9f6,0x1556794b1506fc638d351278b4137b35acde01b4,0.001470026166465763,NULL,0x,0
21,0x6646f33b43a4c17a826957d5a03199001eaaf0db5f87aac266f9030bf714f1e0,5658351,1527005660,0xd3273eba07248020bf98a8b560ec1576a612102f,0x408fac2d2d3d3ac4e356aa188119f5624fd8c9f6,0.071788380000000000,NULL,0x,0
22,0x41673bc47747d5081e89975d5161da4f2eb546a02bd268333c470f7440e61c34,5658882,1527014044,0x408fac2d2d3d3ac4e356aa188119f5624fd8c9f6,0x3f645a1958556fbf18da67164380c034b8b79557,0.001489314170824335,NULL,0x,0
23,0x3943f84d15a8eea22b1b52b3f0a218cecaff8f5fab325ff5d013149c9782a2f5,5658935,1527014852,0x408fac2d2d3d3ac4e356aa188119f5624fd8c9f6,0x3f645a1958556fbf18da67164380c034b8b79557,0.008914907210674115,NULL,0x,0
24,0xe48b5774659f0e34c8b7aad0b5ae7eb6e8ea68ac302cac35ad3ff0a79a4c5b9c,5659975,1527030819,0x408fac2d2d3d3ac4e356aa188119f5624fd8c9f6,0x9b8d2df353a0b9705ca24289087daf869e6ca072,0.007787629642566947,NULL,0x,0
25,0xd9c6e99f7e51f9495b8c7cecf04d0818900273eb435e670f464a21ce21b97333,5662016,1527062890,0x408fac2d2d3d3ac4e356aa188119f5624fd8c9f6,0x540f281ff136db4f0aac29400e0cc5d222958e08,0.001611473692691966,NULL,0x,0
26,0x8d76be9cff0d6d74cfc359a4afe053e9ac7123e6145855117a9f475e3c03ba90,5662058,1527063731,0x408fac2d2d3d3ac4e356aa188119f5624fd8c9f6,0x04125375150d243d2962e9584bf53b4cd8d19f28,0.007996545492347305,NULL,0x,0
27,0x9834801830ff66c6b7e95e97860ceeaef8f7f5841b64353983fba35daa7d6000,5662147,1527065239,0x408fac2d2d3d3ac4e356aa188119f5624fd8c9f6,0xdc6e2bfd8cc54895564558f0dbcf9996160ac044,0.001630789302022178,NULL,0x,0
28,0x2b99dfc7e7f5d4b41819f83efa677157fde2c4cc5c0aaf7a37e6ead827ce13de,5662654,1527072908,0x408fac2d2d3d3ac4e356aa188119f5624fd8c9f6,0xf4ae224e66d14bf6d1e4a801f516a5c1a913c4db,0.016160310277957336,NULL,0x,0
29,0x29e3dfe5741e081823a099b8867332dd12f0a3a9d693b69b87e00bf5026da7c8,5663688,1527088390,0x408fac2d2d3d3ac4e356aa188119f5624fd8c9f6,0xf4ae224e66d14bf6d1e4a801f516a5c1a913c4db,0.016186468112657818,NULL,0x,0
30,0xba17af53d0719dc03212df035157ae952454e27e8b7519d8d170838e93af9e05,5664045,1527093784,0x408fac2d2d3d3ac4e356aa188119f5624fd8c9f6,0x75d8a956e5ae973e59e48ac060b3d60bc399e550,0.001707417019532850,NULL,0x,0
31,0x1b35312c77da330993661c468c3477b79e9bb4f03f7af3aec4feeddec7678228,5668245,1527158313,0x408fac2d2d3d3ac4e356aa188119f5624fd8c9f6,0x0c6f9c85627694e1d254311477e497d48b203dae,0.001770287494689137,NULL,0x,0
32,0x43db7babb2efe9f3c3aad28d32409e192a857bfec5f053fb057cc2963adb2419,5672882,1527229004,0x54096eb3e0ada8b1ce3ca895eac79900ae1830a5,0x408fac2d2d3d3ac4e356aa188119f5624fd8c9f6,0.048926870000000000,NULL,0x,0
33,0x3cafb7c7708796dca185e1984ab499a6ec697ebbd3a66776db0aef398e340e34,5705043,1527720536,0xcdb26199db086d54f7b11e50ca4374b4dd9ce13f,0x408fac2d2d3d3ac4e356aa188119f5624fd8c9f6,1.000000000000000000,NULL,0x,0
34,0xd7408008c7b6b59573991cd51f84a113f5cf065689de74ea8d81ac60bf95828b,5705074,1527720940,0x408fac2d2d3d3ac4e356aa188119f5624fd8c9f6,0x8edb93d96d1884629ae2a6bc4fcfbd9493050235,1.000000000000000000,NULL,0x,0
35,0xacc96f7190d92d65d4a7c9f45a9c02952f97ebfcd0bf5575af3c736ac6031586,5708994,1527780857,0x7e946d8d430ffa662925309211e413e916c23ed9,0x408fac2d2d3d3ac4e356aa188119f5624fd8c9f6,0.046886395999027541,NULL,0x,0
36,0x957c563f5bd6e3f32e8ffa35f14290ade51c38cb007d1e09197a84b068b12c18,5716608,1527898040,0x821af260353bce63ade7c874f001d9dd9cc966a2,0x408fac2d2d3d3ac4e356aa188119f5624fd8c9f6,0.300000000000000000,NULL,0x,0
37,0xd38d744b2be7d0d255cac34f1ae59ea5a17965d39dd4a865d293d024135ed36c,5716621,1527898225,0x408fac2d2d3d3ac4e356aa188119f5624fd8c9f6,0x6713104e0751d818f6ce7bcd6c80998ab9e3d50f,0.379526280000000000,NULL,0x,0
38,0xdd5ee1c3a8a2397d34f258fa5e2f1df25d86bb002b91ce111d7ce6dbb7db6669,5726953,1528056503,0x2a31dd42c5c4caa1389f95da661a86ecb21d5ac6,0x408fac2d2d3d3ac4e356aa188119f5624fd8c9f6,1.000000000000000000,NULL,0x,0
39,0x94c4059cba901f9e623b3290eee3734950a789bb6edf5538c36fbfe47f181608,5727437,1528064296,0x408fac2d2d3d3ac4e356aa188119f5624fd8c9f6,0x60a26ad7c1958ac3aed090d3f8c7004b38dbb390,1.002295580000000000,NULL,0x,0
40,0xfa1c6af2403a5e37cd210ffa229dacbec8cd314003dcd66c1b682f549dc870c2,5727444,1528064414,0x3b0bc51ab9de1e5b7b6e34e5b960285805c41736,0x408fac2d2d3d3ac4e356aa188119f5624fd8c9f6,1.000895580000000000,NULL,0x,0
41,0xbe86e783dac9f31097fa7d48aec0653fe42fe98897e437e8bff3772a44c48f13,5737822,1528223111,0x9d4f93927c0a4b393495446880a307998aeaff11,0x408fac2d2d3d3ac4e356aa188119f5624fd8c9f6,0.524499490000000000,NULL,0x,0
42,0x0054eaa721e7be26e6f80c26c2644cc562ba746e800557a7854a14b8c1ec0c1d,5738181,1528229311,0x408fac2d2d3d3ac4e356aa188119f5624fd8c9f6,0xc4ab4725e0afc5b16948696c87ff2aa28c028da9,1.441218390000000000,NULL,0x,0
43,0x3511bd8a71c13c1598108111de657db57944e674cc380fd1c0e9fa048553be06,5738281,1528230915,0x98ed92c2657e69950eed00625fd0e2fab6225f27,0x408fac2d2d3d3ac4e356aa188119f5624fd8c9f6,0.004931128570958940,NULL,0x,0
44,0xc94fd47748643a7b408ae35b8fb3dedb4e86ee76f991b913a8cd40b140e880e5,5739155,1528244111,0xe9f25a1b20b271f16e92bb2f6a778ae6fcee0d1e,0x408fac2d2d3d3ac4e356aa188119f5624fd8c9f6,0.500000000000000000,NULL,0x,0
45,0x6dfdcc203548adac0a8d62bbbd205109a05fada81704ad55676622e6a0d18fc3,5740908,1528270548,0x8a3170ff0903419ee52a1d8d8d8112214a9cac8c,0x408fac2d2d3d3ac4e356aa188119f5624fd8c9f6,0.001000000000000000,NULL,0x,0
46,0xc1ead9541fe4935856afff36e0983040bb8968f8ba7ef7f143cfe677a59e72d5,5743831,1528315654,0x1c9228286aa725a293590f42d811e05a55a15359,0x408fac2d2d3d3ac4e356aa188119f5624fd8c9f6,0.216580000000000000,NULL,0x,0
47,0x6dcd357061a0e85408ec0b2b14521a5837f68dcdfb379a4aa42eebe321538a8e,5747504,1528372101,0x408fac2d2d3d3ac4e356aa188119f5624fd8c9f6,0xfc5bbc408817ba753002b327dcf3e4baa1111bd9,0.820196030000000000,NULL,0x,0
48,0x78c1372de202bfd8ee01d1b4cf66ab1c7397470519feffec45207db2374ca9ec,5758895,1528546673,0x6700902312989adcfefa63fbfce5c768e981dfa3,0x408fac2d2d3d3ac4e356aa188119f5624fd8c9f6,0.053000000000000000,NULL,0x,0
49,0x340d43954f07d264dbc354fbe1ebe739b8dce3edf7bcb3b6128d3aec58f7de21,5759217,1528551010,0x6a5f38ccf3472427629a658e9ed5d545a7e79cd2,0x408fac2d2d3d3ac4e356aa188119f5624fd8c9f6,0.500000000000000000,NULL,0x,0
50,0x4df47b2826f6a0f34fb52df7b1ee80fb5ee7f9f2bba44aafc2406fce499a48d1,5760558,1528571656,0x408fac2d2d3d3ac4e356aa188119f5624fd8c9f6,0xde89d97dd03214669b35e41199173abbb0568b75,0.552559000000000000,NULL,0x,0
51,0x16f876a1786cd8e0c5a759378752307f0d443fb0f403fb5a186684d1fe739352,5760564,1528571748,0x70faa28a6b8d6829a4b1e649d26ec9a2a39ba413,0x408fac2d2d3d3ac4e356aa188119f5624fd8c9f6,0.551159000000000000,NULL,0x,0
52,0xe283da111b48331bb2ea3af9aaa6831f9a7a2fc828f736496a3738cc3c3f2f35,5766393,1528661409,0xda64923b4ff2343d6d00e9fdd9dba61ccf8739cc,0x408fac2d2d3d3ac4e356aa188119f5624fd8c9f6,0E-18,NULL,0x,0
53,0x765927fad4eb8147913e152c883770756f4fb2840ce97d03b4204f585545a993,5771082,1528733440,0x408fac2d2d3d3ac4e356aa188119f5624fd8c9f6,0xc073df8410aa2daa9fe52faeff0782416add9cbb,0.550718000000000000,NULL,0x,0
54,0x25740212f37c9af74abb7fbe7b7b2978603772eccd2c8604e664d73978438224,5772919,1528760990,0x821af260353bce63ade7c874f001d9dd9cc966a2,0x408fac2d2d3d3ac4e356aa188119f5624fd8c9f6,5.000000000000000000,NULL,0x,0
55,0xb8dc0950dce8b046bfdaa8e42895322be9745e0b05f565bc0d5c6a8b6e4449d6,5772926,1528761082,0x408fac2d2d3d3ac4e356aa188119f5624fd8c9f6,0xaa33eef05af111393045577cd336ed0eefdb5af9,1.663194150000000000,NULL,0x,0
56,0xe08a200dddc9f3744a1a7f93c6d041a46c17005df16b971cb2a7844cf13a5ff0,5772936,1528761262,0x408fac2d2d3d3ac4e356aa188119f5624fd8c9f6,0x577c354407146be89366630e74590ef6597f35d4,1.661498370000000000,NULL,0x,0
57,0xd0c604ee2e95ffce3ffb34e065f7e6b3124b93422a1dcdca6e0393e8ca4afb29,5775229,1528796268,0xdbf91bc1887c6fc762c37374b0e15990a13900cc,0x408fac2d2d3d3ac4e356aa188119f5624fd8c9f6,0.215000000000000000,NULL,0x,0
58,0xd193b820478aee0a40ed396a22894c1bddac2780b95efa27f85cafdc52fa9a07,5779916,1528867178,0x408fac2d2d3d3ac4e356aa188119f5624fd8c9f6,0x7c21c26228f11c4a5bb2f7fabe6e7d972c7343b5,1.774538880000000000,NULL,0x,0
59,0xd289ca1ec85108f179a8ba8fb50dd0330700653a75eb956144dff24a630a84fe,5791920,1529047126,0x821af260353bce63ade7c874f001d9dd9cc966a2,0x408fac2d2d3d3ac4e356aa188119f5624fd8c9f6,6.000000000000000000,NULL,0x,0
60,0x247a844cb1b83d62b78f6893865b01ff7ef9b3ec3ce7548101d56950e1976416,5791927,1529047246,0x408fac2d2d3d3ac4e356aa188119f5624fd8c9f6,0x4065a2d58cd1abe10b4373f5f3acb61a9dfd9351,1.696583550000000000,NULL,0x,0
61,0x5a2b2e90c613d80b49bed06aa8f1e3fcefb87945fe50f8cbfd48048c8e3efc7f,5791939,1529047382,0x408fac2d2d3d3ac4e356aa188119f5624fd8c9f6,0x986903a4be794947c7e70e86c54000b96893f1c2,1.699237190000000000,NULL,0x,0
62,0x2ddecd6e8d26f11cc0b8c7d2e6251ed84d2bd4f1e82d6f0916c5c23f49b74489,5791958,1529047658,0x408fac2d2d3d3ac4e356aa188119f5624fd8c9f6,0xf50664f102a2dd20195cde289c1976a1941d9e1c,1.706548550000000000,NULL,0x,0
63,0xd94d41aefeac6775feaf7920ddd54f5d4279e776e8554d975a00c7380a16fc99,5791979,1529047856,0x408fac2d2d3d3ac4e356aa188119f5624fd8c9f6,0xf7aa58cef60ef3605a635e2afcbe5491e29d855a,1.010312310000000000,NULL,0x,0
64,0x1059ac52bc8afa19bd49780e940124251655d521039a67a2766f2cbc131750cc,5792528,1529055862,0x532fef41548c18437d0f46f64f160e46aa07bfce,0x408fac2d2d3d3ac4e356aa188119f5624fd8c9f6,0.004360477000000000,NULL,0x,0
65,0x835e053eb087dc3de7fc7b903f37101925408802e9625d2e3aa7cbaa81b5f638,5796617,1529116951,0x327738bba5dd7365430e318a4acdac8bacce68ef,0x408fac2d2d3d3ac4e356aa188119f5624fd8c9f6,0E-18,NULL,0x,0
66,0xf06a0403d8e054eae485d120e852613b0f8383c3782b17af9e4e6820fa2c3f58,5802293,1529200352,0x564286362092d8e7936f0549571a803b203aaced,0x408fac2d2d3d3ac4e356aa188119f5624fd8c9f6,0.558739690000000000,NULL,0x,0
67,0xc570f38723750a9ee0edf7931c319af7b11269c0781cc31a5d327d37c11ebf9d,5802449,1529202770,0xbb4e4ce25db13137c14d15ae1df88d062ed2759f,0x408fac2d2d3d3ac4e356aa188119f5624fd8c9f6,0E-18,NULL,0x,0
68,0x4bf2dd9074578912665c8049d4992735e2a47d6e9e59761a6e1f455b170e2e96,5802534,1529204001,0xa645ee7df3cd821565ce50bccc4e1756ab3f5b2d,0x408fac2d2d3d3ac4e356aa188119f5624fd8c9f6,0.001000000000000000,NULL,0x,0
69,0xb3464ecb7b040faa9c6b9af6f9a0388f9595613c1280139787b5114f6f2a87dc,5802880,1529208755,0xf4d4708028f2a6132645a3449f9f8df87024d6aa,0x408fac2d2d3d3ac4e356aa188119f5624fd8c9f6,0.001000000000000000,NULL,0x,0
70,0x99970040965ecea204d1d3de838b3ffb1a01b3847c746b92d340dee6dd5337c3,5802918,1529209477,0xf4d4708028f2a6132645a3449f9f8df87024d6aa,0x408fac2d2d3d3ac4e356aa188119f5624fd8c9f6,0.001000000000000000,NULL,0x,0
71,0x9aa36055bc06a42da8d2efed65bef63bcc24e50f8acdae3144824879ade8b6f8,5803455,1529217700,0x74b819ce0bcdac1083ca3ebbdff4490a2d8e3543,0x408fac2d2d3d3ac4e356aa188119f5624fd8c9f6,0.001000000000000000,NULL,0x,0
72,0x3b5e6356aec4782c47c2ad7a1d4efd06e6fa618760dd6194ff467fa481a486d1,5803675,1529220881,0xb31abae2132f136eed62dbd812ffc5c2d211e6c4,0x408fac2d2d3d3ac4e356aa188119f5624fd8c9f6,0.005000000000000000,NULL,0x,0
73,0xa6594a99784b71d6e89a22106baf3e0ff7a29b44c3be4fc6d1eeb8d257fc8863,5805947,1529254041,0x4afb6cd11a883391cf5f53d6919101b9495c8b14,0x408fac2d2d3d3ac4e356aa188119f5624fd8c9f6,0.001000000000000000,NULL,0x,0
74,0x3bc57cbb709a3a8009509db70e49a29cb95c07c9ef6d4a93f2e92d042fcc53e2,5807674,1529278908,0x408fac2d2d3d3ac4e356aa188119f5624fd8c9f6,0x269e22c1ec3f9b8acd89579ce68fb0d37429bad4,0.171485060000000000,NULL,0x,0
75,0xe8f6032bdef73c26d7eb91242a0f83e4d24da92b26773f6c90200e9eba95c49c,5809678,1529307452,0x56083c4306ad73d89b9f3557db4c96f6c7344126,0x408fac2d2d3d3ac4e356aa188119f5624fd8c9f6,0.010000000000000000,NULL,0x,0
76,0x58eb03c91722b874077140c620e0bce9366f7c4cfae2e2be6c1b745dc5c3eeb6,5810192,1529315616,0xa8089a0f8b94d02e25d8175101d6a01762171b88,0x408fac2d2d3d3ac4e356aa188119f5624fd8c9f6,0.232000000000000000,NULL,0x,0
77,0x45e32965be610421b30293f78579b629116bde32906385a24d43e3e91cd63d9d,5810800,1529324412,0x95fba548bfec6ea32daef7967e7eca8d65631178,0x408fac2d2d3d3ac4e356aa188119f5624fd8c9f6,0.000100000000000000,NULL,0x,0
78,0x46f57c00abddabfc1b0bd5b450c3d3dec7592103cd90d6fecaf11527eab20c69,5810840,1529325205,0x9f4689b3181db34e013b42a98aa28a24866f57da,0x408fac2d2d3d3ac4e356aa188119f5624fd8c9f6,0.001000000000000000,NULL,0x,0
79,0x65b3de66385796097a1a9ef094ae248dbbb100ecdb67410f90da5bb95a7622c6,5810902,1529326028,0x3d9ef7b0bf02191eb7baf148fdf5a62c97e511d6,0x408fac2d2d3d3ac4e356aa188119f5624fd8c9f6,0.000100000000000000,NULL,0x,0
80,0x564a0119439783602c593b2f8168e7598b1922c1307e22e1e55233c06ce3e099,5810918,1529326338,0xc852f3da879c25b0e06093dcd84b8dd21a43ada9,0x408fac2d2d3d3ac4e356aa188119f5624fd8c9f6,0E-18,NULL,0x,0
81,0x2b996870df15323e4264fd7527cd911584a6c6db6216f4b195bd114ccccf27ff,5811473,1529334196,0x1f3dbc2185f75a74c6d23d2dd515f21d94612463,0x408fac2d2d3d3ac4e356aa188119f5624fd8c9f6,0.001000000000000000,NULL,0x,0
82,0xf0cc308aa63fb7de2780acb8f6685fc3ce5cf4ba7fbe2d1a6fb70eb1792da6b1,5811799,1529338977,0x3beaad4590a918dee4be066773093934712e06d4,0x408fac2d2d3d3ac4e356aa188119f5624fd8c9f6,0.019139000000000000,NULL,0x,0
83,0x36f392cd3ef4aed8421be9bd0bc9d2d8d2d5652e589d7b2666940ccc071b362d,5814582,1529379368,0x416299aade6443e6f6e8ab67126e65a7f606eef5,0x408fac2d2d3d3ac4e356aa188119f5624fd8c9f6,0.500000000000000000,NULL,0x,0
84,0xa6a577409a4e4d0c10056e3608b112a7b2bc04d221549b433d5e6aed06ff0ad8,5814733,1529381469,0x2fba2310a036972f2fd44ed0a5fea829536ae027,0x408fac2d2d3d3ac4e356aa188119f5624fd8c9f6,0.500000000000000000,NULL,0x,0
85,0x3e17129d7dd7e683e405637981ae632da1f6238b47563789daa74b9d128be661,5814837,1529382994,0x408fac2d2d3d3ac4e356aa188119f5624fd8c9f6,0x8b9310e47cd2d4aad77735a3218d9420cb152709,1.663664710553328297,NULL,0x,0
86,0x2dfb33181abc155ae79b9e5881e71aa757498a0f7db9eb7791f7fc33a54b8b62,5820959,1529474327,0xfe344bc9eb7c13cdfa170f88069b76d377403a36,0x408fac2d2d3d3ac4e356aa188119f5624fd8c9f6,0.100000000000000000,NULL,0x,0
87,0xd32ddd53f7d4334644572284d6bf85bfead269507d9b33438835763fac1f4cb0,5976580,1531772009,0x6384c2a94555af8f1fc4a4dae461bb38877d342f,0x408fac2d2d3d3ac4e356aa188119f5624fd8c9f6,0.211026000000000000,NULL,0x,0
88,0xe36b128031cc193029bd751f9eac15e58e5524e4526881f8a5157ec27e2d5f6d,5985156,1531898726,0x408fac2d2d3d3ac4e356aa188119f5624fd8c9f6,0x1bb69a374347f7e70afc892027559816a3b75514,0.199688485961899436,NULL,0x,0
89,0xf817019b5678f2e0758f52911a2d11dd7cd94e1e22b4385acdf92dd4f7307fcc,5985168,1531898951,0x408fac2d2d3d3ac4e356aa188119f5624fd8c9f6,0x0c305732896ade175c98c16d9cf6873b6b4a0c94,0.109308910000000000,NULL,0x,0
90,0x87d650169534b25ffd8a697a3ecbf5e07737592a26fb1bfc3f578bfc228b0efb,5987387,1531932581,0x6ab2a9088916bf97c248888009b669aa37bab681,0x408fac2d2d3d3ac4e356aa188119f5624fd8c9f6,0.300000000000000000,NULL,0x,0
91,0x7203ebb1ba1edd7a945e0006f5a88d5b2802da6b5b6bd3fbba7b078102773fa9,5987429,1531933193,0x6ab2a9088916bf97c248888009b669aa37bab681,0x408fac2d2d3d3ac4e356aa188119f5624fd8c9f6,0.300000000000000000,NULL,0x,0
92,0x059877c1f2d708bdfd0be0ba730a44b4f11944e61bd6bed4a223c46eea91eeb3,5987452,1531933584,0x408fac2d2d3d3ac4e356aa188119f5624fd8c9f6,0xb7aafea543f6578c7975c818765308166a7127fe,0.599559000000000000,NULL,0x,0
93,0x8876d8198da6b8b033c3a82797469d21defc1db82f91bcac7fe6380fbeb69ebb,6003444,1532169956,0x6ab2a9088916bf97c248888009b669aa37bab681,0x408fac2d2d3d3ac4e356aa188119f5624fd8c9f6,0.500000000000000000,NULL,0x,0
94,0x87a2a379de36f2d934fc1841ebc24c48bca18f85344e9940b611d7ce8cdbfcef,6003536,1532171364,0x6ab2a9088916bf97c248888009b669aa37bab681,0x408fac2d2d3d3ac4e356aa188119f5624fd8c9f6,0.500000000000000000,NULL,0x,0
95,0x65ba24b731f746f11c2b2b403aa750034b347ef0480440b6368af13888dc64d6,6003560,1532171777,0x408fac2d2d3d3ac4e356aa188119f5624fd8c9f6,0x599dbd79b90a26c3d8d67bfcfd71ffdc023d447d,0.999559000000000000,NULL,0x,0
96,0x535786ba111551f92810e2927ec73bb3efd9438781e59e154dbe32e911f75515,6003582,1532172124,0x6ab2a9088916bf97c248888009b669aa37bab681,0x408fac2d2d3d3ac4e356aa188119f5624fd8c9f6,0.100000000000000000,NULL,0x,0
97,0x7cf65b4fcffd7561d3f4732a6fb527dd3963bac82cb258b8b8f5b2f21fc6cbff,6003616,1532172607,0x408fac2d2d3d3ac4e356aa188119f5624fd8c9f6,0x44f5e1841c8535bfe3bf632f588b31f610f8bc0f,0.099559000000000000,NULL,0x,0
98,0x6ce7d54bb09fb08a110fd732d9a8c8771adcb598f95a80b346926157fa9ad576,6003743,1532174551,0xd0c1a95a5e2380bf865b7eae9c5e4e9d4b4af357,0x408fac2d2d3d3ac4e356aa188119f5624fd8c9f6,1.240000000000000000,NULL,0x,0
99,0x7908152c7990546f4b3fe4f5d18df460f293419b36b9b1df360ce68099c92fe3,6003756,1532174671,0x408fac2d2d3d3ac4e356aa188119f5624fd8c9f6,0x9a62c5644ce8bc082dbcc1a318282472970a5a89,1.239559000000000000,NULL,0x,0
100,0x08a2e94a6a9eac77ac19540bb73efc021de69efa983faa2090a9357affd0fd85,6003954,1532177103,0x087f0717bd0c036fa4ef5c283cd49692fe9b7f6f,0x408fac2d2d3d3ac4e356aa188119f5624fd8c9f6,0.630000000000000000,NULL,0x,0
101,0x360e5dc014a558c4e373d534fb6b2873a07755f2a5c86705dda335421642a80d,6003974,1532177490,0x408fac2d2d3d3ac4e356aa188119f5624fd8c9f6,0x24855a37f78c8346351e3132c69b43cc167aef8d,0.629559000000000000,NULL,0x,0
102,0x95159362ac46349c82179ba698cc7d035b4b7d7ae583e7bcbf52680e30a7619c,6012992,1532307355,0xcdb26199db086d54f7b11e50ca4374b4dd9ce13f,0x408fac2d2d3d3ac4e356aa188119f5624fd8c9f6,0.218849583777608428,NULL,0x,0
103,0xdc6cafa8c39966366b1a01f96ff32be6aa9c01195b59453fda6a64faab3b63d9,6013096,1532308843,0x408fac2d2d3d3ac4e356aa188119f5624fd8c9f6,0xd9c5b1cc0a71cc60b3341f18442f40a24d1298ea,0.215489090000000000,NULL,0x,0
104,0x92a9044241865a36fae8eaa173b3fb88a3044ca65031c217140c595c50809c24,6014844,1532334306,0x274f3c32c90517975e29dfc209a23f315c1e5fc7,0x408fac2d2d3d3ac4e356aa188119f5624fd8c9f6,0.220470600000000000,NULL,0x,0
105,0x9a8c7c4c3c0d47f227a7d39c29974b11ea59755df3c3cef53d5ca49c685debbc,6014872,1532334640,0x408fac2d2d3d3ac4e356aa188119f5624fd8c9f6,0xedf0197053345ff9db907699f983dd38694feb4d,0.213312440000000000,NULL,0x,0
106,0x7710d793691bd305b52d69e2208f190bc0eee016b3cacb5490dacd15067841a6,6028363,1532534972,0x9f4591771d7b180db70f99f6c748c531c14e5687,0x408fac2d2d3d3ac4e356aa188119f5624fd8c9f6,1.700000000000000000,NULL,0x,0
107,0x7519f80cff0d58b808f6db4990a64a4a2713d21c578de17775340c6b8feec0c2,6028374,1532535167,0x408fac2d2d3d3ac4e356aa188119f5624fd8c9f6,0x50cc2fcb6879ca3b14b2491bc085bae9baaaee6c,1.603523480000000000,NULL,0x,0
108,0x11e1dd63e75b3519be0439c4f032a2d170ee1eaa921136af0860f86a3f8d82f9,6029833,1532556104,0x9f4591771d7b180db70f99f6c748c531c14e5687,0x408fac2d2d3d3ac4e356aa188119f5624fd8c9f6,0.500000000000000000,NULL,0x,0
109,0x17edfd193c94d583a6a282ab48b71b5a7254557f8af7c9d9194431defebb8329,6029843,1532556224,0x408fac2d2d3d3ac4e356aa188119f5624fd8c9f6,0xe2ae167abb5d0f4be1ae39e829126ab1a3cfdc0a,0.420053350000000000,NULL,0x,0
110,0x2645a79169c94f7c0403a0792f9c5b4afef3a6454f6f174dec5c968044e7002b,6036723,1532657445,0x408fac2d2d3d3ac4e356aa188119f5624fd8c9f6,0x01fdfa4924bf616d7d1fd6c30d7874bca776af72,0.172995420000000000,NULL,0x,0
111,0x7c4d863ab391c664d00ce75b1336f1e13e05d3134545e82fb1d733be9a00dc1d,6038627,1532685804,0x59ad68e4ff6689f707a1beab7ad125285ed21a72,0x408fac2d2d3d3ac4e356aa188119f5624fd8c9f6,0.452215860000000000,NULL,0x,0
112,0x2b3a0bfedb96ebb7d46d74d974f2b959347b3c28281315165df34b041743db30,6038728,1532687146,0x408fac2d2d3d3ac4e356aa188119f5624fd8c9f6,0x66a85ae5a7f3b45c837d677d9cc4476d1e42f1c9,0.459197550000000000,NULL,0x,0
113,0xbdd68ca2fc7a16d5fdd3dc5c71594adcb33070eba4755be59ec6960fe0a1188b,6047200,1532810231,0xe0c0eb532624edefd3c4aa40b739482b7d45405d,0x408fac2d2d3d3ac4e356aa188119f5624fd8c9f6,0.680000000000000000,NULL,0x,0
114,0xba8929ad68f1f74abf0d1e54fb0ecb25f9060c13e09e16f970eaa3f6609f9e71,6047215,1532810480,0x408fac2d2d3d3ac4e356aa188119f5624fd8c9f6,0x14a2b6e700cbe9c28bd3cc1c9bb742ad9b6ae396,0.677987990000000000,NULL,0x,0
115,0x1b4b7446c515fcb172d400c199f3a07e345a583d0e7fe2b58d4208d01402b387,6052607,1532887174,0x59ad68e4ff6689f707a1beab7ad125285ed21a72,0x408fac2d2d3d3ac4e356aa188119f5624fd8c9f6,0.279479740000000000,NULL,0x,0
116,0xe13204801e7884fb27e34abae36e5928a7f759319d62d9a8a911d4aaabdb389f,6052621,1532887386,0x408fac2d2d3d3ac4e356aa188119f5624fd8c9f6,0x043106ee470b998d5c6e6fd2444573c503080f6d,0.279389640000000000,NULL,0x,0
117,0x9f6e983d6cbe5c31d4d5c51873725e740fd80db42cca768f9fb31fe4ba1e0e25,6082709,1533328322,0x9f4591771d7b180db70f99f6c748c531c14e5687,0x408fac2d2d3d3ac4e356aa188119f5624fd8c9f6,2.500000000000000000,NULL,0x,0
118,0xf4fae25f3c6ed7c970b30216521e05508915019f12b64da5cfa91441b9d86da9,6082728,1533328594,0x408fac2d2d3d3ac4e356aa188119f5624fd8c9f6,0xb7f8be132cc06e02c74848dee854b96ea0c945d2,2.091200800000000000,NULL,0x,0
119,0xa167dd1d50273e443fa7b5a7e6cd19f8ebfbf562e7aaacc91a104f5fa0cede10,6103277,1533626437,0x408fac2d2d3d3ac4e356aa188119f5624fd8c9f6,0x18bfbe54680b2a558c16a0f9bd717e9380019610,0.410617390000000000,NULL,0x,0
120,0x56b83fa1e67ddb909af1a2c69bc9eecc246cb1df340f49f375f4f9259fc95bc1,6127908,1533985609,0x9f4591771d7b180db70f99f6c748c531c14e5687,0x408fac2d2d3d3ac4e356aa188119f5624fd8c9f6,1.500000000000000000,NULL,0x,0
121,0x6f4cfa0eb75f6cca62aba793ab2d4fe6d814919194bfe8b91656dc1e754a6043,6127957,1533986439,0x408fac2d2d3d3ac4e356aa188119f5624fd8c9f6,0xf5070e688ae5bc3b0c7319b9209bf600df8ef7bb,1.263863000000000000,NULL,0x,0
122,0x12d5e4a260ff7c74a0e67e77aef529db31c47788f64febfe8af0de146678acc4,6145035,1534237413,0x408fac2d2d3d3ac4e356aa188119f5624fd8c9f6,0x3868fffffb6ad0706b51e0b91bc58fd4e1e27636,0.228032840000000000,NULL,0x,0
123,0x284d4279c928d89dc259d3eab7f404dfc720acf1f42aeb53078741531a18e70a,6281027,1536219130,0x59a5208b32e627891c389ebafc644145224006e8,0x408fac2d2d3d3ac4e356aa188119f5624fd8c9f6,1.480420000000000000,NULL,0x,0
124,0xf8f6169145b7d5d57b894fa35e9d82b85622acb53b7bd87a72bbd654d82f9f7d,6281110,1536220340,0x09bb1c15d2d57e317886b358321ab3bebdc35cdc,0x408fac2d2d3d3ac4e356aa188119f5624fd8c9f6,1.522714040000000000,NULL,0x,0
125,0xc2dc9754f00eb7acadec88d3ee840380d6ee37b03eda766d14c22038284ebedb,6281558,1536227193,0x408fac2d2d3d3ac4e356aa188119f5624fd8c9f6,0x13c206a44a20f726cd7cc4276cc0a306dad23711,1.000000000000000000,NULL,0x,0
126,0xdbe5aad9982e0c983bd849075c18d121da8b5cffbe89e96115b8fe1e6f9b5440,6285877,1536289380,0x0085a91ea1d871236c1819bf891ae94fcf1509c8,0x408fac2d2d3d3ac4e356aa188119f5624fd8c9f6,0.010000000000000000,NULL,0x,0
127,0xb45135babe73180c494933d1bec2278471cfcb75f1f4177a73326eb395059c3a,6287585,1536313395,0x408fac2d2d3d3ac4e356aa188119f5624fd8c9f6,0xfdb8e336f5359a6bf93edeae3069b3aa7287558e,2.006245940000000000,NULL,0x,0
128,0xa36b3c2848896f53c633e679485a2b59b0f3ac4e76605aeaff567dd84b9f7f1e,6318995,1536768520,0x274f3c32c90517975e29dfc209a23f315c1e5fc7,0x408fac2d2d3d3ac4e356aa188119f5624fd8c9f6,1.798784000000000000,NULL,0x,0
129,0xb2cbafed7ee9b33cd24d5eb38f8b470e057a9913ee0648c351aad2a4eac11b73,6319039,1536768996,0x408fac2d2d3d3ac4e356aa188119f5624fd8c9f6,0xae8ea859101fb85e70a32eecb598002250ec35d5,1.798540150000000000,NULL,0x,0
130,0x54832729561043d70753e35b37a6ce7160da6cecda0433aa0e9a5a76af898e71,6355480,1537289755,0x9f4591771d7b180db70f99f6c748c531c14e5687,0x408fac2d2d3d3ac4e356aa188119f5624fd8c9f6,2.000000000000000000,NULL,0x,0
131,0x239478e2912317c08d2adda0fecc3482ff5f77da211e7e19d52993acf735a771,6355593,1537291404,0x408fac2d2d3d3ac4e356aa188119f5624fd8c9f6,0xa96fec3bd335b364e12fd1153790c2b2769bfa2e,0.238435860753457319,NULL,0x,0
132,0x6aa6d69a31808f73104530fa31cba2b373c3f7229e1160d6f7a91fc9e17e9098,6355682,1537292814,0x876eabf441b2ee5b5b0554fd502a8e0600950cfa,0x408fac2d2d3d3ac4e356aa188119f5624fd8c9f6,1.362575860000000000,NULL,0x00,0
133,0xb862d9a2222a148a424086898cc68b465427e6cfb671dc9ddd0498517056b4c6,6362651,1537391192,0x408fac2d2d3d3ac4e356aa188119f5624fd8c9f6,0x0a148b787dd844f9a3c9c031f4fb5c1a6e2e42d5,3.121452890000000000,NULL,0x,0
134,0x62e70b49e9521feb0d726df18543b317783196728a388a721dfd4b04834b66c2,6369188,1537485188,0xc1c00e3da536ec87c047fdcde0969b8c7d8d821e,0x408fac2d2d3d3ac4e356aa188119f5624fd8c9f6,13.491451966811279844,NULL,0x,0
135,0x6312737a5eeee40aebbb8a6b5aa5339f9365e6da98b4d2330fcef5f7e0096209,6371470,1537518171,0x408fac2d2d3d3ac4e356aa188119f5624fd8c9f6,0x368a92ff130c9cfc3d1edafd54fdd4d1fb9892e5,3.840984940000000000,NULL,0x,0
136,0xe44132e4f18221e27e7dbc979d3b9aae63006240e69d9c928fd9d06832f1959b,6384872,1537708582,0x408fac2d2d3d3ac4e356aa188119f5624fd8c9f6,0x2d0fd08f791da8d65e7de8a84fb0ed5247842e08,1.000000000000000000,NULL,0x,0
137,0xdf3d61ca8e4444937925193b533263cc56ebb2de35122a7188ad6fdaf7d0b44c,6386893,1537737265,0x408fac2d2d3d3ac4e356aa188119f5624fd8c9f6,0xd5360404c584546d0a4964b5e8ecefab7a9f7dcd,0.496401090000000000,NULL,0x,0
138,0x9b71a78e3fa88eeaae9a8fa8fd407b1fcb75bb002778fc20a17e22eebe7e583c,6387335,1537743588,0x408fac2d2d3d3ac4e356aa188119f5624fd8c9f6,0x64dd33f773f30e21f4d00b55737d09cf14616ef2,0.410020910000000000,NULL,0x,0
139,0x6884731b7b0bae9fed9d064946aaf469539baeca39a9a2de5b7cee2263b2b992,6391505,1537802704,0x408fac2d2d3d3ac4e356aa188119f5624fd8c9f6,0xd2e191ba66c740385f1dc34513311a6a4f8a7e05,1.000000000000000000,NULL,0x,0
140,0x6d48abe4012cb94bc363568abfaa6d936de5c52651a3874c01c2492b46060573,6396494,1537873315,0x408fac2d2d3d3ac4e356aa188119f5624fd8c9f6,0xf63083c654417651baac73aa4ea449481095ae3d,2.000000000000000000,NULL,0x,0
141,0x34b698f22ba8de2532ed3c2a27afba76b822d7d745f094b9872856f719248db7,6405544,1538001435,0x408fac2d2d3d3ac4e356aa188119f5624fd8c9f6,0xc26c822dd123c00029bf48a4fb97bf5689315dd2,4.107797390000000000,NULL,0x,0
142,0x7fa6906ec53f112418c7f028c08e282343ead818a4fe258ff5991937197fdc7e,6414536,1538129131,0x408fac2d2d3d3ac4e356aa188119f5624fd8c9f6,0x2540bf75eba194da8b426f30d89c762e4a7762ea,0.625055810000000000,NULL,0x,0
143,0xda8979b17bdadcc8e1466672e437901cee89aeb2e9d8e012d8b6910068851d3c,6433183,1538393512,0x9f4591771d7b180db70f99f6c748c531c14e5687,0x408fac2d2d3d3ac4e356aa188119f5624fd8c9f6,0.150000000000000000,NULL,0x,0
144,0x39914762bf6c3ab0e51b42e3e08424b13ac8c5002ba3546ea0c4b6e9d7bcbe8c,6433196,1538393668,0x408fac2d2d3d3ac4e356aa188119f5624fd8c9f6,0xedb3e577656d89a977bd4d00e59b234bafbe891d,0.150000000000000000,NULL,0x,0
