,TxHash,BlockHeight,TimeStamp,From,To,Value,ContractAddress,Input,isError
0,0x9a89b392fb4d353bf3fc17053cfb4bd71c170743d9cf1ba22bc290a94cb31e27,5528015,1525029737,0x0cc0b00a910e9e2d1bf7f90d6d3f1d6d6733ef43,0x418cb18a725a8b1043d2fb402bb71cc29e42e2e9,0.589733520000000000,NULL,0x,0
1,0xdebc5792c5f68915f83c8c4bb4938a8675a7f9e7a38b8672a68738183a9af335,5528690,1525039773,0x0681d8db095565fe8a346fa0277bffde9c0edbbf,0x418cb18a725a8b1043d2fb402bb71cc29e42e2e9,0.621929410000000000,NULL,0x,0
2,0x2f2997a165b75300c0d6339de1486c7ebe890bae460af35b114f90e816842a93,5528708,1525040037,0x564286362092d8e7936f0549571a803b203aaced,0x418cb18a725a8b1043d2fb402bb71cc29e42e2e9,1.090000000000000000,NULL,0x,0
3,0xec19487a60379244172539a70d8c70a062542718a085607c7248a8be4801491e,5528793,1525041331,0x84874f158e47d9b5c1649918939359e3db40fddd,0x418cb18a725a8b1043d2fb402bb71cc29e42e2e9,1.120732880000000000,NULL,0x,0
4,0xb41334b08c13cfa58e5b30e42e160c3d5a32f61ff1780d61fcff882fd5da280f,5528825,1525041761,0x0de16465f9cdd9764c6c5e444bd9040f6b97e7e3,0x418cb18a725a8b1043d2fb402bb71cc29e42e2e9,3.000000000000000000,NULL,0x,0
5,0x5fc2bb0607566e51595620bae4ff7b8e77612e8b55ea0bd6fc35f438eb418196,5528845,1525042100,0xe7944ddbdf5d55ba2e6e367e8b9df5fa9119aa64,0x418cb18a725a8b1043d2fb402bb71cc29e42e2e9,1.500000000000000000,NULL,0x,0
6,0x54c52e32a6a1dda123fb9a27c3b428fd0f6fc3580d562b84b1e8df29d297a22e,5528849,1525042163,0x9f789151664f240b727938279bd76dd2c2ed6413,0x418cb18a725a8b1043d2fb402bb71cc29e42e2e9,0.500000000000000000,NULL,0x,0
7,0x5dac790c00092500a34597fc67ad527ebab1bc017275c87eded653ed3ee0c148,5529005,1525044427,0x5358e0eb3ce7372033645101f4f16a90a14b1559,0x418cb18a725a8b1043d2fb402bb71cc29e42e2e9,0.014000000000000000,NULL,0x,0
8,0x8499c27c1a16c9b005d13a89057c8c55207c44c0bd08b686403f6bf0466f2b5d,5529556,1525052563,0xfbb1b73c4f0bda4f67dca266ce6ef42f520fbb98,0x418cb18a725a8b1043d2fb402bb71cc29e42e2e9,0.494000000000000000,NULL,0x,0
9,0xb98d2635bea235b65e63890e9a4d7f55d9dd49eb01ae0526c6c35dcdeca5e278,5529719,1525055266,0x564286362092d8e7936f0549571a803b203aaced,0x418cb18a725a8b1043d2fb402bb71cc29e42e2e9,1.547394800000000000,NULL,0x,0
10,0x62d99f2bd5e6f89b92e947595f9fc91d336b3a0bf7b00c423675edd97d696851,5530408,1525065667,0xcda471e49a7e05b0e986186d3d9443403f336885,0x418cb18a725a8b1043d2fb402bb71cc29e42e2e9,0.500000000000000000,NULL,0x,0
11,0xbe43c42760b6a61f4d5c60b9a28e21be8e6353a8564efd3f5a5217d27eaea1e2,5530922,1525073049,0xd24400ae8bfebb18ca49be86258a3c749cf46853,0x418cb18a725a8b1043d2fb402bb71cc29e42e2e9,0.513225000000000000,NULL,0x,0
12,0x15f790fa4b1bc4b5b094a7b1cfaaa100f2f3edfa4017f03d09c21186cd5d4f57,5531056,1525075168,0x3f5ce5fbfe3e9af3971dd833d26ba9b5c936f0be,0x418cb18a725a8b1043d2fb402bb71cc29e42e2e9,4.990000000000000000,NULL,0x,0
13,0x426d745b73146df7e5bad36316dc6b47df247b8b1f1fe32a587c26776dd9b77c,5531166,1525077024,0x32be343b94f860124dc4fee278fdcbd38c102d88,0x418cb18a725a8b1043d2fb402bb71cc29e42e2e9,0.027350750000000000,NULL,0x,0
14,0xac82e22dcde3df69f82345ae41729633cc66cc602d9ce6c80edff9adea71940e,5531330,1525079655,0x51836a753e344257b361519e948ffcaf5fb8d521,0x418cb18a725a8b1043d2fb402bb71cc29e42e2e9,0.991909260000000000,NULL,0x,0
15,0x001e721ab999cbb8021d0d277a67fa07078d226a3f50fb5118bfd4a5d1ed54f0,5532027,1525090119,0x325ea27e8e55f44a9e0f6d1ba6468e33498e8f26,0x418cb18a725a8b1043d2fb402bb71cc29e42e2e9,0.999863520000000000,NULL,0x,0
16,0xe3735804106fcb9e8bb7ff66f9cdef9c21cc5fdb45c4e051aee2c65d88873b65,5532163,1525092079,0x45b5f7d7c27a679a191b5cd939559ac4dc5fab15,0x418cb18a725a8b1043d2fb402bb71cc29e42e2e9,0.500000000000000000,NULL,0x,0
17,0xabf1835417ed564d5697f6c38e99cd1f28a0b8b2a0c7007bfc8793916b0ef615,5532225,1525092989,0x743ddc9225e9a83e62431af6e773dead57e35bc1,0x418cb18a725a8b1043d2fb402bb71cc29e42e2e9,0.999853000000000000,NULL,0x,0
18,0x3b834ebc95af269d4d1e256fcad8b87fd8244f1090143186609dfa08e1c4f86e,5532330,1525094617,0x323e657ae49c1ef2d037b9cbd7a2a9765132adf8,0x418cb18a725a8b1043d2fb402bb71cc29e42e2e9,0.500000000000000000,NULL,0x,0
19,0x54b152698c8a5bf0e066053c5ff495edd0e7d9287b2a21586aaff708cde09b86,5533446,1525112338,0x20fb04253a220bdb192805423226ba9d03334027,0x418cb18a725a8b1043d2fb402bb71cc29e42e2e9,0.079610040000000000,NULL,0x,0
20,0x5963812947d147482b58186000ff386b165a63b1553089347fea6449790a6e2f,5534279,1525123740,0xfaaae25281050f5da40a0bd37ac1f155a98efb59,0x418cb18a725a8b1043d2fb402bb71cc29e42e2e9,0.500000000000000000,NULL,0x,0
21,0x06ddd031bb0d602b8638f5e6f1dd05a584f436a4da514aac5944b5e46d45c85a,5534556,1525127964,0xfbb1b73c4f0bda4f67dca266ce6ef42f520fbb98,0x418cb18a725a8b1043d2fb402bb71cc29e42e2e9,0.494000000000000000,NULL,0x,0
22,0x07362a36ef42629bf7b582f5e26b38e8f643b13b40cc46ae1d3e9ba85a7bccaa,5534987,1525134738,0xe3031c1bfaa7825813c562cbdcc69d96fcad2087,0x418cb18a725a8b1043d2fb402bb71cc29e42e2e9,1.018527210000000000,NULL,0x,0
23,0x1bb338e8998ce7bebe655581f2c13c7768f8090efe14e08b5347e758ebe6d678,5535808,1525147276,0x7c7d68905cb9e293c9e2df446a8686789ee7f591,0x418cb18a725a8b1043d2fb402bb71cc29e42e2e9,1.006921200000000000,NULL,0x,0
24,0x6971d5b558428b13d72967b7b4a08ae71700dc81fd61efbacf1215b949a28fcd,5536798,1525162570,0x85f829d7a446f1cfd0336386c4add110625ca612,0x418cb18a725a8b1043d2fb402bb71cc29e42e2e9,0.008359730000000000,NULL,0x,0
25,0x2728faefb5655bb7c7ef35bc1a13e0407a44d834a709ee45bc8575057b87c04f,5572854,1525708883,0x620a3e5cddd2748e111a11810757f419d10b1aac,0x418cb18a725a8b1043d2fb402bb71cc29e42e2e9,0.811000000000000000,NULL,0x,0
26,0x5f68652392276b7c1b569ed58e7f2dfd21314a0b24184b3d3646b93c7e54731a,5795621,1529101871,0x418cb18a725a8b1043d2fb402bb71cc29e42e2e9,0xea54172b09372a7f90ee66fbae7396e777d0201b,24.417549320000000000,NULL,0x,0
