,TxHash,BlockHeight,TimeStamp,From,To,Value,ContractAddress,Input,isError
0,0x820a0bbd2b9d2dab5362d6ef6a0295b083df2deb0ae786f357e4f6120e98ed7b,5646989,1526832058,0x911abbfbc9fbced33392c7a1559803f07beb79c6,0x420feb48dbb9fd6bd2b93da8770d8d3eb3e8cc6f,0.775192530000000000,NULL,0x,0
1,0x750934c888c259fd8689deeb6fc8331e34b7963721c5b498e9ee38c13236b563,5649371,1526868612,0x3e2cd928b3c10b76dd35f02c33a86cb855b0c324,0x420feb48dbb9fd6bd2b93da8770d8d3eb3e8cc6f,5.656185600000000000,NULL,0x,0
2,0xadf235e43e46bc5be414012f43c3f63b54d5c33c41f670017f80958235dc6470,5649492,1526870442,0xe809a0b82923425d07f196bb14cff1c9a025096a,0x420feb48dbb9fd6bd2b93da8770d8d3eb3e8cc6f,0.010000000000000000,NULL,0x,0
3,0x385883275d25d9415d08d0de586352b26252110a6f13b4495ed13fc8c8ce4de7,5649731,1526873854,0xa9c0b7f6f5b8a78d246dc2c1b5bd68851bae78ea,0x420feb48dbb9fd6bd2b93da8770d8d3eb3e8cc6f,5.000000000000000000,NULL,0x,0
4,0xedfc4121ac28cb79e2efa2ab37f5702fa571a29a69df16eb72672d6778e9c1b3,5649744,1526874128,0xe21a99096335855aa9a3ce865d7e7b32be546907,0x420feb48dbb9fd6bd2b93da8770d8d3eb3e8cc6f,0.500000000000000000,NULL,0x,0
5,0x74ac53b03a5de0bd642e0c8daa2fd956497de026d5bf5c6751bb4914331dafd0,6288485,1536326820,0x420feb48dbb9fd6bd2b93da8770d8d3eb3e8cc6f,0xf3d504b05d54aa1439cf0ff58f27aa9cd9514709,11.940517130000000000,NULL,0x,0
