,TxHash,BlockHeight,TimeStamp,From,To,Value,ContractAddress,Input,isError
0,0xa4f25677b6699c4870a56a562186e7f9e10a27f7e1051be0bd9913a2f24d9694,5201807,1520267877,0xb82bfd79d5a8c0cc0d4c045633288b48a2beddcb,0x422cadfa3bd7b60380c6bf2af1f2962fdba6886e,0.092285003000001000,NULL,0x,0
1,0x98b5573379497a0c88a5a63a5bfdf6e791a40b588f66f0c67cfaf59483925164,5201825,1520268094,0xb82bfd79d5a8c0cc0d4c045633288b48a2beddcb,0x422cadfa3bd7b60380c6bf2af1f2962fdba6886e,2.798278000000000000,NULL,0x,0
2,0xb840901dd0585a32b9354e5799dd03aa3b546956859141ecc9c66c8c177d0b06,5203389,1520290857,0xa753a56d6b2c1a4a5f19b17f5e43cf5b4c325341,0x422cadfa3bd7b60380c6bf2af1f2962fdba6886e,5.000000000000000000,NULL,0x,0
3,0xfcc1dbfe7b2a952c12ad1a46171fedfae3ca9bc310e87bec9ce7c75d52c21bee,5215343,1520466063,0x0681d8db095565fe8a346fa0277bffde9c0edbbf,0x422cadfa3bd7b60380c6bf2af1f2962fdba6886e,0.490000000000000000,NULL,0x,0
4,0x49f9c8206e2503d9e5b4705a4a7a4661f1d977f8cc27ff5425f38b8c8ace7fa3,5215354,1520466332,0x0681d8db095565fe8a346fa0277bffde9c0edbbf,0x422cadfa3bd7b60380c6bf2af1f2962fdba6886e,1.671908200000000000,NULL,0x,0
5,0x0ca3774cba59ec36b80c2000b30cb828ad9f96bd0a1f866e1b3bee75a88293cd,5215395,1520466798,0xad686972d4ab1f5c70118fd337eabbf39fe34dda,0x422cadfa3bd7b60380c6bf2af1f2962fdba6886e,0.350000000000000000,NULL,0x,0
6,0x878b726223aa239c574d48098a2dffdcf2d3d46d8ebcb4d89277f0394d93b0c3,5215395,1520466798,0xfbb1b73c4f0bda4f67dca266ce6ef42f520fbb98,0x422cadfa3bd7b60380c6bf2af1f2962fdba6886e,0.657127400000000000,NULL,0x,0
7,0xd4e4a0cc5d139fb6536cb4394cbf7d82596e6eab3ebfaba7bc63f789df84aeb6,5215798,1520472933,0x422cadfa3bd7b60380c6bf2af1f2962fdba6886e,0xfc710d0955b5ab747008dd88603061ed92221b95,0.024351170000000000,NULL,0x,0
8,0xa56049cbc9a00c8b2361fc07975e5ca8ad5d845f599d5240c83fe30f4c1302c4,5216229,1520479292,0x02ec8662101e86439820a60998c82443b7168938,0x422cadfa3bd7b60380c6bf2af1f2962fdba6886e,0.585262360000000000,NULL,0x,0
9,0x75781f7194ca755f4f8919dd7d6da4007a1b12a1974beacd7baee76b04d6078c,5216485,1520482867,0x3f5ce5fbfe3e9af3971dd833d26ba9b5c936f0be,0x422cadfa3bd7b60380c6bf2af1f2962fdba6886e,3.710000000000000000,NULL,0x,0
10,0x10deb4ac0ff59bf38c394bd15cf78c90333a77635c972a90f621e191c41aff16,5216906,1520489073,0x3f5ce5fbfe3e9af3971dd833d26ba9b5c936f0be,0x422cadfa3bd7b60380c6bf2af1f2962fdba6886e,2.690079400000000000,NULL,0x,0
11,0xfe14ec423e0d431fccc5cdb7429389d832065ada05119606273f6101c1591199,5216933,1520489395,0x0681d8db095565fe8a346fa0277bffde9c0edbbf,0x422cadfa3bd7b60380c6bf2af1f2962fdba6886e,0.500000000000000000,NULL,0x,0
12,0xa72858885a3d053caf0520a2a9293164fdf34a57e7620640886ae819c4aee85c,5217094,1520491803,0x7d356eb13aef2d893f1a65c4552f911527c6758b,0x422cadfa3bd7b60380c6bf2af1f2962fdba6886e,0.500000000000000000,NULL,0x,0
13,0x8cccf813e3be9f7d0d5aa9292d18381901f018649e9b9744fc52d6ad60a53bf3,5217130,1520492396,0x0681d8db095565fe8a346fa0277bffde9c0edbbf,0x422cadfa3bd7b60380c6bf2af1f2962fdba6886e,0.988991170000000000,NULL,0x,0
14,0x74027b446cf950f3d4b5727ec33ed03e4a716a346742a0fdf1df6064423f238f,5217267,1520494111,0x5baeac0a0417a05733884852aa068b706967e790,0x422cadfa3bd7b60380c6bf2af1f2962fdba6886e,0.650000000000000000,NULL,0x,0
15,0x37076e72a9753109400a0fb351f70936fa326ca4a7438f57428f7768a0059077,5217348,1520495402,0x3f5ce5fbfe3e9af3971dd833d26ba9b5c936f0be,0x422cadfa3bd7b60380c6bf2af1f2962fdba6886e,0.505000000000000000,NULL,0x,0
16,0xbc3ce7de81bad04a73fbb0d34193639a6c172691349bae63bf9904eeedb27234,5218811,1520516865,0x22f247b071b697bf904b9f3fd7e2f28b352716d0,0x422cadfa3bd7b60380c6bf2af1f2962fdba6886e,0.500000000000000000,NULL,0x,0
17,0x46ca375a2b96e836aa9bc0964c1f57e408b14bcd69b4690859c8671bf9e3225f,5219027,1520519818,0x941846fc255b056a99b43116e32ef166fd001e95,0x422cadfa3bd7b60380c6bf2af1f2962fdba6886e,2.000000000000000000,NULL,0x,0
18,0xe66bcd207d830f29abed30e52000443e21f7abda804576175e839836b33d6f46,5219345,1520524709,0x7c91ffebe96bd2361b51d4fa99abd602cf59a738,0x422cadfa3bd7b60380c6bf2af1f2962fdba6886e,0.375836890000000000,NULL,0x,0
19,0x4c8618d50c93dce0851a87add5384f9bcbfaa647dd380cf69bcb3506945fc37d,5219728,1520530219,0x0681d8db095565fe8a346fa0277bffde9c0edbbf,0x422cadfa3bd7b60380c6bf2af1f2962fdba6886e,0.500000000000000000,NULL,0x,0
20,0x34d19b8fa5415a0a205b905e675f9830913f0912e99ab25167a67071d8d4a30b,5219739,1520530332,0x3f5ce5fbfe3e9af3971dd833d26ba9b5c936f0be,0x422cadfa3bd7b60380c6bf2af1f2962fdba6886e,1.500000000000000000,NULL,0x,0
21,0xa04fd8aa0439bf329fd5a6456e12e619e430007d6c99a77ebbd6571eea34f37e,5220165,1520537131,0xb1d7dabecc579dac576d0dd992afbd8aaef2a798,0x422cadfa3bd7b60380c6bf2af1f2962fdba6886e,0.001100000000000000,NULL,0x,0
22,0x83d8435dc3476d84cdf871ffafb52c0f6383f95f2beacf587a37b4a17068ff3b,5228005,1520651922,0x422cadfa3bd7b60380c6bf2af1f2962fdba6886e,0x7874a06e1e02d6c7a3a5ec6d6cf35913c8688c27,0.010000000000000000,NULL,0x,0
23,0x2ab3a56feec5fbb1589d49901b6b8134a15908790209b08c23ff9e459689b3f6,5228034,1520652320,0x422cadfa3bd7b60380c6bf2af1f2962fdba6886e,0x7874a06e1e02d6c7a3a5ec6d6cf35913c8688c27,13.000000000000000000,NULL,0x,0
24,0xe58647eb34b17209e58a432fab89fee6fd417dd8f71779a0b1752ba510060447,5228054,1520652555,0x422cadfa3bd7b60380c6bf2af1f2962fdba6886e,0x04a2467b649117b75bd5cb92e07a274ca88af410,0.010000000000000000,NULL,0x,0
25,0xe0c04a7c8f311559e44fb91e843e4c90659d6cc82c01651f1d7bb3c54eefe3e8,5228071,1520652786,0x422cadfa3bd7b60380c6bf2af1f2962fdba6886e,0x04a2467b649117b75bd5cb92e07a274ca88af410,13.000000000000000000,NULL,0x,0
26,0xe750bc871d4c200befa1c9a5394d9d4c88af42a3d0fc643d360af55089646539,5230952,1520695149,0x422cadfa3bd7b60380c6bf2af1f2962fdba6886e,0xac7681afb79b10172add1b3165c830e03195e31f,0.001000000000000000,NULL,0x,0
27,0xdb03cd8803c8afbaf586695d29af78f2a045b52ca97d9b64082d50951f799115,5235840,1520767162,0xd52be39b44bc95f93256dc6fec698392602555be,0x422cadfa3bd7b60380c6bf2af1f2962fdba6886e,0.769342750000000000,NULL,0x,0
28,0xb269ba771aa31b1525842b2c8cfe82af3e1b670e1d85fd9fe2b17357f0cb0dd0,5250816,1520987031,0xf2fc11f2effed3379a5bccf590985bf9dab3aa62,0x422cadfa3bd7b60380c6bf2af1f2962fdba6886e,0.501196100000000000,NULL,0x,0
29,0x74c028f7e64be5a1794a94e0d865b018f4d1200989449a9cb6fe9be759d81011,5254123,1521035748,0xd551234ae421e3bcba99a0da6d736074f22192ff,0x422cadfa3bd7b60380c6bf2af1f2962fdba6886e,4.990000000000000000,NULL,0x,0
30,0x1cfa01b3496f015b85a7f1948bb6f87afc2520002eb3b2c745937c7b2fb99d71,5254311,1521038572,0xa6101f9c3baee455ff09cc25b2c25e9fc65b06af,0x422cadfa3bd7b60380c6bf2af1f2962fdba6886e,0.780000000000000000,NULL,0x,0
31,0x6d99422609049a91c5d2286d43d119c994f1a97b3f3966474152fc79cfa6f978,5255414,1521055288,0x422cadfa3bd7b60380c6bf2af1f2962fdba6886e,0x2bc1565264e6c57560660745bd098095b4693895,0.486000000000000000,NULL,0x,0
32,0x2781bf000f077e8b97d0c6a2389f016018534cfbad8e22e928dc4065773790df,5255481,1521056182,0x422cadfa3bd7b60380c6bf2af1f2962fdba6886e,0x04a2467b649117b75bd5cb92e07a274ca88af410,3.500000000000000000,NULL,0x,0
33,0x0634d5e8801594ccd071121a184086257c9a5173308ad352af72cf751dfde097,5255496,1521056431,0x422cadfa3bd7b60380c6bf2af1f2962fdba6886e,0x7874a06e1e02d6c7a3a5ec6d6cf35913c8688c27,3.066446103000001000,NULL,0x,0
