,TxHash,BlockHeight,TimeStamp,From,To,Value,ContractAddress,Input,isError
0,0x4dbcf16eaeb4e34758c54f1d06e67a776b7cbb09eb7e2b8ad42895912a1993c8,5824895,1529533016,0xfbb1b73c4f0bda4f67dca266ce6ef42f520fbb98,0x443f933362d9472ac8fb9d1c4a8ead512881630d,0.504000000000000000,NULL,0x,0
1,0xf9146dadfa12d07439b8edf8274da90d4100f73ff4501b21ab499648731fe4e5,5828871,1529590968,0x6b6d552705166db443f095765a65b5159619e12b,0x443f933362d9472ac8fb9d1c4a8ead512881630d,3.000000000000000000,NULL,0x,0
2,0x1cfaf5de398a038111deab968970e7df724d49a10efdf753aa6d397b00015979,5853615,1529957194,0xc364451d6316be34cb1b8f8b0922fe59d5cf2ca9,0x443f933362d9472ac8fb9d1c4a8ead512881630d,0.499517000000000000,NULL,0x,0
3,0xdf67b816afbc6d1fc95ebac3e43f988ab92857cac0ae8e0aada9b55c0fa71ef8,5853655,1529957761,0xf1a4b668d15f0e66543e9f1f795cc2b0f97e3ef2,0x443f933362d9472ac8fb9d1c4a8ead512881630d,1.544584000000000000,NULL,0x,0
4,0x8deff27ba49aed3d1356cf090483df7025a011e3069eec1886aaeba4caf8d955,5858397,1530030365,0x443f933362d9472ac8fb9d1c4a8ead512881630d,0xce9c4fe7288cd0474cefe74ef70c2364c52eee6e,0.300000000000000000,NULL,0x,0
5,0x27f3d71a2bbb4716ceb25e0f82f47c0d91c14542a3618eb252ebca2c1a08f916,5914746,1530864871,0x443f933362d9472ac8fb9d1c4a8ead512881630d,0xb1f5ec7c96e1584d437664de66018e0c2ddc1a6c,0.190000000000000000,NULL,0x,0
6,0x019c78c7e6d0592c8ac00c831a07c064744573fc75385ea6a7a94900a6878c01,6023515,1532462766,0x443f933362d9472ac8fb9d1c4a8ead512881630d,0x405d63f9dcae66bd1d2366eaa234dc1f4ce541c7,5.053712000000000000,NULL,0x,0
