,TxHash,BlockHeight,TimeStamp,From,To,Value,ContractAddress,Input,isError
0,0x9344f9f3b5390578efea375c018a08a829530b8df9e82c06efa1f8394e1e2c15,5851734,1529929477,0x04233530f7da0dad2bc4bd96714b541cd9f50580,0x44705e1d11142cd7b0bdfb2ecc0c63784a31f14f,0.002522797954000040,NULL,0x,0
1,0xe242b7d2415380f1f16270b68e09391a7e02a9cc7596bd325b7af0b54b8e5c81,5852357,1529938481,0x44705e1d11142cd7b0bdfb2ecc0c63784a31f14f,0x03a2d9112797bcafdd92668af4a1ffb715280667,0.000661797954000040,NULL,0x,0
2,0x63ad2515abaf3ad634032bd423dd020f9994c3a90072689a11c5b26b2ca76961,5852472,1529940119,0x44705e1d11142cd7b0bdfb2ecc0c63784a31f14f,0x03a2d9112797bcafdd92668af4a1ffb715280667,0.000661797954000040,NULL,0x,0
3,0x7b4d97945c58a06d74be2469d323e384003951d6c82437f38ec2cf044452ed1f,5853786,1529959800,0x44705e1d11142cd7b0bdfb2ecc0c63784a31f14f,0x9fdfbb75e3d9d34d453c5a35f53bcdad4075fb1a,0.000661797954000040,NULL,0x,0
4,0x78ee563fe5a6d824b7329d574c61f0628f872d45cadd361802403965064f24a0,5854083,1529964825,0xb0f62f8ecc638c6fc6baf4bd44b3ab949d1a616b,0x44705e1d11142cd7b0bdfb2ecc0c63784a31f14f,0.009090673041399964,NULL,0x,0
5,0x970aee047c51a3eeaf65a826d532f22d3ea4d2b6d9102852ae799c4e4d1140ee,5854110,1529965252,0x44705e1d11142cd7b0bdfb2ecc0c63784a31f14f,0x1b81479d2af9e3736e00a8fda0e4f06868636b74,0.000361797954000040,NULL,0x,0
6,0x9cdb38c8864d0ea0f7f6370ecf76497809de1d3f52f646c4c7b5ef3717a5b4e2,5855095,1529980456,0x44705e1d11142cd7b0bdfb2ecc0c63784a31f14f,0x7cbc25339d70343127ac7e2d71c41fea856af185,0.001575279179399844,NULL,0x,0
7,0x9c7dd1fb368a20f372e8fe08317035ab28359d01022f1c039fbb525c994620e0,5859751,1530050626,0x44705e1d11142cd7b0bdfb2ecc0c63784a31f14f,0xab4811bfe14b6a5539bcfed84b440eab46ba7d0e,0.000400000000000000,NULL,0x,0
8,0xcf773533f7ce3adb3d211504d59a7959eaf37ee8d5c1b6ea4e632b7b1b4c61d1,5859822,1530051752,0x44705e1d11142cd7b0bdfb2ecc0c63784a31f14f,0x3c1affc2f98fee9a919fd9ef4bdc6b334cf4d971,0.000200000000000000,NULL,0x,0
9,0x8ff5fa42b94efb204d1ba90dc0843015e0985ca9f8c41eeb6c666786b80bf19d,5859921,1530053275,0x44705e1d11142cd7b0bdfb2ecc0c63784a31f14f,0xd01f2b4b397c436b2212630429c20e618a2c1e78,0.000500000000000000,NULL,0x,0
10,0x2550ab3cdb89dcbde1754684417b2197e03bf88c8e9cd36c3306255513ee99c4,5860025,1530054792,0x44705e1d11142cd7b0bdfb2ecc0c63784a31f14f,0x5e2d9fbd4b4b3a18a5a2df35832515ccac98c9b6,0.000400000000000000,NULL,0x,0
11,0x2d00e6a32c56ed24e038000e6d43f1096549954c40d002995453c9b073216524,5860032,1530054896,0x44705e1d11142cd7b0bdfb2ecc0c63784a31f14f,0x0de0a7dc02f629a80ef15c1ebf320f430b3e9ec8,0.000400000000000000,NULL,0x,0
12,0xdd7881ec2b73699e0c87328ad9f77beee4fc71410cc172815531de40dfe6dbd9,5860071,1530055357,0x44705e1d11142cd7b0bdfb2ecc0c63784a31f14f,0x829f6db85e13fa606a38875fcc07a37621a76f80,0.000400000000000000,NULL,0x,0
13,0x8393d3c0009c3b082632c52271539c3888c7f37a46aabfb0a8a727405e0a3db6,5860144,1530056187,0x44705e1d11142cd7b0bdfb2ecc0c63784a31f14f,0x141c8297afbc20ce08595529a2fa82dc4e87edf5,0.000400000000000000,NULL,0x,0
14,0x73524e194261e49e0e896d9789c3611dde2838330769c03a7d8f7b5d5bbcbb88,5860224,1530057235,0x44705e1d11142cd7b0bdfb2ecc0c63784a31f14f,0xde2242d79c346ae1ef10a73d5da0a0e14981105e,0.000700000000000000,NULL,0x,0
15,0x4aa60676a779cb718933b2edd6b1621c01cab0534198356750cf4e2a647baddc,5860280,1530057992,0x44705e1d11142cd7b0bdfb2ecc0c63784a31f14f,0x9d0c2e1357659912d32601e9d7cbba08f13a8ab7,0.000300000000000000,NULL,0x,0
16,0x20d60d3b12baa9780a65e61bcb4e51fae2001788220aeec2d337a3a160f587fa,5860296,1530058164,0x44705e1d11142cd7b0bdfb2ecc0c63784a31f14f,0xd76b89bad7f9df3e35f2e913b120f7e63e22d3e3,0.000400000000000000,NULL,0x,0
17,0x72ffe89ba01e2cd0b854184d647fc17c3c6ccac84d5717bcecf5b85a0cfab24e,5860451,1530060490,0x44705e1d11142cd7b0bdfb2ecc0c63784a31f14f,0x783d3c02c7ec70b54fe0c47623baa65c8bd84fd7,0.000200000000000000,NULL,0x,0
18,0x8249d499a7ec5bb8c99859a4a583142dffe18e76bdb12111db635117f8ebaf9a,5860512,1530061362,0x4e9a8ab9f78e318f9edf39bab25e7221cffc565f,0x44705e1d11142cd7b0bdfb2ecc0c63784a31f14f,0.000664644000000000,NULL,0x,0
19,0xb2ba424b615805b57e9b3ef4f07c9768d13e292ff7b1678084b4a71696bea9d3,5860521,1530061527,0x44705e1d11142cd7b0bdfb2ecc0c63784a31f14f,0x11504b72d6b64bc38e341ba7aed88119c8903e6a,0.000600000000000000,NULL,0x,0
20,0xb6a03bdeea13e77f6ae9048b8f502641a1d2020d2bc9067e2043194d273e5556,5860529,1530061737,0x5473577ecd3bf2a033544c5900924566a146a7ab,0x44705e1d11142cd7b0bdfb2ecc0c63784a31f14f,0.000147410000000000,NULL,0x,0
21,0xe0a5a31849472bf63564b7df009f0fa7a5b4076b25ba4a1669a6a1552af17cdb,5860683,1530064134,0x44705e1d11142cd7b0bdfb2ecc0c63784a31f14f,0x8c1e551deb8467c568b97fec418beda0dabc7bce,0.000400000000000000,NULL,0x,0
22,0xf92daa325e2f02cce5ab2c57e2582c1081095f09a8f48a01ead545f3d20dae93,5860704,1530064413,0x8c1e551deb8467c568b97fec418beda0dabc7bce,0x44705e1d11142cd7b0bdfb2ecc0c63784a31f14f,0.000411051000000000,NULL,0x,0
23,0xf3c1af71dfdae2fde612a7737e6350f5437c489d743506030220a60137b2eb96,5860723,1530064794,0x44705e1d11142cd7b0bdfb2ecc0c63784a31f14f,0x56d58f1602f0da3919bcd5328332cef58ee52d12,0.000400000000000000,NULL,0x,0
24,0xd7222fe2b786709be153d800b412616e5958ba4f65989592e4054071b4b319f9,5860849,1530067070,0x44705e1d11142cd7b0bdfb2ecc0c63784a31f14f,0xf08fdc352d0f8a8857f33e616d3f7f4aee558c77,0.000200000000000000,NULL,0x,0
25,0x1f1cbc67566be02da5d80b5f8ffe151518952792d58514ac547b797c4daef623,5860895,1530067830,0x44705e1d11142cd7b0bdfb2ecc0c63784a31f14f,0x256d09436d8adeccefa6a49038d360eaf312f670,0.000200000000000000,NULL,0x,0
26,0x97163e4e085330e9028aee95638f1839db34b1b34cf2da0742338c283da8090c,5860956,1530068774,0x44705e1d11142cd7b0bdfb2ecc0c63784a31f14f,0x899ec988042de3766c9e50f9b3fa58aa1d20e567,0.000200000000000000,NULL,0x,0
27,0xac1fedd77d7dea3e453d5268d07e56385c2dcb844f6dc18e3b8f0e6c36554150,5861022,1530069696,0xb0f62f8ecc638c6fc6baf4bd44b3ab949d1a616b,0x44705e1d11142cd7b0bdfb2ecc0c63784a31f14f,0.009895000000000000,NULL,0x,0
28,0xf49fd679c43b0366d4314ae2ca96dc467db38022160c90689eb2b6377819c628,5861027,1530069797,0x44705e1d11142cd7b0bdfb2ecc0c63784a31f14f,0x71dea27c5345a05751686610ac39de31d4e5deff,0.000200000000000000,NULL,0x,0
29,0x6a6f41eebd38e2b67fdf00e3d98fccecf12c4e493736d7a611aa1e03a2178a03,5861036,1530069977,0x44705e1d11142cd7b0bdfb2ecc0c63784a31f14f,0x3b6a1bcbe677880342b7c4fe7a328c77d9837934,0.000200000000000000,NULL,0x,0
30,0x7042b86e7a92137775c752e0013ac557d276bc2d9bb2f3035250f0279cd4d93f,5861048,1530070233,0x44705e1d11142cd7b0bdfb2ecc0c63784a31f14f,0x7c1e9d15d305fa36cd52a523edf28b46708c98bc,0.000200000000000000,NULL,0x,0
31,0xc0946fd6b0e1811dde35749e5e6adb41a1bd6d9afd9291ce10edb28511313a82,5861063,1530070427,0x44705e1d11142cd7b0bdfb2ecc0c63784a31f14f,0x4ef30fef0e66490c41bd0ff5d9528067e633602c,0.000200000000000000,NULL,0x,0
32,0x3a17e97372eccfd1a4d882068dc2ce8482f569aaf41bbef52f5eb9e155594ce1,5861101,1530070950,0x44705e1d11142cd7b0bdfb2ecc0c63784a31f14f,0xe34324a82a4cf74341617a7530b9e23514116119,0.000200000000000000,NULL,0x,0
33,0x797390739c9675a3c22dab6100c9d44b799713d79488a4fbd2509f0bda330fda,5861146,1530071619,0x44705e1d11142cd7b0bdfb2ecc0c63784a31f14f,0xe34324a82a4cf74341617a7530b9e23514116119,0.000300000000000000,NULL,0x,0
34,0x9284fa0f320d4ae06b5ced7522d5d7d8ed40771622dcfe04e5e779d1bfbc359b,5861158,1530071780,0x44705e1d11142cd7b0bdfb2ecc0c63784a31f14f,0xa6e4b7ea961d169a044123fc40c5c3fe80b258bc,0.000300000000000000,NULL,0x,0
35,0x157b06013e0c95fd6478698777ec9e38dbe0a42d0a7382ac32b01919df0405a4,5861311,1530074182,0x44705e1d11142cd7b0bdfb2ecc0c63784a31f14f,0x59e30661e6bb2309421147252bcc03ccf571ffa3,0.000300000000000000,NULL,0x,0
36,0x5cb7e0373e49f5215de2c078effcff359fbf5a8ca36754ff08bf61c9e612debb,5861333,1530074445,0x44705e1d11142cd7b0bdfb2ecc0c63784a31f14f,0x9f4c8e5928aa0c8583a7aa473ff30c55455eaa13,0.000200000000000000,NULL,0x,0
37,0xed6ab1fa7d6d7a8caf2e9818a3acbddf06e1f5d8abdec49b363d5ef3542d9775,5861390,1530075216,0x44705e1d11142cd7b0bdfb2ecc0c63784a31f14f,0x8208678089d6d15794ea6735829d02d0e206a657,0.000200000000000000,NULL,0x,0
38,0xee1cae3a7b9a772afc88ce5648d0eab8f6c148f5d738ca28689e86041041fd37,5861407,1530075422,0x44705e1d11142cd7b0bdfb2ecc0c63784a31f14f,0xd7a87bb58c176a54dc774690588f7336c5ec84b2,0.000200000000000000,NULL,0x,0
39,0x7097898db961bc088d6420419100728d4b52dd4c38ff86a707ff03d8f4e3a85b,5861417,1530075568,0x44705e1d11142cd7b0bdfb2ecc0c63784a31f14f,0xa1ba7dc258c507a58b64554f509a3635d23b3515,0.000600000000000000,NULL,0x,0
40,0x7afae3893c1fc65aae3f5abbda0e7a28b2d59fc9b3338f46e91ffed2cf366acb,5861486,1530076746,0x44705e1d11142cd7b0bdfb2ecc0c63784a31f14f,0xf6879a233448f48b1ff29572f62fab22f1a817bd,0.000300000000000000,NULL,0x,0
41,0x650e24cb71dd94b8f5352b62ee4f21474faf14c1296b632bea9c07ef774d5dd4,5864394,1530119688,0x44705e1d11142cd7b0bdfb2ecc0c63784a31f14f,0x9f909ad288b03f5a1439ad1246ad79803a36eb23,0.000192105000000000,NULL,0x,0
42,0x5c9ead6d48896ef136bae97918546aa85086401a7dbef5e0e2c18a7cb44fa104,5864525,1530121672,0x44705e1d11142cd7b0bdfb2ecc0c63784a31f14f,0x76402e96f79131bfd54d54fa7fc2141bc536260f,0.000192105000000000,NULL,0x,0
43,0x95e86dd345e986fd91150dfe0904a78d118c6603ef77d4b90fd6e71254f83b3f,5865128,1530130067,0x44705e1d11142cd7b0bdfb2ecc0c63784a31f14f,0x13098fdefba2129b8873bcff5c9ce2de1cf7f32f,0.000192105000000000,NULL,0x,0
44,0x4ab3b7c7d70e5eb5f46ab7397d52247919c2a0d13b831f59695fa8a96e5d2860,5865435,1530134541,0x44705e1d11142cd7b0bdfb2ecc0c63784a31f14f,0x4f7e0b8f0b8b132f0d6863993d16ec7d90d80cb5,0.000192105000000000,NULL,0x,0
45,0xb5947f20ea0d7d9842f109b2d9faef6a6ebd511fadbb7750e1e0384ddbae5ec0,5865738,1530139033,0x44705e1d11142cd7b0bdfb2ecc0c63784a31f14f,0x8fe5ae93b7e0eb5d8568774c32394f5879e5d7c5,0.000192105000000000,NULL,0x,0
46,0x5a032f7270c4a01b827c4e24686ccd28415d3083d75b8232a3b0846953087124,5865784,1530139668,0x44705e1d11142cd7b0bdfb2ecc0c63784a31f14f,0xc44dde2bed97f709fbf6ae2c72600169d719dcb7,0.000492105000000000,NULL,0x,0
47,0x5ff941080e6c46ef2fc3f9ddf5ad62b65f08caa75c09067579354a131f655a63,5865815,1530140144,0x44705e1d11142cd7b0bdfb2ecc0c63784a31f14f,0xc44dde2bed97f709fbf6ae2c72600169d719dcb7,0.000092105000000000,NULL,0x,0
48,0x55e198ebad880502392a4a2dbb0a28ced335889249f1d0c4d62b581d867dac8b,5866189,1530145629,0x179877186efa4d6a0e8d9e87f4fa5228d574fc77,0x44705e1d11142cd7b0bdfb2ecc0c63784a31f14f,0.000454714800000000,NULL,0x,0
49,0x5b9c24a1846760fb239a1cf2ae50f276b4137916de1e9cc31b740b7beeb3df20,5866457,1530150061,0x44705e1d11142cd7b0bdfb2ecc0c63784a31f14f,0x230db0054028074302ce096445fb8bb9c95874e4,0.000192105000000000,NULL,0x,0
50,0xa61d952b816f0ff82be579f64aa9f7529832c2903af91dc54d8248124b2c0636,5866479,1530150405,0x44705e1d11142cd7b0bdfb2ecc0c63784a31f14f,0x170c2f3e263c62ea5a2a4283f4fef9e4489e4c16,0.000592105000000000,NULL,0x,0
51,0x6f41062292a5f4210030e5119c8603bbc9cde0ccb2dd5947c1ec12a027106f40,5866506,1530150922,0x44705e1d11142cd7b0bdfb2ecc0c63784a31f14f,0xe6433ac04762b9c63886066c5a530434a410aa9c,0.000192105000000000,NULL,0x,0
52,0x9637421bc7169fcc79032a8c341d488e6cf09a9a24b5431025fe54faf6c6ece7,5866549,1530151645,0x44705e1d11142cd7b0bdfb2ecc0c63784a31f14f,0xa11da7846c88ae8dfb3b4087f2d7bdcffd843b33,0.000192105000000000,NULL,0x,0
53,0xd6024a040ec2e17fc12499f40a0f61e52d635ee76dcf993216bf2d5edac33db2,5866565,1530151831,0x44705e1d11142cd7b0bdfb2ecc0c63784a31f14f,0x20d65494878c0f029ad74625c63337d141923dca,0.000192105000000000,NULL,0x,0
54,0xcd1af6cb17848677a0bcc8d4d41b1e356053971c17d10d6102e1e72684c2c494,5883653,1530405808,0x44705e1d11142cd7b0bdfb2ecc0c63784a31f14f,0xc1374470bea7b41af4fe62535a0b42e093ab54ea,0.000304559800000000,NULL,0x,0
55,0xef911337024123b20a6bc8f3c4a3d3205446a4db5015f291d0650693166a0fbc,5884068,1530411986,0x44705e1d11142cd7b0bdfb2ecc0c63784a31f14f,0x1eb7f9a19dc084f90dbca65b23c351c62c6552f4,0.000404559800000000,NULL,0x,0
56,0xc039532b9f8228df35545d400c47223d05dcc79958f9b1857be9332cfe6910e5,5959497,1531525253,0xcc852e3186813db7beece1907ffef3a4eeb16af2,0x44705e1d11142cd7b0bdfb2ecc0c63784a31f14f,0.006235753656856190,NULL,0x,0
57,0xc7b923afd024bd26e3556ab20cc84e14b2f3d6ae1992f4a2e061aef18fe678bc,5974482,1531740854,0x44705e1d11142cd7b0bdfb2ecc0c63784a31f14f,0x54f6751fa60a088f162856d07c660c6759f79b57,0.007313193856856190,NULL,0x,0
58,0xb0a7ea48c3c276e201ba021a3c87b40cf5e67e2598c8ada828f01bab8b7207f6,6182777,1534788599,0x0ea8639d9850b0e7037430b8afac0f8d5abb3b73,0x44705e1d11142cd7b0bdfb2ecc0c63784a31f14f,0.003882191999999999,NULL,0x,0
59,0x300bb46f24ac0e11c9a82b538852ad265fd5544f464db87b8346d6b7177b5504,6182785,1534788692,0x44705e1d11142cd7b0bdfb2ecc0c63784a31f14f,0xdf347911910b6c9a4286ba8e2ee5ea4a39eb2134,0E-18,NULL,0x095ea7b30000000000000000000000002a0c0dbecc7e4d658f48e01e3fa353f44050c20800000000000000000000000000000000000000000000007f264f65a1073c7000,0
60,0x0383cce526181e4c6aacdff8928423f7574138ace45ccc6b3904fd996baff656,6182825,1534789231,0x44705e1d11142cd7b0bdfb2ecc0c63784a31f14f,0x2a0c0dbecc7e4d658f48e01e3fa353f44050c208,0E-18,NULL,0x338b5dea000000000000000000000000df347911910b6c9a4286ba8e2ee5ea4a39eb213400000000000000000000000000000000000000000000007f264f65a1073c7000,0
61,0x013b20072c9e6b2b07b72515f857ea0d289f3bb58fff17156d712fbfec472bda,6222829,1535372262,0x44705e1d11142cd7b0bdfb2ecc0c63784a31f14f,0x54f6751fa60a088f162856d07c660c6759f79b57,0.002836549999999999,NULL,0x,0
62,0x45329e5b392eae8a477e976e2253c3f9c3ea105734356732f056b7d9c9b63019,6339056,1537055614,0x14a35d3d8d3f6431aa505f66dd504a6a550b1b21,0x44705e1d11142cd7b0bdfb2ecc0c63784a31f14f,0.000330000000000000,NULL,0x,0
63,0x33736169286b3769db9322b49a6d9f7ad02bd017522ee51a010fee93dcc00b83,6339059,1537055718,0x44705e1d11142cd7b0bdfb2ecc0c63784a31f14f,0x95abb152ed410cc4b6dffb3ed41d01015bdbb5d2,0E-18,NULL,0xa9059cbb00000000000000000000000014a35d3d8d3f6431aa505f66dd504a6a550b1b21000000000000000000000000000000000000000000000cb49b44ba602d800000,0
0,0x73888b8231c110061d393857cc0421eda63a8e2b181060abccbfb8a25af949dc,6369296,1537486592,0x2a0c0dbecc7e4d658f48e01e3fa353f44050c208,0x44705e1d11142cd7b0bdfb2ecc0c63784a31f14f,0.307111879260275964,NULL,NULL,0
64,0x05972a323b6b89242db5c309ec4cd14d12935e1d80dc6c50809676501cfdd1b8,6369400,1537488313,0x44705e1d11142cd7b0bdfb2ecc0c63784a31f14f,0x2a0c0dbecc7e4d658f48e01e3fa353f44050c208,0.304763951260275964,NULL,0xd0e30db0,0
1,0x3840bcb1ec21492f3c29ce83107e0b02e7dc56443dc28ad9e33e22cbe230721d,6369636,1537491671,0x2a0c0dbecc7e4d658f48e01e3fa353f44050c208,0x44705e1d11142cd7b0bdfb2ecc0c63784a31f14f,0.303163951260275964,NULL,NULL,0
65,0x05e9c83587874092a58f2f1be3ac12d20e846a5b0df34d05a40d6e12455e2e71,6369925,1537496111,0x44705e1d11142cd7b0bdfb2ecc0c63784a31f14f,0xb3062337b64e3d2c531faaef7af81d8a859da4b1,0.030316000000000000,NULL,0x,0
66,0x263d53979d5b7968cff8ee16cb9f00373ce7fcc76ecfa4a0333eaf243b028fa6,6369960,1537496616,0x44705e1d11142cd7b0bdfb2ecc0c63784a31f14f,0x2a0c0dbecc7e4d658f48e01e3fa353f44050c208,0.272203701260275964,NULL,0xd0e30db0,0
67,0x9f65f4713246cf62dd441562cbe9393daf1257e196c79621957dd3741feadd14,6370059,1537498033,0x44705e1d11142cd7b0bdfb2ecc0c63784a31f14f,0xdf347911910b6c9a4286ba8e2ee5ea4a39eb2134,0E-18,NULL,0xa9059cbb00000000000000000000000062f32892f7afe6524c87d4ecf3fc5fd1b1e21cd700000000000000000000000000000000000000000000007878f8661228df8d65,0
