,TxHash,BlockHeight,TimeStamp,From,To,Value,ContractAddress,Input,isError
0,0x2ba6ed1f325c5cbef41279d46ffb0a284fb13a67377a0bd7e9dc448e38deffd1,5849465,1529893531,0x0681d8db095565fe8a346fa0277bffde9c0edbbf,0x4496370b4f0993152f761bd3b3d1dd4e7b1b3139,2.217120640000000000,NULL,0x,0
1,0x35adadd601b272807bb14ba5faf73a7482b827f74fec02631fd7225421c020fd,5849552,1529895108,0xfad7293915b6ba19aadb4b52fbc7e6eabc14af17,0x4496370b4f0993152f761bd3b3d1dd4e7b1b3139,0.930000000000000000,NULL,0x,0
2,0xe5e78fefb3f7a405266a09fdd329c8b2a2baa37d751bd1b63775bfcb7e1e7dbb,5849677,1529897304,0x2628aa957e6d2a5f8ff3ba6fa25b2eb0ae459469,0x4496370b4f0993152f761bd3b3d1dd4e7b1b3139,0.010000000000000000,NULL,0x,0
3,0x1e87fbaaef8ee3f79ae6f0b5d33adbb2b94c8fed54ad616f8c0d73e11c26ffb3,5849693,1529897561,0xd551234ae421e3bcba99a0da6d736074f22192ff,0x4496370b4f0993152f761bd3b3d1dd4e7b1b3139,1.042700130000000000,NULL,0x,0
4,0x2be14f470d40e97979b31d5724a809afd44f57bd9ff0f712a915725aa79fa03c,5850462,1529909493,0xdcd6968c5e40a6b26cabca51e818b0404082c156,0x4496370b4f0993152f761bd3b3d1dd4e7b1b3139,2.000000000000000000,NULL,0x,0
5,0x8a4fce83a0eed5958c1c9524c14dd841f3921053f129d21db892a10f7631425e,5851634,1529928076,0xaa68de7a4d6fc332aaeb11110a3a1bdf52630b15,0x4496370b4f0993152f761bd3b3d1dd4e7b1b3139,2.000000000000000000,NULL,0x,0
6,0x889db10c2b78c8d91889df2bcac2dd19251b048ebeaa707ff8df3c598d55fffa,5851684,1529928644,0xaa68de7a4d6fc332aaeb11110a3a1bdf52630b15,0x4496370b4f0993152f761bd3b3d1dd4e7b1b3139,1.000000000000000000,NULL,0x,0
7,0x8270aac4e276ee199b8535181ba07f7d4416d067aa15ef512d5f8041106dd9db,5851804,1529930536,0x00433ae1151c129d40a98aea5ca67684f2975377,0x4496370b4f0993152f761bd3b3d1dd4e7b1b3139,0.700000000000000000,NULL,0x,0
8,0x74a946db2b60f13356fe25c8b043bd02a2e979484529108f0d0a1b7040833319,5854172,1529966149,0x031b7dfb6d54bd3f1b1b7a620c4e32da85eff63e,0x4496370b4f0993152f761bd3b3d1dd4e7b1b3139,0.070000000000000000,NULL,0x,0
9,0xb1a49d192e85ff1ee2de8bd6e163c7d13943c0ea74d2b39e7b6f7fcfc3f905b8,5854454,1529970390,0xa93b8c89d89dc5fe774141ef959a71629eefbdf9,0x4496370b4f0993152f761bd3b3d1dd4e7b1b3139,1.100000000000000000,NULL,0x,0
10,0x1397c6676816eccbf3940ca218cdb97314ba1ffd41b4138687f1d5a39840a996,5855104,1529980679,0x930718782059e66e9b7e0f08c7b9968ba135398a,0x4496370b4f0993152f761bd3b3d1dd4e7b1b3139,0.520000000000000000,NULL,0x,0
11,0xecf5b2a535f5f2333a7e6fb28c6cd0ffe1efbc553fb80470f29a3fd273faed9e,5856083,1529995614,0xab62609242f82ca02055cd4e3878637f1d688efd,0x4496370b4f0993152f761bd3b3d1dd4e7b1b3139,0.500000000000000000,NULL,0x,0
12,0x7659258be7a7a5e44f0a1b5191f06f7312c36879e05a0bb72a329099d0321e85,5856242,1529998009,0x876eabf441b2ee5b5b0554fd502a8e0600950cfa,0x4496370b4f0993152f761bd3b3d1dd4e7b1b3139,0.997300000000000000,NULL,0x00,0
13,0x7d519279655d7d3708fdd0cd7d556cdd0dfdf2f12b55d90e9bb34dd848211291,5856593,1530003064,0xce5e41e844a3644fcd32893f2b4fc6c6f68f5494,0x4496370b4f0993152f761bd3b3d1dd4e7b1b3139,1.218009540000000000,NULL,0x,0
