,TxHash,BlockHeight,TimeStamp,From,To,Value,ContractAddress,Input,isError
0,0x096867a29fa164475343b7c4320107ae7a2d050914bd15b6db4c46c9f18e636e,5646194,1526820149,0xda92c68565b6f8b4ee5ce619fabd880f6e485604,0x46791beea3b9138f03d312801887d907830dce51,0.593800000000000000,NULL,0x,0
1,0x9445321e59f2fb614d38f0f1a051fc666cd74a6d36050cb836ed382368be46ea,5646346,1526822263,0x7613ff703de1223111d8dd5f4ad331e819ba4cd1,0x46791beea3b9138f03d312801887d907830dce51,0.500000000000000000,NULL,0x,0
2,0x04b8a8955dba1bf0a2152d67e9485f3f1b85e91f96230bd673b57f6131475c38,5646821,1526829390,0x3f5ce5fbfe3e9af3971dd833d26ba9b5c936f0be,0x46791beea3b9138f03d312801887d907830dce51,0.990000000000000000,NULL,0x,0
3,0xe582066bea3073fadcc6c9d57ae8fc3811a1af675ef67d432203ce5c8d0504c3,5648271,1526851312,0xe03c23519e18d64f144d2800e30e81b0065c48b5,0x46791beea3b9138f03d312801887d907830dce51,0.998000000000000000,NULL,0x,0
4,0x0c6c82e1616f96a9a7d8bfa4392e46e9ed1e8d8c6df6ab9c2c95c8b3bb925088,5659235,1527019604,0x46791beea3b9138f03d312801887d907830dce51,0xc609803e19b338d553c7fb2af357731536dc8e99,0.100861000000000000,NULL,0x,0
5,0x82b748849bf4352237ab30013cbe8a797aa2c20c5fbfcfd0a299d116e1ce5eca,5670213,1527188567,0x46791beea3b9138f03d312801887d907830dce51,0xc609803e19b338d553c7fb2af357731536dc8e99,0.020861000000000000,NULL,0x,0
6,0xc4cb1ee6b015ba0fdaab38afff87c5ec7166f890466596b66eed5a09e151aa1b,5670230,1527188834,0x46791beea3b9138f03d312801887d907830dce51,0xc609803e19b338d553c7fb2af357731536dc8e99,0.005000000000000000,NULL,0x,0
7,0xffea3a093a448708852709d138f5084543b6e4651ff2150e53cb17d18d100b64,5834018,1529668106,0x46791beea3b9138f03d312801887d907830dce51,0x7220d604cc1618b6dd3c5b3e6f118cdc723faf61,2.951634000000000000,NULL,0x,0
