,TxHash,BlockHeight,TimeStamp,From,To,Value,ContractAddress,Input,isError
0,0x1b780c8db2bd8ba874a81cbd88f6518a359eebbfc1281919f1f06c69d6a0c0c7,5324270,1522053749,0x317a964102f2ce23e02f6f9699de400f15a3ac03,0x4622fbe791ab00c6aa0a8cc3184c954fd4cb78f7,0.050005750000000000,NULL,0x,0
1,0x83e630ca3f3b20bf68d6f27aa83167cf5180fb76b42fc86639cff43c137b30e6,5324307,1522054397,0x4622fbe791ab00c6aa0a8cc3184c954fd4cb78f7,0x0975ca9f986eee35f5cbba2d672ad9bc8d2a0844,0.048955750000000000,NULL,0x,0
2,0x249437f31480261a29542d02e01f6bc03f90508c78c8ec9b55d8cf7e75512e83,5324566,1522058117,0x4644fee7586e23a5db21ac58a3f0fc59b0a5e336,0x4622fbe791ab00c6aa0a8cc3184c954fd4cb78f7,0.922939580000000000,NULL,0x,0
3,0xbfc36999c9a2d9dbb1ffcf9886cf7e1d89900191431f2acd63fc363c277b857d,5324654,1522059321,0x4622fbe791ab00c6aa0a8cc3184c954fd4cb78f7,0x0975ca9f986eee35f5cbba2d672ad9bc8d2a0844,0.922855580000000000,NULL,0x,0
4,0x91ebd8589e6df233e5da2289263a88ba16ee2e83018395dd573c5429b82c8f77,5379013,1522844206,0xa9513f57906db087b9ac1ac827a0ebb05f2b2702,0x4622fbe791ab00c6aa0a8cc3184c954fd4cb78f7,2.556208116654700000,NULL,0x,0
5,0xb528d445ef66af4ae3c595f9c3d5399084cf8fdcc63e7db6cdba3bf53ee3328d,5379028,1522844441,0x4622fbe791ab00c6aa0a8cc3184c954fd4cb78f7,0x0975ca9f986eee35f5cbba2d672ad9bc8d2a0844,2.556124116654700000,NULL,0x,0
6,0x67e96d9f4b56716bc7602c39c6b4211ba3a3fa1aa654293495df6a0a6d355658,5379112,1522845600,0x317a964102f2ce23e02f6f9699de400f15a3ac03,0x4622fbe791ab00c6aa0a8cc3184c954fd4cb78f7,0.050057335800000000,NULL,0x,0
7,0x8a69df56b49b2e3ef604d56c8afb2c5d9383c4a0b146d88dec8da574674dc13e,5379127,1522845947,0x4622fbe791ab00c6aa0a8cc3184c954fd4cb78f7,0x0975ca9f986eee35f5cbba2d672ad9bc8d2a0844,0.050036335800000000,NULL,0x,0
8,0xb0f0723813798d987827d320663f0ad3077dfd04c5cc49528125086e33282565,5402900,1523185978,0xa3b784b220524369d12d14bd7af0c7d6edfbe22d,0x4622fbe791ab00c6aa0a8cc3184c954fd4cb78f7,0.270873000000000000,NULL,0x,0
9,0xb330c1d9f9a4ead70b2b8cae9933d006687d6d9f67858c7d192e5e93ccf9c6f1,5402917,1523186201,0x4622fbe791ab00c6aa0a8cc3184c954fd4cb78f7,0x0975ca9f986eee35f5cbba2d672ad9bc8d2a0844,0.270831000000000000,NULL,0x,0
10,0x53d59d12cdf9c7cd1354f59da9b80bc1e54bf794dc4f171ea829bf44a91ec88a,5403652,1523196825,0x9672975873c6e6b9ce9bc59d25065484b701703e,0x4622fbe791ab00c6aa0a8cc3184c954fd4cb78f7,0.039018010000000000,NULL,0x,0
11,0xbeb5e4ea593b2e46f84428143e9b591cfb4a58415d8a26ad61780fc937b6c9ff,5403670,1523196974,0x4622fbe791ab00c6aa0a8cc3184c954fd4cb78f7,0x0975ca9f986eee35f5cbba2d672ad9bc8d2a0844,0.038997010000000000,NULL,0x,0
12,0x183fec002f85bfd71cb77ac911ee0da4affb398121497bf96ba72c1439586f40,5403931,1523200707,0xf5bec430576ff1b82e44ddb5a1c93f6f9d0884f3,0x4622fbe791ab00c6aa0a8cc3184c954fd4cb78f7,0.540000000000000000,NULL,0x,0
13,0xe0c89cecbf36e4aef333ec225953966f4e4d5a6fc390817e3b3efd7796580f7c,5403948,1523201033,0x4622fbe791ab00c6aa0a8cc3184c954fd4cb78f7,0x0975ca9f986eee35f5cbba2d672ad9bc8d2a0844,0.539979000000000000,NULL,0x,0
14,0x6ff649b553d34d12d28d2bf5adf779c5e49b88763ffbcd23cc185d37f78c31ed,5416493,1523380714,0xae2f72263d93ea8722815463964d011c94e91317,0x4622fbe791ab00c6aa0a8cc3184c954fd4cb78f7,0.050000000000000000,NULL,0x,0
15,0xc2c4caf5e97725fb8c9793340d2d4c8b81102569d525546ea6781a8a94f840ad,5416509,1523380865,0x4622fbe791ab00c6aa0a8cc3184c954fd4cb78f7,0x0975ca9f986eee35f5cbba2d672ad9bc8d2a0844,0.049979000000000000,NULL,0x,0
16,0xac5b7895bb4724350355cdaf2ccea4aafd8d727a98b08c38e79b58379e800b41,5417290,1523392167,0x32be343b94f860124dc4fee278fdcbd38c102d88,0x4622fbe791ab00c6aa0a8cc3184c954fd4cb78f7,0.800000000000000000,NULL,0x,0
17,0x83531a7164df424f57ad7acbf154fad2c3a03af9cc9f352e41f6e07be1fb6768,5417305,1523392432,0x4622fbe791ab00c6aa0a8cc3184c954fd4cb78f7,0x0975ca9f986eee35f5cbba2d672ad9bc8d2a0844,0.799979000000000000,NULL,0x,0
18,0xd303b50ebd588c0d5652e45cf34494330e3cf8177b8d3c41b5385b8da3dafc7f,5424799,1523500875,0x2a9a7e75a369bc0141801a20b6cd1d8b0b0cea14,0x4622fbe791ab00c6aa0a8cc3184c954fd4cb78f7,0.078007930000000000,NULL,0x,0
19,0x23e6d20881406daf13229e5ce29b058fefd1c8ae8fc38bcb8d469cbcc8b18cc0,5424815,1523501105,0x4622fbe791ab00c6aa0a8cc3184c954fd4cb78f7,0x0975ca9f986eee35f5cbba2d672ad9bc8d2a0844,0.077986930000000000,NULL,0x,0
20,0xd8b9729a688e2c021d2f3e1a5f7fe8b532f4c95836e5a662b85c25b0a7fa6a44,5431740,1523601804,0x11572c4275d57573db768cd4e1cfb7caaf488d43,0x4622fbe791ab00c6aa0a8cc3184c954fd4cb78f7,0.030000000000000000,NULL,0x,0
21,0x68fc439a323443a8f1edbb3b5679e2317acd28f5406b4d3cd22ee41674c2764e,5431755,1523602075,0x4622fbe791ab00c6aa0a8cc3184c954fd4cb78f7,0x0975ca9f986eee35f5cbba2d672ad9bc8d2a0844,0.029979000000000000,NULL,0x,0
22,0x777eddd337f2c1454b678b9c8f0ab6fa9f2cc624bc4fdcf2eae0c18083d7e90e,5440320,1523727449,0x8e21263e6dcf5e7cea1b2834498010c6cffc98d9,0x4622fbe791ab00c6aa0a8cc3184c954fd4cb78f7,0.202419370000000000,NULL,0x,0
23,0x18bb11097ba8ddb53819dd702a78c107a1a8401709a48e493bfb005340d238a4,5440334,1523727610,0x4622fbe791ab00c6aa0a8cc3184c954fd4cb78f7,0x0975ca9f986eee35f5cbba2d672ad9bc8d2a0844,0.202398370000000000,NULL,0x,0
24,0x672581ae91dabdac06b372da11794271eb1ef4683bdb89847915e6a93ba83f40,5449179,1523856278,0x924c85283ef76a9f67516ca1d27f675f7da25ccb,0x4622fbe791ab00c6aa0a8cc3184c954fd4cb78f7,0.800000000000000000,NULL,0x,0
25,0x0ae93f002cc03e2218797efeaaaea806e3e581ae94e736e0fc1cf9d3ef5b27d4,5449197,1523856457,0x4622fbe791ab00c6aa0a8cc3184c954fd4cb78f7,0x0975ca9f986eee35f5cbba2d672ad9bc8d2a0844,0.799979000000000000,NULL,0x,0
26,0x35e3fca4546d7e2b4e33e5db42c6ab228256555eab2e3097da7354395f1e561d,5455124,1523943055,0xb019308f0c0632b05286e7043ee555d5b5293552,0x4622fbe791ab00c6aa0a8cc3184c954fd4cb78f7,0.006527390000000000,NULL,0x,0
27,0x51597793590a3d95ef2e322c1935eb718ce979bbddec732fcfd76f6ed7f269a3,5455130,1523943136,0xfa4e63ce034447e0b20d28a0e4154243348e2361,0x4622fbe791ab00c6aa0a8cc3184c954fd4cb78f7,0.083149000000000000,NULL,0x,0
28,0x64659649dd25621cae547faf24c5430ef0256e05d1644691488a706a08d88cf4,5455140,1523943276,0x4622fbe791ab00c6aa0a8cc3184c954fd4cb78f7,0x0975ca9f986eee35f5cbba2d672ad9bc8d2a0844,0.089655390000000000,NULL,0x,0
29,0xc4ef9b8e141b826602da8c29c7e23118837e524701856729d632c345a0d1febf,5455369,1523946637,0xf5b24884959a311558afa88005d4b7cd0760342c,0x4622fbe791ab00c6aa0a8cc3184c954fd4cb78f7,1.999979000000000000,NULL,0x,0
30,0xa76ab59bd6c717130bffa2b06b9c72477ef223470c9aa5939bdb726566893abc,5455383,1523946843,0x4622fbe791ab00c6aa0a8cc3184c954fd4cb78f7,0x0975ca9f986eee35f5cbba2d672ad9bc8d2a0844,1.999958000000000000,NULL,0x,0
31,0x4fd6bc0d4ba76b722da589b3cd290e1c3a80cf6b0f38a4e36e54c8f47b32378a,5456519,1523964174,0x9133c7544334c25684407ee64169883361b16831,0x4622fbe791ab00c6aa0a8cc3184c954fd4cb78f7,0.100779000000000000,NULL,0x,0
32,0x1307b78820b0af3ebeda2a9cbc067623361cc276cd03ef78de31337653ea8cfd,5456533,1523964425,0x4622fbe791ab00c6aa0a8cc3184c954fd4cb78f7,0x0975ca9f986eee35f5cbba2d672ad9bc8d2a0844,0.100758000000000000,NULL,0x,0
33,0xdb863fa4023de189b64271671babd3f993d2cd9b77e49bb925ddd67dbfd3068b,5456587,1523965318,0xa80fd079cec8eabbf4f108e237aef34d36fc1edb,0x4622fbe791ab00c6aa0a8cc3184c954fd4cb78f7,0.423670790000000000,NULL,0x,0
34,0x72695915c623e7c7d42d980bad29214756e2a61131409f667f6db23a2c3997ef,5456603,1523965631,0x4622fbe791ab00c6aa0a8cc3184c954fd4cb78f7,0x0975ca9f986eee35f5cbba2d672ad9bc8d2a0844,0.423649790000000000,NULL,0x,0
35,0x4d7af6ad9581b521aa460b2c43ca522c37b205646977b124a673056890049f91,5456865,1523969918,0x83460215b16554e0d6cc12ac202447a39e80b20b,0x4622fbe791ab00c6aa0a8cc3184c954fd4cb78f7,0.008957925000000000,NULL,0x,0
36,0xc6b54a9ecf6f9228a3ed2e26479f02445a0b5fed5f16a71588182b166218dad0,5456884,1523970127,0x4622fbe791ab00c6aa0a8cc3184c954fd4cb78f7,0x0975ca9f986eee35f5cbba2d672ad9bc8d2a0844,0.008936925000000000,NULL,0x,0
37,0xcda66d92f4afcc22948a98d74b938b2bce24d0486e5675c9ff1807898c392d14,5907435,1530756518,0x4622fbe791ab00c6aa0a8cc3184c954fd4cb78f7,0x0975ca9f986eee35f5cbba2d672ad9bc8d2a0844,0.000567000000000000,NULL,0x,0
