,TxHash,BlockHeight,TimeStamp,From,To,Value,ContractAddress,Input,isError
0,0xb4240ed71b323ba7c04b83e39a076b8fd006299f355d59d261e78548f03629ba,5113288,1518966527,0x41d6e1992002cf9a86c72654bdb6599039465f10,0x47fee4975942a4fdaf02a95b845bb3affcf40582,0.005000000000000000,NULL,0x,0
1,0x5e2dbd5c677506341ce2e406cb1b22dc72bd3e6878848a1bdf5f75b0e2741f28,5126082,1519154426,0x3080dd7fd262d6d64c3fe6e598077711fdc3adac,0x47fee4975942a4fdaf02a95b845bb3affcf40582,0.005000000000000000,NULL,0x,0
2,0x1bf4fec5690738711f76dc86501414b93447cb8aaa53f9f0bce0d67b8395dd5c,5139582,1519353839,0x47fee4975942a4fdaf02a95b845bb3affcf40582,0x2233799ee2683d75dfefacbcd2a26c78d34b470d,0E-18,NULL,0xa9059cbb0000000000000000000000009062477d8c2dfb5f4bfa601f0216f36a0eb3b0c80000000000000000000000000000000000000000000000056bc75e2d63100000,0
3,0x5de48b7ef9ed9497088a2311c1e74c58211912806c3dd65be1a7c198d9dfa0c0,5139602,1519354290,0x47fee4975942a4fdaf02a95b845bb3affcf40582,0x80e7a4d750ade616da896c49049b7ede9e04c191,0E-18,NULL,0xa9059cbb0000000000000000000000009062477d8c2dfb5f4bfa601f0216f36a0eb3b0c800000000000000000000000000000000000000000000000000000000000186a0,0
4,0x3c0910ebe435b86e5cfcfa6aff82809bdf805db214cc260071d49e568bd558eb,5139614,1519354489,0x47fee4975942a4fdaf02a95b845bb3affcf40582,0x7f8538f02d7dcbb7ade93737f6113e4bd1b093d5,0.009000000000000000,NULL,0x,0
5,0x2c5d4e92cfeb555e0408074de0c2365dec521fc9be5951d1f105a33b7d8fa3f5,5139628,1519354740,0x47fee4975942a4fdaf02a95b845bb3affcf40582,0x8183dc52ce1cff90eba453c4a450f3d2d98f0ee3,0E-18,NULL,0xa9059cbb0000000000000000000000009062477d8c2dfb5f4bfa601f0216f36a0eb3b0c80000000000000000000000000000000000000000000000000000000000002710,0
6,0x7436ece773f7d8b42e4e4f7b5d077b40cb94da5a9b7b7b065b76a0a2b6cfc8e3,5163787,1519711730,0x2b186c4e8c918b4b517bb7a50083fc31ae02a85d,0x47fee4975942a4fdaf02a95b845bb3affcf40582,0.005000000000000000,NULL,0x,0
7,0x3f0f54a3fad44c9d1270aec22bf20d1df2f205f2ba400f40d78f0484c51bd783,5177495,1519911833,0x5b27342c90c3b137321826a0a775ecd01149c4cb,0x47fee4975942a4fdaf02a95b845bb3affcf40582,0.007000000000000000,NULL,0x,0
8,0xae35d90236b2911c74d45647f9f4e2b126d29134ddc7d104f8fe7a58bebe0a50,5177588,1519913115,0x47fee4975942a4fdaf02a95b845bb3affcf40582,0x3dcfbc53549f09be47bd3c5b7fe38302148e2fe2,0.012256092000000000,NULL,0x,0
9,0xff31bf391fe747716d587ca6350e580ab96e5d22d79f49f1d61336edb6cf524e,5192479,1520130670,0x47fee4975942a4fdaf02a95b845bb3affcf40582,0x3e01b9ea9db8f17ab1825d848b2f2e04f57caf09,0E-18,NULL,0xa9059cbb0000000000000000000000003ee9b91a750b77652777fdc08d16476d82fd112400000000000000000000000000000000000000000000065a5b8313e3be240000,0
10,0x9affde486fa7dfb47887e3971e0bdd86796a87f3d7f5072e127d0391429b9ffb,5192574,1520132230,0x47fee4975942a4fdaf02a95b845bb3affcf40582,0xaae1b51b120f384d5749b3f36260c543e49db665,0E-18,NULL,0xa9059cbb0000000000000000000000003ee9b91a750b77652777fdc08d16476d82fd11240000000000000000000000000000000000000000000000000de0b6b3a7640000,0
11,0xd38362aa8e21fcd3f2705b563e2d3706ad842ae9fc63a466c49080a15592b38d,5431567,1523599434,0x47fee4975942a4fdaf02a95b845bb3affcf40582,0x809826cceab68c387726af962713b64cb5cb3cca,0E-18,NULL,0xa9059cbb0000000000000000000000009062477d8c2dfb5f4bfa601f0216f36a0eb3b0c800000000000000000000000000000000000000000000000ad78ebc5ac6200000,0
