,TxHash,BlockHeight,TimeStamp,From,To,Value,ContractAddress,Input,isError
0,0x5c83c24f0e2bb1a7ad8489aa573842bcc97b43635e70e8f14c66dbcee70fcf75,5732312,1528138597,0x564286362092d8e7936f0549571a803b203aaced,0x483ec0e946d1d61696bc8f69ef10365bd80862dc,0.510000000000000000,NULL,0x,0
1,0x1f66fddf54641fe54127b0ad214f2badb322ed5d377995f7712ad845604b8a29,5732321,1528138727,0x3f5ce5fbfe3e9af3971dd833d26ba9b5c936f0be,0x483ec0e946d1d61696bc8f69ef10365bd80862dc,0.301786580000000000,NULL,0x,0
2,0x8ccab0cc19577ab3228601df027cab7fd7c62a868cfd2b49231ee2cc00bf9dcb,5732376,1528139494,0x564286362092d8e7936f0549571a803b203aaced,0x483ec0e946d1d61696bc8f69ef10365bd80862dc,0.532705270000000000,NULL,0x,0
3,0x3042666de6ae6fb480414d63ec9c411b71a87601406e65ddabe7007649fcb78d,5732413,1528140003,0x564286362092d8e7936f0549571a803b203aaced,0x483ec0e946d1d61696bc8f69ef10365bd80862dc,0.791391320000000000,NULL,0x,0
4,0x747378c970d7585db9d8c214b57ba5764ea67ecb9d7cdf1ab1c1ff812f4de136,5733172,1528151252,0x564286362092d8e7936f0549571a803b203aaced,0x483ec0e946d1d61696bc8f69ef10365bd80862dc,1.000000000000000000,NULL,0x,0
5,0x5a7a847cf100050b6741f67c5ca3162796ffa95fb9b8551e0ceb81e83dcb3789,5752938,1528455573,0x0681d8db095565fe8a346fa0277bffde9c0edbbf,0x483ec0e946d1d61696bc8f69ef10365bd80862dc,0.500000000000000000,NULL,0x,0
6,0xc9f19232c1def7c1d368f94c333b4777e6f039eca8ad534b0ed3b29e98159000,5812079,1529343154,0x483ec0e946d1d61696bc8f69ef10365bd80862dc,0x5491d389c06e89da84aa5e2c237c93e4f6c3bfd3,3.635022170000000000,NULL,0x,0
