,TxHash,BlockHeight,TimeStamp,From,To,Value,ContractAddress,Input,isError
0,0x09b66f8dfcb781c7dc92532e66e7ba29df1a03104d0bfba39e4b3863fd898e69,5877806,1530319407,0xf733e4182a417043243f7a29ce651becc2c53085,0x484f46f9dd32a0147126f07da4be61efc26ef42a,9.999937000000000000,NULL,0x,0
1,0xd3afdc75426ae680a62f88edc2f2cdece5099157f924cb9447187663b8b366cf,5880656,1530361130,0xe89943ec20d856f064a87349a00ef6ab00aed042,0x484f46f9dd32a0147126f07da4be61efc26ef42a,0.500000000000000000,NULL,0x,0
2,0x7deb9d1920325520be218a401afcbdfc81699abc26bf14d5baee68f8495a5f27,5880663,1530361302,0xe89943ec20d856f064a87349a00ef6ab00aed042,0x484f46f9dd32a0147126f07da4be61efc26ef42a,3.000000000000000000,NULL,0x,0
3,0x53885dc1178a37d38a8966fc3e674dc808f39608bd0a5f1847d523d7fae41aae,5881745,1530377828,0x51958296c75598b8322a1d99345cc7927dfe8863,0x484f46f9dd32a0147126f07da4be61efc26ef42a,2.000000000000000000,NULL,0x,0
4,0xb2aedb3dbca88c4dfba8f78c41dd9bf5421c6bfa1308d1f3875b84863e0c8b1d,5882053,1530382443,0xda92c68565b6f8b4ee5ce619fabd880f6e485604,0x484f46f9dd32a0147126f07da4be61efc26ef42a,0.515000000000000000,NULL,0x,0
5,0x75e53b5d300ed3f8875d9b88e16c73a50dbec060c6d85463a098b05b72a6a347,5882181,1530384560,0xa43a0314f847190edb3f784f20452a77341bda4f,0x484f46f9dd32a0147126f07da4be61efc26ef42a,1.060338800000000000,NULL,0x,0
6,0xcd2bb6034876da8659ffe2402e7e939dd5587d44c47877c6a50eaaa86ad5bcb3,5882369,1530386870,0xe26b1e45ef1eb736d6a3a18ee21167da503205ee,0x484f46f9dd32a0147126f07da4be61efc26ef42a,0.200000000000000000,NULL,0x,0
7,0xf37f8cb83a4da2d6d45955cc3f925de10a44d8b750cfa16cd5b2825a0630647c,5882384,1530387056,0xfa69d953efc363159f8badb02936d5ce23e70659,0x484f46f9dd32a0147126f07da4be61efc26ef42a,0.013205000000000000,NULL,0x,0
8,0x75f1acb5ddb22fd23ad266bb630dcb5a8b7c6f9c741215e9ee2b032720f58f70,5882467,1530388162,0xd7c98464f34edbc0731ad438f12cb9d100db95c8,0x484f46f9dd32a0147126f07da4be61efc26ef42a,0.780031460000000000,NULL,0x,0
9,0xd28769f31d78d971938252242a36ac5e9a6cea8b970ccf4fd236ac2f19228985,5882747,1530392384,0xfbb1b73c4f0bda4f67dca266ce6ef42f520fbb98,0x484f46f9dd32a0147126f07da4be61efc26ef42a,6.804000000000000000,NULL,0x,0
10,0x97fc2e8919968e722ce8772000687e0c55cbeea5896e2dc67b1e6e4f2929c4da,5883223,1530399441,0x0681d8db095565fe8a346fa0277bffde9c0edbbf,0x484f46f9dd32a0147126f07da4be61efc26ef42a,0.826109960000000000,NULL,0x,0
11,0x540fa465dc096f4559818bb6157883cfbe69c2e3787f18dbfab849afc0b93341,5883324,1530400886,0x8958618332df62af93053cb9c535e26462c959b0,0x484f46f9dd32a0147126f07da4be61efc26ef42a,0.543000000000000000,NULL,0x,0
12,0xb7e4e41d3cd6688d88276557698389c4c10efe43d6fcabb9b7a2f302a8fd7c46,5883530,1530403813,0x0681d8db095565fe8a346fa0277bffde9c0edbbf,0x484f46f9dd32a0147126f07da4be61efc26ef42a,4.990000000000000000,NULL,0x,0
13,0x8c88769e195304aa727d57b45a399b0e3aa8cd0ef4e6da4ed84721fa9445fdbc,5883559,1530404239,0xd551234ae421e3bcba99a0da6d736074f22192ff,0x484f46f9dd32a0147126f07da4be61efc26ef42a,9.990000000000000000,NULL,0x,0
14,0x71a29f1b73e4a533cf5554083a8ce7af8b99376ca6bacee54a7e5eefa621de15,5883573,1530404461,0x0681d8db095565fe8a346fa0277bffde9c0edbbf,0x484f46f9dd32a0147126f07da4be61efc26ef42a,17.990000000000000000,NULL,0x,0
15,0x27c3be5b7edce0d6fbbf51e2987720f9163ece8b9ad970b990eceb45327ded07,5883610,1530405098,0xfbb1b73c4f0bda4f67dca266ce6ef42f520fbb98,0x484f46f9dd32a0147126f07da4be61efc26ef42a,0.994000000000000000,NULL,0x,0
16,0x763c33bc74675d1dfdf3e79d0270149e1e76896ad6ecdec4d1f3aae6519780e0,5885495,1530433187,0x308fdef0ce21d13df3142ed2e01ab8af5101895a,0x484f46f9dd32a0147126f07da4be61efc26ef42a,0.500000000000000000,NULL,0x,0
17,0xff6aa50f92dd4d1950dc707d08a7567a5a6c0bc93555632e9ac948bf2ac6e220,5885528,1530433605,0x308fdef0ce21d13df3142ed2e01ab8af5101895a,0x484f46f9dd32a0147126f07da4be61efc26ef42a,1.000000000000000000,NULL,0x,0
18,0x7cbcbc652c1bb80bbee9064ec821a975ade4a4032d7942675c0c737d7cbb4fbd,5885945,1530439721,0x03833ac7d7d9f143842e6d9d65f1dfdd55e3b015,0x484f46f9dd32a0147126f07da4be61efc26ef42a,20.000000000000000000,NULL,0x,0
19,0x0f10104afd0ecf1329604058f1e24895e451f4d9b16f1149e3ebd4f26a45eb54,5886421,1530446904,0xe89943ec20d856f064a87349a00ef6ab00aed042,0x484f46f9dd32a0147126f07da4be61efc26ef42a,0.060000000000000000,NULL,0x,0
20,0x1a2c157d630b6959d696d6f1594f1a4876d8e9b2747bae9785361cbeda6113f6,5890442,1530505568,0x3f5ce5fbfe3e9af3971dd833d26ba9b5c936f0be,0x484f46f9dd32a0147126f07da4be61efc26ef42a,1.397939570000000000,NULL,0x,0
21,0x86c836fed37848a4d5c690978d8b0d1f2b4c80caf0f7f4a19344fcb28fa286c3,5890796,1530510448,0x292f04a44506c2fd49bac032e1ca148c35a478c8,0x484f46f9dd32a0147126f07da4be61efc26ef42a,0.497500000000000000,NULL,0x,0
22,0x796775e252f28fcc5000e7eb229443e04ebdf45456da531b40c34d8583a72b9a,5898397,1530622636,0xa8cfeb0c40918d67f13908a0c92e370badcfd3e0,0x484f46f9dd32a0147126f07da4be61efc26ef42a,4.996850000000000000,NULL,0x,0
