,TxHash,BlockHeight,TimeStamp,From,To,Value,ContractAddress,Input,isError
0,0xb8bbc3d77a4e4edca0391f94430545538c74ce61ba60f821d9ea5a8e5a3d2cfc,5300780,1521716966,0xfbb1b73c4f0bda4f67dca266ce6ef42f520fbb98,0x48ec7767d5def1c1520402b092356e070c5f1adc,4.894000000000000000,NULL,0x,0
1,0x26d0e172beda102fcba8f36efdc75a2063747ed21720a6980449dac9936261a8,5300885,1521718515,0xd33577609f71eeb9e72b8b077590f50f9cbbce0a,0x48ec7767d5def1c1520402b092356e070c5f1adc,0.500000000000000000,NULL,0x,0
2,0x46dffee6f81c3e6a41ce2b7d25e92d6164ac085c315f812b4ed83a01d06870ba,5301103,1521721458,0x2ff6c02922bcf4165fa4cc63d17a273aea9c5fbf,0x48ec7767d5def1c1520402b092356e070c5f1adc,0.194162450000000000,NULL,0x,0
3,0x7498445fd6224b866e11e049cda2f1f23ec1c5abe8b6dd2ae2ca6ef931cba993,5301238,1521723390,0x3f5ce5fbfe3e9af3971dd833d26ba9b5c936f0be,0x48ec7767d5def1c1520402b092356e070c5f1adc,0.590000000000000000,NULL,0x,0
4,0x970764dcd0d040fc53cdedcd8bdeea4659763a9bf0bc7d20d3de65dfa050eac9,5301327,1521724623,0xb0a0b1c2ab0d9e1a79723e999f850e24798c50d0,0x48ec7767d5def1c1520402b092356e070c5f1adc,0.060000000000000000,NULL,0x,0
5,0x333a775623ca33cc1c70f98db6e4f1dc192cd7e235a3fc0cc842b3eb1da37a43,5301646,1521729094,0x2438d09595075aac37a4c78b6c172a98ec32127a,0x48ec7767d5def1c1520402b092356e070c5f1adc,0.666000000000000000,NULL,0x,0
6,0xefa2a3804a507f9121cb7a47043c78d4fa759b0d3d5c8f38aa878f08923522f3,5301649,1521729134,0x7aacb4e0e84d4c4f2ef2a8ec35303e5769d48b5e,0x48ec7767d5def1c1520402b092356e070c5f1adc,0.500000000000000000,NULL,0x,0
7,0x8200b961b34f12a26ccde62ed1e9d6692213d9f638c312d1c484ab7a5de441f2,5301650,1521729143,0x52052454131c46bb343877aa4e908e83486e2050,0x48ec7767d5def1c1520402b092356e070c5f1adc,0.500000000000000000,NULL,0x,0
8,0xdcaa67ef96f9b7a411a6606eaaa160933dda329809467d8578a64cbb606cb786,5301698,1521729809,0x675a8f8ce576790b1d5c6e5853c017a42e921013,0x48ec7767d5def1c1520402b092356e070c5f1adc,0.500000000000000000,NULL,0x,0
9,0xdf972fdde0a61b7df5c997063ce0eb02c97ff2351d22af0243a3c33d39e832c4,5301918,1521733039,0x92afe4fd276c0c866764de31249fb2c66d65a9d6,0x48ec7767d5def1c1520402b092356e070c5f1adc,0.500000000000000000,NULL,0x,0
10,0xcdeeaecc3d32d0b540a9fc31bf4059b6393b565ca6ca4893784a9e55be4a8925,5302147,1521736464,0x75e7f640bf6968b6f32c47a3cd82c3c2c9dcae68,0x48ec7767d5def1c1520402b092356e070c5f1adc,0.490000000000000000,NULL,0x,0
11,0xdad2615f8e0ae991c808bbeaececa86ef85c37dd8213bc0e8a8191f82151a8b3,5302491,1521741190,0xfbb1b73c4f0bda4f67dca266ce6ef42f520fbb98,0x48ec7767d5def1c1520402b092356e070c5f1adc,5.000000000000000000,NULL,0x,0
12,0x3314e51114b56b2fbd48e286734f61f7d27ed0aa59820fb917bdb31ac15f8a14,5304691,1521772838,0x33c91e965fc6dd5f0a7c574223b16221b396fec8,0x48ec7767d5def1c1520402b092356e070c5f1adc,0.800000000000000000,NULL,0x,0
13,0x0f55c28c7deaf25e6a88aa34b10e004b56eaee41b80057e69ba5e1856efc3b3d,5304740,1521773658,0x9cdb21f6e203dfc9599bad6c57b02fd484b30826,0x48ec7767d5def1c1520402b092356e070c5f1adc,2.000000000000000000,NULL,0x,0
14,0x8b639ff35654c004b6078598f1c4ed834eedde3b31e8b5c851ec3029b13bcf02,5305062,1521778454,0x4dc857910d858f4e2bf864e7b10f7c17424bcb75,0x48ec7767d5def1c1520402b092356e070c5f1adc,0.500000000000000000,NULL,0x,0
0,0x837f7c8335b10c9eb5aaebe2fc039231b9c83df4175bd70213d124c4b55a95c7,5306108,1521793766,0xd4f5bf184bebfd53ac276ec6e091d051d0ed459e,0x48ec7767d5def1c1520402b092356e070c5f1adc,0.100000000000000000,NULL,NULL,0
15,0x2a0a444c3536e972cd5b173599b83ff23b501c873c185d3b1e6ea44efd2c624a,5306311,1521796684,0xec832a120ec563eac113b0472ccad1696ed58348,0x48ec7767d5def1c1520402b092356e070c5f1adc,0.950000000000000000,NULL,0x,0
16,0x47ed81427c5875aec99df4909fc42565d395435e32ffedf6fd0ba7020daae2d2,5308057,1521821140,0x2c05d5566d217838c0c1ec4dd4d277da0dda6ace,0x48ec7767d5def1c1520402b092356e070c5f1adc,1.000000000000000000,NULL,0x,0
17,0x44a09c260a6ade11c721b7d2851766cf15a7f0100a95216dad2adf2583f751dc,5308786,1521831294,0xb3418d087a0bd7bdbd88f2b552535898defedfde,0x48ec7767d5def1c1520402b092356e070c5f1adc,1.000000000000000000,NULL,0x,0
18,0xd23710eccbd465697a479c4ddd662a2f0a5f6ed8b37c10bae4364eee142fbe3a,5309098,1521835770,0x4586c561f6b45645a1086050d9bf5ddea06dfc79,0x48ec7767d5def1c1520402b092356e070c5f1adc,0.500000000000000000,NULL,0x,0
19,0xb4259bdc9d5afecdc04d8511bdfd91786f464c9842a42db57296b743ffc8e81a,5309380,1521839830,0xd293d770858a4d31028cb2141e6c67db66bcac28,0x48ec7767d5def1c1520402b092356e070c5f1adc,0.500000000000000000,NULL,0x,0
20,0x921f5a528cbc592a319f0df20361b470d29930ded02ea8aebfc18e2d343dabd6,5309741,1521845569,0x65e2c5175e2e618f48e70343b14c31b280e42d90,0x48ec7767d5def1c1520402b092356e070c5f1adc,0.500438060000000000,NULL,0x,0
21,0x3056cc6cd25a49b12ae1ef6a12462524993b19d52772a1d10782b5fde8be1d3f,5310344,1521854811,0xf9024714e4262c2f7225ce301ed58ec9177f7d1b,0x48ec7767d5def1c1520402b092356e070c5f1adc,0.001106480000000000,NULL,0x,0
22,0xc802615a046e8f6ebeeca98fc98c422fda8394497c82d893428e7924b24803ca,5310350,1521854973,0xd1bc7bd7795ae2991cdce684de087a645377b9c4,0x48ec7767d5def1c1520402b092356e070c5f1adc,0.650000000000000000,NULL,0x,0
23,0x316c46119d73e61573ef7e882dd0892745d46b66d871a951364edbfa9ee0384c,5310407,1521855729,0x2b5634c42055806a59e9107ed44d43c426e58258,0x48ec7767d5def1c1520402b092356e070c5f1adc,1.660000000000000000,NULL,0x,0
24,0x52780bc84432ba1c5bdf1bcc074beb7c27e5d97ba1c642b784157ea0366e5171,5311380,1521870256,0xaeec6f5aca72f3a005af1b3420ab8c8c7009bac8,0x48ec7767d5def1c1520402b092356e070c5f1adc,0.955259670000000000,NULL,0x,0
25,0x0bfb91c3d90add7ad8d7c0ad51e4a252355ce4809196cadb8052a683b90564ea,5312348,1521883735,0xf9ec288491c1e0b084a3296b1899fbd0287a393a,0x48ec7767d5def1c1520402b092356e070c5f1adc,0.500000000000000000,NULL,0x,0
26,0x9410d543899468da1fd97cfc8747eb1a1d2df6925e55081e0b3aa0d1ab550778,5312819,1521890235,0x129eab6223289d47ba57b8c41ce4b4b8e1af13df,0x48ec7767d5def1c1520402b092356e070c5f1adc,1.000000000000000000,NULL,0x,0
27,0xd947017aa5ed18a0147231b6a742f50973b83a84995d27555662cbf6e55ce7ee,5355332,1522505956,0x48ec7767d5def1c1520402b092356e070c5f1adc,0xe5deeec1737496c3f63f24bd18f81f1cc09d772f,27.010546660000000000,NULL,0x,0
