,TxHash,BlockHeight,TimeStamp,From,To,Value,ContractAddress,Input,isError
0,0x360e34d7fa23a288a6970f30e4f7dc7840caac86e817f87f5c5c761d9c161e11,5514781,1524831849,0x008c61e96f6ac0042aef8eb14be5720414bf5df6,0x4985a8d068a9cac4b81faaafb8d4516ae46dd768,2.627000000000000000,NULL,0x,0
1,0x314345883611a704246bddbc9ba99857487c9815da393cbd96317f329a50643a,5520674,1524920244,0x4985a8d068a9cac4b81faaafb8d4516ae46dd768,0x008c61e96f6ac0042aef8eb14be5720414bf5df6,0.500000000000000000,NULL,0x,0
2,0x8209f13fb0aa594650fba57a95bc9ffffff12a3fea2cc1d9d9bf818cea094af8,5541537,1525234510,0x008c61e96f6ac0042aef8eb14be5720414bf5df6,0x4985a8d068a9cac4b81faaafb8d4516ae46dd768,32.000000000000000000,NULL,0x,0
3,0xf14584be2567c6cc1749183ace5c4eff4674f78eb688b12c1369c2f09fb3b327,5541547,1525234662,0x4985a8d068a9cac4b81faaafb8d4516ae46dd768,0xed442a7efeeb80bdb2aa8919ef2fefa99d355d59,33.500000000000000000,NULL,0x,0
4,0x5b914c36bcaf2b821ea3c728e5f583d800564bac834a9463d196a9036de8fde9,5547055,1525318883,0x4985a8d068a9cac4b81faaafb8d4516ae46dd768,0xc440015b2311b109949309a81624fb4dbadecdd0,0.153000000000000000,NULL,0x,0
5,0x15a1b5bead41f15b2340c20cd3b45ce787c939a1d8c8c7da91e0780ad7b5b596,5571699,1525691712,0x4985a8d068a9cac4b81faaafb8d4516ae46dd768,0x495dfc89847772146b03f3c34347a219e6d7e0bf,0.473600000000000000,NULL,0x,0
