,TxHash,BlockHeight,TimeStamp,From,To,Value,ContractAddress,Input,isError
0,0x5f79825f78a9d211045199e93c123b373402d01782bebe77d1927d1d9c20c677,5337019,1522239838,0xeaa1dc9478aecd6ef7a0f5937728af7faf2dcc63,0x4ae9971e28d7f422b406ee1f3bb38e1b96637239,0.300000000000000000,NULL,0x,0
1,0x259fa7075b17af7ac25b5802f002744bfe8ae63dbebfa0e7d9555e87129e8859,5359381,1522563503,0x7071f121c038a98f8a7d485648a27fcd48891ba8,0x4ae9971e28d7f422b406ee1f3bb38e1b96637239,0.501380000000000000,NULL,0x,0
2,0x0ea18d272c3ba9a81d296bdef5304816dfa99a19ef2beb5dfca941d256de204f,5360028,1522572692,0xa1e010a0b01fadefac827e6156b4e1514f9b1b16,0x4ae9971e28d7f422b406ee1f3bb38e1b96637239,0.500000000000000000,NULL,0x,0
3,0xae21669604cb913d2dfea7f60aa6992e1eb3a417c1fc1cb58b3fa78e73ead39b,5360191,1522575017,0x2497ed86793255959a490584564570a19e9c57db,0x4ae9971e28d7f422b406ee1f3bb38e1b96637239,1.000000000000000000,NULL,0x,0
4,0x015964235bc43741d3e4115ba37d7ca4c85e61a0a7d4c191a4407845fc828fbb,5480782,1524325552,0x4ae9971e28d7f422b406ee1f3bb38e1b96637239,0x94e4117f5fb4a5111711052e621de330d61d0ef1,0.580000000000000000,NULL,0x,0
5,0x6a88118af81da705be2fb06ecb5eed595e1828fb2572ef3010973ea21b266fd9,5480800,1524325772,0x4ae9971e28d7f422b406ee1f3bb38e1b96637239,0xc068ad1c1c65e3b789723419c07a2f68989a22cf,0.570000000000000000,NULL,0x,0
6,0x63eb749bfef8f3c458fa1cdf97d29348cd4fc37ba7822ad4c1d31d9a76604bf6,5480814,1524325954,0x4ae9971e28d7f422b406ee1f3bb38e1b96637239,0x5d0dbbf6460ba020a5ab06006ea447ffc7612b2d,0.570000000000000000,NULL,0x,0
7,0x831cd27910bf9946d9446846c26b1ec9871deb6691853a94b2b462a18d996548,5480826,1524326141,0x4ae9971e28d7f422b406ee1f3bb38e1b96637239,0xc35836007e1629933e22e6bb9e4d6ca65776bdee,0.100000000000000000,NULL,0x,0
8,0x14228c61c4b6bb038cdcb9f5aa468ab79255d1c5f30851b34b73395587f20487,5480834,1524326268,0x4ae9971e28d7f422b406ee1f3bb38e1b96637239,0xe3f797d8815bc41bea0f83cc407eb88f348835e6,0.478965000000000000,NULL,0x,0
