,TxHash,BlockHeight,TimeStamp,From,To,Value,ContractAddress,Input,isError
0,0x3514cecb974eb295d68f688d7254108ef2ec779782048c8e9dbc7b7d475758fa,4830480,1514732196,0x8f9c91041cf42c61693d47d6a1c3977f23c80a30,0x4e8f5917a0823a51206b8caee095b0995e8dc943,0.013877902216300983,NULL,0x,0
1,0x192b32fdb4a86a2b2114e9ee0868d3b20e91fe90b521e017b11433499844dbdf,4830818,1514737097,0x4e8f5917a0823a51206b8caee095b0995e8dc943,0xee947040b46a45df3df4b8b0960d228e3ec9c212,0.013394500000000000,NULL,0x,0
2,0xb86cfc99ea31c9a3a953183045370ca7ce3fe8cb6f3b88a5f250bf2e4ae4e497,5282102,1521445492,0x5baeac0a0417a05733884852aa068b706967e790,0x4e8f5917a0823a51206b8caee095b0995e8dc943,0.109699180000000000,NULL,0x,0
3,0x04b9a85a48b04244c7db168ccc8426ec83ff65397f75dc556274b873a752fc05,5282692,1521454249,0x4e8f5917a0823a51206b8caee095b0995e8dc943,0xa48a937431385710f7ff9772c14df7514240db3e,0.109000000000000000,NULL,0x,0
4,0xb24570b630a06286d7b13d104154ccb594ce2fe14aa5f300ac685646742329eb,5291494,1521582047,0x65e2c5175e2e618f48e70343b14c31b280e42d90,0x4e8f5917a0823a51206b8caee095b0995e8dc943,0.166705880000000000,NULL,0x,0
5,0xf34e931e6d2cea762f82c907785fee6defc7ac1e2b4ad00e68c2c068483ce131,5293692,1521613715,0x4e8f5917a0823a51206b8caee095b0995e8dc943,0x4558fecfa9ffcc5da18f9dbd6c168038c49fcf45,0.166430000000000000,NULL,0x,0
6,0xe6a23351c3842933eac1a7b0b5d31415db99885be00d80ec18f4180ea24e4120,5571734,1525692323,0xf5bec430576ff1b82e44ddb5a1c93f6f9d0884f3,0x4e8f5917a0823a51206b8caee095b0995e8dc943,0.004220380000000000,NULL,0x,0
7,0xe22035b35b008cd212dce6baa65ea046fee1276346ba2c4c6b7fcd9899c4f2d8,5662373,1527068655,0x4e8f5917a0823a51206b8caee095b0995e8dc943,0x7e5fed2bc155d380e73b63f0a4944235d3f5e22f,0.003746842216300980,NULL,0x,0
