,TxHash,BlockHeight,TimeStamp,From,To,Value,ContractAddress,Input,isError
0,0xbe6e19b6c2eebc651b8fdbe38ee11997ec6507f1314edb545216ad6d1aad5b5b,5173165,1519847989,0xe0b76cd9cefca358adde7c404e4096217e6a4e85,0x4fafc9291a0112a0ee0928361c02848ff2fdf6bd,0.250000000000000000,NULL,0x,0
1,0xcb593c9ee30fab1c9b4ee52805fb95d1f3836a88bf67020bd69d943cdccff41f,5173176,1519848195,0xa82635639dc1c6fd483c1d1167252fb98e7b8eaa,0x4fafc9291a0112a0ee0928361c02848ff2fdf6bd,5.000000000000000000,NULL,0x,0
2,0x4dac1aceda69af34886089e03cb5f047be926774cea4bddf957d2f4065a9c66a,5173200,1519848552,0xce606ed492d2d8f9cf1e36007e6463c746dd8989,0x4fafc9291a0112a0ee0928361c02848ff2fdf6bd,4.000000000000000000,NULL,0x,0
3,0x93415b1e0d1d5d3f1b40120ab9ba7d3af6449685163995a4bf8db54a9f49564e,5173202,1519848559,0x16131fd152270046c00dcf9659f52e35ed55e898,0x4fafc9291a0112a0ee0928361c02848ff2fdf6bd,0.038000000000000000,NULL,0x,0
4,0x1a80e044db3b3597c4c1039e4bf4f6525f326759e134c0171adc531cad5cfa6c,5173262,1519849368,0xe0b76cd9cefca358adde7c404e4096217e6a4e85,0x4fafc9291a0112a0ee0928361c02848ff2fdf6bd,0.216000000000000000,NULL,0x,0
5,0x567366fea1e609fc87c25015266227d8e90d27a277541881b9412ae2d63d76d5,5455276,1523945314,0x4fafc9291a0112a0ee0928361c02848ff2fdf6bd,0xa57985a62902853ea6aba26ab020d025a4269501,9.503853000000000000,NULL,0x,0
