,TxHash,BlockHeight,TimeStamp,From,To,Value,ContractAddress,Input,isError
0,0x1cf78109f75972b85f0edfb8636a407eacf85d629a02836cf3a91c8f22561f0d,5679826,1527335746,0x4b72e8cabff2603eeca0a480023c933182e4dc71,0x5127e8d79160f4cd177f5ac5a1e860acaa59a34b,0.002000000000000000,NULL,0x,0
1,0x4529f1927b28f5a1a1113dcfcebb07f5a491dd9f08ded733ba8184c341f57beb,5682336,1527373608,0x5127e8d79160f4cd177f5ac5a1e860acaa59a34b,0x8e821e03146128e2a672b703d4009f30e41e8704,0.001937000000000000,NULL,0x,0
2,0x48cb9c5c6fc019c348427961b9d05e5a62f0e86b0aa17a2553911ea1eb80e7d3,5685553,1527422958,0xf519f0af259e8bb50358ac45ed70a67e68478dc1,0x5127e8d79160f4cd177f5ac5a1e860acaa59a34b,0.000796404000000000,NULL,0x,0
3,0xa7a1e43c8565a5d06a9aea2940c028c9e336b67c7b48639639fa7cb6d6b24e09,5686246,1527433664,0x386759f8d8878442471e30a2e50dc7b279a0b1e8,0x5127e8d79160f4cd177f5ac5a1e860acaa59a34b,0.035098187178632223,NULL,0x,0
4,0xf923032ef99e21faa39c93558b4681a618f7c24c6e004f10d46d63ce1cfeb640,5686323,1527435035,0x5127e8d79160f4cd177f5ac5a1e860acaa59a34b,0x5e3919d428064160c9c88b0e4ad2d502a08ddae6,0.002000000000000000,NULL,0x,0
5,0x4f136222c81b81f401407c4166f062e0825cffc7cc014d108299d5d326ad0c99,5687032,1527445970,0x5127e8d79160f4cd177f5ac5a1e860acaa59a34b,0xf519f0af259e8bb50358ac45ed70a67e68478dc1,0.001000000000000000,NULL,0x,0
6,0x381931c03139fa70acda117bf443000b1a998f93a8acc71fe53c61ebb2a65f32,5687035,1527446010,0x5127e8d79160f4cd177f5ac5a1e860acaa59a34b,0x5e3919d428064160c9c88b0e4ad2d502a08ddae6,0.001000000000000000,NULL,0x,0
7,0x2d58cac3f605be5c2e225ad674f3375bc865394d77e4e94d4449a86917d46038,5690377,1527496232,0xf519f0af259e8bb50358ac45ed70a67e68478dc1,0x5127e8d79160f4cd177f5ac5a1e860acaa59a34b,0.000128380000000000,NULL,0x,0
8,0x0a7183ad5330a84c122c123689d5b383abdc94f2598d052b38ea525a02d340bb,5690467,1527497459,0x5127e8d79160f4cd177f5ac5a1e860acaa59a34b,0x37adfc37edb90b1f4d9799ba982b6dfd75f32aa6,0.001000000000000000,NULL,0x,0
9,0xcf375b5ecc6b6797fabfcd4bca90e0194f7f36036922a72a48ca10148467f814,5690473,1527497545,0x5127e8d79160f4cd177f5ac5a1e860acaa59a34b,0x5e3919d428064160c9c88b0e4ad2d502a08ddae6,0.001000000000000000,NULL,0x,0
10,0x5b1151961f67c04896468ea15b931999ea1ed45a09a1d55915983ad5dab24801,5693370,1527541399,0x5127e8d79160f4cd177f5ac5a1e860acaa59a34b,0x5e3919d428064160c9c88b0e4ad2d502a08ddae6,0.002000000000000000,NULL,0x,0
11,0x0b6c19042414db4ab102198de53363cad0abc182d3d0ded7b87b4784c9b8b9b8,5693438,1527542427,0x5127e8d79160f4cd177f5ac5a1e860acaa59a34b,0x5e3919d428064160c9c88b0e4ad2d502a08ddae6,0.002000000000000000,NULL,0x,0
12,0xe98e3e2d9e87e74e9453d5b02abaddd7cef4b5cf3ce22fa56e0afe7ea0317631,5693887,1527549086,0x5127e8d79160f4cd177f5ac5a1e860acaa59a34b,0x5e3919d428064160c9c88b0e4ad2d502a08ddae6,0.001000000000000000,NULL,0x,0
13,0xac53aeedc98a54de9ec4a49f40f2eca015e3b3359cf2a8fef79500693973f1ff,5694091,1527552611,0x37adfc37edb90b1f4d9799ba982b6dfd75f32aa6,0x5127e8d79160f4cd177f5ac5a1e860acaa59a34b,0.000010244000000000,NULL,0x,0
14,0x1a1e459a567c033b00db04b8c4edcb04aacbafdef4fa089afc4ffec171666903,5694106,1527552787,0x5127e8d79160f4cd177f5ac5a1e860acaa59a34b,0x7277a26f44eb64dc19516cfb1f2c9e7775e2a8f3,0.001000000000000000,NULL,0x,0
15,0x1c6a542ba22ef24e970ed8267597ed74e679d6cdc4aabbc11992d10f54a52741,5698318,1527617243,0x5127e8d79160f4cd177f5ac5a1e860acaa59a34b,0xe3b3b3df4cf393cf9d721663d242fdd938e9c616,0.002000000000000000,NULL,0x,0
16,0xfd6e040f3c154c5ca5480ef118a5a64694cf224ce9adc3e83f7d3751116ae5aa,5698326,1527617371,0x5127e8d79160f4cd177f5ac5a1e860acaa59a34b,0xe3b3b3df4cf393cf9d721663d242fdd938e9c616,0.002000000000000000,NULL,0x,0
17,0x76fb01b845027d5134f8ffbeb5b35c2fd34c618bb35b42f8e8ba46936a0cf1c7,5714358,1527864242,0x5127e8d79160f4cd177f5ac5a1e860acaa59a34b,0x954b5de09a55e59755acbda29e1eb74a45d30175,0E-18,NULL,0x095ea7b30000000000000000000000002a0c0dbecc7e4d658f48e01e3fa353f44050c20800000000000000000000000000000000000000000000003635c9adc5dea00000,0
18,0xf786cf6bf324662cf88816efd3d0a2e57dca0a9c022dd3ec66538d14d76c8e49,5714362,1527864334,0x5127e8d79160f4cd177f5ac5a1e860acaa59a34b,0x2a0c0dbecc7e4d658f48e01e3fa353f44050c208,0E-18,NULL,0x338b5dea000000000000000000000000954b5de09a55e59755acbda29e1eb74a45d3017500000000000000000000000000000000000000000000003635c9adc5dea00000,0
19,0x4a4c9911e675e951572f1b7e80ede845d915afd17ab2fca2bb4273db19d942d7,5714364,1527864379,0x5127e8d79160f4cd177f5ac5a1e860acaa59a34b,0xf41e5fbc2f6aac200dd8619e121ce1f05d150077,0E-18,NULL,0x095ea7b30000000000000000000000002a0c0dbecc7e4d658f48e01e3fa353f44050c2080000000000000000000000000000000000000000000000028379f7aa23a85e70,0
20,0xef9a9b975d263cf9373778426e931afcd0da0e9c7a8a4685ef95a645e66f9211,5714366,1527864412,0x5127e8d79160f4cd177f5ac5a1e860acaa59a34b,0x2a0c0dbecc7e4d658f48e01e3fa353f44050c208,0E-18,NULL,0x338b5dea000000000000000000000000f41e5fbc2f6aac200dd8619e121ce1f05d1500770000000000000000000000000000000000000000000000028379f7aa23a85e70,0
21,0xee9db4eacdc44136fb71915c4b11a13d12e340f4069b4001147ec6be6e4a604e,5714404,1527864981,0x5127e8d79160f4cd177f5ac5a1e860acaa59a34b,0x08d32b0da63e2c3bcf8019c9c5d849d7a9d791e6,0E-18,NULL,0x095ea7b30000000000000000000000002a0c0dbecc7e4d658f48e01e3fa353f44050c20800000000000000000000000000000000000000000000000000000000000091c6,0
22,0x861d640b77f1b83be77bfb28a58518ccaef98304dd50338adabad15b11b1ed03,5714405,1527864993,0x5127e8d79160f4cd177f5ac5a1e860acaa59a34b,0x2a0c0dbecc7e4d658f48e01e3fa353f44050c208,0E-18,NULL,0x338b5dea00000000000000000000000008d32b0da63e2c3bcf8019c9c5d849d7a9d791e600000000000000000000000000000000000000000000000000000000000091c6,0
23,0xf80a90d2054915a2a99d1c9cb7976e767aaf3dbaf7c7f615e4af5e108fcdf1e1,5714428,1527865303,0x5127e8d79160f4cd177f5ac5a1e860acaa59a34b,0x28dee01d53fed0edf5f6e310bf8ef9311513ae40,0E-18,NULL,0x095ea7b30000000000000000000000002a0c0dbecc7e4d658f48e01e3fa353f44050c208000000000000000000000000000000000000000000000018fbd52c5f98a8899d,0
24,0xc32445cfb023f16bf1cd58e4bfd6de58d75abdd0beb85263cbfa198b21eebbb1,5714430,1527865330,0x5127e8d79160f4cd177f5ac5a1e860acaa59a34b,0x2a0c0dbecc7e4d658f48e01e3fa353f44050c208,0E-18,NULL,0x338b5dea00000000000000000000000028dee01d53fed0edf5f6e310bf8ef9311513ae40000000000000000000000000000000000000000000000018fbd52c5f98a8899d,0
25,0x6cfdd25a1d2802f1443f9c6ffd8d681a22a600e5108652b77ebe928a61096dd8,5714516,1527866585,0x5127e8d79160f4cd177f5ac5a1e860acaa59a34b,0x2604fa406be957e542beb89e6754fcde6815e83f,0E-18,NULL,0x095ea7b30000000000000000000000002a0c0dbecc7e4d658f48e01e3fa353f44050c208000000000000000000000000000000000000000000000000a688906bd8b00000,0
26,0xf5b9001fc4d628dc472aa20400ed92b53a82de17c9b0e8ca8c458ea18c117bf9,5714520,1527866641,0x5127e8d79160f4cd177f5ac5a1e860acaa59a34b,0x2a0c0dbecc7e4d658f48e01e3fa353f44050c208,0E-18,NULL,0x338b5dea0000000000000000000000002604fa406be957e542beb89e6754fcde6815e83f000000000000000000000000000000000000000000000000a688906bd8b00000,0
0,0x55f2d7fd736d9ddda76f5e86685f41d10ad3fd3c2c19a818d6fa70a854209e5d,5716366,1527894067,0x2a0c0dbecc7e4d658f48e01e3fa353f44050c208,0x5127e8d79160f4cd177f5ac5a1e860acaa59a34b,0.064789700808079799,NULL,NULL,0
27,0xe50370133642dd986680c764aba00348314aecb5d4ac815c950170110f966df7,5716374,1527894229,0x5127e8d79160f4cd177f5ac5a1e860acaa59a34b,0xf244176246168f24e3187f7288edbca29267739b,0E-18,NULL,0x095ea7b30000000000000000000000002a0c0dbecc7e4d658f48e01e3fa353f44050c20800000000000000000000000000000000000000000000000105fc6602be5cd800,0
28,0xe1f2cde9639c66f96a1f7166cbafe0bae727307affce9d562331247e83167002,5716376,1527894246,0x5127e8d79160f4cd177f5ac5a1e860acaa59a34b,0x2a0c0dbecc7e4d658f48e01e3fa353f44050c208,0E-18,NULL,0x338b5dea000000000000000000000000f244176246168f24e3187f7288edbca29267739b00000000000000000000000000000000000000000000000105fc6602be5cd800,0
29,0xc4822d9952caf261e1181e4c1108771acd3687008b2b8399262dc00d59cccdd3,5716465,1527895640,0x5127e8d79160f4cd177f5ac5a1e860acaa59a34b,0x386759f8d8878442471e30a2e50dc7b279a0b1e8,0.065428136986712022,NULL,0x,0
30,0x3cfb793404dc914a0b6721124155a118c44b845136ef5d8fe0cac3ff6b009ea6,5735566,1528188520,0x9c239571b9466299b1b3829db47d33ee0d04251e,0x5127e8d79160f4cd177f5ac5a1e860acaa59a34b,0.028000000000000000,NULL,0x,0
31,0x117be7cd8dbcd816da23017dcd39e9b67a602982933551c6eefb281fa31d9e2c,5736094,1528195974,0x1bbca1add2c8123b6e5c8574b7f3d86e52103c49,0x5127e8d79160f4cd177f5ac5a1e860acaa59a34b,0.000342123000000000,NULL,0x,0
32,0x0aaf59f20b5f8c6e24e677084d14e3aa75b7781d8ff89b34752c0a8ceb78036a,5740116,1528258451,0x5127e8d79160f4cd177f5ac5a1e860acaa59a34b,0x2ba561c73a4d97fa200c4dd9ef5e10a0c4ea2a55,0.008000000000000000,NULL,0x,0
33,0x74c8c135752e0e7f6272008a91df5fa14650dfeb0a7de7a823208447d275ee4d,5740342,1528262208,0x5127e8d79160f4cd177f5ac5a1e860acaa59a34b,0x2ba561c73a4d97fa200c4dd9ef5e10a0c4ea2a55,0.002000000000000000,NULL,0x,0
34,0x1d04842a2c53e90a93a87081a4afa5f4c4ee489568a67e06d9cbc2af36e86225,5740464,1528263822,0x5127e8d79160f4cd177f5ac5a1e860acaa59a34b,0x2ba561c73a4d97fa200c4dd9ef5e10a0c4ea2a55,0.002000000000000000,NULL,0x,0
35,0xb60e8757b69268dacfd0c0eb7b83608b7fa4447be07be780524359cc22de8096,5744638,1528328126,0x5127e8d79160f4cd177f5ac5a1e860acaa59a34b,0xd254d116ee9f96e38ff6b581129f4f455852cd93,0.004000000000000000,NULL,0x,0
36,0x6271c68160c54ceaa415393adaeb74a1b1fe90411d6b7150cb2c868098d12137,5744734,1528329599,0xd254d116ee9f96e38ff6b581129f4f455852cd93,0x5127e8d79160f4cd177f5ac5a1e860acaa59a34b,0.002404674102299936,NULL,0x,0
37,0x3a936bb7f68ed3f92c2bc4b039c8182d85b5641f381214c78075fed44ebd7d5e,5748772,1528391587,0x5127e8d79160f4cd177f5ac5a1e860acaa59a34b,0xf244176246168f24e3187f7288edbca29267739b,0E-18,NULL,0x095ea7b30000000000000000000000002a0c0dbecc7e4d658f48e01e3fa353f44050c2080000000000000000000000000000000000000000000000071c05e0fcbbd3d800,0
38,0xd52ebb3d6bf722177b3ff466aeb98e9e0aa5559d0a243c3d9a388fd45a80044b,5748774,1528391608,0x5127e8d79160f4cd177f5ac5a1e860acaa59a34b,0x2a0c0dbecc7e4d658f48e01e3fa353f44050c208,0E-18,NULL,0x338b5dea000000000000000000000000f244176246168f24e3187f7288edbca29267739b0000000000000000000000000000000000000000000000071c05e0fcbbd3d800,0
1,0xb82746682d706ebf4148edbe7e95a4c86d8138b7a728b2693e699a22bf0a058e,5748945,1528394164,0x2a0c0dbecc7e4d658f48e01e3fa353f44050c208,0x5127e8d79160f4cd177f5ac5a1e860acaa59a34b,0.123126498045056163,NULL,NULL,0
39,0xdf44ceff76d0c9370d9b310deadd8be1c2da202ab574b0610db2e8cafb3b8b49,5752451,1528448255,0x5127e8d79160f4cd177f5ac5a1e860acaa59a34b,0xa0f362bacb18b89bd9e8ec2848d2b7c7f9db08cb,0.104519400000000000,NULL,0x,0
40,0x5b60a13a2d6a03d0c5bc57e9ff9a1bc8d19bab15b477c03945633c18b47fc9ab,5755684,1528496528,0x5127e8d79160f4cd177f5ac5a1e860acaa59a34b,0x2c4e8f2d746113d0696ce89b35f0d8bf88e0aeca,0E-18,NULL,0x095ea7b30000000000000000000000002a0c0dbecc7e4d658f48e01e3fa353f44050c20800000000000000000000000000000000000000000000005a9a0f25faed084000,0
41,0xb55f4a2d2df56208ac190e7fbcaab83622fa54760085d1b778ea1cc4acaa78f2,5755687,1528496570,0x5127e8d79160f4cd177f5ac5a1e860acaa59a34b,0x2a0c0dbecc7e4d658f48e01e3fa353f44050c208,0E-18,NULL,0x338b5dea0000000000000000000000002c4e8f2d746113d0696ce89b35f0d8bf88e0aeca00000000000000000000000000000000000000000000005a9a0f25faed084000,0
42,0xab0e1c3bd9ee39008536f6c3879fce60fd7e7ce7c58b2a2728fc3a4841805468,5755714,1528496960,0x5127e8d79160f4cd177f5ac5a1e860acaa59a34b,0xe34e1944e776f39b9252790a0527ebda647ae668,0E-18,NULL,0x095ea7b30000000000000000000000002a0c0dbecc7e4d658f48e01e3fa353f44050c20800000000000000000000000000000000000000000000003635c9adc5dea00000,0
43,0xf8c1405dda091ca379bc00034f6b28b96b837dd86d11394566ad251c2a6f9cbf,5755716,1528497000,0x5127e8d79160f4cd177f5ac5a1e860acaa59a34b,0x2a0c0dbecc7e4d658f48e01e3fa353f44050c208,0E-18,NULL,0x338b5dea000000000000000000000000e34e1944e776f39b9252790a0527ebda647ae66800000000000000000000000000000000000000000000003635c9adc5dea00000,0
44,0x62f86d860737d839c126fb15207a4d653c1ba060bf3092e89641e84dd63365a7,5755743,1528497466,0x5127e8d79160f4cd177f5ac5a1e860acaa59a34b,0x1b957dc4aefeed3b4a2351a6a6d5cbfbba0cecfa,0E-18,NULL,0x095ea7b30000000000000000000000002a0c0dbecc7e4d658f48e01e3fa353f44050c20800000000000000000000000000000000000000000000005d71d6342e5b970000,0
45,0x8eb4f383ef4d24a8d7c2b816046399d5f6054c94ebdb8c37c465820b6960d63b,5755746,1528497567,0x5127e8d79160f4cd177f5ac5a1e860acaa59a34b,0x2a0c0dbecc7e4d658f48e01e3fa353f44050c208,0E-18,NULL,0x338b5dea0000000000000000000000001b957dc4aefeed3b4a2351a6a6d5cbfbba0cecfa00000000000000000000000000000000000000000000005d71d6342e5b970000,0
46,0x32a715f4f79cbfc4888c369733b4dabdc0d37a45c1f6e489b59566fba2d91dfd,5770200,1528719960,0x5127e8d79160f4cd177f5ac5a1e860acaa59a34b,0xa8015df1f65e1f53d491dc1ed35013031ad25034,0.024345771147356099,NULL,0x,0
2,0x65a129a7f237c6c9fcef9022a28dd8eb79f0207a48967b08af04f16e7896cf90,5770578,1528725939,0x2a0c0dbecc7e4d658f48e01e3fa353f44050c208,0x5127e8d79160f4cd177f5ac5a1e860acaa59a34b,0.078560383874998279,NULL,NULL,0
47,0x3cf16781b791d031f11373bcc21b891e7c295d1cdcaeb3a3c867f1bb60b03bc1,5772511,1528754613,0xa2d32659c87a2fdc4b891ebc7b737ef7dcddd017,0x5127e8d79160f4cd177f5ac5a1e860acaa59a34b,0.000527872000000000,NULL,0x,0
48,0x2a07dfb4adc92b6d9872616a46233ac19523f51ad33b9b3bf53469f7d14312da,5773347,1528767602,0x5127e8d79160f4cd177f5ac5a1e860acaa59a34b,0xa86a7ae337cba8da634572506e0dd2630eec46ad,0.059088255874998790,NULL,0x,0
49,0x6c6149650cc3cd49c0678c0728aeede0a6a587b628e96c595ec851e6444cee2a,5805292,1529243963,0x386759f8d8878442471e30a2e50dc7b279a0b1e8,0x5127e8d79160f4cd177f5ac5a1e860acaa59a34b,0.301496081200969938,NULL,0x,0
50,0xfa9754b9beb0050fcf00ffa3a70dc4c4813ecc1b38ffef02ba18d2637ada9359,5810815,1529324647,0x5127e8d79160f4cd177f5ac5a1e860acaa59a34b,0xc5bb47282dfb2118e55b46f4bbf9c8ad2145577f,0.302000000000000000,NULL,0x,0
51,0x911c02ff079fabdf648a22e638b2a2cf25f195694baa4496fcbe8adbd8cbc7c2,5819879,1529458030,0x5127e8d79160f4cd177f5ac5a1e860acaa59a34b,0x2c4e8f2d746113d0696ce89b35f0d8bf88e0aeca,0E-18,NULL,0x095ea7b30000000000000000000000002a0c0dbecc7e4d658f48e01e3fa353f44050c20800000000000000000000000000000000000000000000005a53f14976593096b4,0
52,0xdbf1064b4b690617209278d1419d129f05edcb8a7323c1202527e2a600e81869,5819881,1529458103,0x5127e8d79160f4cd177f5ac5a1e860acaa59a34b,0x2a0c0dbecc7e4d658f48e01e3fa353f44050c208,0E-18,NULL,0x338b5dea0000000000000000000000002c4e8f2d746113d0696ce89b35f0d8bf88e0aeca00000000000000000000000000000000000000000000005a53f14976593096b4,0
53,0x1fe3113a6c9fbb0a04e1f4d9413eb840bd22bc254ffb5a100bc987e5790b2385,5819906,1529458455,0xa86a7ae337cba8da634572506e0dd2630eec46ad,0x5127e8d79160f4cd177f5ac5a1e860acaa59a34b,0.047783746336199165,NULL,0x,0
54,0xdb5a71c9f94e04cfbddc77ab5e92398fbd6f5de56d025a0a68bdedaca44ab48a,5819917,1529458640,0x5127e8d79160f4cd177f5ac5a1e860acaa59a34b,0x2a0c0dbecc7e4d658f48e01e3fa353f44050c208,0.054942583537168590,NULL,0xd0e30db0,0
3,0xf3911256c796338ba7573d2bb7bd4d3cf78616c8cbe3a4a584160558c7613dc2,5819970,1529459500,0x2a0c0dbecc7e4d658f48e01e3fa353f44050c208,0x5127e8d79160f4cd177f5ac5a1e860acaa59a34b,0.082975169920288430,NULL,NULL,0
55,0x1f24ccbcd32601237f38a386431198a12f14952b9943a1c85e55f0094b2744dc,5828258,1529582300,0x5127e8d79160f4cd177f5ac5a1e860acaa59a34b,0x6214a5bc12621c45c25236ecf3ce4d2675a1b2fa,0.075630093214089900,NULL,0x,0
56,0xa70e839e6ca3766f8174aa7a1f9ae29e82588f25779ec1bbb8426bbabcf4601e,5982745,1531862740,0x5127e8d79160f4cd177f5ac5a1e860acaa59a34b,0x7277a26f44eb64dc19516cfb1f2c9e7775e2a8f3,0.015341301706198532,NULL,0x,0
57,0x2404a144f1d119a7eb468e230745edf9432ce7af62720d9e69298ffae3895def,5982874,1531864584,0x7277a26f44eb64dc19516cfb1f2c9e7775e2a8f3,0x5127e8d79160f4cd177f5ac5a1e860acaa59a34b,0.013304375706198532,NULL,0x,0
58,0x99c542c62ed66ab1d65006ad4514d8e84afabbc8b17ea6194301ce29873deab4,5983178,1531868977,0x5127e8d79160f4cd177f5ac5a1e860acaa59a34b,0x70a72833d6bf7f508c8224ce59ea1ef3d0ea3a38,0E-18,NULL,0x095ea7b30000000000000000000000002a0c0dbecc7e4d658f48e01e3fa353f44050c2080000000000000000000000000000000000000000000000374b3db730a4c57000,0
59,0x228cda372eac12af6b6ffc9dfbafc0134a8457b35e9d8a1a0ac4477463e3a233,5983180,1531868991,0x5127e8d79160f4cd177f5ac5a1e860acaa59a34b,0x2a0c0dbecc7e4d658f48e01e3fa353f44050c208,0E-18,NULL,0x338b5dea00000000000000000000000070a72833d6bf7f508c8224ce59ea1ef3d0ea3a380000000000000000000000000000000000000000000000374b3db730a4c57000,0
4,0x8db37ca014865e5c244b5533f39764f8466e70eab1c3b384a54843a141971081,5983251,1531870037,0x2a0c0dbecc7e4d658f48e01e3fa353f44050c208,0x5127e8d79160f4cd177f5ac5a1e860acaa59a34b,0.139249617223832412,NULL,NULL,0
60,0x722cd26100bb3525d63f6c307e56afb429a7cb4e0eabb4b4d31b211cf03d2f71,5985816,1531908925,0x5127e8d79160f4cd177f5ac5a1e860acaa59a34b,0xeb6faad863c5e2d2d888475f053d571dd0a86855,0.013904375706198000,NULL,0x,0
61,0x646fdf8ee9e2f2b4657a1ba13712aafee20f0999660acfd378a6e4d08afe63d7,5985854,1531909474,0x5127e8d79160f4cd177f5ac5a1e860acaa59a34b,0xeb6faad863c5e2d2d888475f053d571dd0a86855,0.125341987223832944,NULL,0x,0
62,0xdaa7d7517fa063bf7f3a4d86ada932f8f13f189dffdc46fa64c7df070bc1ea34,6009148,1532252464,0x7277a26f44eb64dc19516cfb1f2c9e7775e2a8f3,0x5127e8d79160f4cd177f5ac5a1e860acaa59a34b,0.002228882000000000,NULL,0x,0
63,0x512a27b9f9c96eac025c44b16518d464c5e419273270bc9c8f58c3687dd5df10,6009187,1532253067,0x5e3919d428064160c9c88b0e4ad2d502a08ddae6,0x5127e8d79160f4cd177f5ac5a1e860acaa59a34b,0.000398423000000000,NULL,0x,0
64,0x23ae9b9b7b42b0a73078f797525c7788bb446676b695d7161144aaddb7b5e1d1,6009236,1532253763,0x5127e8d79160f4cd177f5ac5a1e860acaa59a34b,0xc78adbc69caf4e0ff35ab9cba30353b0651a6c7a,0.000398423000000000,NULL,0x,0
65,0x5b6733337913a96f6776feeb565a8852109748f07373229b66ef004be624b0a5,6010207,1532267788,0x5127e8d79160f4cd177f5ac5a1e860acaa59a34b,0xc78adbc69caf4e0ff35ab9cba30353b0651a6c7a,0.002506882000000000,NULL,0x,0
66,0x4fc5fa1138e7def30714ea029545d526576b811d692fb74cc93c3ffdd11a7c29,6023615,1532464453,0x5127e8d79160f4cd177f5ac5a1e860acaa59a34b,0x2a0c0dbecc7e4d658f48e01e3fa353f44050c208,0.007639000000000000,NULL,0xd0e30db0,0
