,TxHash,BlockHeight,TimeStamp,From,To,Value,ContractAddress,Input,isError
0,0xdb8a0701231ff302fe7b07591c390c760ce01bc45e7be039740e9c0ddc2801fa,4507223,1510055378,0x4a3029bf08d33fd281ea3134d1892920483b60eb,0x52005b77fbebf53cfd9527a388f58d0431aaaa3e,0.250000000000000000,NULL,0x,0
1,0x3fc9c877f22407d27dce85c92b97effdabaf117cccb29b2c0408b66e722a15d5,4507225,1510055406,0x4a3029bf08d33fd281ea3134d1892920483b60eb,0x52005b77fbebf53cfd9527a388f58d0431aaaa3e,0.291354000000000000,NULL,0x,0
2,0x88124d877931aafd44870ac65c056fb3b4887671b0b13eb9fddd58cc8c3a0c57,4507868,1510064324,0xbe7a9bd4899dcd778b60b5553db8ad471131b413,0x52005b77fbebf53cfd9527a388f58d0431aaaa3e,2.000000000000000000,NULL,0x,0
3,0x6173fb51c42ab224965c4e48c50cedf9ad401087740885e9324324763eda6c6c,4508068,1510066805,0xbe7a9bd4899dcd778b60b5553db8ad471131b413,0x52005b77fbebf53cfd9527a388f58d0431aaaa3e,1.400000000000000000,NULL,0x,0
4,0x1061ed28ee399b5078ab4989cf2f67558f76cd47a12389c8af27acc29ec1cbe5,4509423,1510086140,0x3618c5ed88d3d009905b84379098d41077888f36,0x52005b77fbebf53cfd9527a388f58d0431aaaa3e,1.000000000000000000,NULL,0x,0
5,0xaaed418f06b9c0a99d8e62aa727da19c730a1878e568539cea6dcc629a22f675,4509637,1510089032,0x3618c5ed88d3d009905b84379098d41077888f36,0x52005b77fbebf53cfd9527a388f58d0431aaaa3e,2.000000000000000000,NULL,0x,0
6,0xfcbfc5def81fee36c9952b1334d7c74d1823360c0b8d6b32f08a24b4e0233f07,4512024,1510121519,0xad03e67e30608c8373d82cfa919def132a70846a,0x52005b77fbebf53cfd9527a388f58d0431aaaa3e,1.000000000000000000,NULL,0x,0
7,0xa87673c6f138c538480f318cbe63b8840e0dc0a2d45d3f5e2f1d05f741802922,4524005,1510288153,0x1bf0c7c04d8f354491c5a87ca8291658864ca830,0x52005b77fbebf53cfd9527a388f58d0431aaaa3e,0.120000000000000000,NULL,0x,0
8,0xf7241727f5439aa416d01c67fe6a04ca0216128b87e58153441458e88d272ac8,4531355,1510389722,0x08e92d07a823a96810b5f6228ec8b00c513248b9,0x52005b77fbebf53cfd9527a388f58d0431aaaa3e,11.916966244863650350,NULL,0x,0
9,0x8c8c26405f3cd9597c7a8dfb745fc571ea494697371e6307e7661b629b86aae0,4538026,1510480361,0x0d29661b8d7aa487525a8dcc7a462571fe8a11df,0x52005b77fbebf53cfd9527a388f58d0431aaaa3e,0.023922030000000000,NULL,0x,0
10,0x84ff65a7d8f844226825c68086323553678489ff8ce1d8d9209514879bc9ce9f,4544402,1510569359,0x52005b77fbebf53cfd9527a388f58d0431aaaa3e,0x86a166a87069b71305654a6c146e02a3670ba9cd,0.200000000000000000,NULL,0x,0
11,0x877493d1355066ece37ca1b9a5ab71e3ea3433f5f3ef418e7f70cebc47caf7e2,4544530,1510570992,0x52005b77fbebf53cfd9527a388f58d0431aaaa3e,0x86a166a87069b71305654a6c146e02a3670ba9cd,2.000000000000000000,NULL,0x,0
12,0x4c7fc0edb3382da094106f05f78deb60c91c30446a2768c78f3246e387f57ea5,4544669,1510573311,0x52005b77fbebf53cfd9527a388f58d0431aaaa3e,0x4c1116221236fc9e30d9f986bfafc1d7f1a9a2f2,0.150400000000000000,NULL,0x,0
13,0x939470b86f11d9987c5d9941b020950c9e0e63b9bb85934bfbc1badb4194ca09,4545200,1510580478,0x52005b77fbebf53cfd9527a388f58d0431aaaa3e,0x86a166a87069b71305654a6c146e02a3670ba9cd,0.900000000000000000,NULL,0x,0
14,0x0634f349295153baf7fcd75f4d34249f062055ec392518932144f79b9afaac5a,4545486,1510584807,0x52005b77fbebf53cfd9527a388f58d0431aaaa3e,0x86a166a87069b71305654a6c146e02a3670ba9cd,0.580402000000000000,NULL,0x,0
15,0xbaf24b56ad7cb04dd54f2f7eadb40510a78175be3b20b3950efa9e1a1d9a0f84,4545872,1510590602,0x1b127d0b03f019dab771c5c1b0a21982e6b0bffc,0x52005b77fbebf53cfd9527a388f58d0431aaaa3e,0.002000000000000000,NULL,0x,0
16,0x1fe6a5a142ade4014b02821e4f797394c955842e889b49130ff45508043fbb70,4546073,1510593104,0x2fad6f7a21e2cd6b4c62bc3247583fdd6442be30,0x52005b77fbebf53cfd9527a388f58d0431aaaa3e,0.007503900000000000,NULL,0x,0
17,0x502aa42ae037cbf554951dc19b19041a738119d922741918baf61d47f5593373,4546149,1510594252,0x8dcae38895da26db49b7204def702ab8b4ace16d,0x52005b77fbebf53cfd9527a388f58d0431aaaa3e,0.070000000000000000,NULL,0x,0
18,0x27d68aa514f49a9e23ca308513f716b877f12f955a8650992ef3525d35c77336,4548538,1510626795,0x51836a753e344257b361519e948ffcaf5fb8d521,0x52005b77fbebf53cfd9527a388f58d0431aaaa3e,0.100000000000000000,NULL,0x,0
19,0xf2439038221c11964c03e4feef1a6e2d4ed9ee1c22708f14132a13737ff3456d,4549898,1510646237,0x52005b77fbebf53cfd9527a388f58d0431aaaa3e,0x86a166a87069b71305654a6c146e02a3670ba9cd,0.878464000000000000,NULL,0x,0
20,0x71b71d391686fde9eeb0cddd92b4a5c109ee434614bb8651689b4570ecb68070,4550304,1510651839,0x52005b77fbebf53cfd9527a388f58d0431aaaa3e,0x86a166a87069b71305654a6c146e02a3670ba9cd,1.235474000000000000,NULL,0x,0
21,0xecdf3a0eee3d9f5f01fb298d1319acefd8185e56d785b5aafeff4cdebb4510fe,4550321,1510652077,0x52005b77fbebf53cfd9527a388f58d0431aaaa3e,0x86a166a87069b71305654a6c146e02a3670ba9cd,0.550206000000000000,NULL,0x,0
22,0xcad08d9d1866c8905a1e6d7cd7f0c0fa27f204164c85686299a6adf4756ab2f7,4553682,1510699366,0xed68178e29094fbc520acec8cb2bad3cd077ab81,0x52005b77fbebf53cfd9527a388f58d0431aaaa3e,0.164441800000000000,NULL,0x,0
23,0xd6577bccab75ac022a39c2a5111a730b70248a09c992c66ef4d78eda458a3571,4555506,1510724467,0x7ed1e469fcb3ee19c0366d829e291451be638e59,0x52005b77fbebf53cfd9527a388f58d0431aaaa3e,1.999160000000000000,NULL,0x,0
24,0x057c28e8ecec50006f94cddb9ce3db9fa7e336ab07f23aa18560db3c592fc2e3,4555671,1510726776,0xdb48f70b6bc511b36a4ddfe65370f50a993df566,0x52005b77fbebf53cfd9527a388f58d0431aaaa3e,1.000000000000000000,NULL,0x,0
25,0x41241206f9c094f9abcd7c3a4353a5866c79ff49f9d2b890b13e792196babbea,4556817,1510742944,0x52005b77fbebf53cfd9527a388f58d0431aaaa3e,0x6c02e594d1c50bc0a70bcd35fbdae739129800db,12.800000000000000000,NULL,0x,0
26,0xf0555010a6c7ef220703dd2d7e888892c024eca7bee1533f2d71984985989774,4561377,1510806985,0xd8b7b940aa149512eccabcabe7c681240c07d022,0x52005b77fbebf53cfd9527a388f58d0431aaaa3e,1.861932810000000000,NULL,0x,0
27,0x62f50762018226bc5d57d1d7b6b24256bd5e075b68cb527d9a16a3509a9ebf68,4568562,1510906752,0x52005b77fbebf53cfd9527a388f58d0431aaaa3e,0xfb639b922bd98a64db6c65f297cfa32a09c78eb6,0.462000000000000000,NULL,0x,0
28,0xd36777fae8fbce5bd77504d69d2345defb5cd060cbb05f0994301ca1bd96bd4c,4632616,1511799329,0xf98b3603bf4ab42d33a9d1260f894b04de9e9989,0x52005b77fbebf53cfd9527a388f58d0431aaaa3e,0.220000000000000000,NULL,0x,0
29,0x38c03ee44b642da42261424bbf71fadb11cc1c84f233f16f77356b734cfad578,4654276,1512105065,0x2ea4d19ead50691fc0b721984c14f49543b69fa9,0x52005b77fbebf53cfd9527a388f58d0431aaaa3e,4.988000000000000000,NULL,0x,0
30,0xaee0ae09455b58505c6e66b59180ac3800f5f508a9f898158fa970da3ff884a2,4680211,1512485362,0x52005b77fbebf53cfd9527a388f58d0431aaaa3e,0xe84ad7525123f50925dfd6d0fc182ad494ff6603,6.578000000000000000,NULL,0x,0
31,0x84be469ece6b4c7a26850ad7d25c3348df1fd0eb37c99a5d9a0ed0f4e1a0d52a,4682957,1512527482,0x50e88f3bd9168043fbf87e6fe405189a948cd43d,0x52005b77fbebf53cfd9527a388f58d0431aaaa3e,7.000000000000000000,NULL,0x,0
32,0x611ec0d782d437a4af8bc9a075ef4a7de0c47039bee0836e741193ccef3fa25a,4702139,1512817632,0x7a2cabbfc730ac194894f9542fc3e908c837feab,0x52005b77fbebf53cfd9527a388f58d0431aaaa3e,2.030749000000000000,NULL,0x,0
33,0x8add5257fd84f3fa42b6acdbb5d73e6b9ab72633cb701eb024257fa7f33d89e4,4702193,1512818367,0x7a2cabbfc730ac194894f9542fc3e908c837feab,0x52005b77fbebf53cfd9527a388f58d0431aaaa3e,0.007900000000000000,NULL,0x,0
34,0x0a07cc7874f60cd53883709a729a14c2d64a5f5ae235682a2b75486761714ba9,4709692,1512930512,0x52005b77fbebf53cfd9527a388f58d0431aaaa3e,0xf0ca6bc2ba1ac7a2e4c58f998e0d1eff1a64d9a1,0.094700000000000000,NULL,0x,0
35,0x6aca552e95bf90a39ff208bf1cff2592d580a0f4bd7019f2fc2ac5e8060bb293,4720541,1513092873,0x52005b77fbebf53cfd9527a388f58d0431aaaa3e,0x6c02e594d1c50bc0a70bcd35fbdae739129800db,9.000000000000000000,NULL,0x,0
36,0x0afc946262b13f15760f383d3c10d6ddac478226e4a58bd6985e739f5da74133,4788894,1514125894,0x52005b77fbebf53cfd9527a388f58d0431aaaa3e,0x4a3029bf08d33fd281ea3134d1892920483b60eb,0.100000000000000000,NULL,0x,0
37,0xb93f642b269635c63faedee7c6ed81e53283d78c89255393db184738d5647704,4800504,1514291128,0x52005b77fbebf53cfd9527a388f58d0431aaaa3e,0x4a3029bf08d33fd281ea3134d1892920483b60eb,3.906049684863650350,NULL,0x,0
38,0xb181f1d00f4ff5b66f6bcab0c2200fad49e949fa4661db5c4e36e50e8db625fb,4800584,1514292042,0x52005b77fbebf53cfd9527a388f58d0431aaaa3e,0x4a3029bf08d33fd281ea3134d1892920483b60eb,0.007900000000000000,NULL,0x,0
39,0x4a17f1a2e9c658653514a23ad8a4f1e3a051e99b738a4421897a2d76bfbdb600,4829986,1514724985,0xa654c7903ea394bc5aec9e414d72caf7f835aec2,0x52005b77fbebf53cfd9527a388f58d0431aaaa3e,0.110000000000000000,NULL,0x,0
40,0xb866ede0fddc4e79572a4052b1543d9a1c6b1b21fab87fbd4b0a628294d05955,5166058,1519744535,0x52005b77fbebf53cfd9527a388f58d0431aaaa3e,0x4a3029bf08d33fd281ea3134d1892920483b60eb,0.109139000000000000,NULL,0x,0
