,TxHash,BlockHeight,TimeStamp,From,To,Value,ContractAddress,Input,isError
0,0x79a201705603d6c924ef728707c45b79b70be23107f6cf77e5a34b8b5b707993,4267063,1505246685,0xe0ddbfab5860a507b16b3491a670bd6b505e8113,0x54de06d1a4d9b2bb63d5836ec3159393f860b121,1.223367693783164928,NULL,0x,0
1,0x93596e3bcbb9253e7f927e2225ed3c2ab1c9b74833ef5220e297c11449e6508a,4267077,1505246882,0x54de06d1a4d9b2bb63d5836ec3159393f860b121,0xe5d18c1f467a9d916f276cbadab72438d6c89a27,0.010000000000000000,NULL,0x,0
2,0x6492f181eed8d6759f6fe95c1a893f6d8d1bdabcd1a8b7cf12f175e024d9415a,4267084,1505247080,0x2f20b7a5a24f62b001ba08e42b5a8eb107e5ded3,0x54de06d1a4d9b2bb63d5836ec3159393f860b121,0.390677696000000000,NULL,0x,0
3,0xc5fafc64e66463f749bd125fa8848c9ccbb5ff53aca5c1cdf7970addb225cca6,4267102,1505247532,0x451e44d93b28a43616290ea095fc784e309fa23c,0x54de06d1a4d9b2bb63d5836ec3159393f860b121,0.180723501000000000,NULL,0x,0
4,0xb7ac09a25bd56989ab38cf84c9adf273036c9c6391a315bad7fb8718970d7701,4267235,1505250517,0x54de06d1a4d9b2bb63d5836ec3159393f860b121,0x78342b1fb84f44fede231131ad1d47eb31bc86b6,0.010000000000000000,NULL,0x,0
5,0x973694a55d840d5ceaa07850f062cb28e9e08e10217c4573a14b3b45adc1322f,4268133,1505272796,0x8bd7614a464361bff3541e64901510f25a57aa78,0x54de06d1a4d9b2bb63d5836ec3159393f860b121,4.194558979000000000,NULL,0x,0
6,0x750ea4899c858f3694ab1c29aa3337b0eb7cd99c6c8802fbf31a334129b767a6,4268158,1505273320,0xeb4b88dfe5ad6a61ec1d182274a0e5dae7969b0f,0x54de06d1a4d9b2bb63d5836ec3159393f860b121,0.497237476000000000,NULL,0x,0
7,0xd6dd050b6c0b7cd5db1ac0bca337c7cf335001c203f76bc9cc9d321a67ed0f56,4268163,1505273405,0x5b115327251db0d00ea0c58f4b23b6132855bacc,0x54de06d1a4d9b2bb63d5836ec3159393f860b121,3.000532894000000000,NULL,0x,0
8,0x4b1b6d5e9ad39316d11ce037398236a1d94e2ad3c74e2b43413bc677ca88fc43,4268181,1505273829,0xe0ddbfab5860a507b16b3491a670bd6b505e8113,0x54de06d1a4d9b2bb63d5836ec3159393f860b121,1.000526574227785870,NULL,0x,0
9,0x7ccb0a72e90669e7b527aab2a8bf01ca5b4aaf06afce9cf94bee819de2f4d1c7,4268182,1505273839,0x81e266a618a09b16e947c1f873665346ca6212ae,0x54de06d1a4d9b2bb63d5836ec3159393f860b121,3.624255296429000448,NULL,0x,0
10,0x403102e1f446c10cc7f61e289d87a3a7d884427ad459ebd45b3335de7977e1f2,4268183,1505273869,0xd34fa753ff2338244ea84d301f51c6a0f4fe4853,0x54de06d1a4d9b2bb63d5836ec3159393f860b121,0.999558979000000000,NULL,0x,0
11,0xa0819679db13ac2a3792e7cebc0088e79288cab969fb1471e6f1c6dc6d8bb88e,4268190,1505274034,0xe59ba84692335682a90e0b778f5c1d50f27fc849,0x54de06d1a4d9b2bb63d5836ec3159393f860b121,0.103221159000000000,NULL,0x,0
12,0xd625b45720092af884b20183428552c783d80f99d18ac5e67a9daffef27192ec,4268191,1505274040,0x7cf8cc363f00be8c21c7b4ed38a256133fc0ab1a,0x54de06d1a4d9b2bb63d5836ec3159393f860b121,0.098997732000000000,NULL,0x,0
13,0xa1c16ade84ae26d44fd3b36596866c9dcce8d843338c46872e84268507237563,4268194,1505274097,0xc84d3a3c3849e8d4cb79fe8cab3a98af1bddfb68,0x54de06d1a4d9b2bb63d5836ec3159393f860b121,0.098350571000000000,NULL,0x,0
14,0x9eaff7e79a7ef0ff1d9ee7615b42661efd38ef9da4d1ad07b3ec2071e2f26017,4268194,1505274097,0x2274ac1ae1c699aa8308ac2495aedc69cb912d15,0x54de06d1a4d9b2bb63d5836ec3159393f860b121,0.085926379000000000,NULL,0x,0
15,0x66f2a79d13d0e65bb4074e5efe53c060d882485a791009da29d5e861f955c8b2,4268195,1505274125,0x428a925a3fef738b409514a1aa88f38b37aa1521,0x54de06d1a4d9b2bb63d5836ec3159393f860b121,0.048613411365504496,NULL,0x,0
16,0xcad4595309fec88697c31af32fca26ead01a744e652e0901eedda6d250f88370,4268215,1505274571,0x54de06d1a4d9b2bb63d5836ec3159393f860b121,0xb295f54ada59a2d41033cb019d10314e49b1ab69,3.000000000000000000,NULL,0x,0
17,0x71add44ead7ed812681767b0899423878759312c5b3e9aa1fd851af809eee9d4,4268224,1505274859,0x54de06d1a4d9b2bb63d5836ec3159393f860b121,0xde114e45e8b91df782666855b006d7277e23ddeb,7.000000000000000000,NULL,0x,0
18,0x0320fb582be85adb11f1cc7dec2320a49d1cc0b0ee46a68c4d6a02d88485339c,4268228,1505274975,0x93c81bb578157526d4e013a856cc06d15e15a9e9,0x54de06d1a4d9b2bb63d5836ec3159393f860b121,6.023889724952673520,NULL,0x,0
19,0x6f078c4d6930b7d8509e116651176c81ef88ef91b8600c73e155db8e6eea0bc8,4268236,1505275182,0x54de06d1a4d9b2bb63d5836ec3159393f860b121,0x79fba8752486c512bfeea3adc902bdd2a6aa8a63,8.000000000000000000,NULL,0x,0
20,0x774e77e8b43a6ebb57286003d865ee641efbe31071dd3ee4526f86ca8548156e,4268300,1505276784,0xb6533cdf77ac2616458a20cfc1bb184ac028bdfa,0x54de06d1a4d9b2bb63d5836ec3159393f860b121,16.479785908000000000,NULL,0x,0
21,0x4c3d3149e298a7517701132e15be94c21faf904560ca05d02da37939df0a58b4,4268320,1505277243,0x54de06d1a4d9b2bb63d5836ec3159393f860b121,0x5e2e7880d2710de6ca68da0ecb3f4cde016cb714,9.000000000000000000,NULL,0x,0
22,0x187cec765a82e020eaf70e29c25df92355747a30017b858fd0b1a01f465cb00c,4268483,1505281189,0x51f434123ae38873c2eb6427a480cbc31d863284,0x54de06d1a4d9b2bb63d5836ec3159393f860b121,3.676255298615867600,NULL,0x,0
23,0xc578df5aa85c65ed2ec17e81ed0ff4ff297f9aa65be2dabf9803b1c20528a585,4268486,1505281263,0xd34fa753ff2338244ea84d301f51c6a0f4fe4853,0x54de06d1a4d9b2bb63d5836ec3159393f860b121,0.942069281000000000,NULL,0x,0
24,0xa1fc60a12eeac39c23d155f2668cffb2c8d846b195bb09521b55fd786f41e3f6,4268518,1505282097,0x5fc978211ccdaced614949018eee92d16e25a8b0,0x54de06d1a4d9b2bb63d5836ec3159393f860b121,3.918282977000000000,NULL,0x,0
25,0x17d51bc8feb76052ddc1665bdf9e6e323e245a2d76348d715760aef67a2eeefd,4268534,1505282504,0x54de06d1a4d9b2bb63d5836ec3159393f860b121,0x8a416b70c6beced3679ac48f14fef4158359b4b1,9.000000000000000000,NULL,0x,0
26,0x9f94158fce8562e4798b5eefb93bf305f6ed83b4043b5f2ce4a9dda46251ccac,4268538,1505282598,0x54de06d1a4d9b2bb63d5836ec3159393f860b121,0xb295f54ada59a2d41033cb019d10314e49b1ab69,7.000000000000000000,NULL,0x,0
27,0x970e548426f6dd520a8d61977e07778538ded06631505eca5eefc99ce3ffffc6,4268973,1505293250,0x6d4dbc504bf72894a3e01020e3d620d226d2bc3d,0x54de06d1a4d9b2bb63d5836ec3159393f860b121,2.041034927000000000,NULL,0x,0
28,0xc84999e3c646526dfd90d397d2e6067dd9608e9dd562a8cf62d2095ee67c746a,4269511,1505306099,0x6a6daf4b865c47dcad850a9d75433b09c42203be,0x54de06d1a4d9b2bb63d5836ec3159393f860b121,1.999558979000000010,NULL,0x,0
29,0xbd411ea89fe3c9b18c7455cbc4ed202e0bfcab5d9aa3e55b014441407c5c5b0b,4269638,1505309270,0x4c837e539dc28a5a4b6653a3318ad745b9a68915,0x54de06d1a4d9b2bb63d5836ec3159393f860b121,0.599360006000000000,NULL,0x,0
30,0x099f0a84f4a58ef4e66762490586b3024e81ad9ea225ef667ac8f2d945e7d457,4269643,1505309363,0x6ede3a9f7a32ede4ba6a80af58378df8754449be,0x54de06d1a4d9b2bb63d5836ec3159393f860b121,0.058989844000000000,NULL,0x,0
31,0x816fbdb528d33e0935cf5b5587b3f9cb824e9efa74fd226d39202fb6cd9006e9,4280945,1505581202,0x428a925a3fef738b409514a1aa88f38b37aa1521,0x54de06d1a4d9b2bb63d5836ec3159393f860b121,0.158416250206930009,NULL,0x,0
32,0xf1906cc3dd6132dfb10fc364393aed3eb36d6ca7f4c1448ef489ca2bb8e1906a,4297045,1505966522,0x93c81bb578157526d4e013a856cc06d15e15a9e9,0x54de06d1a4d9b2bb63d5836ec3159393f860b121,0.999554907865429741,NULL,0x,0
33,0x06a649478f5d0486fa85a8c56839116a8e0c611b777cb4eb685781bd2f066d8f,4319115,1506604703,0x54de06d1a4d9b2bb63d5836ec3159393f860b121,0x451e44d93b28a43616290ea095fc784e309fa23c,0.005000000000000000,NULL,0x,0
34,0xee49499255ccb2dd980a0e4029f52749c3d715ed0986dd3b433ae05f3a6f893b,4319122,1506604924,0x451e44d93b28a43616290ea095fc784e309fa23c,0x54de06d1a4d9b2bb63d5836ec3159393f860b121,0.004478051000000000,NULL,0x,0
35,0x28b1146f8c0f6070ad23daf9df3c734811f23428f0d219498541454989401b28,4325506,1506800026,0xeb4b88dfe5ad6a61ec1d182274a0e5dae7969b0f,0x54de06d1a4d9b2bb63d5836ec3159393f860b121,0.091281046110576000,NULL,0x,0
36,0xdc20c45490034141e03471be70e3d235d57d1765280a7978880658c7849b0b65,4346147,1507420389,0xeb4b88dfe5ad6a61ec1d182274a0e5dae7969b0f,0x54de06d1a4d9b2bb63d5836ec3159393f860b121,0.005517000000000000,NULL,0x,0
37,0x3b8074894f97db221e2a020e60ac2d91f9c84a88330331f80773f169656146ae,4794110,1514199757,0x54de06d1a4d9b2bb63d5836ec3159393f860b121,0xdc7004624799ad5dcef6a157420363a2105efe30,9.400000000000000000,NULL,0x,0
38,0x8ecd8752d5b583e97a5f02769eee3477d72a4c9a670e3e4e64bd937e2d47fe59,4806710,1514380830,0x54de06d1a4d9b2bb63d5836ec3159393f860b121,0xb97048628db6b661d4c2aa833e95dbe1a905b280,0E-18,NULL,0xa9059cbb000000000000000000000000733fed96da9c5c29bfe28e7bd4fbf35d003b0212000000000000000000000000000000000000000000000084c86dd0772e0ab000,0
39,0x9c4a1f3fee40709aa4274a18c99a91852ccf64e29566ded79e5eb9370679766b,4806715,1514380877,0x54de06d1a4d9b2bb63d5836ec3159393f860b121,0x08f5a9235b08173b7569f83645d2c7fb55e8ccd8,0E-18,NULL,0xa9059cbb000000000000000000000000733fed96da9c5c29bfe28e7bd4fbf35d003b0212000000000000000000000000000000000000000000000000000001efd2c84499,0
40,0x596aacf2865771b2615b6c4e0379af30d79907788aec879ed2a1071ffe9783b5,4806717,1514380888,0x54de06d1a4d9b2bb63d5836ec3159393f860b121,0x8f3470a7388c05ee4e7af3d01d8c722b0ff52374,0E-18,NULL,0xa9059cbb000000000000000000000000733fed96da9c5c29bfe28e7bd4fbf35d003b021200000000000000000000000000000000000000000000000053444835ec580000,0
41,0x223b2905180a409d58fdb27d22aa5625d56879faf296a7f6659bcbacf0cc827e,4806723,1514380968,0x54de06d1a4d9b2bb63d5836ec3159393f860b121,0xe41d2489571d322189246dafa5ebde1f4699f498,0E-18,NULL,0xa9059cbb0000000000000000000000006e482558efa44c99a4e39f7b50a42a08ce3419d1000000000000000000000000000000000000000000000018d9c7f0f72b5b1800,0
42,0x8d08e3563d182aea106febffdf5b7bfda725f7e5fdb856a73a8aa16fe34f6bf2,4806728,1514381035,0x54de06d1a4d9b2bb63d5836ec3159393f860b121,0x41e5560054824ea6b0732e656e3ad64e20e94e45,0E-18,NULL,0xa9059cbb0000000000000000000000006e482558efa44c99a4e39f7b50a42a08ce3419d1000000000000000000000000000000000000000000000000000000869264b6d0,0
43,0x6713e405eb013670e0f43df4be9ce52107395c405cc208534f16617f37c48544,4806752,1514381345,0x54de06d1a4d9b2bb63d5836ec3159393f860b121,0xa74476443119a942de498590fe1f2454d7d4ac0d,0E-18,NULL,0xa9059cbb0000000000000000000000006e482558efa44c99a4e39f7b50a42a08ce3419d1000000000000000000000000000000000000000000000013321a335883360914,0
44,0x57c9dc3cacf1ee1c57a0801fb9bc927c7b537fa065a6751faa19582c9696e276,4806753,1514381358,0x54de06d1a4d9b2bb63d5836ec3159393f860b121,0x93e682107d1e9defb0b5ee701c71707a4b2e46bc,0E-18,NULL,0xa9059cbb0000000000000000000000006e482558efa44c99a4e39f7b50a42a08ce3419d1000000000000000000000000000000000000000000000000000001026b0cb03d,0
45,0x002acea143cb0d3d04e8d298ce8f36c26afa89ae444458753d510e981411e194,4806753,1514381358,0x54de06d1a4d9b2bb63d5836ec3159393f860b121,0x0d8775f648430679a709e98d2b0cb6250d2887ef,0E-18,NULL,0xa9059cbb0000000000000000000000006e482558efa44c99a4e39f7b50a42a08ce3419d10000000000000000000000000000000000000000000000688d50f57ce2548800,0
46,0x763acaf88b4753f9dd7db72bc1b58e964059c25c48c9d4a897b1f9bab1718dc8,4806768,1514381667,0x54de06d1a4d9b2bb63d5836ec3159393f860b121,0xcbcc0f036ed4788f63fc0fee32873d6a7487b908,0E-18,NULL,0xa9059cbb0000000000000000000000006e482558efa44c99a4e39f7b50a42a08ce3419d100000000000000000000000000000000000000000000000000000013232638a7,0
47,0x85662d9383ad168e628da95f0a771e50cef50ed494c87501e38e73f0fd83754d,4806769,1514381683,0x54de06d1a4d9b2bb63d5836ec3159393f860b121,0xe3818504c1b32bf1557b16c238b2e01fd3149c17,0E-18,NULL,0xa9059cbb0000000000000000000000006e482558efa44c99a4e39f7b50a42a08ce3419d10000000000000000000000000000000000000000000000068f365aea1e440000,0
48,0x026996021c3f5177eef0c08035e627c4c77a0d2709868be79c12660291e8445d,4806773,1514381744,0x54de06d1a4d9b2bb63d5836ec3159393f860b121,0x519475b31653e46d20cd09f9fdcf3b12bdacb4f5,0E-18,NULL,0xa9059cbb0000000000000000000000006e482558efa44c99a4e39f7b50a42a08ce3419d100000000000000000000000000000000000000000000000a513351a5f13c8918,0
49,0x9f236f8d8831d1fbbd68dd3ffb261e5a6587b54fd96e1e56ae8c66ad8d7e1c27,4806776,1514381787,0x54de06d1a4d9b2bb63d5836ec3159393f860b121,0xab95e915c123fded5bdfb6325e35ef5515f1ea69,0E-18,NULL,0xa9059cbb0000000000000000000000006e482558efa44c99a4e39f7b50a42a08ce3419d10000000000000000000000000000000000000000000000250fae3fba6e015086,0
50,0xad36995632d413db87e1a8140da15b4b57632564fff94510c5fc9bc4d75e3ae6,4806779,1514381847,0x54de06d1a4d9b2bb63d5836ec3159393f860b121,0x0abdace70d3790235af448c88547603b945604ea,0E-18,NULL,0xa9059cbb0000000000000000000000006e482558efa44c99a4e39f7b50a42a08ce3419d100000000000000000000000000000000000000000000002ff1e129d6d99ad800,0
51,0x6870f12c66a873a02f604d84549725d2e5daf48c5aad0e3964575c96d0ae222a,4806780,1514381865,0x54de06d1a4d9b2bb63d5836ec3159393f860b121,0x701c244b988a513c945973defa05de933b23fe1d,0E-18,NULL,0xa9059cbb0000000000000000000000006e482558efa44c99a4e39f7b50a42a08ce3419d100000000000000000000000000000000000000000000000718e8bed9c5388400,0
52,0x6f46701a996db98a2a004971f4efaf6ffe7e9bc2f1570cf2167ea07d61636a4c,4806793,1514382081,0x54de06d1a4d9b2bb63d5836ec3159393f860b121,0x6e482558efa44c99a4e39f7b50a42a08ce3419d1,0.050000000000000000,NULL,0x,0
53,0x91326faeeb70475ad7b03c9e2a3f59d53d86ea16407f40d7c7b1bf112f7328e0,4806796,1514382110,0x54de06d1a4d9b2bb63d5836ec3159393f860b121,0x733fed96da9c5c29bfe28e7bd4fbf35d003b0212,0.061054314556932622,NULL,0x,0
