,TxHash,BlockHeight,TimeStamp,From,To,Value,ContractAddress,Input,isError
0,0x3e1cdedae6ec9bc736c2a1fee7f72a20ac70aa1d690c231041cf135c4924d155,5846334,1529848470,0x564286362092d8e7936f0549571a803b203aaced,0x568b265374f86e0c03b8aec655ea18d9da0e80ff,0.844489480000000000,NULL,0x,0
1,0x8131a0bbbbec2d0c1a573c403d189603c551cfabb005cf39ef945b174ec0e757,5846334,1529848470,0xd551234ae421e3bcba99a0da6d736074f22192ff,0x568b265374f86e0c03b8aec655ea18d9da0e80ff,0.490000000000000000,NULL,0x,0
2,0x941e1fd16c68de9ffd4022577a37a00b59489b00d9e5c33c7632dea39e9ce918,5848920,1529886093,0x568b265374f86e0c03b8aec655ea18d9da0e80ff,0xfe61ee85f0d354f7cd1a8576dfbd04b5cbcaefeb,1.330000000000000000,NULL,0x,0
3,0x8aae3c7fc52f4cc96aceba188666cf97ef3f1cb5de826b0ec695424e1d2434d7,5876156,1530294636,0x4294670478f95ad001ca03f53cc30c2a33cd6abd,0x568b265374f86e0c03b8aec655ea18d9da0e80ff,0.500000000000000000,NULL,0x,0
4,0xabaee567c09fe7f4736e3401509814a1933ee7318690c3cc573867656bc4d5a5,5888835,1530482133,0x568b265374f86e0c03b8aec655ea18d9da0e80ff,0x03eb5cf66fb9b7dd316e7dbc7a141f84c85ae47b,0.500000000000000000,NULL,0x,0
