,TxHash,BlockHeight,TimeStamp,From,To,Value,ContractAddress,Input,isError
0,0x75b7b222f80ad59d38eb4e466eb328184f3a8873e1751c7d5346c3bc56a0d8f7,4994241,1517235445,0xa37fb65269ad1cc6da5bbd1828fb16e14c2aa6e0,0x570ac27d1048dcba1a4c58fe80109b9cf9b0e2ef,2.560000000000000000,NULL,0x,0
1,0x6bc72202259c666f94f1c72c1dfd97a2d9a7e49253314258b8a54252efd6fcca,4994288,1517236130,0x570ac27d1048dcba1a4c58fe80109b9cf9b0e2ef,0xb89dd647788c54a03ba290a6320ba53566afb57d,2.558320000000000000,NULL,0x,0
2,0xbc9425446bb2485cca5c62073b0c3e3be8a5c4fbfd0b68b739ba559775a84208,5011391,1517486368,0x6e7a24dbd4a739f77101e7ec18663946b2353054,0x570ac27d1048dcba1a4c58fe80109b9cf9b0e2ef,0.300000000000000000,NULL,0x,0
3,0x4b31126d12fa6bff6bed54ecf08bc9538ba05ccde693b2c193fc2c9508be8807,5011406,1517486578,0x5bc17b4949b1ed860398818bce91d43ac1ce5871,0x570ac27d1048dcba1a4c58fe80109b9cf9b0e2ef,0.200000000000000000,NULL,0x,0
4,0x90c913ad0041cf5d04afa19b2a7b4e3bcce49c40f6d4e66c87ab5e42f07c6004,5011436,1517487057,0xa1376415369fd03afdc1ff3c7db2ae153ba82607,0x570ac27d1048dcba1a4c58fe80109b9cf9b0e2ef,0.200000000000000000,NULL,0x,0
5,0xff4e10b2d78624ccddba7e1245641bad32bd137093e49e6dc8b4697b1e466781,5011484,1517487793,0xaf7f7e90553ec7e9fa39e6318f281edda127d870,0x570ac27d1048dcba1a4c58fe80109b9cf9b0e2ef,0.400000000000000000,NULL,0x,0
6,0xf382799c9f38475bfd649d931616dc4f45c2d1c730a0a5694ef2943b29035a36,5011484,1517487793,0xf3825fbe83ca739dfb5ac80e405279c78e4e8eab,0x570ac27d1048dcba1a4c58fe80109b9cf9b0e2ef,0.200000000000000000,NULL,0x,0
7,0x5666138595421cd6ec65a7d8b88bbc398d6b2761a94c7887c30c2c7df75f7594,5011490,1517487896,0x570ac27d1048dcba1a4c58fe80109b9cf9b0e2ef,0xef10a5d898c21aa95865b447be6491380859a307,0.299160000000000000,NULL,0x,0
8,0x0f9c261638bfe5c47a834d69f3b500bdc819efd0c46e3b3c19f8017d12601281,5011492,1517487904,0x570ac27d1048dcba1a4c58fe80109b9cf9b0e2ef,0x87ad3f8573e96308eaef597dde8d9dcfb19202d2,0.198740000000000000,NULL,0x,0
9,0xb0b52674222a50057cfc3461053b77e88896f26e82ce85baf9bead71057f16ce,5011493,1517487916,0x570ac27d1048dcba1a4c58fe80109b9cf9b0e2ef,0x87ad3f8573e96308eaef597dde8d9dcfb19202d2,0.198740000000000000,NULL,0x,0
10,0xcd08c48ac4fe17e65832c603c7b357dc74fb0a0be81dc2a19639d6a2db158845,5011534,1517488503,0x570ac27d1048dcba1a4c58fe80109b9cf9b0e2ef,0xb8cf411b956b3f9013c1d0ac8c909b086218207c,0.398740000000000000,NULL,0x,0
11,0x7d4ac6a9711cfe94c36bda177c348d46904c996249fec91fc7971199ce58a068,5011541,1517488578,0x570ac27d1048dcba1a4c58fe80109b9cf9b0e2ef,0xb8cf411b956b3f9013c1d0ac8c909b086218207c,0.198740000000000000,NULL,0x,0
12,0x62363bbd3f0ece36c8780bd46aa804be9c0dc2e03d7ce8be763990f965050f90,5011544,1517488622,0xcbc13b84bc7b1ede935976a8f2670a20330d3c22,0x570ac27d1048dcba1a4c58fe80109b9cf9b0e2ef,0.126485133000000000,NULL,0x,0
13,0x79d2b82d1ed8cec24b4c9d847e649e98b3f7f8bf9a15277ac23f1d87c66378e7,5011570,1517489083,0x570ac27d1048dcba1a4c58fe80109b9cf9b0e2ef,0xb8cf411b956b3f9013c1d0ac8c909b086218207c,0.124385133000000000,NULL,0x,0
14,0x333d3747f1d7e12476b2759cf337efda11c4e4489bae3f01b3511ba26a12c08b,5011574,1517489126,0x83a56ab7ca9966ff5780def7d89d86f800328d0f,0x570ac27d1048dcba1a4c58fe80109b9cf9b0e2ef,0.200000000000000000,NULL,0x,0
15,0x9f74dab8c017e26c393a11930d5987d76de20c134c4b186a5b479a5d8f6e7619,5011592,1517489424,0xffe591b45999a3fd365cb5455e2796684c1a2645,0x570ac27d1048dcba1a4c58fe80109b9cf9b0e2ef,0.391244117000000000,NULL,0x,0
16,0x9b9bc01ce2f4e5727c5da19eeede693275b9c9c2a373c3f0e98ab72cbe3f1bab,5011598,1517489534,0xf3825fbe83ca739dfb5ac80e405279c78e4e8eab,0x570ac27d1048dcba1a4c58fe80109b9cf9b0e2ef,1.476759325000000000,NULL,0x,0
17,0x7a01e33bf7402160ff53849390d1a15e3c1d4b2ac73088e140e19cda517e43be,5011605,1517489660,0x570ac27d1048dcba1a4c58fe80109b9cf9b0e2ef,0xef10a5d898c21aa95865b447be6491380859a307,0.197900000000000000,NULL,0x,0
18,0x9e3bf58a9630e2aaa9693365a328f72a1a91a3af2cc8c0425c0aed4fe5ece545,5011607,1517489669,0x570ac27d1048dcba1a4c58fe80109b9cf9b0e2ef,0xef10a5d898c21aa95865b447be6491380859a307,0.389144117000000000,NULL,0x,0
19,0x7ab6a7214a1c8e81dce931d67da7a007d06ca5bfb52e37300687871946012b19,5011641,1517490331,0x570ac27d1048dcba1a4c58fe80109b9cf9b0e2ef,0x87ad3f8573e96308eaef597dde8d9dcfb19202d2,1.475793325000000000,NULL,0x,0
20,0x88c6d1009fc38852c3095f1af16e5d9823581213d041decb9eeaf5f9b7f034c3,5011675,1517490841,0x564286362092d8e7936f0549571a803b203aaced,0x570ac27d1048dcba1a4c58fe80109b9cf9b0e2ef,0.245000000000000000,NULL,0x,0
21,0x34bbf82490c52a04b6c43feebe4a605864aa15bbace5f2d4bfc00171eea1bc3e,5011708,1517491444,0x570ac27d1048dcba1a4c58fe80109b9cf9b0e2ef,0xb89dd647788c54a03ba290a6320ba53566afb57d,0.244076000000000000,NULL,0x,0
22,0x7325b8a0c75e8d07aa869d684129d0ccc3279559c7b2b26bb235fabacc53946f,5011795,1517492692,0xd9302be38140d0f2e499d267bf3dd73756a78a35,0x570ac27d1048dcba1a4c58fe80109b9cf9b0e2ef,1.000000000000000000,NULL,0x,0
23,0xc5948097ba82fc382dd58902a8e5c375e95aee2af34d13fde221f5d3e6c79375,5011795,1517492692,0x25423c7686f2f09ab028ed5c06280e9c1650ae14,0x570ac27d1048dcba1a4c58fe80109b9cf9b0e2ef,0.200000000000000000,NULL,0x,0
24,0xb0cf184493b6b47573f72ff5125b575c7384b34895e3e61b603d10fa8fb13e72,5011813,1517492948,0xffe591b45999a3fd365cb5455e2796684c1a2645,0x570ac27d1048dcba1a4c58fe80109b9cf9b0e2ef,0.196178000000000000,NULL,0x,0
25,0xcd84e42ff551a45d58dc74535430da55508e1441f580160155e01c552dcd2474,5011840,1517493312,0x570ac27d1048dcba1a4c58fe80109b9cf9b0e2ef,0xb8cf411b956b3f9013c1d0ac8c909b086218207c,0.999139000000000000,NULL,0x,0
26,0xb977a8b667f7e13ed3424c15a337e4480a69bee026029d8d34a4f9cbed22c744,5011843,1517493355,0x570ac27d1048dcba1a4c58fe80109b9cf9b0e2ef,0xb8cf411b956b3f9013c1d0ac8c909b086218207c,0.199139000000000000,NULL,0x,0
27,0x808ced906e9585963222225282edc5b8c12579d2cae2b8c005963afa440cbb54,5011845,1517493390,0x570ac27d1048dcba1a4c58fe80109b9cf9b0e2ef,0xb89dd647788c54a03ba290a6320ba53566afb57d,0.195317000000000000,NULL,0x,0
28,0x4f998fcf682cdf7587b10b4f7a317a08617ef23d9097504528854af7e43abd5c,5012016,1517496213,0xc153578ec699100931e312069feb732cd4193bbe,0x570ac27d1048dcba1a4c58fe80109b9cf9b0e2ef,0.280000000000000000,NULL,0x,0
29,0x7c3c770fedcc4839556db2a44b6f234287838ef8a0134e707e883399a1ad4c79,5012048,1517496722,0x104925b9fcf22e80e48212a8e6c2a1541e389489,0x570ac27d1048dcba1a4c58fe80109b9cf9b0e2ef,0.170000000000000000,NULL,0x,0
30,0xde238d4df62f7d1a420bff1b09a7b32bde61ade137d3db0bcf3e9ff99ac4c0ef,5012060,1517496879,0x570ac27d1048dcba1a4c58fe80109b9cf9b0e2ef,0x6aa36553f97d5965566697bafcfda5d69a5bc6d7,0.279076000000000000,NULL,0x,0
31,0xf23a02528a0d70cbc7ae6d71f2e7adc39c4b9daae8c351c003c5a064268eb870,5012067,1517497076,0x3f5ce5fbfe3e9af3971dd833d26ba9b5c936f0be,0x570ac27d1048dcba1a4c58fe80109b9cf9b0e2ef,0.834000000000000000,NULL,0x,0
32,0x34ba81accd07b2d2b52d1c69ba77d960d730f2bb2931ff327c003796ab254401,5012090,1517497479,0x570ac27d1048dcba1a4c58fe80109b9cf9b0e2ef,0x6aa36553f97d5965566697bafcfda5d69a5bc6d7,0.169076000000000000,NULL,0x,0
33,0x7c7f7d6d5007c587d5796d54deb85005a484029e795480900058b6f5e5c61c52,5012094,1517497543,0x570ac27d1048dcba1a4c58fe80109b9cf9b0e2ef,0x87ad3f8573e96308eaef597dde8d9dcfb19202d2,0.833076000000000000,NULL,0x,0
34,0xc955dc682f04286d9184461d96e6b454463db417ad47698f24a435d5cf6e1757,5012514,1517504238,0x93d1cae950728efeadbafe21d6963f0db93ba96e,0x570ac27d1048dcba1a4c58fe80109b9cf9b0e2ef,0.200000000000000000,NULL,0x,0
35,0xc04076690dbc6ae248f9e4e9ca322e38913411233136702c5eb97c85b8a291a4,5012584,1517505416,0x570ac27d1048dcba1a4c58fe80109b9cf9b0e2ef,0x87ad3f8573e96308eaef597dde8d9dcfb19202d2,0.199076000000000000,NULL,0x,0
36,0xc04b98dd352b4a594b7165a94c5268303f74ee84e5c281318c777f71eb15ed2d,5012628,1517506030,0xd529232ba4737cdde297485d38857fc5551b90e7,0x570ac27d1048dcba1a4c58fe80109b9cf9b0e2ef,8.000000000000000000,NULL,0x,0
37,0xc8bb3a1524e378534c8e112861ceb4dca596de91c777b96bd78e67fe157f162e,5012661,1517506489,0x570ac27d1048dcba1a4c58fe80109b9cf9b0e2ef,0x87ad3f8573e96308eaef597dde8d9dcfb19202d2,7.998866000000000000,NULL,0x,0
38,0x50f201cb8034f086b0e60614f601cdbd7168a23efa81b5eb21d74f77e3912cc7,5012851,1517509209,0xbc2d185a13d4e9362d32b32a8b04eb3b81002fdd,0x570ac27d1048dcba1a4c58fe80109b9cf9b0e2ef,0.200000000000000000,NULL,0x,0
39,0x0efa7d2a4ac371d8093b70ed3a82a0aacf10530df061f3bb134d64220ba6e391,5012868,1517509449,0x570ac27d1048dcba1a4c58fe80109b9cf9b0e2ef,0x87ad3f8573e96308eaef597dde8d9dcfb19202d2,0.198950000000000000,NULL,0x,0
40,0x74376be90ba0088378c5f324797d82dbeff935b268b85393ced63f351446270e,5012957,1517510656,0x3df804aeea02a29b2ef65d16aeebd0c7f71e1d1f,0x570ac27d1048dcba1a4c58fe80109b9cf9b0e2ef,0.200000000000000000,NULL,0x,0
41,0x81920fa1fcd8d7332ea3741a4668101b9264d8d4022cdeba86d5b5d651131822,5012958,1517510674,0x17988a41c0a377d0edd93d2f3d597c5532ee6cdc,0x570ac27d1048dcba1a4c58fe80109b9cf9b0e2ef,0.150000000000000000,NULL,0x,0
42,0x8016d63e4c31674e74bbfb88dd88dd43d8d8db23434f6002c685625fc555f89c,5013000,1517511270,0x570ac27d1048dcba1a4c58fe80109b9cf9b0e2ef,0x87ad3f8573e96308eaef597dde8d9dcfb19202d2,0.199034000000000000,NULL,0x,0
43,0x581baab9d08a8575f9fcbf8a7cce274f93e714733d881d8a642ccf001029b41a,5013000,1517511270,0x570ac27d1048dcba1a4c58fe80109b9cf9b0e2ef,0x87ad3f8573e96308eaef597dde8d9dcfb19202d2,0.149034000000000000,NULL,0x,0
44,0x3f7b7bf7ad655c9fc0c1845bc7e433810ce2fde6ff11bebe22fc1e58e162342f,5018814,1517597900,0x00fc8119696236509878ed42246dc4c03360c61f,0x570ac27d1048dcba1a4c58fe80109b9cf9b0e2ef,0.500000000000000000,NULL,0x,0
45,0xd8c0481627fe239159f9f086090f029b310247f1b38036fc843c04c4eafcbc49,5018838,1517598253,0x570ac27d1048dcba1a4c58fe80109b9cf9b0e2ef,0xaa28552dedd0223d0ff59eaa389c2547f34081a0,0.499160000000000000,NULL,0x,0
46,0x0c95f2c01c7870e0c10bed1cb762b12150bb44452b9b761c000cc54dc8af12bc,5048266,1518024381,0xa5bcef45d6be1422496d10867af209339e695fbc,0x570ac27d1048dcba1a4c58fe80109b9cf9b0e2ef,0.423673940000000000,NULL,0x,0
47,0x3508e352899da306f0a5d52680ffa6b7674bb544d68e81307153ed4e070ae3c6,5048298,1518024845,0x570ac27d1048dcba1a4c58fe80109b9cf9b0e2ef,0x6aa36553f97d5965566697bafcfda5d69a5bc6d7,0.422833940000000000,NULL,0x,0
48,0x658de9662a417a34b7b535bffdd6438f480d9c4e97b7abee02cf349cb363bd6c,5057769,1518161165,0x51c51ce8f7fcd8cfc6c21ad70e9922bc241d8068,0x570ac27d1048dcba1a4c58fe80109b9cf9b0e2ef,5.000000000000000000,NULL,0x,0
49,0x5ad8773b870057de128268417563f3d7339dfe935bae7c38f3b4e8ff3f52318e,5057806,1518161651,0x570ac27d1048dcba1a4c58fe80109b9cf9b0e2ef,0x6aa36553f97d5965566697bafcfda5d69a5bc6d7,4.999160000000000000,NULL,0x,0
50,0x3923aa3884cde35a6ffe132e99be42d9d1da76baa5822cf4b72cdfaf73029c09,5058012,1518164629,0x51c51ce8f7fcd8cfc6c21ad70e9922bc241d8068,0x570ac27d1048dcba1a4c58fe80109b9cf9b0e2ef,6.000000000000000000,NULL,0x,0
51,0xacf66bb182c47488c2b21cb11ea33e7ddfdb1c08bdff030b8e6cd076e9206ffd,5058049,1518165250,0x570ac27d1048dcba1a4c58fe80109b9cf9b0e2ef,0xef10a5d898c21aa95865b447be6491380859a307,5.999160000000000000,NULL,0x,0
52,0x32051ace015153c1cbaa2190aac08cf69655dc14b58b3634285e8a401d092a7f,5063031,1518238769,0xb343dc8ea2a3d8435c3f7f1e2cb1d5a72ba2c896,0x570ac27d1048dcba1a4c58fe80109b9cf9b0e2ef,0.020000000000000000,NULL,0x,0
53,0x10744e2d4e0f5800d54bb3bb178371f365fc7118d077033686fea11264a27b38,5063051,1518239104,0x570ac27d1048dcba1a4c58fe80109b9cf9b0e2ef,0xb7cabd1e6598209ec21a5a7ad72cc76b4ce4fc85,0.019160000000000000,NULL,0x,0
54,0xcd2a00a81e18bf64d5c199e67b86e4604527dc535fb5b78a3213fb588f35313f,5064215,1518255981,0x51c51ce8f7fcd8cfc6c21ad70e9922bc241d8068,0x570ac27d1048dcba1a4c58fe80109b9cf9b0e2ef,2.200000000000000000,NULL,0x,0
55,0x58363237ebe2c478511515ff2c72f9213cd3c58ccbc6a46d5930c9ac5cdeb55f,5064247,1518256505,0x570ac27d1048dcba1a4c58fe80109b9cf9b0e2ef,0x87ad3f8573e96308eaef597dde8d9dcfb19202d2,2.199160000000000000,NULL,0x,0
56,0x3d1acf378ff180eb1b14219c1cd67f6d1ed980c5c5ab1d5d388b066b60f6ced4,5070674,1518348870,0x84cf2cf4144bcec47256aea84853d388de4f56e6,0x570ac27d1048dcba1a4c58fe80109b9cf9b0e2ef,0.499000000000000000,NULL,0x,0
57,0x017b33911c9e2a6cdeeb3b7988a77ae54ba68d4240ae10085a944356560fd63d,5070713,1518349567,0x570ac27d1048dcba1a4c58fe80109b9cf9b0e2ef,0x7ae17a0f6f8f02b5b6e76b327db15f91306194e6,0.498160000000000000,NULL,0x,0
58,0x4bb1bef90a5c9c19df03c23fb35f47e65109197b96866c977a9484dd86994e31,5091962,1518659378,0x9515622505cf2a642a8fecbe3b451fede0e74913,0x570ac27d1048dcba1a4c58fe80109b9cf9b0e2ef,1.000000000000000000,NULL,0x,0
59,0xcab6e5e8cdef4423e8bc29e5597f858b5f8f65886a39c22b060e640fe0735a66,5091986,1518659611,0x570ac27d1048dcba1a4c58fe80109b9cf9b0e2ef,0xb89dd647788c54a03ba290a6320ba53566afb57d,0.999160000000000000,NULL,0x,0
60,0x4f8b017af110f854a5b29e7ce00fe1bbfc042efb2e990661fdd8cb77254ab8fb,5094039,1518688744,0x390de26d772d2e2005c6d1d24afc902bae37a4bb,0x570ac27d1048dcba1a4c58fe80109b9cf9b0e2ef,1.064947900000000000,NULL,0x,0
61,0xcac742af54366890a74795b77c8e458b9f78121e10b98458ab4bf5b5e18f8422,5094095,1518689646,0x570ac27d1048dcba1a4c58fe80109b9cf9b0e2ef,0xb7cabd1e6598209ec21a5a7ad72cc76b4ce4fc85,1.064107900000000000,NULL,0x,0
62,0x1a10e671043bbbd1343e3a68f0822c5139762f5e98beca76cd04294e9fffc5a6,5128906,1519196736,0x3a409eff50a47aeef294e3f0bb3874490dd99abc,0x570ac27d1048dcba1a4c58fe80109b9cf9b0e2ef,1.000000000000000000,NULL,0x,0
63,0x6fbffb9a4fc8984210bd27ac09fdf8faa5ad02fd92c913404c98628ad1da35f6,5128965,1519197661,0x570ac27d1048dcba1a4c58fe80109b9cf9b0e2ef,0x7ae17a0f6f8f02b5b6e76b327db15f91306194e6,0.999160000000000000,NULL,0x,0
64,0x9678a9e3caf406a588560f2b080a19b9fb2147b608c125c681e5309699271e58,5129217,1519201834,0x0f5662bebf0315b659e8b9ceeae92ea628aceae6,0x570ac27d1048dcba1a4c58fe80109b9cf9b0e2ef,1.000000000000000000,NULL,0x,0
65,0x0d3b3f74754f214a799b7ff2e1b238ac773b360c79f83a2967351261e6ee550e,5129263,1519202569,0x570ac27d1048dcba1a4c58fe80109b9cf9b0e2ef,0xb89dd647788c54a03ba290a6320ba53566afb57d,0.999160000000000000,NULL,0x,0
66,0xae1d8e1b9c12cfe7e19eea521d27829649f21185a12fe528091634e06df350af,5129298,1519203145,0x0f5662bebf0315b659e8b9ceeae92ea628aceae6,0x570ac27d1048dcba1a4c58fe80109b9cf9b0e2ef,3.000000000000000000,NULL,0x,0
67,0x4afb9319bfd14023930ba03cb10ce991fa0a3ce1427eb5888d441637548b1e6a,5129334,1519203743,0x570ac27d1048dcba1a4c58fe80109b9cf9b0e2ef,0x6aa36553f97d5965566697bafcfda5d69a5bc6d7,2.999160000000000000,NULL,0x,0
