,TxHash,BlockHeight,TimeStamp,From,To,Value,ContractAddress,Input,isError
0,0xecd6e83fb190609243f5932f59131456fca8f22c99e06c65f4f76435d3617edf,4006228,1499751082,0x06932bc0460810a9360b6a55b45b22723a00b79f,0x5ab35e76fad0e983d3f241efef7272b127aaa617,1.000000000000000000,NULL,0x,0
1,0x58271f150eacb1220178299678e5e90d20ca62671d18f4b16cca6f7cf37a3443,4006235,1499751243,0x06932bc0460810a9360b6a55b45b22723a00b79f,0x5ab35e76fad0e983d3f241efef7272b127aaa617,547.000000000000000000,NULL,0x,0
2,0xa0aeab6113d9bc584dbd5363968be37578294724a467b91df10efc850c3994f5,4006241,1499751365,0x5ab35e76fad0e983d3f241efef7272b127aaa617,0x07fec6dab0afc4f838356847a6e73917cfd98b21,1.000000000000000000,NULL,0x,0
3,0x4ea600c3f74a5ecc7c71274df8a9a9c6e4e04f515d8ab6fcc2a24cb3a48ed365,4006426,1499754595,0x5ab35e76fad0e983d3f241efef7272b127aaa617,0xae09c4737538e60f44ff09fbe3121b6231c3e702,26.000000000000000000,NULL,0x,0
4,0x47c6d7b04fc3871cb26c4e6bd8802ed825294b753031d7cbfa03cfa65886843b,4007905,1499783027,0x5ab35e76fad0e983d3f241efef7272b127aaa617,0x29cdd80f1bfaf2c31c9c91124dc3b657d542f282,20.900000000000000000,NULL,0x,0
5,0x9253f0c032f9e4ef2c1e47d894e783966e61dc26076e25001eb13c9d95a10eaf,4014215,1499903416,0x5ab35e76fad0e983d3f241efef7272b127aaa617,0x469e08716a08590fc906132fba5efb09ebc5d972,20.000000000000000000,NULL,0x,0
6,0x1b70af0dad28aa2cbbcb7870cd3f7d650fc22566df197211c15c6b600b2ff915,4186023,1503322213,0x29d7d1dd5b6f9c864d9db560d72a247c178ae86b,0x5ab35e76fad0e983d3f241efef7272b127aaa617,373.000000000000000000,NULL,0x,0
7,0x2a846aeec134aa90feaf3d201f5ce960854c88ffe160f0b4cfe0cbd1bb5a4336,4361458,1507877216,0x5ab35e76fad0e983d3f241efef7272b127aaa617,0x3f086e239bde4179040d165205483445da2e7651,30.000000000000000000,NULL,0x,0
8,0x0a4b8c0ed4e48a0c6a11bb7e082d3d54e8512dadea877f40dac1e751316e05f0,4361510,1507878736,0x5ab35e76fad0e983d3f241efef7272b127aaa617,0x879c2f05c7987ae349e82d0f576038ddb32520c2,30.000000000000000000,NULL,0x,0
9,0x17e1904a4ebd763ca825f373580e4a8fb5a84d73cbe706580cfafd52dddf0d98,4361650,1507882870,0x5ab35e76fad0e983d3f241efef7272b127aaa617,0x9e244bd30cc71403af3629c75d1c176da79bf62d,30.000000000000000000,NULL,0x,0
10,0x959bdeeb1c917407d2c639a121cbf913feb8bf5585e118a6ee3140cfa5622220,4361671,1507883494,0x5ab35e76fad0e983d3f241efef7272b127aaa617,0x9c572433a3bc05cde3b2a5f463bb1533fe4a7d0e,31.000000000000000000,NULL,0x,0
11,0xe1038a63e70f560a69558269d5b0bab58146e49ddc0921114e9033dc0fa9687c,4361701,1507884261,0x5ab35e76fad0e983d3f241efef7272b127aaa617,0x1d8e0e3429470a78322eea5c413f3dcd977f1595,30.000000000000000000,NULL,0x,0
12,0xe4e24f127f7b6081e195a284d5bd463b7a3701f06adbabba7c7ea4e7d4927466,4368751,1508094099,0x5ab35e76fad0e983d3f241efef7272b127aaa617,0x1e7af7b850f7f24174448fdc8628402f54a951ba,30.000000000000000000,NULL,0x,0
13,0xbe9ab929bddf4e86ef6042fb28934f0f5f23903670ea6ec8ff144577298c96a3,4368761,1508094345,0x5ab35e76fad0e983d3f241efef7272b127aaa617,0x324a6d946366bf4d5f7bf2a1e3a86b3104291371,30.000000000000000000,NULL,0x,0
14,0x6eaade85ec9f482abf63e06437a33d42c59b9246576440836f746c8460e98038,4368776,1508094726,0x5ab35e76fad0e983d3f241efef7272b127aaa617,0x254abfa7655d70baf0ecdef8748cb5aeb96505c3,30.000000000000000000,NULL,0x,0
15,0x564f45943912197b0b03960ff913eecadc20ce1c3e1fbf0ad83defbe04c4b0e6,4368818,1508096283,0x5ab35e76fad0e983d3f241efef7272b127aaa617,0xebcc1dad40c2f7ea669c69cd3643f0c4bbdce88f,30.000000000000000000,NULL,0x,0
16,0xbc79ba42bb223123062518490f670f66fbd32118e8f08eae538522876a19b9f7,4368876,1508098004,0x5ab35e76fad0e983d3f241efef7272b127aaa617,0x9bfb97cd9fe2b757f6b4b53aa8bd892b7697dece,30.000000000000000000,NULL,0x,0
17,0x3052db59a097bc06ea14ab4356ae1748ded86deee8398f592a387ee0cf99181f,4368903,1508098960,0x5ab35e76fad0e983d3f241efef7272b127aaa617,0xa216a5bea91123832c2fdeafbb0d799e0bec3f8c,30.000000000000000000,NULL,0x,0
18,0x863f9901774206556e92800dbbc2093ea798b9873504a30a61220fb3d1ccd0a4,4368919,1508099510,0x5ab35e76fad0e983d3f241efef7272b127aaa617,0x47d9dbab0d7982067a82d00cf98aaeb1a8f8efc4,22.000000000000000000,NULL,0x,0
