,TxHash,BlockHeight,TimeStamp,From,To,Value,ContractAddress,Input,isError
0,0xef52520a0818dac401c25af7dc9ee79820bcc42e2e373f4eddbc3edaa144d886,5230730,1520692198,0x6731515d3f9a0f9fbd15e5bb9165bd91b6950a56,0x5bf2df6ebcf90665d513c761ce5e516d99ae748a,0.200000000000000000,NULL,0x,0
1,0xbc67045ffa9ece089a614ef3edc368d2775b0c7cfcb6645e4ad7021413cf568f,5230737,1520692300,0x6731515d3f9a0f9fbd15e5bb9165bd91b6950a56,0x5bf2df6ebcf90665d513c761ce5e516d99ae748a,8.000000000000000000,NULL,0x,0
2,0x8a32e2e7010961f1ef4cf71fa9d9474c0cedabda6935569257161b016338f808,5230769,1520692642,0x6731515d3f9a0f9fbd15e5bb9165bd91b6950a56,0x5bf2df6ebcf90665d513c761ce5e516d99ae748a,2.757752080000000000,NULL,0x,0
3,0x797dd94e123d0ccf6758780eea758253dbcaa7666d921a8e71da8762dfe1b965,5238167,1520800917,0x74841c7925c472e40f61afd6cc8ef66f901f6ab4,0x5bf2df6ebcf90665d513c761ce5e516d99ae748a,3.000000000000000000,NULL,0x,0
4,0xd18692216f4563e30204982db93a8f7f1f3f505c8eec15266d6f334c219c9a77,5260260,1521127323,0xd551234ae421e3bcba99a0da6d736074f22192ff,0x5bf2df6ebcf90665d513c761ce5e516d99ae748a,0.090000000000000000,NULL,0x,0
5,0x47e4aec077246fcf3778b2c335ee0d0eb267aa8d496b233aec8caa447567d596,5260295,1521127911,0xb5e5c8d02751a1d752e8151a81ecb85c9405de9d,0x5bf2df6ebcf90665d513c761ce5e516d99ae748a,0.100000000000000000,NULL,0x,0
6,0xbc19703ee380e55447c5fd730f5153bd9f21cbab0d8ec162c4eea7ffcd0c3922,5260369,1521129181,0x5bf2df6ebcf90665d513c761ce5e516d99ae748a,0x76753e395ee37b4a5a7aff12ca085dda087eba57,14.146891080000000000,NULL,0x,0
