,TxHash,BlockHeight,TimeStamp,From,To,Value,ContractAddress,Input,isError
0,0x2c4cbc791830ed44895fbe21fd48cc6d9c3d76e8752be7c3e3e3a0a5fce13cb9,4265905,1505218776,0x3258b9f3c11511d913169b248328bbb46e256eea,0x5d3f32f4b2e99fb79d2f6a1cbf3aa7390f8fc751,0.035625980000000000,NULL,0x,0
1,0x968151a99f7aa7b74baf9ecb4511073ae7f16e22067e787a7a76cab0f0a942d6,4265935,1505219475,0xed043d9f616c6acf32fb3afc1fa4c31228ef5b85,0x5d3f32f4b2e99fb79d2f6a1cbf3aa7390f8fc751,1.650000000000000000,NULL,0x,0
2,0x1b9034e387451a724961e0cee22552e69629d4b863211d50a73482ae33ab0833,4265943,1505219717,0xa99c8f31a017ec5908b291a9a61aa245c900cdd6,0x5d3f32f4b2e99fb79d2f6a1cbf3aa7390f8fc751,0.010000000000000000,NULL,0x,0
3,0xf0621b1c9f7f4ac20745b0e7a7cf75ed8fbfa26f9597ff341f7ac69446747815,4265953,1505219894,0x771767c3869a7eded5a8dd63ed2891f2167c8a05,0x5d3f32f4b2e99fb79d2f6a1cbf3aa7390f8fc751,1.610310000000000000,NULL,0x,0
4,0x153ea58118a853ca1f8b272c76c4ae5c56bda180d4b6d1e76a4958ea442113c7,4265954,1505219962,0x9df3f2d4dbd0d77389a7ce168c30c1e2fccbec24,0x5d3f32f4b2e99fb79d2f6a1cbf3aa7390f8fc751,0.009000000000000000,NULL,0x,0
5,0x50bbfb9f1b5f882a50ed2d512717333c2caf49896064bebe43e7c0ffaadeb689,4265960,1505220029,0x33a08ad2838111a1a4a2b5956c8aa130f268a0b5,0x5d3f32f4b2e99fb79d2f6a1cbf3aa7390f8fc751,2.044000000000000000,NULL,0x,0
6,0x5acb24dbb5d739f574213414a8e189fe515c63d8a86716c864074d4ec5050d55,4265979,1505220374,0x0ef1ac920673d72a93c84ba247f5b6965d11b1a4,0x5d3f32f4b2e99fb79d2f6a1cbf3aa7390f8fc751,2.010000000000000000,NULL,0x,0
7,0x01bff1fb4b7c26d9582a723d9e1363d1cbc3bb4a2ea85b96112b8c635cacf4fc,4265990,1505220600,0xe7ab723f6bc38d35cccfd137bf965dfcea692984,0x5d3f32f4b2e99fb79d2f6a1cbf3aa7390f8fc751,5.000000000000000000,NULL,0x,0
8,0x1d4eeb64b06efcc7bd15f18a67c76d62025c2c7a0c82e136ae10c33d4eda72ec,4265996,1505220783,0xdfa5e125c97dbc815adb90174b1f7216e8fd0fe5,0x5d3f32f4b2e99fb79d2f6a1cbf3aa7390f8fc751,1.500000000000000000,NULL,0x,0
9,0xd177236187a66ccf5ee0e9787923103fdb0e04795a8c3b1cfb5c79fc9a187f55,4265998,1505220802,0x7af0f80cd0d9a506a464a1f7810ae651c12444a9,0x5d3f32f4b2e99fb79d2f6a1cbf3aa7390f8fc751,3.000000000000000000,NULL,0x,0
10,0xe7a6e04d46426cb9afa26f17d0a3e8dad2d8c2439cf439c7686016f01880be24,4266010,1505221116,0xc0031f4cebc5b36f8f7dc16b7afff959996482a4,0x5d3f32f4b2e99fb79d2f6a1cbf3aa7390f8fc751,6.176714276000000000,NULL,0x,0
11,0x8f8ee6fd80265914fe9251877737acde8917062f25767ad358f435ec380d8c28,4266011,1505221131,0x73061b024bd156be1c44df957f9792623eade439,0x5d3f32f4b2e99fb79d2f6a1cbf3aa7390f8fc751,14.600000000000000000,NULL,0x,0
12,0x05f873c199e563972845c4ba4dfd3ca0bf6a44472aea5ef999ac59316371c7d5,4266022,1505221350,0xf3ff0e90175f7a619deffbdc833e96081962e84f,0x5d3f32f4b2e99fb79d2f6a1cbf3aa7390f8fc751,2.000000000000000000,NULL,0x,0
13,0x2af80f436bd70908809b911e4ccf38ed89ac97561c69fba6bbeab82f4dca74b9,4266022,1505221350,0x1a10e1d164b4a4c4afcfb6fcf891fec6800473fa,0x5d3f32f4b2e99fb79d2f6a1cbf3aa7390f8fc751,0.310000000000000000,NULL,0x,0
14,0x32299225b892f9f13ab9ad7e1eae28621dca8f7fa07af1fbaf3bba3e38a30b5e,4266023,1505221356,0x877cf7ea51a6846434b55919c5456c420d2afc2a,0x5d3f32f4b2e99fb79d2f6a1cbf3aa7390f8fc751,3.990000000000000000,NULL,0x,0
15,0xb7a4075713f85cabb12a243a597379761d4e112bc8392e8933a8e4da6a842078,4266029,1505221436,0xb33841ab8e4fc931a294256066286270a77632cb,0x5d3f32f4b2e99fb79d2f6a1cbf3aa7390f8fc751,0.500000000000000000,NULL,0x,0
16,0xa66986821b9b501e4ccc0f68822c2640522a23df2093fbbc8d3886a474db77fe,4266032,1505221494,0x266b63a3a09b3deba575a3b09c4c10b0286965e7,0x5d3f32f4b2e99fb79d2f6a1cbf3aa7390f8fc751,0.989559000000000000,NULL,0x,0
17,0xe551d96240b7f29fcc48be678b7b23b049952aa4ff23da16eba6b1bfbe99af9c,4266047,1505221936,0x78765c3c302b07109c58a29be3cf698d1f3f74c8,0x5d3f32f4b2e99fb79d2f6a1cbf3aa7390f8fc751,3.000000000000000000,NULL,0x,0
18,0x95b5a848e67a6123e46ff311518c8ba80c2d17d4e5e1ed9a12ed9860a761fc61,4266049,1505221985,0x1f81da5cc554766d3626dae05bdc6515522bb00f,0x5d3f32f4b2e99fb79d2f6a1cbf3aa7390f8fc751,3.459902344000000000,NULL,0x,0
19,0x712b227bee9638fa16911e94352a44bd4e2852cdf005a0443422a1c2d798fb62,4266051,1505222052,0x32be343b94f860124dc4fee278fdcbd38c102d88,0x5d3f32f4b2e99fb79d2f6a1cbf3aa7390f8fc751,0.095000000000000000,NULL,0x,0
20,0x5d342841b818139250a3495569cc05e00bdd80b8547795b6f108048bed44d4c2,4266058,1505222259,0x4807080d33ad28c4cbc908f4d4b841c9a1863e44,0x5d3f32f4b2e99fb79d2f6a1cbf3aa7390f8fc751,2.000000000000000000,NULL,0x,0
21,0x7c44a3c60c07b43aa1a16a7514aae7eb2e484da40ca2230f9347781d4ce462ec,4266071,1505222490,0xc7d19f2727f1cb71f610cd2efa6fa96d7df53838,0x5d3f32f4b2e99fb79d2f6a1cbf3aa7390f8fc751,1.990000000000000000,NULL,0x,0
22,0xb4cea9e48a5c1426cc0b7722abdb15f87a33cd1f7ffbc73f8cd22eefe80bee44,4266071,1505222490,0x76fe3db1d26349402f7499fd612a56ee6c021de1,0x5d3f32f4b2e99fb79d2f6a1cbf3aa7390f8fc751,0.220000000000000000,NULL,0x,0
23,0xc1208079912a32b3ad3cf013cbae4f171adaea47ff85ae65f19a572063832422,4266071,1505222490,0x1c168cee6fef050385ba42d1ca1e0680f97389d4,0x5d3f32f4b2e99fb79d2f6a1cbf3aa7390f8fc751,0.299559000000000000,NULL,0x,0
24,0xf8343cf38bb4c008ee98b22840f5246fd68f3e908b539f0b4ec14029612ba0c2,4266071,1505222490,0x3127e7964f91f8f32ada55b926e929ca6cd09d46,0x5d3f32f4b2e99fb79d2f6a1cbf3aa7390f8fc751,3.000000000000000000,NULL,0x,0
25,0x9aad29af9c299b0260a6ca20e9a8d5f01097699876e64dbb57bc94d375279d8d,4266097,1505223153,0xc551fe7e7aa97daa8c2d532636b9fba0d23c68c4,0x5d3f32f4b2e99fb79d2f6a1cbf3aa7390f8fc751,1.500000000000000000,NULL,0x,0
26,0x62f93c8ffc9e376952ecf3c970d208feb8b8f34caa83953dc31e92fb7354feef,4266104,1505223318,0xf5bec430576ff1b82e44ddb5a1c93f6f9d0884f3,0x5d3f32f4b2e99fb79d2f6a1cbf3aa7390f8fc751,0.995000000000000000,NULL,0x,0
27,0xb3fe719bf3292b980c2430c36e26b71e58038bb79d4910c1c77ba3d0e2f66b63,4266106,1505223386,0xcc59922092313d9e73fa3c47d0cedeabb6fe19ac,0x5d3f32f4b2e99fb79d2f6a1cbf3aa7390f8fc751,1.400000000000000000,NULL,0x,0
28,0xfafe62cfd230b727c70ddd79e54a0d1de5661fbe41361f5d68e4366b211638e4,4266122,1505223805,0xa08460ae6eacc44731f26f1554bc0ec17dd68405,0x5d3f32f4b2e99fb79d2f6a1cbf3aa7390f8fc751,0.050000000000000000,NULL,0x,0
29,0xb09195d9de03d04ecb77cf2df2de9a6b2047853df2fa3b178941ee4dd8cd9196,4266123,1505223858,0xe0a3c040705927ec568f1196774a4f1f1b501093,0x5d3f32f4b2e99fb79d2f6a1cbf3aa7390f8fc751,5.000000000000000000,NULL,0x,0
30,0x25f56007f9f65d5313073fcedb98c5a56a6eb28abff58aa5f15f9c2a0c5a0f40,4266131,1505223992,0xa144cda01f4d76abeaa9ba81369ff708907271fe,0x5d3f32f4b2e99fb79d2f6a1cbf3aa7390f8fc751,2.321000000000000000,NULL,0x,0
31,0xc8e36b75472b92e8da40731b8b6311960f5c21e5be5baa5ab6d235d8a25f900c,4266164,1505224817,0xc6c5c351f14745e91900509dcf573491930de57d,0x5d3f32f4b2e99fb79d2f6a1cbf3aa7390f8fc751,0.048000000000000000,NULL,0x,0
32,0x4727e2075b63551aba14e8355e9f796468e6f36e13bfb33d0492f6ab62b79ea5,4266299,1505228173,0x2bf508e6db73471db6bdb2fa96673475f623a18e,0x5d3f32f4b2e99fb79d2f6a1cbf3aa7390f8fc751,0.090000000000000000,NULL,0x,0
33,0xa94e58fbd132f651e532e29dd9086b5838f10c3fe150bff057aeb4a23da71827,4266420,1505231275,0xa5f125cc751cfd626a6a99e0fa5eed767aa3159b,0x5d3f32f4b2e99fb79d2f6a1cbf3aa7390f8fc751,0.050000000000000000,NULL,0x,0
34,0x067979acf8af36adbf77e439a9c507e5b53083b5914b9f3fb3f84d473a7f9312,4266433,1505231548,0x52b0e9155a8019e7a6f5a3c0eeef6f3146b87256,0x5d3f32f4b2e99fb79d2f6a1cbf3aa7390f8fc751,12.683000000000000000,NULL,0x,0
35,0x0b274006438dda1eea58442ac8dee4766409911385652a9f954da7e268f8258f,4266437,1505231649,0x15c98fd3834eddd577d6ff919c3602bc8ea60114,0x5d3f32f4b2e99fb79d2f6a1cbf3aa7390f8fc751,0.070000000000000000,NULL,0x,0
36,0x30d6a085ce0da4abeedda2a3e74865f5b34db3ec1c5cfa840c5d988964081920,4266445,1505231831,0x71eead5717f923203eec3c5b23447fb288e05819,0x5d3f32f4b2e99fb79d2f6a1cbf3aa7390f8fc751,11.400000000000000000,NULL,0x,0
37,0xbef0a9ae63c282c99de4f4aad5c1077f5ec3cae2557498db2cca24f5e3fb9964,4266455,1505231999,0xf5d5b41a3bacb35c331148c61801a0400cf4908e,0x5d3f32f4b2e99fb79d2f6a1cbf3aa7390f8fc751,1.300000000000000000,NULL,0x,0
38,0x7326e2982311a9d0ea03c629ef261a6a9c627b97b44c424c21d5e7e6c691459c,4266462,1505232389,0x674bbd9bd86564687339dfb428588e93cd6eafe6,0x5d3f32f4b2e99fb79d2f6a1cbf3aa7390f8fc751,0.050000000000000000,NULL,0x674bbd9bd86564687339dfb428588e93cd6eafe6,0
39,0x2b07bfa359817b808fb036ea128f2f3e58a0a91bea54c550c88735e37af1cd54,4266504,1505233425,0x767c016e1a9e6060927eddc2faae77a4922f1429,0x5d3f32f4b2e99fb79d2f6a1cbf3aa7390f8fc751,1.038397403000000000,NULL,0x,0
40,0xef429bf5a419e433db09faeecd356322bcce8f8866bab42ef4a31908e5a7e537,4266540,1505234405,0xfbb1b73c4f0bda4f67dca266ce6ef42f520fbb98,0x5d3f32f4b2e99fb79d2f6a1cbf3aa7390f8fc751,0.045000000000000000,NULL,0x,0
41,0x02f5b1bb9f35649c665938d157247d660e07237745acebaa8a1ff5e96bf9694e,4266568,1505235038,0x12f12324d645291a56b428949c3330eb7b45cc0f,0x5d3f32f4b2e99fb79d2f6a1cbf3aa7390f8fc751,0.744559000000000000,NULL,0x,0
42,0x88c5ae7f7f6fadc88a9e8bac38c627380ca5e78c6f25aab627de0c4c8ecbdc42,4266573,1505235155,0x267be1c1d684f78cb4f6a176c4911b741e4ffdc0,0x5d3f32f4b2e99fb79d2f6a1cbf3aa7390f8fc751,2.887000000000000000,NULL,0x,0
43,0x9ed504cccaeb864f299e91baf5ff1ba430cd6bdbbe6435d2489ecdef0e2b3e3a,4266660,1505237345,0x3a9271e16a18efec5cdc96775884f40d12ff845e,0x5d3f32f4b2e99fb79d2f6a1cbf3aa7390f8fc751,2.600000000000000000,NULL,0x,0
44,0x4359cc21583f2a1579a90baf263d6a61b006ed116276026e2332c6342f7f9d7b,4266692,1505238169,0xb7f025c996e027b93205eb3c6402a82665c4b1f6,0x5d3f32f4b2e99fb79d2f6a1cbf3aa7390f8fc751,2.009559000000000000,NULL,0x,0
45,0x5cd836f996e087570ae6b2d6950ba9f93973507008a9461adf05006e618eb4a0,4266740,1505239307,0xf67c1555b264edaa3fa934569c5d9deeec19ddd8,0x5d3f32f4b2e99fb79d2f6a1cbf3aa7390f8fc751,2.000000000000000000,NULL,0x,0
46,0x7868518e909ab5b28bf7121ca30e6304541421dd42b34f05dc8bbbd7ba482103,4266789,1505240487,0xf19446b004436393ce840a48287fe2b85824f64f,0x5d3f32f4b2e99fb79d2f6a1cbf3aa7390f8fc751,0.080000000000000000,NULL,0x,0
47,0x7d779395901c0ab88354c60d65a29332ee4be0447c0aa6785fcd9102bb480fde,4266799,1505240765,0xc734d8d26a3ae1ca436de155c55f06f11bf4a962,0x5d3f32f4b2e99fb79d2f6a1cbf3aa7390f8fc751,1.000000000000000000,NULL,0x,0
48,0x2ba7e95ea6a13b377a365ae182b378e427fe24667ac3c1c3702dff58b0a9ef58,4266820,1505241330,0x267be1c1d684f78cb4f6a176c4911b741e4ffdc0,0x5d3f32f4b2e99fb79d2f6a1cbf3aa7390f8fc751,0.795000000000000000,NULL,0x,0
49,0x001babe5042d32723fb7651a91a1fc9332113d9136da0042a0b5ab8825e1925a,4266827,1505241494,0x557db85b997cd96f6fdbe12cd4ddeb56914c35b1,0x5d3f32f4b2e99fb79d2f6a1cbf3aa7390f8fc751,1.128000000000000000,NULL,0x,0
50,0x39826241e2b028f1ab2425cf2b3281accf79c7842ebd39757bf0912828037e6f,4266848,1505241896,0x47cb69881e03213d1ec6e80fcd375bd167336621,0x5d3f32f4b2e99fb79d2f6a1cbf3aa7390f8fc751,0.150000000000000000,NULL,0x,0
51,0x8ae38c3b0a1f9c1d9917986ced1b2cba9cb3e4681201dbd2c83fd746af515f1f,4266889,1505242850,0x8ed50df89ff50b20d3d984c6c2c48a6176e7a4c0,0x5d3f32f4b2e99fb79d2f6a1cbf3aa7390f8fc751,7.060000000000000000,NULL,0x,0
52,0xb12f40ab93bf2f0eccab93ab8be91a5ff44c2daaae3635d5b72a426481052d97,4266898,1505243052,0xbf5cf601a6256bb9c8b3e4cac13b8a12dfc92175,0x5d3f32f4b2e99fb79d2f6a1cbf3aa7390f8fc751,15.200000000000000000,NULL,0x,0
53,0xb8c4adc24c67524d5372a93066c1523fdebcf0331374595d8ed2a3e9ada17d79,4266928,1505243633,0x847f64e30c0f2eba98943dc6e07bb5fbe0107b73,0x5d3f32f4b2e99fb79d2f6a1cbf3aa7390f8fc751,0.250000000000000000,NULL,0x,0
54,0xb8b034cab7b285d4510062712127faeae16b63a900cf82ae250ec4aec930f74c,4267326,1505252730,0x2bf508e6db73471db6bdb2fa96673475f623a18e,0x5d3f32f4b2e99fb79d2f6a1cbf3aa7390f8fc751,0.100000000000000000,NULL,0x,0
55,0x2e926fe851441250c119c1d549b9fa6af487e7dc2c3d5b921fb0fc0f2b16c76c,4267471,1505256239,0x2bf508e6db73471db6bdb2fa96673475f623a18e,0x5d3f32f4b2e99fb79d2f6a1cbf3aa7390f8fc751,0.156000000000000000,NULL,0x,0
56,0xfaff01492081f175e347ac774769ae4097730bc02188e751a3804c8f3a452dd2,4283167,1505633662,0xe7ab723f6bc38d35cccfd137bf965dfcea692984,0x5d3f32f4b2e99fb79d2f6a1cbf3aa7390f8fc751,0E-18,NULL,0x67697665206d65206d792065746865722c206d75746865726675636b6572210d0a636861646738382e657468,0
57,0x444f776f4fc6ddaac496676a3a6a40d7e2893d25f23df14c6af13ce1d73f63e6,4313082,1506423907,0x5d3f32f4b2e99fb79d2f6a1cbf3aa7390f8fc751,0x2c10286f3594503ce3a31be156df7b3efd8f8e32,133.690000000000000000,NULL,0x,0
58,0xb1163cc2582df5b8b3705050d26bac1d6c6aa1e50ca667eeaca132faa11e915a,5658145,1527002569,0x5d3f32f4b2e99fb79d2f6a1cbf3aa7390f8fc751,0x0cf0ee63788a0849fe5297f3407f701e122cc023,0E-18,NULL,0xa9059cbb0000000000000000000000003cbd2e6143f057bd49ffb4c7058217a5900c35d3000000000000000000000000000000000000000000000000c46b68f412d61e64,0
59,0x9e72b678fb683887930fd4096d806406e4cd9a992fc564ab127ac147939aa0d3,5658164,1527002806,0x5d3f32f4b2e99fb79d2f6a1cbf3aa7390f8fc751,0x3cbd2e6143f057bd49ffb4c7058217a5900c35d3,0.009265898000000000,NULL,0x,0
