,TxHash,BlockHeight,TimeStamp,From,To,Value,ContractAddress,Input,isError
0,0xfa16eb1f2a0d81de5065b2b2231e421a52fdc593fcf200075dd15850119631b0,5737235,1528213885,0x48013ad3ce35658a1a946943bd52467009693292,0x5dc8ed6cfe7df7c66744ff4f68c53e6f482875e8,1.092804121488035962,NULL,0x,0
1,0xdab40dd5102da91426420aa6f6fdded64116c3a8ed3f4385bb26654f0e21ce9b,5737257,1528214231,0x3c3b60a4afe47ea11a3088b8fef6cefbd2e760ac,0x5dc8ed6cfe7df7c66744ff4f68c53e6f482875e8,1.330000000000000000,NULL,0x,0
2,0x2fce5f352a1a907fade8631368330d9e42dfd5a5fcbdae11631c4b105f5543a8,5737305,1528214926,0x3c3b60a4afe47ea11a3088b8fef6cefbd2e760ac,0x5dc8ed6cfe7df7c66744ff4f68c53e6f482875e8,0.016498813661601960,NULL,0x,0
3,0xa13636222d2e4850e5c492c465a969c1ceb6fcf50748257bd90bdc32c9f06165,5737355,1528215711,0x5dc8ed6cfe7df7c66744ff4f68c53e6f482875e8,0x7da381b91508807c42998d7c29496d04649222b7,0.010000000000000000,NULL,0x,0
4,0x917c208b0a956d6ea758166098c6c9b0e777d76f711e7c8420dadecda0fa4f9a,5737368,1528215967,0x7da381b91508807c42998d7c29496d04649222b7,0x5dc8ed6cfe7df7c66744ff4f68c53e6f482875e8,0.009017128000000000,NULL,0x,0
5,0x8d7a8755260e3a025fefc2f1e4c0054b9033005d6844e8293e45860707a5a76b,5737374,1528216063,0x5dc8ed6cfe7df7c66744ff4f68c53e6f482875e8,0x26105b4a2f06aceaffe310c95f5886a0d3d86ca3,0.010000000000000000,NULL,0x,0
6,0x548a9837381c05b05c8de3a38b2545db138c06f844966044370cbefd09f07ae5,5737400,1528216519,0x26105b4a2f06aceaffe310c95f5886a0d3d86ca3,0x5dc8ed6cfe7df7c66744ff4f68c53e6f482875e8,0.008997459000000000,NULL,0x,0
7,0xbfa52f7992efcfbc7753144b3c92f08402cc49bfaae7e4d56c7877c906b0cdc4,5737428,1528217007,0x5dc8ed6cfe7df7c66744ff4f68c53e6f482875e8,0x90834c3044914fc437cec1822f3a6d902b7089c6,0.020000000000000000,NULL,0x,0
8,0x5ecc3eca6b003b53e4bc864bb9216740d6bbb1141f3bc5e7847a51bd4625687e,5737529,1528218601,0x90834c3044914fc437cec1822f3a6d902b7089c6,0x5dc8ed6cfe7df7c66744ff4f68c53e6f482875e8,0.011450141000000000,NULL,0x,0
9,0xe5c01aa2870ffae70dce0ebcd92162940d5b16a5e02616bb4d2abd2f0bbeb1b9,5737616,1528219977,0x3a6377cced01d84224a0835b7846dd5362ea7f51,0x5dc8ed6cfe7df7c66744ff4f68c53e6f482875e8,0.027960191000000000,NULL,0x,0
10,0xeff41b801c6e4f24fc47797c45075441c51a267b571659f86771f95b9f6384f6,5737634,1528220195,0x599dbc0ecfa98fbd2b720210141c2ee2068e428d,0x5dc8ed6cfe7df7c66744ff4f68c53e6f482875e8,0.061889041999726711,NULL,0x,0
11,0x9ddf43890db2e58359110fa1601592580198a1cb14b08c73222dae77037fc587,5737646,1528220388,0x5dc8ed6cfe7df7c66744ff4f68c53e6f482875e8,0x483cb605825c8af714ec80cad05548f008b43f54,0.010000000000000000,NULL,0x,0
12,0x6b9e2ff2144e90eae80dd8257b8e6b7967e787f92d5a64c8fbc8d362363be12e,5737663,1528220609,0x483cb605825c8af714ec80cad05548f008b43f54,0x5dc8ed6cfe7df7c66744ff4f68c53e6f482875e8,0.007537800000000000,NULL,0x,0
13,0x41416486fbc41801d418417ac0da33f5072fdd8322d7f6ed3fa5159e1117e7df,5737666,1528220690,0x5dc8ed6cfe7df7c66744ff4f68c53e6f482875e8,0xbf284eeaf26d01f17aba7b87c685c637faa63296,0.010000000000000000,NULL,0x,0
14,0xd9b7b451875cab8089a285a57b0aaa5dccd93e51320039052190dbe7f72e07d2,5737694,1528221069,0xbf284eeaf26d01f17aba7b87c685c637faa63296,0x5dc8ed6cfe7df7c66744ff4f68c53e6f482875e8,0.004804725000000000,NULL,0x,0
15,0x6d8400045711326733350b1ca0a03ae6f72cad41098295920f7c04f9c988f13a,5737710,1528221291,0xd256a539cbfbc57edccc4dc64ec8fdc5a97abb69,0x5dc8ed6cfe7df7c66744ff4f68c53e6f482875e8,0.149664760000000000,NULL,0x,0
16,0x8296ee3211d60bc5d9721a709cd3bc73155db84d28dcf2bffea9c576c0ecdea2,5747238,1528368099,0xd9b1d3aaef8517382a82b7e452447014775f57cd,0x5dc8ed6cfe7df7c66744ff4f68c53e6f482875e8,1.011272227581324714,NULL,0x,0
17,0x03d526f35e44ed5a8a00d1022d84df6d607bd78e0f8a5905b26a0210cf5ca4a0,5776292,1528812222,0x48013ad3ce35658a1a946943bd52467009693292,0x5dc8ed6cfe7df7c66744ff4f68c53e6f482875e8,0.217156374799489619,NULL,0x,0
18,0x9fb94f34dfccec898f76d207c3f8f5f28826d5885e4a47722621020a2512bfdc,5836675,1529706491,0xc28ea5678b828333f893e80258c116012aae6fe6,0x5dc8ed6cfe7df7c66744ff4f68c53e6f482875e8,1.936826000000000000,NULL,0x,0
19,0xddd272af321c7a56d0de813da5495c138d4d05b0b1d1c614e0e188f55739b0d2,5892086,1530529802,0x48013ad3ce35658a1a946943bd52467009693292,0x5dc8ed6cfe7df7c66744ff4f68c53e6f482875e8,0.329514326394950114,NULL,0x,0
20,0xf6b94921229ea843ef73092e44b45501194cbf924277fa566be8251b0228cb86,5923716,1530998364,0x48013ad3ce35658a1a946943bd52467009693292,0x5dc8ed6cfe7df7c66744ff4f68c53e6f482875e8,0.106950660999897508,NULL,0x,0
21,0x6e24cf391f50da7713234ff78db27bcd06fa5daa621ba63622d4672892d7c9a0,5963441,1531581153,0x48013ad3ce35658a1a946943bd52467009693292,0x5dc8ed6cfe7df7c66744ff4f68c53e6f482875e8,0.104592453375848126,NULL,0x,0
22,0xe42239296fe4acb587e3151e535b9d754573c3012e65f2ffb48bd3f0fb8ac2bf,6059427,1532985787,0x48013ad3ce35658a1a946943bd52467009693292,0x5dc8ed6cfe7df7c66744ff4f68c53e6f482875e8,0.213803305674574320,NULL,0x,0
23,0x1f246465ba848dc81d6ab5409e5a9e113112fa7dd1fed252bec6f60f4b0d8b46,6093648,1533486258,0x48013ad3ce35658a1a946943bd52467009693292,0x5dc8ed6cfe7df7c66744ff4f68c53e6f482875e8,0.104930392619025897,NULL,0x,0
24,0x24738c370aa2cd7ae4e1ae4a32a16d086dfb6d3f60ad2053957542a0f23a0d0f,6134445,1534082694,0x48013ad3ce35658a1a946943bd52467009693292,0x5dc8ed6cfe7df7c66744ff4f68c53e6f482875e8,0.104375446457335954,NULL,0x,0
25,0x371396ef0eb88e7c38fd7863277b71eb9daf913f4c1ed72be9de3ecbba54c713,6159018,1534440738,0x48013ad3ce35658a1a946943bd52467009693292,0x5dc8ed6cfe7df7c66744ff4f68c53e6f482875e8,0.105461618955839137,NULL,0x,0
26,0xeb514b6824ba617b29d88f2c4310058f86d5e42ce14c8521b844a0d6d7bb01b5,6233995,1535536028,0x48013ad3ce35658a1a946943bd52467009693292,0x5dc8ed6cfe7df7c66744ff4f68c53e6f482875e8,0.103506067551026214,NULL,0x,0
27,0x2b527d1569aefa25646fecd52effa617f6284bf83b6e06ad9f1f65ba67f1c1ad,6278438,1536181925,0x48013ad3ce35658a1a946943bd52467009693292,0x5dc8ed6cfe7df7c66744ff4f68c53e6f482875e8,0.102535785046616381,NULL,0x,0
28,0x0723e557cd15b98adf7fe60a8a44789eb8b08dbea4362ab3ba67a3d6ab3c932b,6311868,1536666417,0x48013ad3ce35658a1a946943bd52467009693292,0x5dc8ed6cfe7df7c66744ff4f68c53e6f482875e8,0.104196938825728695,NULL,0x,0
29,0xe5e6664c5d21f23175396ebd23bae8647cd3182986d9271914d3f6c16d2c8ff9,6415257,1538139406,0x48013ad3ce35658a1a946943bd52467009693292,0x5dc8ed6cfe7df7c66744ff4f68c53e6f482875e8,0.101274757839466826,NULL,0x,0
30,0xcac1a88c1650a7b0215164056e5ae93f4dea699d05b67adef83b632f3eb07352,6457439,1538735640,0x48013ad3ce35658a1a946943bd52467009693292,0x5dc8ed6cfe7df7c66744ff4f68c53e6f482875e8,0.212247998243569976,NULL,0x,0
