,TxHash,BlockHeight,TimeStamp,From,To,Value,ContractAddress,Input,isError
0,0x89b9ecb5ea8b4d757f0db9e98f849e29b05755bcd610b956ee90fed1806f6877,5462029,1524046111,0xa081494c4bfb723761ea3614575b14022063758b,0x5d0dbbf6460ba020a5ab06006ea447ffc7612b2d,0.100000000000000000,NULL,0x,0
1,0x2b59df561ad16d1c5c50a73cdab135d44639622bd8d7641d843fcb3f9feb7a3b,5462671,1524056114,0x5d0dbbf6460ba020a5ab06006ea447ffc7612b2d,0x5761277cdbbcb7d9e641b2b8a212b4c9a86057d2,0.099600000000000000,NULL,0x,0
2,0x63eb749bfef8f3c458fa1cdf97d29348cd4fc37ba7822ad4c1d31d9a76604bf6,5480814,1524325954,0x4ae9971e28d7f422b406ee1f3bb38e1b96637239,0x5d0dbbf6460ba020a5ab06006ea447ffc7612b2d,0.570000000000000000,NULL,0x,0
3,0x11a5ba01d47b142c551249205f614a418cb1c1d2a3374b5bc651b50e15b3fc0c,5480912,1524327379,0x5d0dbbf6460ba020a5ab06006ea447ffc7612b2d,0x5761277cdbbcb7d9e641b2b8a212b4c9a86057d2,0.570000000000000000,NULL,0x,0
4,0xfb1c17640124ef3d1c526f816ed6f704dcd81226f8dd61d72f1428773d7503af,5767804,1528682947,0x0f8f8f5ea718d7d8d47ceae69ab839b78326aaf3,0x5d0dbbf6460ba020a5ab06006ea447ffc7612b2d,0.100000000000000000,NULL,0x,0
5,0x414b81c57026b692802571ae5fd2a6910657dc572223208960829af05c2361ab,5798255,1529141345,0x5d0dbbf6460ba020a5ab06006ea447ffc7612b2d,0xe145044f7db80f59047eb6ecec9f22e00d119468,0.098000000000000000,NULL,0x,0
6,0xaf843478fbae04c4423bcddb22e7ca23104597192dd7b0e355f955d5c415294a,6372147,1537528323,0x5d0dbbf6460ba020a5ab06006ea447ffc7612b2d,0xd6146d0192c8eabf2335c9e43b6838371bf6345f,0E-18,NULL,0x,0
7,0xc1a7eaa4ee185d2a752f4da80acd5025be41befdc5c81294c8f6cea98d16a326,6466144,1538856856,0x5d0dbbf6460ba020a5ab06006ea447ffc7612b2d,0x0f69b1f95f7b08ecac414f5a9c6799ccf1efe2ed,0.000400000000000000,NULL,0x,0
