,TxHash,BlockHeight,TimeStamp,From,To,Value,ContractAddress,Input,isError
0,0x021ea4f510b00c9c91fdb706e755c7fe7214c1e54064df6e24a5165f4286d04c,5526042,1525000183,0x51c94b1ecdd58fd84ec965043d440a9d5397959c,0x5f2b80424ee382a239e2a708c9f3ece81f1d8d7e,0.604437000000000000,NULL,0x,0
1,0x0a474ac12b342956d4e5209a0435913906cbc824c5391b2d9f496b286abb2d9f,5526264,1525003118,0x51836a753e344257b361519e948ffcaf5fb8d521,0x5f2b80424ee382a239e2a708c9f3ece81f1d8d7e,0.645670240000000000,NULL,0x,0
2,0x79cd6ea7e6bee2a4394b52dadafb4204ca62bc8b74f535581be4f99b0ae5fd0f,5526315,1525003753,0xa8e9a4f5307fc3c0ace4bc743f651bc6f8c7e5b1,0x5f2b80424ee382a239e2a708c9f3ece81f1d8d7e,0.866983650000000000,NULL,0x,0
3,0x6a44d2612005013999a9f52333968fb584d501bf84990bd7c31c0da73831c428,5526643,1525009046,0x4b578c63dfa28837ad30fb1cae143522b233a9a0,0x5f2b80424ee382a239e2a708c9f3ece81f1d8d7e,0.600000000000000000,NULL,0x,0
4,0xb43e5cde6aa7786988f5ffce40579283d115c87c56104f55cb500d337916f598,5527720,1525025570,0x5f2b80424ee382a239e2a708c9f3ece81f1d8d7e,0xc3f52d2283e610534ce54110a6f97dbdef2a5999,2.716229890000000000,NULL,0x,0
