,TxHash,BlockHeight,TimeStamp,From,To,Value,ContractAddress,Input,isError
0,0xc60d88cb3df598a0eb1bff8e5ee80208f0471c3588c25b20d4d763b27d5c46bb,5231992,1520710767,0x7fa852c36478ebd9108d32f5d9615a6f26dd320b,0x5f5f525e6df97b60682d0455afae9f44e4ec7f8c,0.500000000000000000,NULL,0x,0
1,0xecc2f69366d99765343b0bb128bf547e2f0da0883a25da81ef09f710350681a4,5232103,1520712640,0x67cb4d6956dda570bef98e07da4fe40c4c3224d0,0x5f5f525e6df97b60682d0455afae9f44e4ec7f8c,4.999617400000000000,NULL,0x,0
2,0x5749a528bf69720b5443304141a96ef6e7d4e5d97df27a36691f83d6365e2144,5232280,1520715293,0xfce7c9436cb382215b84418ede81a6dae0466c44,0x5f5f525e6df97b60682d0455afae9f44e4ec7f8c,0.500000000000000000,NULL,0x,0
3,0xd98980b0c2da1b9ea3d581a4687cdb6134c020d3014b037dbd30a5832c53efff,5232810,1520722859,0xf798ce5cdc12edab52091efff3ca22c176ed535a,0x5f5f525e6df97b60682d0455afae9f44e4ec7f8c,0.999895000000000000,NULL,0x,0
4,0xc5871500c7682485f2b75c2851bc8bcdd376d4b26dfdae8c542f102b0d77fca2,5233140,1520727391,0x8d37f852a3346b326d8e40f7b14762a0219b4db6,0x5f5f525e6df97b60682d0455afae9f44e4ec7f8c,0.999895000000000000,NULL,0x,0
5,0xe3b6ab9aafac6eba3c539c9327e18ef28a2dd2f43f795ac054e50bbae206617b,5234326,1520744983,0x416299aade6443e6f6e8ab67126e65a7f606eef5,0x5f5f525e6df97b60682d0455afae9f44e4ec7f8c,0.008973950000000000,NULL,0x,0
6,0xd5dc855476bbba8a6ecbf2bc1e17e8e355fff2703aed6507011f92d0dc7f9022,5234449,1520746869,0x9fa2741da36857be3f043a319510b2fcd15256fb,0x5f5f525e6df97b60682d0455afae9f44e4ec7f8c,0.500000000000000000,NULL,0x,0
7,0x7735f63857676bacfaf6f342d2849df9561ba498d7118ef36835d0d723da40aa,5234489,1520747436,0x5466bb434e3a024ec0882f1659a8c9252df91115,0x5f5f525e6df97b60682d0455afae9f44e4ec7f8c,0.635777850000000000,NULL,0x,0
8,0xcd8c05c9e15cef04c2dbc47f128e07714c4ab1e9b0c388bef60172c26a062761,5234557,1520748448,0xe33d8d389281813f373ad985e90d239e92b61cc8,0x5f5f525e6df97b60682d0455afae9f44e4ec7f8c,0.117000000000000000,NULL,0x,0
9,0x1d4caf77260875b25e690482add56ebe722058efd209d16deda0941ab90c38fe,5234613,1520749293,0x700cc5d413679e3344d7b08a2daf601f23635daa,0x5f5f525e6df97b60682d0455afae9f44e4ec7f8c,0.500000000000000000,NULL,0x,0
10,0x116d69ff3a3a4a3fb7c2e11ad77f9709d3631a35994852a22b2b8871e8fb6bb8,5234794,1520751887,0x3f44df8fbe6b4b94caae4b031d0b19b7290dd37b,0x5f5f525e6df97b60682d0455afae9f44e4ec7f8c,0.499916000000000000,NULL,0x,0
11,0xdceb2f9936ff880fa7e36cce630faa6a1ed10eabe2b2c2ee864ac19bb235495c,5234854,1520752691,0xf1a2356b5f5a3dbea53a301de274030408fa0774,0x5f5f525e6df97b60682d0455afae9f44e4ec7f8c,0.700000000000000000,NULL,0x,0
12,0x01f99fc8a51763873d26e267d75cb696ef2099dd05f988a955244a0e7478868f,5234899,1520753535,0x0c2dbedf3337488d39fa995ec171c4df952ecf80,0x5f5f525e6df97b60682d0455afae9f44e4ec7f8c,0.500000000000000000,NULL,0x,0
13,0x5ab5b791e8281c9cc46aab413125e283c701f35c1b206cbbe9f6aaf01c12e39c,5235459,1520761837,0x70233049d69dde8f9d0786b656b05c900f503532,0x5f5f525e6df97b60682d0455afae9f44e4ec7f8c,1.928852120000000000,NULL,0x,0
14,0xc78e95ab439acf5d764dc697e6769caca7ea88e6fef3022f74d06a417b679902,5235512,1520762771,0x1fb59b6348961f3e7db52fa5a23fa622856cebef,0x5f5f525e6df97b60682d0455afae9f44e4ec7f8c,0.005840880000000000,NULL,0x,0
15,0xd1e158f6190e6f1a0f4065a13fcc7638e9bb95c77353d2f63d98ec82f1a4e830,5235651,1520764724,0x3f5ce5fbfe3e9af3971dd833d26ba9b5c936f0be,0x5f5f525e6df97b60682d0455afae9f44e4ec7f8c,0.590000000000000000,NULL,0x,0
16,0xa2111a1fffde6b540cf9c1db69d1e69ca3a74b4aaf92d0e05e083cc19cdf6a9d,5236244,1520773261,0x2f7862ab1ae5e38f5788aebeada9fdc59b3a56b5,0x5f5f525e6df97b60682d0455afae9f44e4ec7f8c,1.651588830000000000,NULL,0x,0
17,0x9456f7e9e9e3b0a2aa63073e065f02d616e85ad51261a43ef3ed0401093ca6b6,5236322,1520774304,0x301d0e69e63c30042ceb29b7ddd611b4180d5416,0x5f5f525e6df97b60682d0455afae9f44e4ec7f8c,0.500000000000000000,NULL,0x,0
18,0xf5c93b43caf68d5765901047c06fac348f30779d9050041d337de79a1c389e7c,5237948,1520797580,0x0f271d965c6ca20f7ef7a5e7a03d854390cfec7e,0x5f5f525e6df97b60682d0455afae9f44e4ec7f8c,1.000000000000000000,NULL,0x,0
19,0xb13bc0ef20dd56944bdef6a20ee06e5a68f1d5967b26d9e546ce5a70c5d75cff,5238684,1520808090,0xfbb1b73c4f0bda4f67dca266ce6ef42f520fbb98,0x5f5f525e6df97b60682d0455afae9f44e4ec7f8c,1.123254780000000000,NULL,0x,0
20,0xcd04ec84e8b05cc4bc633696006efa8a619723813ffcb9a98f451473a5a5e746,5239982,1520827059,0x564286362092d8e7936f0549571a803b203aaced,0x5f5f525e6df97b60682d0455afae9f44e4ec7f8c,0.526814330000000000,NULL,0x,0
21,0x10d80a0ad7a60ec0a6379aa7ea0ee1540e381c772c4ed2de5c521ee955115eb2,5241227,1520845607,0x30e40af16d8c26fef8ee0909a8a5231fa607b378,0x5f5f525e6df97b60682d0455afae9f44e4ec7f8c,0.500000000000000000,NULL,0x,0
22,0x3de79e14a76e4ba8d40365cc67a5c51f68fcafce157e92e0c1d51bdb40346d9a,5245124,1520903183,0xdb828aac47e351bc8630a1021c111ebfe6b50bf3,0x5f5f525e6df97b60682d0455afae9f44e4ec7f8c,0.500000000000000000,NULL,0x,0
23,0x6ca943f5aa747ebde355297aaddd0d2ad6846bc71c25abba97a38b462167c0fc,5245537,1520908987,0xbd7889a66e7422fffdb5b8af02ddaa84ffe34b14,0x5f5f525e6df97b60682d0455afae9f44e4ec7f8c,2.200000000000000000,NULL,0x,0
24,0xe1f4e7c15d995408ce706872fcd0c0d054c4f307bf3cb70f4c8747777824547c,5255619,1521058316,0x5f5f525e6df97b60682d0455afae9f44e4ec7f8c,0x839badd89f27b9f00f900b2009d49e49fb49d76f,1.000000000000000000,NULL,0x,0
25,0x802eae12a80bf55603d92e144614f2d0db95c5027957735005f467061005e2a3,5255635,1521058544,0x5f5f525e6df97b60682d0455afae9f44e4ec7f8c,0x839badd89f27b9f00f900b2009d49e49fb49d76f,20.986586140000000000,NULL,0x,0
