,TxHash,BlockHeight,TimeStamp,From,To,Value,ContractAddress,Input,isError
0,0xde1b4e3b56f0e6e052406c123c687b54e3b97557568f9de6fc7f2dddbacde4a7,5178542,1519927476,0x0681d8db095565fe8a346fa0277bffde9c0edbbf,0x63e97cbe96dd87c9ae2375d2c7ee96becccf2143,0.490000000000000000,NULL,0x,0
1,0xc25a83d8a53bbdfd19a00bf5408fcfa09aac6179e71d62f87972dff041258345,5206082,1520330584,0xdf648abac2d468f8df9b594cbddf25e4d7253664,0x63e97cbe96dd87c9ae2375d2c7ee96becccf2143,0E-18,NULL,0x,0
2,0xabff931f4c491c5c2b71b6208d3ae8644856a0925bb99fd8e39e280d9ad77aa6,5206420,1520335716,0xdb0709df2fb18e806694d77653c12da3bb2af3a2,0x63e97cbe96dd87c9ae2375d2c7ee96becccf2143,0.295521260000000000,NULL,0x,0
3,0x7f1b0e0d08fde610f5864a7d065dabd69bd2f11587f269224b1591790e90adca,5206458,1520336217,0xe9683442fdfd9b1dcbddf3fa5273b02389e67c41,0x63e97cbe96dd87c9ae2375d2c7ee96becccf2143,1.000000000000000000,NULL,0x,0
4,0x615a64b1ea8c3b3a27967b1a7d21ec973a24f41c7ea50ea1726e96a23560ea03,5206482,1520336515,0x83bdb2c1da5d058efd076098e84bbae28a659536,0x63e97cbe96dd87c9ae2375d2c7ee96becccf2143,1.000000000000000000,NULL,0x,0
5,0xb7238f86bddde4e468885e1f4ece748bba094855ae0c14b6bf588d7d9de26624,5206503,1520336846,0x876eabf441b2ee5b5b0554fd502a8e0600950cfa,0x63e97cbe96dd87c9ae2375d2c7ee96becccf2143,2.997300000000000000,NULL,0x00,0
6,0xe0603d6e4eac1c17903a970e71e7eadb06f3f4d2b01a3b618fd71babba377c07,5206566,1520337879,0x6ca4ba3d5330a1597e834652e62b40f8b0269022,0x63e97cbe96dd87c9ae2375d2c7ee96becccf2143,0.300000000000000000,NULL,0x,0
7,0xb0cbd3baea8f5c824fb1c7efe845e40863d38ebedf016a850025a5cea4ed703c,5206647,1520339218,0xddbb290d9a8c7178d7f04ce4d1d2bad1cc1bb2c1,0x63e97cbe96dd87c9ae2375d2c7ee96becccf2143,1.000000000000000000,NULL,0x,0
8,0x79595fccbeb38ad2a106d5cb8b057b4e7025599772943bd44195c04a9a3e0f4b,5206678,1520339731,0x58d69ca60816a6ca5cddbdad94d26424387c2069,0x63e97cbe96dd87c9ae2375d2c7ee96becccf2143,0.209048010000000000,NULL,0x,0
9,0xce09606e2756ba96b422e9260de411c25d75255d32a830b6069c4a8c557e5e25,5206680,1520339765,0x63e97cbe96dd87c9ae2375d2c7ee96becccf2143,0xdd8a1f1c47359d062ec9e9641358a3c688c5a504,0.750000000000000000,NULL,0x,0
10,0x40ae9239e225629d91ff73b4d5e74ebc058c2c4bac45a2cb52ca36df2dbbf011,5206720,1520340427,0x22b84d5ffea8b801c0422afe752377a64aa738c2,0x63e97cbe96dd87c9ae2375d2c7ee96becccf2143,1.000000000000000000,NULL,0x,0
11,0xbca849bf2fd1611a01760bac22917e7350d9719cfb31efea0e5b1df51c256ded,5206794,1520341552,0xa13c615dbb8fde8ac831b4cf7db022570a98a007,0x63e97cbe96dd87c9ae2375d2c7ee96becccf2143,0.214560640000000000,NULL,0x,0
12,0xdc63bbf91361db0d1dba512a8bcb3fc3d224c6ceb50909b115a70b394c25ce75,5206859,1520342439,0xbea2352faefe5e90719c19fef633e203ac4a7a31,0x63e97cbe96dd87c9ae2375d2c7ee96becccf2143,0.213006710000000000,NULL,0x,0
13,0x573bca798075d7239cad9dc76e931e7c7eff713c65f7e18aabcf6d3a9edb5eef,5206870,1520342576,0xfbb1b73c4f0bda4f67dca266ce6ef42f520fbb98,0x63e97cbe96dd87c9ae2375d2c7ee96becccf2143,0.294029700000000000,NULL,0x,0
14,0x0418227b8c0448d44c7786692503b9494b623783e04bc7b931dc43350112cfba,5206900,1520343027,0x5bbf6f44de3c3b447d18243a4a90430c9ba736c8,0x63e97cbe96dd87c9ae2375d2c7ee96becccf2143,0.200000000000000000,NULL,0x,0
15,0x3f352f62e0b2e6a08c46bd6cf968c777093a111fc88c099e22287717602aca5a,5206937,1520343547,0x664a5b2dc582713bf3be0f48181f166a8523880c,0x63e97cbe96dd87c9ae2375d2c7ee96becccf2143,0.200000000000000000,NULL,0x,0
16,0x0688547bb0d1781790373b7c023dc9db23c4699cc8167ec1d32f2f19f92a9ab8,5207021,1520344709,0x0681d8db095565fe8a346fa0277bffde9c0edbbf,0x63e97cbe96dd87c9ae2375d2c7ee96becccf2143,0.200000000000000000,NULL,0x,0
17,0x86a4b293e58c2a57fb237fc8b80a2f0a1ccad5b16f7133deba3c3463edc1dbe5,5207072,1520345360,0xfbb1b73c4f0bda4f67dca266ce6ef42f520fbb98,0x63e97cbe96dd87c9ae2375d2c7ee96becccf2143,5.000000000000000000,NULL,0x,0
18,0x5058c98a4f999b5c0ccc59042b4bc28b21a5f6d9d32caa6b01d5e9026b76bd1e,5207080,1520345456,0x0681d8db095565fe8a346fa0277bffde9c0edbbf,0x63e97cbe96dd87c9ae2375d2c7ee96becccf2143,0.881150480000000000,NULL,0x,0
19,0xa6addd23b84ad82ed051f69abe2eaa1e361e437cf051db2c3feca6bd1d0bfc45,5207150,1520346414,0x37fff95e12ef7ef8291c86c283496a3c6b01879b,0x63e97cbe96dd87c9ae2375d2c7ee96becccf2143,0.250000000000000000,NULL,0x,0
20,0x156a59df170bf1be6180124945b9db0877f195622002a9917b8cf8e1a6db6e53,5207311,1520348635,0x0681d8db095565fe8a346fa0277bffde9c0edbbf,0x63e97cbe96dd87c9ae2375d2c7ee96becccf2143,0.243398220000000000,NULL,0x,0
21,0x9eca50b870b12250d01f2d249ed9b0ab21b0c7f2d523ab97574d5f3d52b6d94f,5207827,1520355836,0x95894acac97d959490667bc297ac1e1c8703b27b,0x63e97cbe96dd87c9ae2375d2c7ee96becccf2143,0.576779695971895120,NULL,0x,0
22,0xf6bfec279c6ca7e708cc5d523564a0e0e060fa11b1703688bf8d24584d442d1b,5207926,1520357354,0x3f5ce5fbfe3e9af3971dd833d26ba9b5c936f0be,0x63e97cbe96dd87c9ae2375d2c7ee96becccf2143,0.389573750000000000,NULL,0x,0
23,0xcd0f15d10a0c3ce837d280eb3afcbdbcc662ddd55d6b8bd94920fd93399162ef,5208111,1520360046,0x63e97cbe96dd87c9ae2375d2c7ee96becccf2143,0x42ec8141cea63c0aa4afa81eef9aadf3af6980d3,0.480000000000000000,NULL,0x,0
24,0xf385beb6acc0703b73f017e4e4b52107ce141b9e6b988dc1cca2a7f5eb334f31,5208146,1520360480,0x13f57eb84f5f94ef53cee920ba6694edb7a20a38,0x63e97cbe96dd87c9ae2375d2c7ee96becccf2143,0.200000000000000000,NULL,0x,0
25,0x3dda3171d0ad869df42d649f1a9cb314c21cd7e8012750e7acdce7b9527341a4,5208225,1520361569,0x94efad48a5968331d7c3b82fb001f40fb744e19a,0x63e97cbe96dd87c9ae2375d2c7ee96becccf2143,1.020000000000000000,NULL,0x,0
26,0x364a26eeeb1c5c6f9a4d68167f0d88927e3ef032273a5c4949e14bde5fe6d458,5209625,1520382499,0x3f5ce5fbfe3e9af3971dd833d26ba9b5c936f0be,0x63e97cbe96dd87c9ae2375d2c7ee96becccf2143,0.542368670000000000,NULL,0x,0
27,0x7f2b4a9b380e2d0a12d39773f5c914824a3911305dbdfba06bc2061dd11516c0,5225812,1520620274,0x63e97cbe96dd87c9ae2375d2c7ee96becccf2143,0xd880636e06732b2827bf150d73a54e6ab3d47537,3.000000000000000000,NULL,0x,0
28,0x746525b1f6553524093c4a543312cd6dfabc414347a4d8d0fde40e299edf8a28,5266581,1521218778,0x63e97cbe96dd87c9ae2375d2c7ee96becccf2143,0x6b8e28da532068ea5ed19ddfeed5eb4a45ed40fe,0.050000000000000000,NULL,0x,0
29,0x8476a1e36a0e9f04704628270b0db4cae1898bbbadbc09a61f3fd527620f8cc2,5266583,1521218840,0x63e97cbe96dd87c9ae2375d2c7ee96becccf2143,0x6b8e28da532068ea5ed19ddfeed5eb4a45ed40fe,2.580000000000000000,NULL,0x,0
30,0x32d5031af2600681411bb764fc03ed5a098b3a3362431836f516cac791a00490,5266651,1521219908,0x63e97cbe96dd87c9ae2375d2c7ee96becccf2143,0xad5e3ebd418761260117e14b4b8af6bcfc9d6ed3,0.050000000000000000,NULL,0x,0
31,0x5832df3944362ea8ef2cefa7a7427a621b2c157acbd46bf6acdf1429ad4884f5,5266655,1521219966,0x63e97cbe96dd87c9ae2375d2c7ee96becccf2143,0xad5e3ebd418761260117e14b4b8af6bcfc9d6ed3,2.580000000000000000,NULL,0x,0
32,0x7506ba7b8989f3050a318d6d50fc04d933b05cf47acb4d11bf82b83c0fe9b612,5266667,1521220118,0x63e97cbe96dd87c9ae2375d2c7ee96becccf2143,0x5000ab50b85a4c7485716bfff56690fb20839c66,2.630000000000000000,NULL,0x,0
33,0x212983861322447e2c041fd309085be0b28f948f68f75ebf5819ba25776edb22,5266675,1521220210,0x63e97cbe96dd87c9ae2375d2c7ee96becccf2143,0x9d91d6954f1be1a01802659e5c07aac3afff0adb,2.630000000000000000,NULL,0x,0
34,0x6ec8ab15368b59c07099c7ad4cae63e78636f8803a7277cd841f2c9cb8e039a2,5266684,1521220346,0x63e97cbe96dd87c9ae2375d2c7ee96becccf2143,0x5cb8d123f0a3f2f0ebb7a53c6764614eacc4eb92,2.630000000000000000,NULL,0x,0
35,0x6452ecab7731dcb6d29b6a30535d80560e48624a2769abd8f3487984d6999a67,5266692,1521220463,0x63e97cbe96dd87c9ae2375d2c7ee96becccf2143,0xaa28e5437662d6cf86e408313c97603737b4b3e5,1.328000000000000000,NULL,0x,0
