,TxHash,BlockHeight,TimeStamp,From,To,Value,ContractAddress,Input,isError
0,0xdb3555c0913792a71439d3b50dacba265c50c5e03ad6ec80538a7bed994283e8,5847026,1529858576,0x390de26d772d2e2005c6d1d24afc902bae37a4bb,0x637336064f49074587a15cfd785d17ed02aebf25,0.509079420000000000,NULL,0x,0
1,0xe1d9926dec2b6f1d112fcafa7cbe1c439741ff7d2abe68cfcfb1b6530a638e22,5848117,1529874199,0xb4be9d7d4e4035266d1ff9febbf769b8cfaf62bf,0x637336064f49074587a15cfd785d17ed02aebf25,0.923750093888114100,NULL,0x,0
2,0x0893eaccf8fd7573afee3a8c496bee516e4deb4d7f01f310545b749bb9a4eff2,5848408,1529878561,0x876eabf441b2ee5b5b0554fd502a8e0600950cfa,0x637336064f49074587a15cfd785d17ed02aebf25,2.013260000000000000,NULL,0x00,0
3,0x53006006bad6cebaeb420fbcd0b30c0ee6fb5f82d63e2ec3a9cf46969efafc92,5848532,1529880547,0x95c7ae5e474052cf3188b465ee33b0369a08894b,0x637336064f49074587a15cfd785d17ed02aebf25,5.000000000000000000,NULL,0x,0
4,0x25260edb168b4febc3ae493588fea7fae28fc26cedfb02ce8599a609be5c9e66,5855385,1529984918,0x620a3e5cddd2748e111a11810757f419d10b1aac,0x637336064f49074587a15cfd785d17ed02aebf25,0.500000000000000000,NULL,0x,0
5,0x0e835a886f5fe3a02eaef0019b9ab293ddec36bf7b8eaa1c07426f67a8d03848,5858059,1530025201,0x3f5ce5fbfe3e9af3971dd833d26ba9b5c936f0be,0x637336064f49074587a15cfd785d17ed02aebf25,0.990000000000000000,NULL,0x,0
6,0x69f27ad1900822f01e796c1aa7758696e8a222e086dbe7a24d608b7b1d355592,5858858,1530037013,0x97d17bc5f15450f27ea604299fefb854ff2fb0fa,0x637336064f49074587a15cfd785d17ed02aebf25,0.500000000000000000,NULL,0x,0
7,0x109fec2746c3413582b67a481ebf6a403119a557141a5a9c5c7b61e8d8450eb6,5858861,1530037038,0x3f5ce5fbfe3e9af3971dd833d26ba9b5c936f0be,0x637336064f49074587a15cfd785d17ed02aebf25,0.540000000000000000,NULL,0x,0
8,0xbef01242b1a7c00a14f01791a6c7c36e54a191d4e1342e143bfe13d94cea59d4,5861968,1530083903,0x637336064f49074587a15cfd785d17ed02aebf25,0x790f0e97b5428c569cdfb4c4830060c9d857c600,1.000000000000000000,NULL,0x,0
9,0x4681c76d6db258533b2b9ee2e40214fbaef23cebede6a00a7ed39255b9ebfff0,5873616,1530256862,0xf076ab3115d8798d4726abb9fb474d520f9c8834,0x637336064f49074587a15cfd785d17ed02aebf25,0.500000000000000000,NULL,0x,0
10,0x4cd21168e4346e81b2e60919f451dca26f608bf107dbbe99ec8f9e32df6b697f,5873668,1530257678,0x637336064f49074587a15cfd785d17ed02aebf25,0x88e8d455884bf8bb123fe270bebb49291575d808,5.000000000000000000,NULL,0x,0
11,0x0294d4beeced097ef3efc8bed4d4df548a2a7c80e4175423e6114f2a02c68066,5873703,1530258241,0x637336064f49074587a15cfd785d17ed02aebf25,0x669f069e06e59b13cf3740e04acbda430458ecb0,5.470000000000000000,NULL,0x,0
