,TxHash,BlockHeight,TimeStamp,From,To,Value,ContractAddress,Input,isError
0,0xdbf75b6aef630c83e96476164cf2af25bdbfc1b3b5fb8e27665b5deb5d8f75f3,5586410,1525911926,0x982eeecc797e31d780d1726168f3863e007600a9,0x63cdd7f7f28727e6a5d16418c402073ff48b8e52,0.004000000000000000,NULL,0x0098,0
1,0xd1092b7ed3fc6af1aa349c5f32e015b2ba9c87c9d6cb7cf8a3499d4997472d30,5586449,1525912559,0xfe744622b6bc34e4ce172b8d847d00e616da2fd5,0x63cdd7f7f28727e6a5d16418c402073ff48b8e52,0.004000000000000000,NULL,0x,0
2,0x5382e6516e90a9b15e87a525ccdde5b9f8ae53255b42f7fd71de98cba7c7e78e,5586543,1525913845,0xe40a9974f100e69f77e530c20e06e3593596a6d9,0x63cdd7f7f28727e6a5d16418c402073ff48b8e52,0.010000000000000000,NULL,0x,0
3,0xf56b4c21b02a7be867bcd20f542adfb3880101628146755cdb5182f8695753ca,5588327,1525940958,0xb7255cb91993a8e3d0d4d80fa2508c3204e8178b,0x63cdd7f7f28727e6a5d16418c402073ff48b8e52,0.003000000000000000,NULL,0x,0
4,0x91e53ae5d51ad309a9ba77dd9a902e4041fc404876c2a1f69ffbbcfdcbe583d5,5622422,1526456614,0x63cdd7f7f28727e6a5d16418c402073ff48b8e52,0xa8015df1f65e1f53d491dc1ed35013031ad25034,0.007000000000000000,NULL,0x,0
5,0x90682f65235a54e42c12e84752f2ccaeb5d5bc777466b4b4e1fd5b96c4f22bc2,5652639,1526918057,0xc2efb5525bfe3a5d00bc5ff8e1c30eb55ebb3d91,0x63cdd7f7f28727e6a5d16418c402073ff48b8e52,0.009000000000000000,NULL,0x,0
6,0x052ad5f91f381a8002b63120ef48e1518392284ba5cfac8ba71349f72f25f34b,5652655,1526918322,0x63cdd7f7f28727e6a5d16418c402073ff48b8e52,0x8a6c9318647a482272b7b50c67db3fe013cc4d7c,0.003000000000000000,NULL,0x,0
7,0x2ba4161a0a0cf1f38e0be6892992c15c0475a6658c12a968a57b64757bf23b18,5652686,1526918717,0x63cdd7f7f28727e6a5d16418c402073ff48b8e52,0x3f1e059c12d30762e5a0f1e9ecdffc816608e37d,0.003000000000000000,NULL,0x,0
8,0x9f3f9c98f5744d95180ad372a041b406912ed979761804a3a6c7d07adae03fe4,5653329,1526928528,0x63cdd7f7f28727e6a5d16418c402073ff48b8e52,0x338bc6bb9dbe96e8a4d1d732bf6b590da6731448,0.007000000000000000,NULL,0x,0
9,0x7bdf12431fa213e835788b48892360b0bb20a3d592c51edb5ce2905bf559e47f,5653494,1526930972,0x338bc6bb9dbe96e8a4d1d732bf6b590da6731448,0x63cdd7f7f28727e6a5d16418c402073ff48b8e52,0.001286322000000000,NULL,0x,0
10,0xb852d64d97282d41227f8519588c6b57dc933356b3aec175c25a17b425ff564c,5653847,1526936316,0x0e8cd6d143d43f3925c6e9af7bdfb280effd5fea,0x63cdd7f7f28727e6a5d16418c402073ff48b8e52,0.003000000000000000,NULL,0x,0
11,0x06b10d8eb948b67c5dd18dc066b473c146d35bbf7759505317bbf19264c2d1a5,5653856,1526936611,0xd7394b8b4eed5c8ce452f322b846039c71ddd3b3,0x63cdd7f7f28727e6a5d16418c402073ff48b8e52,0.005160000000000000,NULL,0x,0
12,0x96e611a844d2a56177e4907ccf9b6ee2d675f4de954ab871e164225ee9b02ea3,5653868,1526936742,0xd7394b8b4eed5c8ce452f322b846039c71ddd3b3,0x63cdd7f7f28727e6a5d16418c402073ff48b8e52,0.002000000000000000,NULL,0x,0
13,0x251c19f556c3beaa64b5e60c9eaf15eebdabb2a442814365cd0b5e84ea8045e1,5654089,1526940021,0x61cdc3ec2482bce3524dd568cef3aeffb2f409c2,0x63cdd7f7f28727e6a5d16418c402073ff48b8e52,0.009000000000000000,NULL,0x,0
14,0x812808bed98e6100623b558d174e2406426a2a3270f7a52d7d23ada763f53f5b,5654094,1526940132,0x61cdc3ec2482bce3524dd568cef3aeffb2f409c2,0x63cdd7f7f28727e6a5d16418c402073ff48b8e52,0.000100000000000000,NULL,0x,0
15,0x4cfefe2c857755e32e4aeb474b57275df2182a8472d46e1bfc27776ebb3c55a5,5654104,1526940297,0x4d0d48fb5ce6f29901a24dcc6ff8b455a2aa7084,0x63cdd7f7f28727e6a5d16418c402073ff48b8e52,0.003000000000000000,NULL,0x,0
16,0x19904a99ce26bb831b92697f857dc88a9f59ca0abdda9fb43e0bed8a476d0747,5654109,1526940436,0x38c8af13e20573862ff9c2450182ff8114d67475,0x63cdd7f7f28727e6a5d16418c402073ff48b8e52,0.008000000000000000,NULL,0x,0
17,0x1e500637853418ce4f693eb1593bb32e11311c9bbeafb88b903553b603af01eb,5654115,1526940535,0x38c8af13e20573862ff9c2450182ff8114d67475,0x63cdd7f7f28727e6a5d16418c402073ff48b8e52,0.000300000000000000,NULL,0x,0
18,0x2bbda7d081ae6b01f550e656b655a0a5278bf4397d71040719dfb6e2375e7d94,5654377,1526944555,0x813078b302a6de97ce32e3c7a6bd61e2ffd80eb2,0x63cdd7f7f28727e6a5d16418c402073ff48b8e52,0.044714904326776518,NULL,0x,0
19,0x9694ae466442a271a43140b31a68120c54279caf2fabdbd3814392b52d659563,5654392,1526944725,0x813078b302a6de97ce32e3c7a6bd61e2ffd80eb2,0x63cdd7f7f28727e6a5d16418c402073ff48b8e52,0.009559000000000000,NULL,0x,0
20,0xf321dd5b8abfbccb6c27263f0a3546a96a5a6cfdc31ecd216b4d2dc9766cfad0,5654641,1526948649,0x676ee8d3a9784ffa2a45ce6b4d99633e6cbb5aab,0x63cdd7f7f28727e6a5d16418c402073ff48b8e52,0.006777646000000000,NULL,0x,0
21,0xa8136aedc30eb8bb23cabf8aa28db9942a05d157c1c89fee129e0027bb762dad,5654682,1526949215,0xcb360533ca9c97cdd63b724f20ee6807998fe5ef,0x63cdd7f7f28727e6a5d16418c402073ff48b8e52,0.018261525200000000,NULL,0x,0
22,0x9d6424611418f9126c98ab03b1c41fb0d8aac0668ec38bab604790f9293f3e04,5654698,1526949376,0xfed370a16106aba36c40e52d9a65b110be88ba62,0x63cdd7f7f28727e6a5d16418c402073ff48b8e52,0.010347143000000000,NULL,0x,0
23,0xee90445ca64cd9b398e9beda47774fa1be3825b12f274528b88197d89efa4fad,5654863,1526951773,0xbf6d2c466bbb5e54d33e60c35fdd5a58d195cb0c,0x63cdd7f7f28727e6a5d16418c402073ff48b8e52,0.004474372000000000,NULL,0x,0
24,0x7f9e37b71a76439e68b5851997bf37dc6aac879d128fa7c5fe1e1cb40e03249e,5654933,1526952836,0x794e87ab35994032981d7d2cd8bbe6406e6fd92c,0x63cdd7f7f28727e6a5d16418c402073ff48b8e52,0.012506540000000000,NULL,0x,0
25,0xdd3d7c543e4c1a5c50b1df228d279725868e31895c95c29807e14160d339e1d3,5654945,1526953058,0x9b8f5e9f946605284dfbf8f6b99118fe1a937bb3,0x63cdd7f7f28727e6a5d16418c402073ff48b8e52,0.009403420000000000,NULL,0x,0
26,0x662a6d09ea82da7fc0c75cc0280199d5b5e6391da6a26cf69d878330f7602173,5656076,1526970355,0x63cdd7f7f28727e6a5d16418c402073ff48b8e52,0x0cfefcc154ecd8d4adf6db92176ccdd4100d1056,0.007000000000000000,NULL,0x,0
27,0xfe632e16e1409efee9680e4e395d34e868751ea5c89eb9e4b05e288c99b21f08,5656136,1526971273,0x3c708feaacd5e07125af745f433f0d677d30d6f0,0x63cdd7f7f28727e6a5d16418c402073ff48b8e52,0.019625506366188549,NULL,0x,0
28,0x8c5ec13fe87a3e9ddd1288cde645bf915a67023d4a836d76cb6ff41c84b46319,5656200,1526972364,0x3c708feaacd5e07125af745f433f0d677d30d6f0,0x63cdd7f7f28727e6a5d16418c402073ff48b8e52,0.003245204000000000,NULL,0x,0
29,0x16cecb732336cd42cdb0754cdbc39df05b20ca2f4bcb3430fbabe1f0c3a80b1e,5656261,1526973393,0xac429e088004074895eb90dcec11b92d4b3e459f,0x63cdd7f7f28727e6a5d16418c402073ff48b8e52,0.014092561086712099,NULL,0x,0
30,0x5c015c449865bdcdc8c66edb700e8cfce1335c9994ea018c79cecda4f3564f43,5656310,1526974224,0x63cdd7f7f28727e6a5d16418c402073ff48b8e52,0x4f0bde05f4035e79b91e7b85aee2840d12041fa8,0.010000000000000000,NULL,0x,0
31,0x3e179d5356d069bda19d8a08e0d8ca8ba467a72421128085eb11e11c3341cf74,5656395,1526975559,0x63cdd7f7f28727e6a5d16418c402073ff48b8e52,0x4f0bde05f4035e79b91e7b85aee2840d12041fa8,0.007000000000000000,NULL,0x,0
32,0x67370e9cf8cad480051b192bb8ea7fa77cadd6c6deffa8b8b270a94e887e5118,5656492,1526976973,0x63cdd7f7f28727e6a5d16418c402073ff48b8e52,0x4f0bde05f4035e79b91e7b85aee2840d12041fa8,0.007000000000000000,NULL,0x,0
33,0x12fc48bf2f2287dfe73ade8de12e18ef6e309f0d851da4fe9dde36b5797f2aca,5656510,1526977302,0x4f0bde05f4035e79b91e7b85aee2840d12041fa8,0x63cdd7f7f28727e6a5d16418c402073ff48b8e52,0.006585200999999998,NULL,0x,0
34,0x1612786de186a82797f81ef8d2d1048c75372ccccdb3d3ede126e4a87ae600ef,5656672,1526979631,0x63cdd7f7f28727e6a5d16418c402073ff48b8e52,0xfa7103c58f70a872be7e070afdf2e8c835620cfb,0.007000000000000000,NULL,0x,0
35,0xa6ea46fb525bfb9231fe08a6f78e29f9a41b939ce302b5c1e0589e39afe6678a,5656701,1526980134,0xfa7103c58f70a872be7e070afdf2e8c835620cfb,0x63cdd7f7f28727e6a5d16418c402073ff48b8e52,0.005260680000000000,NULL,0x,0
36,0xd03a3608f914496e633728028fcedf30fd120f129d977981844860fd49e11fe6,5656751,1526980912,0x2424817c51cd40a8596610669e93e636043a3594,0x63cdd7f7f28727e6a5d16418c402073ff48b8e52,0.005155960000000000,NULL,0x,0
37,0x287a72e95d53d0f740db947d5bc948ca5baf2cfcc7ad248f8de75136d138a113,5656797,1526981581,0x7eebc8345e0519d2afaf287321453d474efa8622,0x63cdd7f7f28727e6a5d16418c402073ff48b8e52,0.010532317000000000,NULL,0x,0
38,0x906a5907557c054b95b4f8bfdc833b2d2b0b6ccddc7200f66fa420fb318ad843,5656817,1526981923,0x338f81271564682fca0bf32f2081f7c4c11720ce,0x63cdd7f7f28727e6a5d16418c402073ff48b8e52,0.016022322092183939,NULL,0x,0
39,0x41a5b94c7638775432c2b2c765103d396f07110ff96f856d527122f513f77755,5656826,1526982101,0x63cdd7f7f28727e6a5d16418c402073ff48b8e52,0x4e083101964aaf3584b024be39a9e3f4d7bca3c7,0.007000000000000000,NULL,0x,0
40,0xe2757f25c54fe19f1458d10c6e5f3a12f7aeab3acda6a54025aa7f5a3cf2c073,5656835,1526982224,0x31d011509300b06d3a065204170fd2aaeb6ee845,0x63cdd7f7f28727e6a5d16418c402073ff48b8e52,0.006221176000000000,NULL,0x,0
41,0x6b8fb25b29553ffd656f2f9d8a711c0d5e7325a282d4bb5ee7f8192b2f2a7dc5,5656845,1526982361,0x4e083101964aaf3584b024be39a9e3f4d7bca3c7,0x63cdd7f7f28727e6a5d16418c402073ff48b8e52,0.005267260000000000,NULL,0x,0
42,0x802744d02fadd26e893f01043ac0d2d7a90961301d213e580c95c775a418e479,5656873,1526982747,0x63cdd7f7f28727e6a5d16418c402073ff48b8e52,0x1a51e5bcc48fb42e55eb3b8b291a8b8f827520a6,0.009000000000000000,NULL,0x,0
43,0x6c3f07fd33fa3e20a074cd8f02467a9f748f1520c6ca5c151aeb579a538c13dc,5656933,1526983785,0xb2cb0bd2c1d69038b7426954e6b986ec9471e5db,0x63cdd7f7f28727e6a5d16418c402073ff48b8e52,0.006444179423383327,NULL,0x,0
44,0xad6e405914b094b96391c0ed48a321f676c1cbb2e85831c5f2c20117df9d27a1,5656970,1526984415,0x63cdd7f7f28727e6a5d16418c402073ff48b8e52,0xdb04145e587a50c8515c0ad9f055046b5e0be26c,0.009000000000000000,NULL,0x,0
45,0x2fff462e502287b1da06d3185ef3aab3d326aa22c193318af454cd9e70f6d6cb,5657002,1526984955,0xdb04145e587a50c8515c0ad9f055046b5e0be26c,0x63cdd7f7f28727e6a5d16418c402073ff48b8e52,0.009447308000000000,NULL,0x,0
46,0x3df79145ffecaacd721a1266f19a661bdaeddf25db4a67159ed95759f111fac6,5657023,1526985230,0x63cdd7f7f28727e6a5d16418c402073ff48b8e52,0x2ef06c6a85cd60d4337bf51e7a08aebc6604ee09,0.009000000000000000,NULL,0x,0
47,0x1d0d43535408515c2e912e037d9cefc8f1957cfb74fd9739d5e7ccc5b44d874e,5657126,1526986600,0x2ef06c6a85cd60d4337bf51e7a08aebc6604ee09,0x63cdd7f7f28727e6a5d16418c402073ff48b8e52,0.006940761000000000,NULL,0x,0
48,0x5af24e941dcc455d9ff63aa55536792e0dc440842cd940f7472abca3a2866e58,5657244,1526988394,0x63cdd7f7f28727e6a5d16418c402073ff48b8e52,0xd0ae9be017155f5b5a596ea15970320ae0d9863e,0.009000000000000000,NULL,0x,0
49,0xe7aae4f7c50f16e85e456f960ec9d01e06de4c56dcb2c0673acccf2b572fbe15,5657586,1526993745,0xc85b737847020d172ffb6741eea60303450027a4,0x63cdd7f7f28727e6a5d16418c402073ff48b8e52,0.004480809000000000,NULL,0x,0
50,0xc455a5ee42eb443195a4ba099acf4499707e7e8b14b52008a365d5f175797ee7,5657640,1526994478,0x5265c20e4589a326700851b16ac7136e22b35961,0x63cdd7f7f28727e6a5d16418c402073ff48b8e52,0.004034000000000000,NULL,0x,0
51,0xfa30608014e86fcefbd51fcd69606d8ed6cd8b305aa459f4fdc475048b3304a0,5657646,1526994586,0x60aa4fef56d604e1dcd327e04a849ab66c4705b1,0x63cdd7f7f28727e6a5d16418c402073ff48b8e52,0.000631535000000000,NULL,0x,0
52,0x2f37e79be7f8745eda7636a7fe6a98b72abc213017ae1033280066771e34535b,5657692,1526995339,0x63cdd7f7f28727e6a5d16418c402073ff48b8e52,0x3024bd26f1841bb11983c96559329e988483f42b,0.007000000000000000,NULL,0x,0
53,0xc8d702c7de356102647d939c067405ab8c42c2b816d86ff48dbac2cdd3da57be,5657726,1526995786,0x63cdd7f7f28727e6a5d16418c402073ff48b8e52,0x3bcf85ec02a4db00bb5b1551cae39d18d0411530,0.180353652495244430,NULL,0x,0
54,0x356d32fce569ef6a84060e2aad9e1d7754b323d53140a9ccb7b2281a86a60dc4,5657732,1526995859,0x3024bd26f1841bb11983c96559329e988483f42b,0x63cdd7f7f28727e6a5d16418c402073ff48b8e52,0.007293990000000000,NULL,0x,0
55,0x1353ca92e1d3d67d66b6e4939a3f478551ffc942b622d3f045a2f14babe09955,5657745,1526996064,0x3bcf85ec02a4db00bb5b1551cae39d18d0411530,0x63cdd7f7f28727e6a5d16418c402073ff48b8e52,0.183088034495244430,NULL,0x,0
56,0x7ce104c57277af5489c13f53a9c98418af1df74a7f23a0c37f555ff6da4cb488,5657757,1526996300,0x63cdd7f7f28727e6a5d16418c402073ff48b8e52,0x35bb80fa23bb8d9914751aa8d3613a55d266ae21,0.007000000000000000,NULL,0x,0
57,0x8d73c7887834952e52faa813d326e2d1e57f6c32b9e3afc2f13aa2add305d268,5657803,1526996990,0x35bb80fa23bb8d9914751aa8d3613a55d266ae21,0x63cdd7f7f28727e6a5d16418c402073ff48b8e52,0.002572640000000000,NULL,0x,0
58,0x4911fb303e3bdb97e6ecba83cd6422272a8e4a82b2fa4d6d28c4488cc29cb8e5,5657837,1526997465,0x813078b302a6de97ce32e3c7a6bd61e2ffd80eb2,0x63cdd7f7f28727e6a5d16418c402073ff48b8e52,0.009160000000000000,NULL,0x,0
59,0xd1a11e042e70fbdb147b9542d0febfab536e6ceb07b9600d29972876c6ef90e9,5657849,1526997597,0xa1c370cd0bee00b32be9585c0d37ff458a99bb30,0x63cdd7f7f28727e6a5d16418c402073ff48b8e52,0.001391106000000000,NULL,0x,0
60,0x6044cb38c949e9f4c53945af6da9761511935f0d47079899e6cc8b0e7ccfd03d,5657901,1526998470,0x1627a1abe866ab240787e4eaed935efa4737ea4e,0x63cdd7f7f28727e6a5d16418c402073ff48b8e52,0.002269068327428094,NULL,0x,0
61,0xde394736a6b0d478e35614198a845d2e24910832c442eca78cc48118c766e5e5,5657926,1526998811,0xb2028881f9586f8b7fe8b7a7d0cf5fdc3aba053c,0x63cdd7f7f28727e6a5d16418c402073ff48b8e52,0.017943930000000000,NULL,0x,0
62,0x385e591c9347453e84692fe6a83335d7526c8ab4d3519de2063ce5a86a26f8e5,5657947,1526999078,0x02dd37bc6ec0d6756588a9209af75bf737d2cf0c,0x63cdd7f7f28727e6a5d16418c402073ff48b8e52,0.003445256893651999,NULL,0x,0
63,0xb4789143b9961f9beaccfa35b05212a4a952b101f44cd14cf3a4328953f2cb65,5657971,1526999499,0x63cdd7f7f28727e6a5d16418c402073ff48b8e52,0x27db7b975b2b741e087faf36e5bac57d364b9cf8,0.007000000000000000,NULL,0x,0
64,0x682732c7fbbe14e2754e1d9ccea172d0e4fe834d373369c97623a13fe09751b2,5658075,1527001379,0x27db7b975b2b741e087faf36e5bac57d364b9cf8,0x63cdd7f7f28727e6a5d16418c402073ff48b8e52,0.001717880000000000,NULL,0x,0
65,0x63ed148200d7683ff4f9e28c6ac7f502c856fd2813cace1eab24268bcd223886,5658089,1527001545,0x91d499df782312ae0fed33bb039ab290934e94f9,0x63cdd7f7f28727e6a5d16418c402073ff48b8e52,0.001822658067721104,NULL,0x,0
66,0x0b0b98605403d927a530fabc4a5c7c27e8ee1ec081462f0128fb0adb075653e7,5658119,1527002068,0xf7268badd02191615d5f806b9d3d56b2ca4e37b7,0x63cdd7f7f28727e6a5d16418c402073ff48b8e52,0.007095250000000000,NULL,0x,0
67,0xd9cd212f3513cf9511db3e4db4af211e6178cff6dcd39cf220da913a9b952a35,5658510,1527008106,0x260e428c9c197004de31bcd2ac8163f02f6f74d7,0x63cdd7f7f28727e6a5d16418c402073ff48b8e52,0.000562340200152359,NULL,0x,0
68,0xa04ad1ed9b9e4e16093718b83ab0b9cf1aa934e2591ff597d1cfe8ebc76a0df6,5659381,1527021949,0x94a6484392ccfaa483f2b57d92f4498e40d2674a,0x63cdd7f7f28727e6a5d16418c402073ff48b8e52,0.000842921325000000,NULL,0x,0
69,0x3c7f173a8f83f988e3afb5d6dc80d1dda00cefb24a291046b1e3f8481ef487f5,5659387,1527022038,0x1139ab0dfe651cc2740d0de4273fbdcdeab6a8b0,0x63cdd7f7f28727e6a5d16418c402073ff48b8e52,0.001397394220000000,NULL,0x,0
70,0xea0718a8ccca48b02974da16bcc587831f67df16b9500dbb01f53a60c76a6c1e,5659418,1527022508,0x6d7d4e6c3bf8cef6f666ebd670ea08190a2e0c87,0x63cdd7f7f28727e6a5d16418c402073ff48b8e52,0.002454276000000000,NULL,0x,0
71,0x91f2277f89a767351674d58a6a19a1aea17830f9598272885ff48e83c16a16c8,5659903,1527029914,0x574e2ee8a52f2e6b35b961675662e3b51fd1bbae,0x63cdd7f7f28727e6a5d16418c402073ff48b8e52,0.119127560000000000,NULL,0x,0
72,0xcdae79b4669dd4c182c3403f9f006a4b525c5cb10282c53891af629bf6ad3614,5660157,1527033753,0x63cdd7f7f28727e6a5d16418c402073ff48b8e52,0xb7016a311f9dcdf69dc1de1b3a10988eddbdf47c,0.009000000000000000,NULL,0x,0
73,0xbb1bea2ae6f49c38a2e2d31910c5e00d971c4fb48f7f19fe38354c6cbb8363c5,5660252,1527035057,0xb7016a311f9dcdf69dc1de1b3a10988eddbdf47c,0x63cdd7f7f28727e6a5d16418c402073ff48b8e52,0.008748894210999999,NULL,0x,0
74,0xa97c0afe08aeb96a35da173b70d1906f3fd17d7e689181da4ab5da6071a72d3c,5660266,1527035238,0xc3ed44581a5dd95b5e3386a3ac86ddaf7993e837,0x63cdd7f7f28727e6a5d16418c402073ff48b8e52,0.001258248000000000,NULL,0x,0
75,0x48290effdcfa081e7c052e9a7772bb53193f0ce50d5c84934d3d9f41d09bddbc,5660305,1527035792,0x0dbf6631d6c3fac0be462301b117c2e781b09840,0x63cdd7f7f28727e6a5d16418c402073ff48b8e52,0.002812873000000000,NULL,0x,0
76,0x82835ba8364cc1e172952a3b261a550f1328a64133be923f4a788abb2522bbc5,5660317,1527035991,0x63cdd7f7f28727e6a5d16418c402073ff48b8e52,0x3e41e9fad515700450b4092393924c8f3dd5c88d,0.007000000000000000,NULL,0x,0
77,0xefe91f6cf713d9caa558121df9f8bdf3b9dd6a2f7d52c5470fc2585e526518cc,5660357,1527036495,0x61e3a4dd1aa1a6c9479d67612c32528ce08f39f7,0x63cdd7f7f28727e6a5d16418c402073ff48b8e52,0.003277862682775040,NULL,0x,0
78,0xaa8d889eabeaa07b932a436b703ec0fec6759c0365dcdf172e365949668e953e,5660370,1527036708,0x3e41e9fad515700450b4092393924c8f3dd5c88d,0x63cdd7f7f28727e6a5d16418c402073ff48b8e52,0.006084526000000000,NULL,0x,0
79,0x2ff99d7b4ae4f119a1f3e839e83536c0f6decc3129b4b06d93617f587608f79c,5660421,1527037485,0x63cdd7f7f28727e6a5d16418c402073ff48b8e52,0xadb33cec64d6ecc78e7f90ecc569fb54722dcbf6,0.007000000000000000,NULL,0x,0
80,0xa9617d902ce1388fe337951dfdfef57e406c3e1e3ae448f2115461cd945afb05,5660432,1527037649,0xff093038d80530a37247c937c3b408e74d4b4b60,0x63cdd7f7f28727e6a5d16418c402073ff48b8e52,0.006920045000000000,NULL,0x,0
81,0xa5ef049f21cfba6d94bcd498cecca51992fe44573c7b853ea1943b8edd8dfe2a,5660459,1527038071,0xadb33cec64d6ecc78e7f90ecc569fb54722dcbf6,0x63cdd7f7f28727e6a5d16418c402073ff48b8e52,0.005780992000000000,NULL,0x,0
82,0xafe885952ccf4156e5aa73bf2d0d141da89fe23219011999e63b176b4ee071d6,5660489,1527038540,0x0cefe43388685908726d2adf5535d80b3ae470a0,0x63cdd7f7f28727e6a5d16418c402073ff48b8e52,0.020990905000000000,NULL,0x,0
83,0x2514d2b48cb74224c1a34f8f2f41422dd34e7e0009aaafb446ef547357cbfe4f,5660524,1527039000,0x33055e662b70af2039baa884b867086658964f71,0x63cdd7f7f28727e6a5d16418c402073ff48b8e52,0.182088200000000000,NULL,0x,0
84,0x1ca9a8d22d8272ec9d933e341c8d9c49ee95f9bcc826527a67948ad6c95a3734,5660561,1527039483,0xcee073a92dfb3a333a08f265c5b54debf882b214,0x63cdd7f7f28727e6a5d16418c402073ff48b8e52,0.003267382706250000,NULL,0x,0
85,0x31211eba4191376be502d71e5a8b4a358363c36936136ebc6f772ab45d106368,5660598,1527040162,0x63cdd7f7f28727e6a5d16418c402073ff48b8e52,0x2dae299db8caf8de734e19b15c7506ba8396a333,0.009000000000000000,NULL,0x,0
86,0xdcd9b93c5bd168133c3d1be9a7b81507f28df33754fc1b6f25bb2ec7595ed0f9,5660621,1527040491,0x63cdd7f7f28727e6a5d16418c402073ff48b8e52,0x27c76f4c1c064a884f8128ea2e3ac9b84d22b8dd,0.007000000000000000,NULL,0x,0
87,0x4861747237b06df6cbd147a6b13b0808bd629a0bfcc06d79108e8d32be80a570,5660652,1527041035,0x393b62ae5b25a593a9c4d9836578c31ad901379b,0x63cdd7f7f28727e6a5d16418c402073ff48b8e52,0.008032590000000000,NULL,0x,0
88,0x22c6a2ef0563a3613aa4b6aec81aa9c0215fcd3adbe5a0720cf90adf2a2d1583,5660655,1527041104,0x2dae299db8caf8de734e19b15c7506ba8396a333,0x63cdd7f7f28727e6a5d16418c402073ff48b8e52,0.007866399782352832,NULL,0x,0
89,0xa65eda93035dae0f2bd3a00c15b53b61a5e2e15d6071284adfb249d21c9c2eee,5660658,1527041149,0x27c76f4c1c064a884f8128ea2e3ac9b84d22b8dd,0x63cdd7f7f28727e6a5d16418c402073ff48b8e52,0.004947271000000000,NULL,0x,0
90,0x138d5d35b116829c6a64ab54440ab47079295e9e6f85b1e750a96a329cd103a9,5660699,1527041876,0x63cdd7f7f28727e6a5d16418c402073ff48b8e52,0x5ad3814890056ef03dc20d70fb8787ce077888cf,0.007000000000000000,NULL,0x,0
91,0x67e23294de32a89ebdd2168084ba797fdaac44fe7c2a66b244ef03738f390983,5660716,1527042159,0xc93842ec8f907a0786b9ae91cdedc88d3f04e612,0x63cdd7f7f28727e6a5d16418c402073ff48b8e52,0.006201921211000000,NULL,0x,0
92,0xf0c6e6464a4bb4957b52d2786bd98fea5c2df373b7cf730a34ba92e8567379e5,5660735,1527042575,0x5ad3814890056ef03dc20d70fb8787ce077888cf,0x63cdd7f7f28727e6a5d16418c402073ff48b8e52,0.006111973000000000,NULL,0x,0
93,0xb3d7a797508b13d37a81cdf82e456f4bce0b33fddde8def6647cd5c0b1e8c301,5660740,1527042656,0x0852c0a3a4eb781963b1c27623005a7c0e711d3e,0x63cdd7f7f28727e6a5d16418c402073ff48b8e52,0.007048849211000000,NULL,0x,0
94,0x07673822b59a8ff075f5f72be2d3f3adaf8e801add2f4c221cb63297847faffc,5660775,1527043189,0x63cdd7f7f28727e6a5d16418c402073ff48b8e52,0x3c1affc2f98fee9a919fd9ef4bdc6b334cf4d971,0.007000000000000000,NULL,0x,0
95,0x30bcad3249f8e835a607fe51d3f13514aaf8ec441fecce609e57ef5445832615,5660790,1527043473,0x3780f6db1b7daa7a58f22a76516e153bdf9da150,0x63cdd7f7f28727e6a5d16418c402073ff48b8e52,0.006262892079157500,NULL,0x,0
96,0x921aa008b770343a3d4148ced52b26c749601f65e3d4ddbc3fc7a3103bcb364b,5660808,1527043814,0x63cdd7f7f28727e6a5d16418c402073ff48b8e52,0x754bf7995cb1af66de946c7445e9bc0d04bd6c7d,0.007000000000000000,NULL,0x,0
97,0xbefd2397882c4937796f940678189620ada77d1970b494bf21b792dd16af3d88,5660824,1527044073,0x3c1affc2f98fee9a919fd9ef4bdc6b334cf4d971,0x63cdd7f7f28727e6a5d16418c402073ff48b8e52,0.006320626999999999,NULL,0x,0
98,0x3865cbf9e1b2bc26be381d0ecac69807fb30b563bf13478b2c26648f5ee059d1,5660858,1527044455,0x5a165891de2a2c8b82c7de19486277e0d5b644df,0x63cdd7f7f28727e6a5d16418c402073ff48b8e52,0.002353960181449901,NULL,0x,0
99,0x2d5ba2960960506f1a3314d500f2be285a60f3c474e540d6c55ef0e822dcb723,5660869,1527044623,0xba6850e98f7b24ff41d81ce74abbcf97b03aaee7,0x63cdd7f7f28727e6a5d16418c402073ff48b8e52,0.004059000000000000,NULL,0x,0
100,0x5d5c328fcf2aad0c1dfd0f9d773468e8d14c64880aa4f2d038e946a73a2f6e3c,5660883,1527044820,0x13ad07a376f612a8e0084b3da03d486dd7748355,0x63cdd7f7f28727e6a5d16418c402073ff48b8e52,0.001934085000000000,NULL,0x,0
101,0x7965ce70a5fd47952fcbacf6ca6d66326a07a109998ea7ff4b52aa78b0fb4cbd,5660913,1527045283,0x754bf7995cb1af66de946c7445e9bc0d04bd6c7d,0x63cdd7f7f28727e6a5d16418c402073ff48b8e52,0.005780089000000000,NULL,0x,0
102,0xd6caacdf86b71a62d953447295048b157bb115e4798c812eecd785cc5cb42df5,5660924,1527045408,0x7ef67c7a1dee9bbb4d039718d49f16193ee0f1af,0x63cdd7f7f28727e6a5d16418c402073ff48b8e52,0.007103350000000000,NULL,0x,0
103,0x20a8f1e45f59c799bc22a852e32e215d431b14c67f31ecc4f4861a21fa120ecd,5660966,1527046039,0x41520c4ea84165e93ede84cedf6ed0e7e81c34d4,0x63cdd7f7f28727e6a5d16418c402073ff48b8e52,0.001868479047430309,NULL,0x,0
104,0x6d955e17a8852eab481c041b7772a2481ed8ca999eec34f47e7e1655686844ad,5662367,1527068579,0x63cdd7f7f28727e6a5d16418c402073ff48b8e52,0x96db0381882a6ceb88df16548e6b639e2c0bb0f2,0.007000000000000000,NULL,0x,0
105,0xb08479ac1f6e0fb2da94e277aab07e4929138599dc25103e0f0e5c45423f5228,5662369,1527068589,0x76cb4b168e677643f01ed6bc13c501d834c6ac11,0x63cdd7f7f28727e6a5d16418c402073ff48b8e52,0.015645643000000000,NULL,0x,0
106,0x9047eb5f8baeef718400966e03c463652263019f50df0cfb290952467ea2f795,5662417,1527069260,0x96db0381882a6ceb88df16548e6b639e2c0bb0f2,0x63cdd7f7f28727e6a5d16418c402073ff48b8e52,0.006029443000000000,NULL,0x,0
107,0x6da9b96858bcec82b858db1ac8b1c682f4a2588d50ab93f5dfde1716572492a3,5662626,1527072533,0xe5d07e7a62060b0e5b2f5de0722e4f0ae70d7b55,0x63cdd7f7f28727e6a5d16418c402073ff48b8e52,0.002160000000000000,NULL,0x,0
108,0x0c8ad2c0a7ddf4dc5bfa3512030f40d9d4235a646c3a69fe2d5da9a08abe5cbb,5662662,1527073045,0x6ebdd7d0c35331640099d6194980599f018e5712,0x63cdd7f7f28727e6a5d16418c402073ff48b8e52,0.000937578000000000,NULL,0x,0
109,0x6c2708e28cb94356dfc267c864317cb2f7f91cf85632da0193fdb472e68d7ca9,5662752,1527074368,0xb33f0edb802a479a8be66c88a56e232bef76bdfb,0x63cdd7f7f28727e6a5d16418c402073ff48b8e52,0.004048355000000000,NULL,0x,0
110,0xf526d8e6eb016d8d0f306f77414c2bfffdb287c1a2bf0d91d6fae9395b452f84,5662829,1527075614,0x9b510ffb60d8f7433753e493bf6760b033b998e1,0x63cdd7f7f28727e6a5d16418c402073ff48b8e52,0.002864997686682150,NULL,0x,0
111,0x5e93ecf5db37bf0f2e0ed3209e133dbe3c3c5c11e030c27b044d7da3efe7a4cb,5663719,1527088775,0x63cdd7f7f28727e6a5d16418c402073ff48b8e52,0x35d323a444553f1af9d8deeb6796cd79f3610855,0.009000000000000000,NULL,0x,0
112,0x0cb12a1b52642547eb5aeb0f79693a1e48a84aaf9007339df524dc59e18945d5,5663745,1527089246,0x63cdd7f7f28727e6a5d16418c402073ff48b8e52,0x4f0bde05f4035e79b91e7b85aee2840d12041fa8,0.009000000000000000,NULL,0x,0
113,0xecf485cea67c914570fe7345d0d0d23bf3563348a593799f8280222150fbca48,5663797,1527089919,0x4f0bde05f4035e79b91e7b85aee2840d12041fa8,0x63cdd7f7f28727e6a5d16418c402073ff48b8e52,0.005307708000000000,NULL,0x,0
114,0xd4df38d8ed1b257bce0e97ec3714fe0b3239623529e765c220c939d22cb4c381,5663827,1527090491,0x65e2de55712af35b6fe6d3c5d102597d27922015,0x63cdd7f7f28727e6a5d16418c402073ff48b8e52,0.000639000000000000,NULL,0x,0
115,0x9de6c893f596dc3b87ea44be1093f34e843bebe254e6dfb5ba9d0ac4a22dd9d8,5664143,1527095309,0x35d323a444553f1af9d8deeb6796cd79f3610855,0x63cdd7f7f28727e6a5d16418c402073ff48b8e52,0.007201020000000000,NULL,0x,0
116,0x5ad52ca482081f35066c2db18dac2f030fef764a8102a5c62b1b84a997f79df9,5664195,1527096004,0x63cdd7f7f28727e6a5d16418c402073ff48b8e52,0x384f71c2717ea33cb8f33f3fd9c897fb967bea78,0.009000000000000000,NULL,0x,0
117,0x36b2fedfc9181efb7b885b3e942b1412183b5411feb28fa950e3aa232f75204a,5665138,1527110573,0x384f71c2717ea33cb8f33f3fd9c897fb967bea78,0x63cdd7f7f28727e6a5d16418c402073ff48b8e52,0.007233269000000000,NULL,0x,0
118,0x3a347502c54c9c945a2bb93e7f8290f5ee7219a50ed0410755ae5c78ad09729a,5665716,1527118816,0x63cdd7f7f28727e6a5d16418c402073ff48b8e52,0x892526fe0377258f42a820c2243b32efa0cfeafe,0.009000000000000000,NULL,0x,0
119,0xd1e9b0b500ee69829730945c57fd25e1b64349d6732e587dc2b533eb332e1623,5665742,1527119156,0x63cdd7f7f28727e6a5d16418c402073ff48b8e52,0x892526fe0377258f42a820c2243b32efa0cfeafe,0.009000000000000000,NULL,0x,0
120,0xed5d9ebcd1ce3dda46d56d319b9f5e71257ba46d99e5312e8630dc2ae665d1a7,5665989,1527122873,0x892526fe0377258f42a820c2243b32efa0cfeafe,0x63cdd7f7f28727e6a5d16418c402073ff48b8e52,0.014725599000000000,NULL,0x,0
121,0x9eaccafae2f752b1ff763fbb46910647b91171159687f63163d083a6d21ec7ab,5679784,1527335058,0x63cdd7f7f28727e6a5d16418c402073ff48b8e52,0x722ae7f8e6e0d3390de270c2657e00f5e6c29b3b,0.007000000000000000,NULL,0x,0
122,0x61d8ef202d4880fac8359fedc229c1e704350d3fa1e04a97ba382c52529350a4,5693265,1527540022,0x63cdd7f7f28727e6a5d16418c402073ff48b8e52,0x85e076361cc813a908ff672f9bad1541474402b2,0E-18,NULL,0xa9059cbb000000000000000000000000e64db3a566fd4f841479b8c06ef8081b2d46fdb70000000000000000000000000000000000000000000000000000000000af1068,0
123,0xc2a50c280b42555d63738ee66d4bd1026f7ff6e3ca17b4b71d68f69e1ac6358b,5693275,1527540098,0x63cdd7f7f28727e6a5d16418c402073ff48b8e52,0x5c3a228510d246b78a3765c20221cbf3082b44a4,0E-18,NULL,0xa9059cbb000000000000000000000000e64db3a566fd4f841479b8c06ef8081b2d46fdb700000000000000000000000000000000000000000000079b3e4e52fd8e538000,0
124,0x92a335e3fc0403e579624b3a0199da0ef53ff5ca540ada7780d8666e092a2919,5693282,1527540217,0x63cdd7f7f28727e6a5d16418c402073ff48b8e52,0xe34e1944e776f39b9252790a0527ebda647ae668,0E-18,NULL,0xa9059cbb000000000000000000000000e64db3a566fd4f841479b8c06ef8081b2d46fdb700000000000000000000000000000000000000000000015c922cf46661b715a0,0
125,0xb7a073e1e8fb6dfc5c64138673945d731af56d6450dfe1f04301d9b7de7ff030,5693300,1527540446,0x63cdd7f7f28727e6a5d16418c402073ff48b8e52,0x4672bad527107471cb5067a887f4656d585a8a31,0E-18,NULL,0xa9059cbb000000000000000000000000e64db3a566fd4f841479b8c06ef8081b2d46fdb7000000000000000000000000000000000000000000000366b048e636f3b90000,1
126,0x0e017a573a65f47ab54d4090f30c21495e80815114920cbfff8b2f4e54f2ad2f,5693314,1527540669,0x63cdd7f7f28727e6a5d16418c402073ff48b8e52,0xe469c4473af82217b30cf17b10bcdb6c8c796e75,0E-18,NULL,0xa9059cbb000000000000000000000000e64db3a566fd4f841479b8c06ef8081b2d46fdb700000000000000000000000000000000000000000000000000000000000f4240,0
127,0x500c5e3f5aaf65fb321ad42005f3999d52f4c833facc3201ad9d948cb0dcdce0,5693326,1527540818,0x63cdd7f7f28727e6a5d16418c402073ff48b8e52,0x72dd4b6bd852a3aa172be4d6c5a6dbec588cf131,0E-18,NULL,0xa9059cbb000000000000000000000000e64db3a566fd4f841479b8c06ef8081b2d46fdb700000000000000000000000000000000000000000000000650d76633aef2ab40,0
128,0x93728e3a891915d71ed901115fa6487d63c647a104257244e9f86b5f73f3ed89,5693337,1527540962,0x63cdd7f7f28727e6a5d16418c402073ff48b8e52,0x5b26c5d0772e5bbac8b3182ae9a13f9bb2d03765,0E-18,NULL,0xa9059cbb000000000000000000000000e64db3a566fd4f841479b8c06ef8081b2d46fdb700000000000000000000000000000000000000000000000000000053a3d79460,0
129,0x33f1a4133c54006c5dab92df38d675ae24bd8b3198acde90337471057a7f2723,5693341,1527541033,0x63cdd7f7f28727e6a5d16418c402073ff48b8e52,0x93e682107d1e9defb0b5ee701c71707a4b2e46bc,0E-18,NULL,0xa9059cbb000000000000000000000000e64db3a566fd4f841479b8c06ef8081b2d46fdb700000000000000000000000000000000000000000000000000000013532f7e00,0
130,0xadb49e32dbd98147fce6033f7a4e23e5dbaf21e289c2861f9111f3390539e691,5693353,1527541195,0x63cdd7f7f28727e6a5d16418c402073ff48b8e52,0xf244176246168f24e3187f7288edbca29267739b,0E-18,NULL,0xa9059cbb000000000000000000000000e64db3a566fd4f841479b8c06ef8081b2d46fdb70000000000000000000000000000000000000000000000051dedfe2500472000,0
131,0xc125e6fc92ef32d9ee06b836c268a01c04d1321a0caa1c83b4ccbd67c6ec5965,5693359,1527541270,0x63cdd7f7f28727e6a5d16418c402073ff48b8e52,0x809826cceab68c387726af962713b64cb5cb3cca,0E-18,NULL,0xa9059cbb000000000000000000000000e64db3a566fd4f841479b8c06ef8081b2d46fdb700000000000000000000000000000000000000000000006194049f30f7200000,0
132,0x80fa830293ca1ec41f7a1dffa616a1fe6c5fc096e18513159c17152b85edb764,5693374,1527541527,0x63cdd7f7f28727e6a5d16418c402073ff48b8e52,0x47dd62d4d075dead71d0e00299fc56a2d747bebb,0E-18,NULL,0xa9059cbb000000000000000000000000e64db3a566fd4f841479b8c06ef8081b2d46fdb70000000000000000000000000000000000000000000003635c9adc5dea000000,0
133,0xc8bc03b7d91caa63ec9ebf064b275751716c88417ba31e33a536dfec7587ec78,5693386,1527541687,0x63cdd7f7f28727e6a5d16418c402073ff48b8e52,0xffe02ee4c69edf1b340fcad64fbd6b37a7b9e265,0E-18,NULL,0xa9059cbb000000000000000000000000e64db3a566fd4f841479b8c06ef8081b2d46fdb7000000000000000000000000000000000000000000000000000001d1a94a2000,0
134,0xf07a9d6c2f79d13e27e86528813e2f2a00027a3793c051ff922200bbb45cab77,5693396,1527541844,0x63cdd7f7f28727e6a5d16418c402073ff48b8e52,0xd0929d411954c47438dc1d871dd6081f5c5e149c,0E-18,NULL,0xa9059cbb000000000000000000000000e64db3a566fd4f841479b8c06ef8081b2d46fdb700000000000000000000000000000000000000000000000000000000020586b8,1
135,0xcf7b66b727e4ee63a1966a70bb97b3ebc9b96e6c55d0c67a2a736b2421d6ae73,5693411,1527542033,0x63cdd7f7f28727e6a5d16418c402073ff48b8e52,0x17f8afb63dfcdcc90ebe6e84f060cc306a98257d,0E-18,NULL,0xa9059cbb000000000000000000000000e64db3a566fd4f841479b8c06ef8081b2d46fdb70000000000000000000000000000000000000000000000a8c6105065af048000,0
136,0x4c7c942757a1121d2a4d40369058f7b4dc714b85125627cbb5d22000aaefbd71,5693415,1527542118,0x63cdd7f7f28727e6a5d16418c402073ff48b8e52,0xd0929d411954c47438dc1d871dd6081f5c5e149c,0E-18,NULL,0xa9059cbb000000000000000000000000e64db3a566fd4f841479b8c06ef8081b2d46fdb700000000000000000000000000000000000000000000000000000000020586b8,0
137,0xf80ab747d11209aa981f5ad1b2b2c9769858193e4e5e651c0321c634a8283de8,5693433,1527542374,0x63cdd7f7f28727e6a5d16418c402073ff48b8e52,0x327682779bab2bf4d1337e8974ab9de8275a7ca8,0E-18,NULL,0xa9059cbb000000000000000000000000e64db3a566fd4f841479b8c06ef8081b2d46fdb70000000000000000000000000000000000000000000000053444835ec5800000,0
138,0x026128222a724b8e4bc7a225ae803f39b8bf650ec24ca259cb68faec420acc7e,5693449,1527542600,0x63cdd7f7f28727e6a5d16418c402073ff48b8e52,0xf230b790e05390fc8295f4d3f60332c93bed42e2,0E-18,NULL,0xa9059cbb000000000000000000000000e64db3a566fd4f841479b8c06ef8081b2d46fdb70000000000000000000000000000000000000000000000000000000012ce3f1c,0
139,0x2d3a003945ef074bc6485e745e02ab1a0300dc9a9dd479e47a39779c29b9231d,5693478,1527543046,0x63cdd7f7f28727e6a5d16418c402073ff48b8e52,0x4672bad527107471cb5067a887f4656d585a8a31,0E-18,NULL,0xa9059cbb000000000000000000000000e64db3a566fd4f841479b8c06ef8081b2d46fdb7000000000000000000000000000000000000000000000366b048e636f3b90000,0
140,0xf00d22163573b25ec52d872640cd6284790650355259d074a77f7b5b11b3ef5e,5722626,1527990391,0x63cdd7f7f28727e6a5d16418c402073ff48b8e52,0x6531f133e6deebe7f2dce5a0441aa7ef330b4e53,0E-18,NULL,0xa9059cbb000000000000000000000000e64db3a566fd4f841479b8c06ef8081b2d46fdb70000000000000000000000000000000000000000000000000000000009a7ec80,0
141,0x4e25f366156a2d4b4c555d25f527e892294ce1cdac2e4526e4e20b337c2be75f,5722657,1527990832,0x63cdd7f7f28727e6a5d16418c402073ff48b8e52,0x9a93207218e049a60c01c04d3d0e399ede0dc38c,0.558214073328295716,NULL,0x,0
142,0x8cb05c30b8759f8bc15af68c00f7d8275b6cbbe1c16075c24e3a7c56d0601dc0,5731058,1528119894,0x43f95535eea5cf06515249348f294dc99582d83b,0x63cdd7f7f28727e6a5d16418c402073ff48b8e52,0.009000000000000000,NULL,0x,0
143,0x34e74430d71638ad24263e48f982371ec02421f8767f02fa701335f2cf8aef62,5731075,1528120207,0x63cdd7f7f28727e6a5d16418c402073ff48b8e52,0x47dd62d4d075dead71d0e00299fc56a2d747bebb,0E-18,NULL,0xa9059cbb000000000000000000000000e64db3a566fd4f841479b8c06ef8081b2d46fdb70000000000000000000000000000000000000000000003635c9adc5dea000000,0
144,0x0897150cba7ae45c227e4fb644761bd123732a6e986344b63aa91725ad400e15,5731090,1528120431,0x63cdd7f7f28727e6a5d16418c402073ff48b8e52,0x88a3e4f35d64aad41a6d4030ac9afe4356cb84fa,0E-18,NULL,0xa9059cbb000000000000000000000000e64db3a566fd4f841479b8c06ef8081b2d46fdb700000000000000000000000000000000000000000000000821ab0d4414980000,0
145,0x091df6a312f20048fa6111d5626110924a4846effa57917b59faa6b0ba7415f3,5731100,1528120533,0x63cdd7f7f28727e6a5d16418c402073ff48b8e52,0xfa1a856cfa3409cfa145fa4e20eb270df3eb21ab,0E-18,NULL,0xa9059cbb000000000000000000000000e64db3a566fd4f841479b8c06ef8081b2d46fdb70000000000000000000000000000000000000000000000212d34c57c2b100000,0
146,0xa17681cc2bc647bcaefee47beaa8978e0c9634f1b41ad8f5417a7c11123f10f5,6011277,1532283223,0x63cdd7f7f28727e6a5d16418c402073ff48b8e52,0x26d5bd2dfeda983ecd6c39899e69dae6431dffbb,0E-18,NULL,0xa9059cbb0000000000000000000000007d2dbbd33030a86cf21d7cfb1051f7ba1a4598fb00000000000000000000000000000000000000000000003635c9adc5dea00000,0
147,0xdaf0d6337802154185f5943f69fc8a35d6f69388950550eeb04d3670d7094956,6131144,1534032557,0x63cdd7f7f28727e6a5d16418c402073ff48b8e52,0x79d385f11536f40d07530ccce540c13642b723f6,0.002397278000000000,NULL,0x,0
