,TxHash,BlockHeight,TimeStamp,From,To,Value,ContractAddress,Input,isError
0,0x55705b97b2252c68540573c20fa60006b24e7b407a737d2d0d301c5fc45c7aa2,4849904,1515024049,0xb275e46503fcab9589b038d582af013c3c8ddc29,0x64f3502c4b6b7e7f106e7ab1f175a4e2c2fde45f,0.370000000000000000,NULL,0x,0
1,0xe3aa91bd7715ea66339483220f95b9283d9ec4b8f6ad44722b518dfd1d1fe1ba,4849918,1515024303,0x5268068f08645e9edb63097fad95afe8167efdf8,0x64f3502c4b6b7e7f106e7ab1f175a4e2c2fde45f,0.006868458000000000,NULL,0x,0
2,0x8abd5dd2fd3d90a26238fb564c7e15760656bcb72b622fc8c67baa8786fce2be,4849986,1515025448,0x2cabf8121073def200d0c796bc550788ff121bdd,0x64f3502c4b6b7e7f106e7ab1f175a4e2c2fde45f,0.008403265000000000,NULL,0x,0
3,0xb4b01609de16867c94360a6e39fdc9dcb19be4011d91df0850f036a75cd0d052,4850729,1515037895,0x5a93f23dbe5c32313798efe291755c3d51fe93cc,0x64f3502c4b6b7e7f106e7ab1f175a4e2c2fde45f,0.008273800000000000,NULL,0x,0
4,0xdb096bb6daab4da283b7cf809e79e177f6ec2925f5359023a9657d81e5217c5f,4850803,1515039231,0x47d18e6c90adba9d70ca6bd0df8d3a596eb01013,0x64f3502c4b6b7e7f106e7ab1f175a4e2c2fde45f,0.035099572000000005,NULL,0x,0
5,0xd2da51e145da02bf97258bd5e32b702f74f998f605dc2186dbbd9aefdfd907f0,4851248,1515045944,0x5f908790cea7405def0cef3e4db17fa132dba195,0x64f3502c4b6b7e7f106e7ab1f175a4e2c2fde45f,0.007398640000000000,NULL,0x,0
6,0x07010bad5a1689f47b4a7b13a5c4630fa9480890a60fb4a376c057207cf98efe,4851470,1515048972,0xdf8d7bb1a690ebdec088244e76b4a0ef0788544e,0x64f3502c4b6b7e7f106e7ab1f175a4e2c2fde45f,13.210000000000000000,NULL,0x,0
7,0xb8d33ff504ee5d4f420c6d47a3ce4a8409bb5aa286e26e7faeec4aba0ffbc8c4,4851514,1515049615,0xdf8d7bb1a690ebdec088244e76b4a0ef0788544e,0x64f3502c4b6b7e7f106e7ab1f175a4e2c2fde45f,0.015383540486966740,NULL,0x,0
8,0x1d575b8cc9cdde3774a8a672a3c10431a97ec81f664045f8db5c1a9dc8e86f59,4852323,1515062087,0x4c878ce82fdca4c4f67f30da2fe3f80c7d8d2103,0x64f3502c4b6b7e7f106e7ab1f175a4e2c2fde45f,0.008405633000000000,NULL,0x,0
9,0xb25d464373421d7cf0915e5c05932a984a8a17a1020f79e2f25f9639b8105ba4,4853217,1515075729,0xa0f244481dd6d3d0f3dbc86a3ec7c4e471ec31df,0x64f3502c4b6b7e7f106e7ab1f175a4e2c2fde45f,0.008276360000000000,NULL,0x,0
10,0x58edf29fa6da2cf77adf6c2c3508e0837d40764eacd76b8c54db0a56db75977f,4854438,1515095699,0xe4d754d5fec28b037dffb65129a4632afbe5be42,0x64f3502c4b6b7e7f106e7ab1f175a4e2c2fde45f,17.100000000000000000,NULL,0x,0
11,0x6f098ef6b5bea9e521c7fd8e18e48e7e7b00b522ac841c45cdc9d62db1254fba,4854460,1515096097,0xe4d754d5fec28b037dffb65129a4632afbe5be42,0x64f3502c4b6b7e7f106e7ab1f175a4e2c2fde45f,0.012691699000000000,NULL,0x,0
12,0xb0dbac0edfc4790b63ef2cf427dcced786c07ca173ff8fb8d371affbc85f1018,4854962,1515103942,0x970fbaaf2a40f80e3d36c56b7a49fad5ddc09287,0x64f3502c4b6b7e7f106e7ab1f175a4e2c2fde45f,0.008273800000000000,NULL,0x,0
13,0x13667aab5ebb1d1c6b1c471bf9f14b3b77e3513df74f9ba0484804b2853ae6e3,4855238,1515108426,0x64f3502c4b6b7e7f106e7ab1f175a4e2c2fde45f,0xf230b790e05390fc8295f4d3f60332c93bed42e2,0E-18,NULL,0xa9059cbb0000000000000000000000008051aa586a37c2754ef17a95bc369068a79651d5000000000000000000000000000000000000000000000000000000000c5afe90,0
14,0xc82a1d09b5fcebd4c029d4f9e93936709b1508db22ec4a4e03cecdab7fa84c7e,4855768,1515117287,0x4778e0fd605a02d0ceb1241f020c2e9adc3f06f6,0x64f3502c4b6b7e7f106e7ab1f175a4e2c2fde45f,0.007029381000000000,NULL,0x,0
15,0xd6d4eee50b54b9c8d2401c5ab068651927354fc8963993e5a7e7dfc7fcaef06b,4855851,1515118738,0x71f0cbcdca338ca48ff575e8032bb0eb82fa6cb7,0x64f3502c4b6b7e7f106e7ab1f175a4e2c2fde45f,3.500000000000000000,NULL,0x,0
16,0x366e338698ea21b6f02a669bdfc5a02a146a1cdde1b1000ad17f19fa19bd2a95,4855852,1515118755,0xfc0384244dfe8daf2f1bfef533010e3d57ca6b63,0x64f3502c4b6b7e7f106e7ab1f175a4e2c2fde45f,0.008403265000000000,NULL,0x,0
17,0xe923cfa945aa3120cb87dc64535ccc06fcf30e036d7918cd7362880ff02e7e0d,4855885,1515119333,0x71f0cbcdca338ca48ff575e8032bb0eb82fa6cb7,0x64f3502c4b6b7e7f106e7ab1f175a4e2c2fde45f,0.105013456199915898,NULL,0x,0
18,0x47c0dc04ee41b8f05c74af0cf80b6dabbec7fe31d6dca6b9f3541946af13d465,4856002,1515121311,0x98b638c1b6fcdcc6e2e8d3f240379aefd444a60e,0x64f3502c4b6b7e7f106e7ab1f175a4e2c2fde45f,0.009810050000000000,NULL,0x,0
19,0x02020e8361d03495ff82afe4c3de5ec499784632a4d718b01855d8ba984f0528,4856016,1515121539,0x98b638c1b6fcdcc6e2e8d3f240379aefd444a60e,0x64f3502c4b6b7e7f106e7ab1f175a4e2c2fde45f,0.008405633000000000,NULL,0x,0
20,0x84f5fdeaf8c5008e74d0986a7d94258718105d9101fa0e4b2bea5f12b8ce134d,4856439,1515128444,0xb5d262a105b074354c48d1ca29ecb4631612c571,0x64f3502c4b6b7e7f106e7ab1f175a4e2c2fde45f,0.100484900000000000,NULL,0x,0
21,0x523f9adf7c3dfd85b3a8bb952184a77811b2ea076f2826c05edb5385c7a1df0c,4857081,1515139013,0xe1341fdc11ec8918bffeca07b8d371bbdf3ae3b4,0x64f3502c4b6b7e7f106e7ab1f175a4e2c2fde45f,0.008273800000000000,NULL,0x,0
22,0xdf4e6de1198d3640fc2781c58f4cab9ec6947948eb63f1f59e837a96ea1238e1,4858451,1515160442,0xf653dcdec7080946254560cd842e2e7e2703b2b1,0x64f3502c4b6b7e7f106e7ab1f175a4e2c2fde45f,0.023936930000000000,NULL,0x,0
23,0x2172c801232a9cbbc8b40361e0ae08b50609cb9231a1ba461df2db0ab4478575,4859161,1515171955,0xe07ee1cc1daba95a5f51cd15131a3e22207ef77c,0x64f3502c4b6b7e7f106e7ab1f175a4e2c2fde45f,0.008472513000000000,NULL,0x,0
24,0xd0a72972fe268a1a24ab8f98de5fe7d7ed722c888bea30f2a8a7067ea5f0b916,4859288,1515173787,0xd464876bc6334345e29a66f101cd9e2cad50bd79,0x64f3502c4b6b7e7f106e7ab1f175a4e2c2fde45f,0.008243520000000000,NULL,0x,0
25,0x585e3236e509ddabde5eb5bc0238709b3a0b6c90283c28cbe6f5ba3f4e107768,4859744,1515181329,0x887310a7d18404f56967cfee8724ebe63fbd311d,0x64f3502c4b6b7e7f106e7ab1f175a4e2c2fde45f,0.001798650000000000,NULL,0x,0
26,0xd92b9fbca1e236490ab025b48b1df1c3a4c614c42f380226df652d181e4c3abf,4861025,1515202259,0x64f3502c4b6b7e7f106e7ab1f175a4e2c2fde45f,0xf230b790e05390fc8295f4d3f60332c93bed42e2,0E-18,NULL,0xa9059cbb000000000000000000000000182519bdff94407f43ca6bcb15badea1725074770000000000000000000000000000000000000000000000000000000000000fb3,0
27,0x731d7296f91e61c24cc2c9c79e936c050609d0f0e4247382423c2475eba748f0,4861379,1515207844,0x8dd6ac5161804373f4758e4a3f1236ed878169dc,0x64f3502c4b6b7e7f106e7ab1f175a4e2c2fde45f,0.062959619298625266,NULL,0x,0
28,0xe29d13dcd686ad99c5fe6bd90fd94ba41c868754b7877c580d54da8cf0b2ddbc,4861437,1515208792,0x513ab9444c277bd595787683d375a5fdd339b6ee,0x64f3502c4b6b7e7f106e7ab1f175a4e2c2fde45f,0.011144040000000000,NULL,0x,0
29,0x67347d8607b4f37c500f05fa3fe8fa5ab5ee4295f7e37b46adae19f99449de0e,4861459,1515209120,0x46765e8176436019c2f9e30e3eae9801b4766b31,0x64f3502c4b6b7e7f106e7ab1f175a4e2c2fde45f,0.007276048000000000,NULL,0x,0
30,0x71f9de2c67ea6f6e1e3d8321e8e38a9f4c7870957ce3584700b857e9bd6e7c63,4861511,1515209983,0x58a8147a2ef67116165eef2ac427a2ca789ec2c5,0x64f3502c4b6b7e7f106e7ab1f175a4e2c2fde45f,0.006154540000000000,NULL,0x,0
31,0x046fac015126e7be43b12419c251d5c2d136889dc4549c899e697914105a3919,4861511,1515209983,0x51c635ac87afe1be960cfa0f93eda4a3d15af80c,0x64f3502c4b6b7e7f106e7ab1f175a4e2c2fde45f,0.009485440000000000,NULL,0x,0
32,0x371290da60a7156307553abaf762e3f90717b6ed26bfb102f5feed6cc5581d57,4861529,1515210308,0x19d7d25ff34de9623ad9232dbf02afc2ca9083c9,0x64f3502c4b6b7e7f106e7ab1f175a4e2c2fde45f,0.007414540000000000,NULL,0x,0
33,0x748f388096fe683df47b3f18cf3e3219b6d3441e4b2412bd0ef355203060b8b9,4862076,1515219532,0x6708ecc385576fc8784e78b35acd9a18b84b69ec,0x64f3502c4b6b7e7f106e7ab1f175a4e2c2fde45f,0.701266620000000000,NULL,0x,0
34,0x2651da735e8f134778d5ea83f995bafc958693d131811fb5b0f3ffb5f378fc0a,4862200,1515221382,0xe9e963a1dcdbd2bb541a317e4e3491ec45470089,0x64f3502c4b6b7e7f106e7ab1f175a4e2c2fde45f,0.018740000000000000,NULL,0x,0
35,0x4c1d1125f92e1396050497f9f3f73a1dc60e23d8f8f8073f22bd6266ecdc56d5,4862560,1515226987,0xbdb90e2339fca27b54b677a812ffae373908d20f,0x64f3502c4b6b7e7f106e7ab1f175a4e2c2fde45f,2.980000000000000000,NULL,0x,0
36,0xfa0fb1724a9fd03decc4b9673338b89f49e00830a941effe5255a70625cdc6fc,4862617,1515228038,0xbdb90e2339fca27b54b677a812ffae373908d20f,0x64f3502c4b6b7e7f106e7ab1f175a4e2c2fde45f,0.013458200000000000,NULL,0x,0
37,0xecaa68206082ccf7ea6fe3dacba6d26b859d09c17ee214ff9bd8c17c31f521bf,4862645,1515228488,0x027f357d8e520d9661c222b47ff6b5276386b93c,0x64f3502c4b6b7e7f106e7ab1f175a4e2c2fde45f,0.007414540000000000,NULL,0x,0
38,0xb3fbdbb7b6824409fb10f52524e6d1a7254d07bcf68319b7ce6869ff675eb5b8,4862824,1515231111,0x7eb23b5e385294153301cef356264daf214565a7,0x64f3502c4b6b7e7f106e7ab1f175a4e2c2fde45f,0.002018380000000000,NULL,0x,0
39,0x1a997431d42c691d5e4a15c93523500b74f5666e9fd3f9432b569d876624ae60,4863700,1515245474,0x3d6de15e67a2ca79a811b92bafd82d5f08996320,0x64f3502c4b6b7e7f106e7ab1f175a4e2c2fde45f,0.007414540000000000,NULL,0x,0
40,0x9e973d4c43d105282a735eb84a068dc99dfbc50375dfb989cda41fb0734b5e1b,4864135,1515251937,0xe61e5976bedab6c204c51603b8b34598909691ea,0x64f3502c4b6b7e7f106e7ab1f175a4e2c2fde45f,0.030740000000000000,NULL,0x,0
41,0x06a39baa0643ed8ed1074a9c09ce0cd333257df5915a618e7b16442b5d51ce1c,4865758,1515277697,0x135fe120deba318c505ae32be843bfa57ac0347a,0x64f3502c4b6b7e7f106e7ab1f175a4e2c2fde45f,0.131634450000000000,NULL,0x,0
42,0xb13d27fc7d1bb0a4a496547bff2224d5bc0a5bdec526145d53b08a2f6ff43038,4868242,1515316737,0x51dd55da4136aded5bb17ba4f36a968477ef8881,0x64f3502c4b6b7e7f106e7ab1f175a4e2c2fde45f,0.057335330000000000,NULL,0x,0
43,0xc13ab7a9930a1d184b8c4df8cfa972f061a1688e42ef891b61d5c45aa02716e9,4868354,1515318438,0x577605aa89a35f85760702600ac77cd0fc92ff15,0x64f3502c4b6b7e7f106e7ab1f175a4e2c2fde45f,0.348771103413268853,NULL,0x,0
44,0x261437cbe53d34d9a22430d142d3f4cecab25b624b6308c60b1d67b253eba0db,4868850,1515326794,0x6c4036898a9cbff2fe571060ca8dec52ed957ce1,0x64f3502c4b6b7e7f106e7ab1f175a4e2c2fde45f,0.006519940000000000,NULL,0x,0
45,0x859f8d64f6620ddf61332dd0fddb978d2b37115142d02a037f0c4861e7cf46f9,4869002,1515329086,0x5d66c2f6668052fcf38795e7b7db149394b971f5,0x64f3502c4b6b7e7f106e7ab1f175a4e2c2fde45f,1.616111000000000000,NULL,0x,0
46,0x9ffbd64e5e4946997bbaf3dd7f92ffd62b9ffbb7a385dbf3a13a3c8bbbc947ed,4869060,1515329989,0x6f184aae1202adcf7506a0c2aced875922cc1376,0x64f3502c4b6b7e7f106e7ab1f175a4e2c2fde45f,1.450000000000000000,NULL,0x,0
47,0xd886eedbe60dbbe129f35d2308847e6d19aa61b6e7de5c0b0e584776b7187621,4869074,1515330235,0x6f184aae1202adcf7506a0c2aced875922cc1376,0x64f3502c4b6b7e7f106e7ab1f175a4e2c2fde45f,0.046023080000000000,NULL,0x,0
48,0xe514871a331b7ef7ce3ece50028da23dcf15aa006dadb0ec6a845e41858fe26d,4869593,1515338210,0x869b07db592a90b90637f5b3729ca2021acc9e73,0x64f3502c4b6b7e7f106e7ab1f175a4e2c2fde45f,0.007414540000000000,NULL,0x,0
49,0x9bfc8ecbc681d1d8f39054851b37aceff50aa2811895fbb6edd8b83522c752eb,4869625,1515338762,0x0463b9e3927ceb74ab253241f3d199df7c5d7e9c,0x64f3502c4b6b7e7f106e7ab1f175a4e2c2fde45f,0.003817054000000000,NULL,0x,0
50,0x5bad4fbcdaa4d5b6f6221aa93d23faa6fd1b66e2fb319ae0fe60941192bf1349,4869675,1515339493,0xe3c95556ddef6b35e93c19658ccdbbf43635baf0,0x64f3502c4b6b7e7f106e7ab1f175a4e2c2fde45f,0.017414540000000000,NULL,0x,0
51,0xe03f8b66ab044accdc66593ee061c4affe6719a6eac6f41df68a2f8aad50660f,4869814,1515341682,0xd6445c15affeb68b7c058ba58eca12b18dadc7b7,0x64f3502c4b6b7e7f106e7ab1f175a4e2c2fde45f,6.820000000000000000,NULL,0x,0
52,0x1c263434a00db11bfa7d8719891f6b06731d4cbe188873b21328ab0162925986,4869822,1515341813,0xd6445c15affeb68b7c058ba58eca12b18dadc7b7,0x64f3502c4b6b7e7f106e7ab1f175a4e2c2fde45f,0.017382820000000000,NULL,0x,0
53,0x8af47eb9ebd96db42e5d0e710689b95bc4a0e4188f5d18d7f22399d1d303ff9c,4869971,1515344140,0x1cbeb6d5bf5d2473b809245c28173f99b53c64e4,0x64f3502c4b6b7e7f106e7ab1f175a4e2c2fde45f,0.017410700000000000,NULL,0x,0
54,0x75223bf13c5e8b26fbcac535a76c1a847e676ee9dd29fad9ca5b82084e3d3249,4870211,1515347848,0xa135b3deea36ec8bb47512fa1c9164b7803f1d75,0x64f3502c4b6b7e7f106e7ab1f175a4e2c2fde45f,0.023925240000000000,NULL,0x,0
55,0x19708d04e522bf7c92d8afd9ddc9bf664f9818e472f604ddb6841ad0d86a1000,4870216,1515347925,0x91474d2617686d6fc05fec81a7ce569f53c2800d,0x64f3502c4b6b7e7f106e7ab1f175a4e2c2fde45f,0.007414540000000000,NULL,0x,0
56,0xd4455d6b52993b40abbf8cf0a2958c57e56c7eff55a1a6a989a4d3384d905e41,4870388,1515350679,0x3d3b55714032eb4658b924dd5087c378a9cbbde9,0x64f3502c4b6b7e7f106e7ab1f175a4e2c2fde45f,0.007414540000000000,NULL,0x,0
57,0x399160f09c21b1c8d3435f2c154fc91b32f724af913deb35301dacb59108aa86,4870430,1515351237,0x69d32beb87f17121c70ba5b7181b927914f225e9,0x64f3502c4b6b7e7f106e7ab1f175a4e2c2fde45f,0.007442220000000000,NULL,0x,0
58,0x53fb766085b4ee84ddec244fd6816eafe937624ae437ddb6c4a8c05f21d1fc2e,4870589,1515353653,0x74c02ba853890cb585f73dea41bea506a2ae2cfc,0x64f3502c4b6b7e7f106e7ab1f175a4e2c2fde45f,0.144313890000000000,NULL,0x,0
59,0xfb02867b952fcaf1e68c3e235ac30b0e55ff3ca82a8fc157e1375a439614c943,4870612,1515354013,0xd417a20b8aa5fa7494d22aa15b9cefa1dcaaf178,0x64f3502c4b6b7e7f106e7ab1f175a4e2c2fde45f,0.007414540000000000,NULL,0x,0
60,0xa194987421a9cd642a4a96880f501ce391c44aad60983be7b5d3218758e0e952,4870684,1515355066,0x79b675be77912da8e049bda38eec5c9eb92d43eb,0x64f3502c4b6b7e7f106e7ab1f175a4e2c2fde45f,0.039653003000000000,NULL,0x,0
61,0x1dcd85c89f7ec68f942ce29ef74f520ec99892f33b0654354b91a199e299f42f,4870938,1515358772,0x2015614260213629e4ca8bc8386a8254a961f992,0x64f3502c4b6b7e7f106e7ab1f175a4e2c2fde45f,0.116740050000000000,NULL,0x,0
62,0x521fbe0182a5eca7d334b2abb181796a21929e51e65229beec0ff6b84ddee5d8,4870945,1515358898,0x21befb84636ed24ce4320cd0b03df7dbdbdbe433,0x64f3502c4b6b7e7f106e7ab1f175a4e2c2fde45f,0.361330000000000000,NULL,0x,0
63,0x30e395f8e082effba73629ed7ba9e31a545e65ba1b0cc623cb6c51eb83cdcbe6,4871132,1515361796,0x8f7509bfb69a12c4990610751188aa14a54724b0,0x64f3502c4b6b7e7f106e7ab1f175a4e2c2fde45f,0.017527020000000000,NULL,0x,0
64,0x0d719887ea0133bb6928bc00b6f469211d9239216e92afc82a68bec5bd281c65,4871589,1515368737,0xaf49276bd91e6ab8ce47feedc6e69aa7d2f96a2a,0x64f3502c4b6b7e7f106e7ab1f175a4e2c2fde45f,0.015955460000000000,NULL,0x,0
65,0xb4b35ea4db4bb677bca5aa58d0407deb00e3cde63caafbddaa76557c39988adf,4871613,1515369041,0x38d356fc9a821de052f553b9b1baad97e9dbb089,0x64f3502c4b6b7e7f106e7ab1f175a4e2c2fde45f,0.004829080000000000,NULL,0x,0
66,0x74ebed559b60ceb35470781260a1a3f23126f1b0312522d92ca0198b55536401,4871845,1515372805,0x8921620542a879047cd7d91652f37806744dfd2c,0x64f3502c4b6b7e7f106e7ab1f175a4e2c2fde45f,0.296562320000000000,NULL,0x,0
67,0x9a0de12f3c97cc78d1d7331463741506d6467b24a7813c775829198984f092bc,4872128,1515377240,0x05cf76403a7e28f81ec1749a9f75f94064a0918a,0x64f3502c4b6b7e7f106e7ab1f175a4e2c2fde45f,0.007410700000000000,NULL,0x,0
68,0xb75f80dd42a6b8c75ebfd07790cf7886dc83e318016f22fcaccae0f49acf704b,4872453,1515382439,0x674471df252b77003c0f2d0c9734d80891ce0b65,0x64f3502c4b6b7e7f106e7ab1f175a4e2c2fde45f,0.147369120000000000,NULL,0x,0
69,0x3d11dbdd36ff5fb21d74e100216741f8fcdd636b3e20cb3d07822be62d4bcfd4,4872737,1515387317,0x64f3502c4b6b7e7f106e7ab1f175a4e2c2fde45f,0xf230b790e05390fc8295f4d3f60332c93bed42e2,0E-18,NULL,0xa9059cbb000000000000000000000000dac0d8ebb0a5f9d66caefebf0e02f1ad96fda1c80000000000000000000000000000000000000000000000000000009842d3b9b1,0
70,0xcd83ad424b0b594923febd8a90c72b66390f17e6d5cdb861d28dd18cccf25e43,4872876,1515389539,0xe21cf3cdcb5d6c3f2f603a74f2eec41cb93e08c4,0x64f3502c4b6b7e7f106e7ab1f175a4e2c2fde45f,0.007981760000000000,NULL,0x,0
71,0xb546c535ea719aa18b9132eafe85fa9cc24f182ae9b7dd72a34d987b2068043a,4873028,1515392186,0x58f6fa31cd4b6a7328e29f002e8ff4582bcec068,0x64f3502c4b6b7e7f106e7ab1f175a4e2c2fde45f,0.016510700000000000,NULL,0x,0
72,0xc36f98bafe08b715f06b257c516075a47b5e75c3447555f4497448b3293be663,4873073,1515392878,0x074238a35819559258c080715030d2f2aa46c52c,0x64f3502c4b6b7e7f106e7ab1f175a4e2c2fde45f,0.007414540000000000,NULL,0x,0
73,0xf6b82a0dac1b9af2ba3f7a262abd1e385b4194ceaa1c7d8ed8c780329bf30a59,4873532,1515399902,0x6d1bf062a74550eac5579cbf6b7197ae6ddf4671,0x64f3502c4b6b7e7f106e7ab1f175a4e2c2fde45f,1.528106292688595814,NULL,0x,0
74,0x7931c29c611d100614d686a90a2bae3c0f998403b5e833f732e5853e5c4ea806,4874085,1515408435,0xfa3dd1a1b4d2581824d75558f83c598893ff9080,0x64f3502c4b6b7e7f106e7ab1f175a4e2c2fde45f,0.077653055000000000,NULL,0x,0
75,0x5d28be313c4801804b58d42c39313163d5a89eb3c4117b799e8289c9e726eccd,4874144,1515409340,0x2fd6f8b6b75f98b3bf95a49c0148b89eb8fca3cf,0x64f3502c4b6b7e7f106e7ab1f175a4e2c2fde45f,0.007418380000000000,NULL,0x,0
76,0x0f9d5340454a1cd07b7e504355d0cbca61f05be19aeb1f7029a00e3135a38552,4874581,1515416311,0x80f2c702d164bd53008f8441f5384a9b3db8ee25,0x64f3502c4b6b7e7f106e7ab1f175a4e2c2fde45f,0.013296900000000000,NULL,0x,0
77,0xab522533548d213d711ddbbb246081893fc886ae4c941b2d1b0bd2bba9daea0e,4874704,1515418313,0x2dd78d8e0ffc595886ffffb9d3afd1f4e5011b3d,0x64f3502c4b6b7e7f106e7ab1f175a4e2c2fde45f,0.763457518401255424,NULL,0x,0
78,0x01ab74f0b44412093f5f6d9844ff2e15a818f119721d2b0407fb2fa68c1fef0b,4875246,1515427585,0x807df2dc6b50fe0bcc7df0fdebed505420473350,0x64f3502c4b6b7e7f106e7ab1f175a4e2c2fde45f,0.037951426000000000,NULL,0x,0
79,0x7c1f6ba6504aed934c31d8860a542b571aa29cd0a230a943ab062c70a5001416,4875391,1515429889,0x0e9cd5b4d16f18eb13ce6c8954ec727561d585c4,0x64f3502c4b6b7e7f106e7ab1f175a4e2c2fde45f,0.007414540000000000,NULL,0x,0
80,0x607244e5cfe9dd82233842131340afd4befe253cdccdfdbb7136dd4692d86f82,4875417,1515430230,0xdaaf32850eeaf5bb078760d9aff04185d37a75f4,0x64f3502c4b6b7e7f106e7ab1f175a4e2c2fde45f,1.980000000000000000,NULL,0x,0
81,0xc234d85488137f8e5242a14aaa7fa89e0f79da7e97f3972731af856528077c3d,4875430,1515430469,0xdaaf32850eeaf5bb078760d9aff04185d37a75f4,0x64f3502c4b6b7e7f106e7ab1f175a4e2c2fde45f,0.011024780000000000,NULL,0x,0
82,0x1fb73ee0f732a2b53ec50bae5d7c18c3135f4b1364f007a340da5ba2cabec1a4,4875627,1515433563,0x64f3502c4b6b7e7f106e7ab1f175a4e2c2fde45f,0xf230b790e05390fc8295f4d3f60332c93bed42e2,0E-18,NULL,0xa9059cbb0000000000000000000000008c70b111aa97b9a1f8c1b38bd9f659562d06b73600000000000000000000000000000000000000000000000000000000047868c0,0
83,0xb84b4c5eca1dadadf082b4099323d473ba139c2b694d5360a92f117dada4c99e,4875715,1515435014,0xa0e63584ebf7d64838c282100bcfa0e4b49964ff,0x64f3502c4b6b7e7f106e7ab1f175a4e2c2fde45f,0.217956019268131433,NULL,0x,0
84,0x7df885f0dc37c9f2e64978f26836865d7c136832dcaafb2512432cb6d4be0374,4876188,1515442119,0x9260757f277b8f83815a37bb01dd24ab30b0d191,0x64f3502c4b6b7e7f106e7ab1f175a4e2c2fde45f,0.292987470000000000,NULL,0x,0
85,0x2dad3d2f2eb22a3378fe05acf3462c97fe4b4e8480163fa66fa353d1f24c9e99,4876224,1515442571,0x010ac3274432497cd65dfa11ed391cc3c8a4431c,0x64f3502c4b6b7e7f106e7ab1f175a4e2c2fde45f,0.548741520000000000,NULL,0x,0
86,0xe61c784cd0520cb55af65fa8d67fb382d4af92f828be5d782b57a98133c86968,4876236,1515442775,0x5efe7988636649aa98640a6fd18ae24c2b1ad560,0x64f3502c4b6b7e7f106e7ab1f175a4e2c2fde45f,0.007410700000000000,NULL,0x,0
87,0xe8f23a90a71446828c0abe61124ef8d6cd334dd1736f7b254beba1e89cc531a0,4876655,1515449622,0x64f3502c4b6b7e7f106e7ab1f175a4e2c2fde45f,0xf230b790e05390fc8295f4d3f60332c93bed42e2,0E-18,NULL,0xa9059cbb000000000000000000000000d1287eeddc18d1ec7751fb491451e4f6b8ed15f600000000000000000000000000000000000000000000000000000000062fdcc0,0
88,0x089893e5ce7fee76bf3f379e6ccb5a3386d86de427c5f4a429700451fc0aa93c,4876701,1515450308,0xa46f736f1568a172f4de0a8df92c4573cbca9389,0x64f3502c4b6b7e7f106e7ab1f175a4e2c2fde45f,0E-18,NULL,0x,0
89,0x9544e2ac8367ac0825c336bb1825b074eb93be3d0135f7e4df6de740259a2877,4876722,1515450521,0xa46f736f1568a172f4de0a8df92c4573cbca9389,0x64f3502c4b6b7e7f106e7ab1f175a4e2c2fde45f,0.119017700000000000,NULL,0x,0
90,0xee25752b7bda30de282283d98456d7f59aaadd0439bc89212fed772185fa2e10,4876878,1515453078,0x9f9320fc99a904c1ba95bd2b675633e670b4829a,0x64f3502c4b6b7e7f106e7ab1f175a4e2c2fde45f,0.082427880000000000,NULL,0x,0
91,0xe4ff8888be5a25a420185a35547d60823426802ab7c3dd3aaf23ac6518ad0af3,4876976,1515454755,0x64f3502c4b6b7e7f106e7ab1f175a4e2c2fde45f,0xf230b790e05390fc8295f4d3f60332c93bed42e2,0E-18,NULL,0xa9059cbb0000000000000000000000002a96e4ded853cc249cd73c44eafae874b69746cb00000000000000000000000000000000000000000000000000000000018bf730,0
92,0x30afc7d118fbd0aa82ba2802caf2d106f3ed0b9df39fa23cf9d8dfa683505198,4877233,1515458809,0xfd311cea5ef1d58d1b15eec08e7608d53fd5a1d9,0x64f3502c4b6b7e7f106e7ab1f175a4e2c2fde45f,0.007414540000000000,NULL,0x,0
93,0x1c837ed7473f48dd66f56f3ac703b3b62cd4462b4207dd0c3e455b84e2e7cdb8,4877410,1515461921,0x95c0639a13655082452e090636fa47f847b82c09,0x64f3502c4b6b7e7f106e7ab1f175a4e2c2fde45f,0.007414540000000000,NULL,0x,0
94,0x1f7b3d78accc6c189f915743638dacd32c9fcbc020af5910861716e2848b3a11,4877949,1515470269,0x4d716b24d69c1f72ff8cc9a1574a60948df9497c,0x64f3502c4b6b7e7f106e7ab1f175a4e2c2fde45f,0.008739240000000000,NULL,0x,0
95,0x23d9b57c86a6f07afba901891f2ff9d41ade1da4a562bf0e9a8644eb31a4b756,4878112,1515472965,0xa7237f9fc9a393a8fb016fdf5b14e069e0b1cbcd,0x64f3502c4b6b7e7f106e7ab1f175a4e2c2fde45f,0.005184400000000000,NULL,0x,0
96,0xf42b5afaec3e6055464be77b0886de524b9509383bcc41664542913db197c110,4878123,1515473101,0x05b170b3d7685c1a5201950bd39e19a6320d2d55,0x64f3502c4b6b7e7f106e7ab1f175a4e2c2fde45f,0.007414540000000000,NULL,0x,0
97,0xb4981a3e00b21f8301d69379d23d1b37e5366ffe0e07fefe03cdfdcd05a13721,4878375,1515477021,0x62921d61f58d031f56d20f1892ec2f7b5ada27e9,0x64f3502c4b6b7e7f106e7ab1f175a4e2c2fde45f,0.007410700000000000,NULL,0x,0
98,0x313dda21d7aa7c69bbac81530dc44bbceb25fb11109c613df8c870aaada8fb17,4878386,1515477196,0x05b170b3d7685c1a5201950bd39e19a6320d2d55,0x64f3502c4b6b7e7f106e7ab1f175a4e2c2fde45f,0.007410700000000000,NULL,0x,0
99,0x0c99b43cd422f6dee3af366d5a4f18fc8a6bd0a6cd1088f8677ef98ca8cc2d2a,4878522,1515479675,0xc70365cfd06496b81addd10682b8a2d5ef5b3964,0x64f3502c4b6b7e7f106e7ab1f175a4e2c2fde45f,9.900000000000000000,NULL,0x,0
100,0xb1b12c5e2d458ec57d7c082340c5d8bd7d720c7acc4b32c91cd62ff1fa71d56c,4878571,1515480335,0xc70365cfd06496b81addd10682b8a2d5ef5b3964,0x64f3502c4b6b7e7f106e7ab1f175a4e2c2fde45f,0.030977800000000000,NULL,0x,0
101,0x4287a43e9e199d69ec661b183b45704296d05103e479da3e076442ec4a7e00f9,4878954,1515486520,0xbe910dce031c9e11305b150bcfb72d9d80fed142,0x64f3502c4b6b7e7f106e7ab1f175a4e2c2fde45f,0.009473480000000000,NULL,0x,0
102,0x3e2982c08acc1fbbee151010f0f3e6614f921d82a6971bce4235311fa6efe6fb,4879613,1515496843,0x4d58a50dfb615d4c56df47c890cfa309cf542c08,0x64f3502c4b6b7e7f106e7ab1f175a4e2c2fde45f,0.004935253000000000,NULL,0x,0
103,0x204cb4ba7ccf67da6453d60c9d5623a92a61e0c632918f7fb498ec02e8de999f,4879772,1515499290,0x59a69b65b7b015cd69ac8aad336d453c775b9570,0x64f3502c4b6b7e7f106e7ab1f175a4e2c2fde45f,0.005963140000000000,NULL,0x,0
104,0xf51f581fff5f5394e616c998eaf7f2d289c3f1befe94abc628b829d19fd2867e,4879868,1515500877,0x1fe0638cef5e8c9caa46bfa695236e25f2dd3024,0x64f3502c4b6b7e7f106e7ab1f175a4e2c2fde45f,0.000163680000000000,NULL,0x,0
105,0x2ff25547ce08d5a868d0d084db7a984da8ed5a12d1b573fa2852d7241a8b17b5,4880079,1515504431,0x20569306d516b7597ffa724924e2717d881d9a02,0x64f3502c4b6b7e7f106e7ab1f175a4e2c2fde45f,0.005963140000000000,NULL,0x,0
106,0xaa7c89d15e3c03b6013c4362999946eee051956f9d57f0741b410059cb398b76,4880436,1515510332,0x23a7427fa013451e67f84feb1cf372d410e8cdbd,0x64f3502c4b6b7e7f106e7ab1f175a4e2c2fde45f,0.005963140000000000,NULL,0x,0
107,0x2dc90928aa0deb5cd8ef1e0857a4939b0cba8a0f7d5053472b1a39bc0f428323,4880659,1515513904,0x2cb77f91765540dd3d49b62820b2115e41badd73,0x64f3502c4b6b7e7f106e7ab1f175a4e2c2fde45f,0.017414540000000000,NULL,0x,0
108,0x39f57a69f7bb9f0ca734d3341fa7089a30c3fd6c303b19384f5c6a0c3dc4bec8,4880691,1515514561,0x2fcb62ee4d60b6eec6b9b1e0514060078b227856,0x64f3502c4b6b7e7f106e7ab1f175a4e2c2fde45f,0.007414540000000000,NULL,0x,0
109,0xcc05ad0a914c0940e93ad7de146549653a4956ec1e478542859bbcfa3652d612,4880800,1515516179,0xa3a40fb505b7d1b8b2037e05dd3857d8cd3a98a5,0x64f3502c4b6b7e7f106e7ab1f175a4e2c2fde45f,0.007418380000000000,NULL,0x,0
110,0x9013602386b5614d7ac18837870446eeb8438929dbd65729cfe24cec2bb1ff79,4881583,1515528194,0x56ba20550069187e2f4985ee47c3d8e613fc7660,0x64f3502c4b6b7e7f106e7ab1f175a4e2c2fde45f,0.007414540000000000,NULL,0x,0
111,0x423834b63970aa2c1bb8d82578484e36ce756e37b0e2a97be462385f99194526,4882454,1515542797,0xce7233a7e163935ae205bc954d1aae3f947071ab,0x64f3502c4b6b7e7f106e7ab1f175a4e2c2fde45f,0.007410700000000000,NULL,0x,0
112,0xa83e844f88e90138114387570387cc0248e89b783c0733b725018d9360524b7b,4883149,1515553870,0x7706a71031564b62b7992cff6fc0d294bc82fb1e,0x64f3502c4b6b7e7f106e7ab1f175a4e2c2fde45f,0.006483340000000000,NULL,0x,0
113,0x2917302cbf41e2657f6d5955fb1dbddf3493ee1ab1721efe2ed94d2f435163c4,4883289,1515556139,0x95f18b126736e51fa3fdcba78b3605b7a4ad5b1b,0x64f3502c4b6b7e7f106e7ab1f175a4e2c2fde45f,0.010486677000000000,NULL,0x,0
114,0xf10be72922cc1e1b747eb896242456e24f6a2970e298e370682b0c7bfc92b13e,4883884,1515565905,0xe54910084234f0c12b4af8bb4c08ac18b01c5337,0x64f3502c4b6b7e7f106e7ab1f175a4e2c2fde45f,0.221273788000000000,NULL,0x,0
115,0x94c339acda254eb710f250c79a2aa6a9e468b7a7445a565a11ae3738635ff592,4887192,1515618224,0x4e0675209592c1e3aea0b203377c57e87b0befdc,0x64f3502c4b6b7e7f106e7ab1f175a4e2c2fde45f,0.005955460000000000,NULL,0x,0
116,0x01f20fdb4f3af1cddc3b0a4cb3f46e67f7f9281c8c6fa49e4276f98a726225b8,4887242,1515619068,0x737ebeb81e1ba1609cf389413751a0d45604f134,0x64f3502c4b6b7e7f106e7ab1f175a4e2c2fde45f,0.184450800000000000,NULL,0x,0
117,0x5e36157fe52a6f74564d8c1c01274af21a521da30b27cf000d48ad0ef80dd436,4887417,1515621892,0x716a5253924dfa06dba75f1e0e35c8e07ea6bd09,0x64f3502c4b6b7e7f106e7ab1f175a4e2c2fde45f,0.489562028000000000,NULL,0x,0
118,0x023c86d2e0e4e7217a96e86864b5a5b21fdb902db952b51e8fcf547000ad045f,4887709,1515626533,0xf960219b9400f29738504bfb7c2016a1cd4a2fc7,0x64f3502c4b6b7e7f106e7ab1f175a4e2c2fde45f,0.005955460000000000,NULL,0x,0
119,0x34df2174e8a0b2480c92ee23437f4df79b95e72e740bdae36cf8838d586083e0,4889128,1515649215,0xb9d6ecb749e031242e78f20467ca0ed7b4627a43,0x64f3502c4b6b7e7f106e7ab1f175a4e2c2fde45f,0.005963140000000000,NULL,0x,0
120,0x47db07e1bf08ed30465f179ce54ed0208a52e10e318ea441b3400a7d9a162767,4889135,1515649331,0x5031da2bff0a95cef99684bc6ffa0720633fcd04,0x64f3502c4b6b7e7f106e7ab1f175a4e2c2fde45f,0.007414540000000000,NULL,0x,0
121,0xf026ca903cd687b76532cdc63b202498fc28e2ff40845e1d961dd07ecb4e14c8,4889164,1515649806,0xd2b20b4b1f4d6f25b761964c5dad8c4ffffc0051,0x64f3502c4b6b7e7f106e7ab1f175a4e2c2fde45f,0.005856730000000000,NULL,0x,0
122,0xc430a7954dc5c5df99223103ed9e1da86a543763ca69943543fec13ff1219219,4889268,1515651398,0x57b7c653217d1a515f7c050ca80f48da460ded0c,0x64f3502c4b6b7e7f106e7ab1f175a4e2c2fde45f,0.468740000000000000,NULL,0x,0
123,0x1fcede57525ef24b5067a3f6c8efde380b967e7d14a51b80cff95b65bedbf106,4889608,1515656830,0x738eeae81d0291777cd61e5513691239c05dc270,0x64f3502c4b6b7e7f106e7ab1f175a4e2c2fde45f,0.005426140000000000,NULL,0x,0
124,0x3c742b31268ca0deeb321a3d88d886dede725f9f484cfd0946cf9e41579bde16,4889611,1515656874,0x79618be2d0156def9e5f8dc16745131cb40e1702,0x64f3502c4b6b7e7f106e7ab1f175a4e2c2fde45f,0.005955460000000000,NULL,0x,0
125,0x17ee8df4e8c6ce415ad647ac4ca0b852db656e653345705465791921e831041b,4889939,1515662066,0xa3201b95c6ee51990a42eb845d9a97f4dacc85a5,0x64f3502c4b6b7e7f106e7ab1f175a4e2c2fde45f,0.027410700000000000,NULL,0x,0
126,0xaac3a816271924ce42c86171aec3c5580928b719ddfebd2b5f02850da47bc778,4890069,1515664143,0x5ce6b67f90b105e2d284d0bc923437de95416198,0x64f3502c4b6b7e7f106e7ab1f175a4e2c2fde45f,0.005172400000000000,NULL,0x,0
127,0x726f59fdd52ebb9ad24f8ee643bf456ef65ba66ef180d8bf778bdb86f140fbf8,4890129,1515665010,0x1ae35e5b96d479f31616a625dce7fa713eb95d78,0x64f3502c4b6b7e7f106e7ab1f175a4e2c2fde45f,1.997800950000000000,NULL,0x,0
128,0xbc653cbc2a7e8a2087bce647a9429779a06bafbbfbbe8aeecb49b161a1e99d9e,4890213,1515666365,0xeac7c6221a51a0cb7171a818050bac998e0cc678,0x64f3502c4b6b7e7f106e7ab1f175a4e2c2fde45f,0.015970820000000000,NULL,0x,0
129,0xc9c794c912bafcdc76dc8f5cd5904a6ab9a58e140582e3ba4f4962f721f29e76,4890381,1515669222,0x92e564f4168ee85929c3530804b73a5e577cfd16,0x64f3502c4b6b7e7f106e7ab1f175a4e2c2fde45f,0.006999439000000000,NULL,0x,0
130,0x209688436ca0bf8e3c0ccce35b411da5c86311d92e647987ff3bba9e4e8051f2,4890491,1515670821,0x64e8ff530d697068c0dde6e06c195e7cc490162a,0x64f3502c4b6b7e7f106e7ab1f175a4e2c2fde45f,0.005963140000000000,NULL,0x,0
131,0xf5bdc0a0edd9526d4e935d7488a1b6f89565c2d52767e0fb88c0023574a11ba2,4890503,1515671082,0xa4678105b48281fa7bf145a8594a2bf4c91ba453,0x64f3502c4b6b7e7f106e7ab1f175a4e2c2fde45f,0.958559620000000000,NULL,0x,0
132,0x995a8d7f42e1432504c853b6f55b5bceded9bf27296bc312551b2454c285b960,4890555,1515671947,0xef3e1dc9555ad000c83e6fd1a2f764748f22be30,0x64f3502c4b6b7e7f106e7ab1f175a4e2c2fde45f,0.005955460000000000,NULL,0x,0
133,0x2c16cfa80f9f3cfb3f8d1caa775915ae57e9a175eedd444a17567a8d63341fb3,4891710,1515690928,0xc8f9af61acacc11dfe0542d305de160bdad4368b,0x64f3502c4b6b7e7f106e7ab1f175a4e2c2fde45f,0.015963140000000000,NULL,0x,0
134,0x893af6a922e69eecc9c29c7c03fd8521bf9a3a3ecba0ecb07ff7f8e8122b5fe3,4891881,1515693482,0x0f81b4d4ebe906cc05ede734c3d4018659d1e846,0x64f3502c4b6b7e7f106e7ab1f175a4e2c2fde45f,0.034964220000000000,NULL,0x,0
135,0xad2058d63e101ec1d4f694735de323741861157db2a1cda96dca760da9b3df96,4892097,1515696942,0x4687cf629ba1dfa9376b8f29208b7afb44c6f8ff,0x64f3502c4b6b7e7f106e7ab1f175a4e2c2fde45f,0.007410700000000000,NULL,0x,0
136,0x08fb7e609ad5847659ca8bd015fdcdd6506cd051808621573c68cc830bcfe47a,4892305,1515700207,0x1e24bf7fbbbae60d2530123f499922f6abbed331,0x64f3502c4b6b7e7f106e7ab1f175a4e2c2fde45f,0.007410700000000000,NULL,0x,0
137,0xc20c28023aa7b8aa0a7feba53e00b3a3cc952a4227c2a56e7b3de36218fcae42,4892345,1515700880,0xd089eefb221f636c96fdf3a9f7c7729b70ca1920,0x64f3502c4b6b7e7f106e7ab1f175a4e2c2fde45f,0.014027962000000000,NULL,0x,0
138,0xf3bbe1303ab7cc0069043eb9a112a6f0ebe64166c88c23762903acd5e088319c,4892860,1515708922,0x762c4c665272507763f104e2f51db2d893a261d1,0x64f3502c4b6b7e7f106e7ab1f175a4e2c2fde45f,0.014500220000000000,NULL,0x,0
139,0x8e900092b7f17d9b081a2af8ffaf4d2f5d988be72a9601c4b82a736c41032bc2,4892896,1515709603,0xc9aea43ea3460e46cd80610897e5f8c13cf35ecb,0x64f3502c4b6b7e7f106e7ab1f175a4e2c2fde45f,0.758505540000000000,NULL,0x,0
140,0x1baf6b8a1a7a093435c7b4db2db1c9b88098996f70bdbfd86c2330d58b76a3ca,4894154,1515729136,0x91ae76829ecac1395c4650a205731cf3b90f289d,0x64f3502c4b6b7e7f106e7ab1f175a4e2c2fde45f,0.213927720000000000,NULL,0x,0
141,0x464618c12be1e720f01251ddd6e7a2edabed3d1e0c5d5874bcb2f061a4fb422f,4894192,1515729673,0x1f73b4d6bd50a233ec4bacb8a473b9ca37432612,0x64f3502c4b6b7e7f106e7ab1f175a4e2c2fde45f,0.007414540000000000,NULL,0x,0
142,0x265661a7519a8f939cc1aa61be31e08fcd4bf7f21c8e0007b7ff7f2f351a40b7,4894365,1515732550,0xc0247b35dcd5e698c8646ba3f45c4f5ecee3f2e9,0x64f3502c4b6b7e7f106e7ab1f175a4e2c2fde45f,0.026101630000000000,NULL,0x,0
143,0x0c1a615c7138236cd1a3b1b1da31ab0f5aa70b5b1cd65a5b5ccc7cc51384c34e,4894721,1515738562,0xbf7e7427915e824d90b4353961605edee3da37d8,0x64f3502c4b6b7e7f106e7ab1f175a4e2c2fde45f,0.001583560000000000,NULL,0x,0
144,0x0a250f8d8226f0f506593bdfe4c15240e5cd0f2effb4b5a4b98a5b2797e6ff5b,4894814,1515739983,0x83ac8e90805d2d7f614918bd891820b5b90c460e,0x64f3502c4b6b7e7f106e7ab1f175a4e2c2fde45f,0.015955460000000000,NULL,0x,0
145,0xcccfe606a93475c624d7e4608689a577b4ccc4d33c30ff69ac4079b58b8e61cc,4896555,1515768382,0x3c7898be23d90d8d4e66d6deeae47b2ff87b9955,0x64f3502c4b6b7e7f106e7ab1f175a4e2c2fde45f,0.006447884000000000,NULL,0x,0
146,0x11752c75fd8b09502f19ff2dff7d48a33cbfbbd97363916b380b0680c8f48065,4896858,1515773192,0x64f3502c4b6b7e7f106e7ab1f175a4e2c2fde45f,0x5188b5b4b936966f61209f2e4f5d2c381d5a5427,2.000000000000000000,NULL,0x,0
147,0x20e94decfe655c80b2953fcce7e038f2924cd48c9867cb540785b2246cfd2178,4896907,1515773959,0xf3b7227ea289f68814097be20c4df53068a10de4,0x64f3502c4b6b7e7f106e7ab1f175a4e2c2fde45f,0.003818380000000000,NULL,0x,0
148,0x71aaa676b55ab82bbe6713c11b1bda6382861c25d9cc005d7573ccfe71c1b3ac,4929037,1516277299,0x64f3502c4b6b7e7f106e7ab1f175a4e2c2fde45f,0xf230b790e05390fc8295f4d3f60332c93bed42e2,0E-18,NULL,0xa9059cbb000000000000000000000000dac0d8ebb0a5f9d66caefebf0e02f1ad96fda1c8000000000000000000000000000000000000000000000000000001082d1fe735,0
149,0x06e5cbfd8800bfb54bec98edd0b7eff756fa22f790364e50b02e5f4b3f7ab4ec,5261211,1521141324,0x64f3502c4b6b7e7f106e7ab1f175a4e2c2fde45f,0xd26114cd6ee289accf82350c8d8487fedb8a0c07,0E-18,NULL,0xa9059cbb0000000000000000000000002f975177f056ef2d6ef3396fb42a5cab137be6360000000000000000000000000000000000000000000000105d358574c7c78549,0
150,0xbf5f65ab3afc4f15a21eb114d1d890ef785481f5f0d1ea5a5b09949909c2c9f0,5261261,1521141885,0x64f3502c4b6b7e7f106e7ab1f175a4e2c2fde45f,0x2f975177f056ef2d6ef3396fb42a5cab137be636,69.200000000000000000,NULL,0x,0
151,0xad4e16c55fb28598c219e23bf59eeb74fd788bcaa9b049439392b3472ad81501,5272095,1521301064,0x64f3502c4b6b7e7f106e7ab1f175a4e2c2fde45f,0x4ceda7906a5ed2179785cd3a40a69ee8bc99c466,0E-18,NULL,0xa9059cbb000000000000000000000000446593015e30bacdef625f76bcd84d2d2a0a046100000000000000000000000000000000000000000000000000000000a844b0d0,0
152,0x8a77aceb873ffc7e244527e5046f04f5bdc289c28e5b3d2926e42301ad4535ef,5272099,1521301119,0x64f3502c4b6b7e7f106e7ab1f175a4e2c2fde45f,0x960b236a07cf122663c4303350609a66a7b288c0,0E-18,NULL,0xa9059cbb000000000000000000000000446593015e30bacdef625f76bcd84d2d2a0a0461000000000000000000000000000000000000000000000001ce97176e6a1ad400,0
153,0x85b7a886746004d8824604c3fd47727c12023da1150be24ff04617c89c12c9a2,5272102,1521301174,0x64f3502c4b6b7e7f106e7ab1f175a4e2c2fde45f,0x0d8775f648430679a709e98d2b0cb6250d2887ef,0E-18,NULL,0xa9059cbb000000000000000000000000446593015e30bacdef625f76bcd84d2d2a0a0461000000000000000000000000000000000000000000000123d9a1cd135c7bfc00,0
154,0x047d9a44d4a8b732c0a002f0818789826ca3722b5b2f6a77c79865ca7e45f431,5272105,1521301205,0x64f3502c4b6b7e7f106e7ab1f175a4e2c2fde45f,0x1961b3331969ed52770751fc718ef530838b6dee,0E-18,NULL,0xa9059cbb000000000000000000000000446593015e30bacdef625f76bcd84d2d2a0a046100000000000000000000000000000000000000000000003e5774bb09f3380000,0
155,0x1b82a260f76df436b0aee5f5df74136ca8519b21dcaa0ecd67646351e004f5ed,5272107,1521301337,0x64f3502c4b6b7e7f106e7ab1f175a4e2c2fde45f,0x107c4504cd79c5d2696ea0030a8dd4e92601b82e,0E-18,NULL,0xa9059cbb000000000000000000000000446593015e30bacdef625f76bcd84d2d2a0a0461000000000000000000000000000000000000000000000015d5485271be134bb6,0
156,0xecae1ed4b0ad1c0158f34dcd44427d96d5a9a1de6b22399bdace5fd53af3084b,5272115,1521301431,0x64f3502c4b6b7e7f106e7ab1f175a4e2c2fde45f,0xf85feea2fdd81d51177f6b8f35f0e6734ce45f5f,0E-18,NULL,0xa9059cbb000000000000000000000000446593015e30bacdef625f76bcd84d2d2a0a04610000000000000000000000000000000000000000000007b4e9cb743eef7d0000,0
157,0xe0d00b19bfe7b9c0c61cd14b69eefa70bc57bc122ecbab992c407b05ee7a1896,5272117,1521301487,0x64f3502c4b6b7e7f106e7ab1f175a4e2c2fde45f,0x0abdace70d3790235af448c88547603b945604ea,0E-18,NULL,0xa9059cbb000000000000000000000000446593015e30bacdef625f76bcd84d2d2a0a04610000000000000000000000000000000000000000000000ca4e4329440e309800,0
158,0x9ae93b25072cc3151d51fcec54750d7e830f21822c51cfd5cd87c4616f319694,5272124,1521301544,0x64f3502c4b6b7e7f106e7ab1f175a4e2c2fde45f,0xbf2179859fc6d5bee9bf9158632dc51678a4100e,0E-18,NULL,0xa9059cbb000000000000000000000000446593015e30bacdef625f76bcd84d2d2a0a0461000000000000000000000000000000000000000000000004286d23a040760000,0
159,0x06b97919daab11fa464dd877abf2b872602e708d803c681a247d63b50082a6c4,5272155,1521301969,0x64f3502c4b6b7e7f106e7ab1f175a4e2c2fde45f,0xa74476443119a942de498590fe1f2454d7d4ac0d,0E-18,NULL,0xa9059cbb000000000000000000000000446593015e30bacdef625f76bcd84d2d2a0a0461000000000000000000000000000000000000000000000137df4c022bea862000,0
160,0x13543539bbd0da53c3fd3091a6d8f3b334fef548cd4aeb72af206c6c7c149485,5272158,1521302113,0x64f3502c4b6b7e7f106e7ab1f175a4e2c2fde45f,0x818fc6c2ec5986bc6e2cbf00939d90556ab12ce5,0E-18,NULL,0xa9059cbb000000000000000000000000446593015e30bacdef625f76bcd84d2d2a0a04610000000000000000000000000000000000000000000d7edd89133bb07c06f554,0
161,0x7a0764ea3a5db23f2f439fbf553dbf9dadf38afce59659120a62e7573ec48818,5272171,1521302386,0x64f3502c4b6b7e7f106e7ab1f175a4e2c2fde45f,0xe50365f5d679cb98a1dd62d6f6e58e59321bcddf,0E-18,NULL,0xa9059cbb000000000000000000000000446593015e30bacdef625f76bcd84d2d2a0a0461000000000000000000000000000000000000000000000023c757072b8dd00000,0
162,0x7d9833517143fbb52dc86e5328e54d6cd3877aa51d0439e62937c95ae7660a8e,5272175,1521302438,0x64f3502c4b6b7e7f106e7ab1f175a4e2c2fde45f,0x514910771af9ca656af840dff83e8264ecf986ca,0E-18,NULL,0xa9059cbb000000000000000000000000446593015e30bacdef625f76bcd84d2d2a0a0461000000000000000000000000000000000000000000000044f48bcca7b8e00000,0
163,0xe2ef555599d93c7566b1e8480b6b2a436c2195452b8d19b9d4bad34dfb72ca8c,5272181,1521302501,0x64f3502c4b6b7e7f106e7ab1f175a4e2c2fde45f,0x93e682107d1e9defb0b5ee701c71707a4b2e46bc,0E-18,NULL,0xa9059cbb000000000000000000000000446593015e30bacdef625f76bcd84d2d2a0a04610000000000000000000000000000000000000000000000000000002d702fe272,0
164,0x8607aa3c131104be5edcc247ae0facce9e0a9be2d7f242e29556e35e3eb0a504,5272185,1521302599,0x64f3502c4b6b7e7f106e7ab1f175a4e2c2fde45f,0xaf4dce16da2877f8c9e00544c93b62ac40631f16,0E-18,NULL,0xa9059cbb000000000000000000000000446593015e30bacdef625f76bcd84d2d2a0a0461000000000000000000000000000000000000000000000000000000000130d134,0
165,0xb1dbbeb5a597a65d5fb530019d94d7b31f15839e8506c9395d4d6e3c9c8dea2c,5272195,1521302724,0x64f3502c4b6b7e7f106e7ab1f175a4e2c2fde45f,0xb97048628db6b661d4c2aa833e95dbe1a905b280,0E-18,NULL,0xa9059cbb000000000000000000000000446593015e30bacdef625f76bcd84d2d2a0a0461000000000000000000000000000000000000000000000016f91041c67799e446,0
166,0x704525df259fba98eafc139fd3fbe0855461c5101b012c06a721bec50ad47485,5272198,1521302751,0x64f3502c4b6b7e7f106e7ab1f175a4e2c2fde45f,0xe3818504c1b32bf1557b16c238b2e01fd3149c17,0E-18,NULL,0xa9059cbb000000000000000000000000446593015e30bacdef625f76bcd84d2d2a0a0461000000000000000000000000000000000000000000000015d9c27888ffe40b49,0
167,0x2f114258757d298d33c37fc93c15fa04cebef34ef38aa55565a7e2b730302d2c,5272362,1521304972,0x64f3502c4b6b7e7f106e7ab1f175a4e2c2fde45f,0x595832f8fc6bf59c85c527fec3740a1b7a361269,0E-18,NULL,0xa9059cbb000000000000000000000000446593015e30bacdef625f76bcd84d2d2a0a0461000000000000000000000000000000000000000000000000000000002d8e1a51,0
168,0x1bbd24b88c922cae83715649f8dddf2098eef7d2486eb8b117c67836d98e81d3,5272373,1521305102,0x64f3502c4b6b7e7f106e7ab1f175a4e2c2fde45f,0xd4fa1460f537bb9085d22c7bccb5dd450ef28e3a,0E-18,NULL,0xa9059cbb000000000000000000000000446593015e30bacdef625f76bcd84d2d2a0a0461000000000000000000000000000000000000000000000000000000016445f6aa,0
169,0xe3b01661012c2648b114229d5fe33f33522ef760ce4f6b6d3f5cb24590e60c0e,5272379,1521305163,0x64f3502c4b6b7e7f106e7ab1f175a4e2c2fde45f,0x7728dfef5abd468669eb7f9b48a7f70a501ed29d,0E-18,NULL,0xa9059cbb000000000000000000000000446593015e30bacdef625f76bcd84d2d2a0a046100000000000000000000000000000000000000000000000000000000017d2250,0
170,0x38d3308230662ce5231517922b145527fa20323da709ccf618dff6105e65cb58,5272382,1521305233,0x64f3502c4b6b7e7f106e7ab1f175a4e2c2fde45f,0x9a642d6b3368ddc662ca244badf32cda716005bc,0E-18,NULL,0xa9059cbb000000000000000000000000446593015e30bacdef625f76bcd84d2d2a0a046100000000000000000000000000000000000000000000000162bbf8f00f111800,0
171,0x6d6c3d9384704dabe0992c9a6d490ad998d7abb444088120e53eb3ccb72a37e0,5272385,1521305295,0x64f3502c4b6b7e7f106e7ab1f175a4e2c2fde45f,0x5f53f7a8075614b699baad0bc2c899f4bad8fbbf,0E-18,NULL,0xa9059cbb000000000000000000000000446593015e30bacdef625f76bcd84d2d2a0a046100000000000000000000000000000000000000000000014542ba12a337c00000,0
172,0xeca518a49097284a09ce958e1fddb218ea59cedbfcf53b53ebb488cedac7b861,5272391,1521305368,0x64f3502c4b6b7e7f106e7ab1f175a4e2c2fde45f,0xe94327d07fc17907b4db788e5adf2ed424addff6,0E-18,NULL,0xa9059cbb000000000000000000000000446593015e30bacdef625f76bcd84d2d2a0a0461000000000000000000000000000000000000000000000000b893178898b20000,0
173,0x61987c73777589b488c72a3f9d315b7cc785a79dc369dee6ff60c7b176ad8b6b,5272397,1521305483,0x64f3502c4b6b7e7f106e7ab1f175a4e2c2fde45f,0x4156d3342d5c385a87d264f90653733592000581,0E-18,NULL,0xa9059cbb000000000000000000000000446593015e30bacdef625f76bcd84d2d2a0a04610000000000000000000000000000000000000000000000000000000144120940,0
174,0xd75df9c37e0387bc2a3f7c14928bc7cef746757acf5a54690710d95ca9ff9465,5272400,1521305514,0x64f3502c4b6b7e7f106e7ab1f175a4e2c2fde45f,0xaec2e87e0a235266d9c5adc9deb4b2e29b54d009,0E-18,NULL,0xa9059cbb000000000000000000000000446593015e30bacdef625f76bcd84d2d2a0a04610000000000000000000000000000000000000000000000000000000000000182,0
175,0xd869fe70e642aec7c882e40d5ecfde66191b5fafc1eafcdbf2d7831168142c2d,5272403,1521305551,0x64f3502c4b6b7e7f106e7ab1f175a4e2c2fde45f,0xd850942ef8811f2a866692a623011bde52a462c1,0E-18,NULL,0xa9059cbb000000000000000000000000446593015e30bacdef625f76bcd84d2d2a0a0461000000000000000000000000000000000000000000000076ecc91bddb2e50000,0
176,0xbe3e0d5acebdf715596216977ac5a8759d9b1b5668dfe662dfcaa5e59d40ebed,5272433,1521305942,0x64f3502c4b6b7e7f106e7ab1f175a4e2c2fde45f,0x519475b31653e46d20cd09f9fdcf3b12bdacb4f5,0E-18,NULL,0xa9059cbb000000000000000000000000446593015e30bacdef625f76bcd84d2d2a0a0461000000000000000000000000000000000000000000000044a8074f91ac5ffb00,0
177,0x0bfb6006fe7cdef12405199da4de7d611aafae9643be8f9e6a616cad4ad7ba3e,5272439,1521306001,0x64f3502c4b6b7e7f106e7ab1f175a4e2c2fde45f,0xab95e915c123fded5bdfb6325e35ef5515f1ea69,0E-18,NULL,0xa9059cbb000000000000000000000000446593015e30bacdef625f76bcd84d2d2a0a04610000000000000000000000000000000000000000000000c61d85382ce7795008,0
178,0xff589af03e35fcf9a86dc4f57f27a260804fa2f67512de2de4db6837bcc03669,5272441,1521306056,0x64f3502c4b6b7e7f106e7ab1f175a4e2c2fde45f,0x881ef48211982d01e2cb7092c915e647cd40d85c,0E-18,NULL,0xa9059cbb000000000000000000000000446593015e30bacdef625f76bcd84d2d2a0a04610000000000000000000000000000000000000000000000081c6fbe30905fc0e0,0
179,0x4a90ae0652438aa736f190a23f36f2857b6c6774d19f1c22170120836f07b7f7,5272448,1521306139,0x64f3502c4b6b7e7f106e7ab1f175a4e2c2fde45f,0x80fb784b7ed66730e8b1dbd9820afd29931aab03,0E-18,NULL,0xa9059cbb000000000000000000000000446593015e30bacdef625f76bcd84d2d2a0a0461000000000000000000000000000000000000000000000051e6e8a4ce5b8a8000,0
180,0x4c086da89f5c7224bed889ea196b8e81389497d87fcf331e323aebacdc8ef58e,5272452,1521306251,0x64f3502c4b6b7e7f106e7ab1f175a4e2c2fde45f,0x78b039921e84e726eb72e7b1212bb35504c645ca,0E-18,NULL,0xa9059cbb000000000000000000000000446593015e30bacdef625f76bcd84d2d2a0a0461000000000000000000000000000000000000000000000006a1b74e8452c95554,0
181,0x875b19a572eaf32724de4e23c7b22a60bcd7b8f361b55c7a2bb46b069de22694,5272466,1521306419,0x64f3502c4b6b7e7f106e7ab1f175a4e2c2fde45f,0x3839d8ba312751aa0248fed6a8bacb84308e20ed,0E-18,NULL,0xa9059cbb000000000000000000000000446593015e30bacdef625f76bcd84d2d2a0a046100000000000000000000000000000000000000000000011e3ab8395c6e800000,0
182,0x1ac0d315422fbab6cb41758c8aca708d6ac0d38c24603dc4b8f7ab012a304e04,5272470,1521306465,0x64f3502c4b6b7e7f106e7ab1f175a4e2c2fde45f,0xf83301c5cd1ccbb86f466a6b3c53316ed2f8465a,0E-18,NULL,0xa9059cbb000000000000000000000000446593015e30bacdef625f76bcd84d2d2a0a0461000000000000000000000000000000000000000000000000000000001242dfc6,0
183,0x2cb02572e43d92839a80696596ef353b9a5049d2437d1251d5b1b887e6339087,5272479,1521306586,0x64f3502c4b6b7e7f106e7ab1f175a4e2c2fde45f,0x8f3470a7388c05ee4e7af3d01d8c722b0ff52374,0E-18,NULL,0xa9059cbb000000000000000000000000446593015e30bacdef625f76bcd84d2d2a0a0461000000000000000000000000000000000000000000000000531bf329ed8bfb41,0
184,0xbc045bdb779828b0d6fd51b82033f37b371126c82bdc082c082bdb80d168fcc6,5272482,1521306640,0x64f3502c4b6b7e7f106e7ab1f175a4e2c2fde45f,0xc14830e53aa344e8c14603a91229a0b925b0b262,0E-18,NULL,0xa9059cbb000000000000000000000000446593015e30bacdef625f76bcd84d2d2a0a046100000000000000000000000000000000000000000000000000000002c88bed54,0
185,0xb23796e1efa71d81bc85d9160bf1f3da4dec1476c48fb12b6ff995de031b0a09,5272496,1521306829,0x64f3502c4b6b7e7f106e7ab1f175a4e2c2fde45f,0x5e4abe6419650ca839ce5bb7db422b881a6064bb,0E-18,NULL,0xa9059cbb000000000000000000000000446593015e30bacdef625f76bcd84d2d2a0a046100000000000000000000000000000000000000000000043c33c1937564800000,0
186,0xea4306771bc59eae21b49e44c9b01e8a22e2d6f9968bb5d1de5e76de9c693c63,5272544,1521307493,0x64f3502c4b6b7e7f106e7ab1f175a4e2c2fde45f,0xb5a5f22694352c15b00323844ad545abb2b11028,0E-18,NULL,0xa9059cbb000000000000000000000000bcbfea2d1de867dc566b7a2dca7039a5f9176ef700000000000000000000000000000000000000000000001906a8cc739e20c000,0
187,0xfeac02447992bb7c35cf215932975d8de4f6ec48a80dad6465b569a42c9d6e70,5272552,1521307626,0x64f3502c4b6b7e7f106e7ab1f175a4e2c2fde45f,0x86fa049857e0209aa7d9e616f7eb3b3b78ecfdb0,0E-18,NULL,0xa9059cbb000000000000000000000000ca550872f9b569dd891b3547a26db4e1f2645af300000000000000000000000000000000000000000000001c7d55d25fad4be000,0
188,0xa5607aae63b50f84c79da9650fbfb0074754055a02694a4e8ffc0e27f28d747c,5272558,1521307722,0x64f3502c4b6b7e7f106e7ab1f175a4e2c2fde45f,0x446593015e30bacdef625f76bcd84d2d2a0a0461,0.318657298756759433,NULL,0x,0
