,TxHash,BlockHeight,TimeStamp,From,To,Value,ContractAddress,Input,isError
0,0x1171800ad86d952d30738a7627465a5fb2d24218de24769ccc1f7adbbc44c36c,5335904,1522223811,0xd551234ae421e3bcba99a0da6d736074f22192ff,0x681a36b6f411d10d78fe8446118a4ddae489e8b1,0.190000000000000000,NULL,0x,0
1,0xd2512400ebe7274bd0a0a0f77182d99e79f5c7c4a18ec1327bf9c796cb89603f,5337382,1522245078,0xd551234ae421e3bcba99a0da6d736074f22192ff,0x681a36b6f411d10d78fe8446118a4ddae489e8b1,0.500000000000000000,NULL,0x,0
2,0x137a48e9c7eaf3061e170659103e3760798c6d8c8a679a9c07a90d4111ca1340,5341483,1522304766,0x82941a0cddd20c30fc63a535969e336525611f3d,0x681a36b6f411d10d78fe8446118a4ddae489e8b1,1.000000000000000000,NULL,0x,0
3,0xba90f45b18096b47883daff238c98e3bff7009b640dde568d1e844f361eadaee,5345453,1522362756,0x681a36b6f411d10d78fe8446118a4ddae489e8b1,0x4ee532d8d1a06c47e570a6eac88c14acf285e790,1.689139000000000000,NULL,0x,0
4,0x40763001c8dc2f97063a0ae6091b8c1c1b7a9d1dbd53ef328aa402907973c60d,5352374,1522464321,0x948ca75e498a9d2daf61b3312b1743c8a641e278,0x681a36b6f411d10d78fe8446118a4ddae489e8b1,1.164000000000000000,NULL,0x,0
5,0x75339a3d7afb15575c54cc8be98ca779d5364ae130571c95158aac08c9adc6c4,5358395,1522549380,0xdf075d144dfcea8da0ea2a5568136ebf79a04016,0x681a36b6f411d10d78fe8446118a4ddae489e8b1,0.510000000000000000,NULL,0x,0
6,0xa6caf7d7b5527df20271d8bb0ced033210dc1b193a0705fba0a090f0d978359e,5367070,1522673068,0x3f5ce5fbfe3e9af3971dd833d26ba9b5c936f0be,0x681a36b6f411d10d78fe8446118a4ddae489e8b1,0.500000000000000000,NULL,0x,0
7,0x54f85b07fb6cdc484201cf0b8af4c664a78be748d693b66959a7dbd274100102,5368778,1522697871,0x6dcbd24ea3965df1ddfb87d10967308b5b66d2a5,0x681a36b6f411d10d78fe8446118a4ddae489e8b1,0.601048180000000000,NULL,0x,0
8,0xd3826863eefa5a0969c3bdafd60bd33dfce76d39283b0ca5447ab0419004169a,5408845,1523271744,0x681a36b6f411d10d78fe8446118a4ddae489e8b1,0x3a992c15aae6d9b9062f6533cd12fc9f89e9a3be,2.774187180000000000,NULL,0x,0
