,TxHash,BlockHeight,TimeStamp,From,To,Value,ContractAddress,Input,isError
0,0x364e03266fbbc32fd699ffe627daa244b5c9586f34e9d09c1b8455901b3bd453,4815717,1514512603,0x8bd45eba0a03bb2aee6f2b94cb31d072169aa759,0x6d0b90ea2951ca5ad3abdb606e4146e9765f1ee4,0.008409376000000000,NULL,0x,0
1,0x016782d6bfc6757d70c6de644f5892e009d0f3a0632425d08aad895157877d24,4818171,1514549454,0x3776b167fd1e956fa0fdc1d15032545283123d8f,0x6d0b90ea2951ca5ad3abdb606e4146e9765f1ee4,0.144407686520005000,NULL,0x,0
2,0xf3b671d084ca995989b603759181e67f23db80701f59d4da43ea5494b55b7042,4818202,1514549874,0x3776b167fd1e956fa0fdc1d15032545283123d8f,0x6d0b90ea2951ca5ad3abdb606e4146e9765f1ee4,0.004651030000000000,NULL,0x,0
3,0x0d36f08046fb29807314844105f8fb26626774a52aebedc9c81d92078465fa97,4818213,1514550031,0x82a2bd7f30926427f2ec6ea13accee753234ad64,0x6d0b90ea2951ca5ad3abdb606e4146e9765f1ee4,0.170082525000000000,NULL,0x,0
4,0x8348832d279a862a0d9e10045e631792170ae8ec3a9dacce69dd930a56844484,4818297,1514551390,0x264b09a49e97ed8dd310816577f2de6ae22af5f4,0x6d0b90ea2951ca5ad3abdb606e4146e9765f1ee4,0.047647007255370337,NULL,0x,0
5,0x58954c2b0b66ee27900e184c67d3f012189440e61c8c5a655e2eb9964153d1f4,4818460,1514553651,0x42392c4dbadd6e5f6a57ff943d9753ce9838b08f,0x6d0b90ea2951ca5ad3abdb606e4146e9765f1ee4,0.008834815000000000,NULL,0x,0
6,0xdc91f537c8c97c99899b5a86d5c7bc02724fb6f6b42dc76d121aa8e2017f6508,4818854,1514559728,0x449f86217678924725f805b6cf63584f70e8e3ea,0x6d0b90ea2951ca5ad3abdb606e4146e9765f1ee4,0.008814376000000000,NULL,0x,0
7,0xeeedc16a80095ca04d794a2cf619fd19835e73dad36890b29088a147d5319a5f,4819530,1514570082,0xb8126c85108684245463888849336d10813daf85,0x6d0b90ea2951ca5ad3abdb606e4146e9765f1ee4,0.006202793000000000,NULL,0x,0
8,0xc5c3530fb9e8309d8a11ff9228782632f772106cc996bee34a7f7c234e53012c,4819617,1514571412,0x30227dbd3d9a452875965ae99f72c77d0f11d027,0x6d0b90ea2951ca5ad3abdb606e4146e9765f1ee4,0.008748505000000000,NULL,0x,0
9,0x31b32a4e1d0f6a2a35ae3f7b773784acd4cfcafa7dd1c60f8a60cefd5da26c2c,4820403,1514583209,0x80c37fa6b03e14d54aae5ba69918d3d4582c644a,0x6d0b90ea2951ca5ad3abdb606e4146e9765f1ee4,0.007418920000000000,NULL,0x,0
10,0xc3b327bfb9d00feeb19f84beebf59a08dc1e58fce2f49fba932832d7a576d7a0,4820517,1514585042,0x6d0b90ea2951ca5ad3abdb606e4146e9765f1ee4,0xf230b790e05390fc8295f4d3f60332c93bed42e2,0E-18,NULL,0xa9059cbb00000000000000000000000046765e8176436019c2f9e30e3eae9801b4766b310000000000000000000000000000000000000000000000000000000033cd69e0,0
11,0xc11d99a5e5ada6c0f39a6a881307b779c639154e01912fc5e3e53808aa1a2e17,4820603,1514586406,0x6d0b90ea2951ca5ad3abdb606e4146e9765f1ee4,0xf230b790e05390fc8295f4d3f60332c93bed42e2,0E-18,NULL,0xa9059cbb0000000000000000000000003aecbd4daf6da1316ce73bc4090e784cca787fe4000000000000000000000000000000000000000000000000000000001b4c41ca,0
12,0x714ea0bdf105575ade0094f81d890335f3644223a95837378d1fcdfe0d46e9a1,4821335,1514597277,0x67ed1e71e00c28af7a40ed45de955803a30b04ea,0x6d0b90ea2951ca5ad3abdb606e4146e9765f1ee4,0.008751115000000000,NULL,0x,0
13,0x4cfe60879dbffd0bb9d20adf75fdd8ecf30861837290b9b4475c45bde6f67aeb,4821741,1514603102,0x5188336d18d8a667e60a8341de8d179498b44532,0x6d0b90ea2951ca5ad3abdb606e4146e9765f1ee4,0.007673243000000000,NULL,0x,0
14,0x135c2d546735b94ca0a7d7d63e8d4b6e494b87f1b7b42899f6461204a4d676fd,4822317,1514612185,0x0a00b893f4cb4e9d114e3f6233f74647a0215f77,0x6d0b90ea2951ca5ad3abdb606e4146e9765f1ee4,0.012139430000000000,NULL,0x,0
15,0xc1836ae36152e7841c319c86a62302953902b23dd50cbe41e1db9876b6f8c7ea,4822595,1514616422,0xd2b072bd9dc322b9f7d11a5ae81d8bd844eda73e,0x6d0b90ea2951ca5ad3abdb606e4146e9765f1ee4,0.046276360000000000,NULL,0x,0
16,0x78aef75790b15859d1d4121da372ebee303cb59e3fb2f911ff6c3e6fa71861df,4823033,1514623082,0x154e8d235633da745e5b86cf16b26671f6e960df,0x6d0b90ea2951ca5ad3abdb606e4146e9765f1ee4,1.007185700000000000,NULL,0x,0
17,0x6f2f6d6ea3d0fef8680b95ec0eaecf347e6241fc9fc8533a750690e3e6448c15,4823182,1514625485,0xab21de030e68f8385d4b7b7814a634e25b537275,0x6d0b90ea2951ca5ad3abdb606e4146e9765f1ee4,0.977114600000000000,NULL,0x,0
18,0x596866d54e21c90c5e22a4899f08f98d46b020ceead9a26d45e4b70f048bf96b,4823294,1514627156,0x645e442060e7687abd90265594ae46661175e979,0x6d0b90ea2951ca5ad3abdb606e4146e9765f1ee4,0.007665760000000000,NULL,0x,0
19,0x459bb5547ebb81d730d88e27ba5aef8246df8b9de8b6bf3f221a16bb1ed8a7c3,4823464,1514629384,0x65c5bd95e7540e63babdc5cb4b4650a391f7c5d0,0x6d0b90ea2951ca5ad3abdb606e4146e9765f1ee4,0.007456816000000000,NULL,0x,0
20,0xff523b1f7d98a9bc2a33ea00c84aec1550f3533ca8e6a68f6770897f72cab1b9,4823732,1514633302,0x320276bbbafea907c6f4577d9c3afb4201aa9a0e,0x6d0b90ea2951ca5ad3abdb606e4146e9765f1ee4,0.008748505000000000,NULL,0x,0
21,0x0782391c28e77f6fa4293b4418209fdb915ed41be6ab9e9757a01f7fa3b78852,4824186,1514640125,0xa495d833237d0c7854ff9b86f5f73a6288a78de9,0x6d0b90ea2951ca5ad3abdb606e4146e9765f1ee4,0.004396388000000000,NULL,0x,0
22,0xaa20df67cda14941ffe14d1f70aebc2e8b94ba6d997da55315cb37483bfc21a8,4824346,1514642382,0xa5625eaf4e543e80d8aabdb4e4b64c3c53d91e16,0x6d0b90ea2951ca5ad3abdb606e4146e9765f1ee4,0.010609123000000000,NULL,0x,0
23,0xa6e4418c2b355c4dcacbdfa76c1adcf91afe4247328d6a7ee66d5ea8f715d58e,4824693,1514647578,0x4ba147c84b51539b1b1e6bab23c596d2b49cbb8b,0x6d0b90ea2951ca5ad3abdb606e4146e9765f1ee4,0.108748505000000000,NULL,0x,0
24,0xd522c3784450fc5b934fd2ea9adb78aa63abc2dfe7eb6930694c343897369dab,4824838,1514649751,0x6d0b90ea2951ca5ad3abdb606e4146e9765f1ee4,0x2c4e8f2d746113d0696ce89b35f0d8bf88e0aeca,0E-18,NULL,0xa9059cbb00000000000000000000000074d58fb79589d92647fc802a04c85541180ee2700000000000000000000000000000000000000000000000017c23eedef7800000,0
25,0x1335d373d0532a3432a3c40797b3bd4bd98af83d79c14e72a908a61f82fa1b35,4824991,1514652025,0x51803bb4aac3b2dfe815c1f17b4f280b2b19cc86,0x6d0b90ea2951ca5ad3abdb606e4146e9765f1ee4,1.000000000000000000,NULL,0x,0
26,0xb27b9f2ae52c2a7e4f559384b05f91746cd3dc70e09a6914d9f5ba03db792c73,4825009,1514652248,0x51803bb4aac3b2dfe815c1f17b4f280b2b19cc86,0x6d0b90ea2951ca5ad3abdb606e4146e9765f1ee4,0.007715815000000000,NULL,0x,0
27,0x9fbc58a4d741f4faf706bbc68d62e9afbefaa4d610712b0c19d72874a8cbf507,4825869,1514664698,0x6d0b90ea2951ca5ad3abdb606e4146e9765f1ee4,0xf230b790e05390fc8295f4d3f60332c93bed42e2,0E-18,NULL,0xa9059cbb000000000000000000000000f26b71d888702321bc299125e2e2fd2186ce266b0000000000000000000000000000000000000000000000000000000008f0d180,0
28,0xa4ea83c25525c6022dfa72f69e7b3d1f35af5ab31ca950369bb0d72899e0bcc5,4825914,1514665304,0xf26b71d888702321bc299125e2e2fd2186ce266b,0x6d0b90ea2951ca5ad3abdb606e4146e9765f1ee4,0.018748505000000000,NULL,0x,0
29,0x46bb747d69b06c895f00bf5147a6db59d8f6a30f14556b575810b64b0cfdf374,4826088,1514668138,0x682e5c71e9ed2826e96888d184e83317ee49dc20,0x6d0b90ea2951ca5ad3abdb606e4146e9765f1ee4,0.008333370000000000,NULL,0x,0
30,0x63c0085c8ed9f4ffc616764a2eb6bc6e2895ef399e3715184863d9a206ba56a1,4826089,1514668162,0x74d58fb79589d92647fc802a04c85541180ee270,0x6d0b90ea2951ca5ad3abdb606e4146e9765f1ee4,0.027930579000000000,NULL,0x,0
31,0xd80db8a468b796204958ac2163a6f61da95d05dcdb9d63a3b5b8ef77e2924d87,4826106,1514668405,0xeb7c67dd757fa1b234e5bd69503c7a3179411806,0x6d0b90ea2951ca5ad3abdb606e4146e9765f1ee4,4.783175070000000000,NULL,0x,0
32,0x8875453ec622bae5824b1171a7d832d38af21457815562a692ada6311d5fd6a6,4826508,1514674379,0x75f4b6c2092efdef60f8410675ffed33f3e3df7a,0x6d0b90ea2951ca5ad3abdb606e4146e9765f1ee4,0.008323336000000000,NULL,0x,0
33,0x65905480977a14d79f47142d975fbfb6b8a518c33ab1370837c5b4f8d2979c4c,4826681,1514676914,0x140558868e0acbc9cae2b52691c5897dd748eb47,0x6d0b90ea2951ca5ad3abdb606e4146e9765f1ee4,0.008750361000000000,NULL,0x,0
34,0xe35d0a1d864690e66a819395ad92fc7f899f5d4d79f85279121fb13f1b6fe18f,4826700,1514677123,0x1423520cb029a3385fd59937e47cb0f1e5e07463,0x6d0b90ea2951ca5ad3abdb606e4146e9765f1ee4,0.008726552000000000,NULL,0x,0
35,0x43861ff811126410d8727dd898844aa7102e2750a27100703d9861fc27bc6dff,4827153,1514683386,0x38830f558fbab94e96b685599f760aa7330245d4,0x6d0b90ea2951ca5ad3abdb606e4146e9765f1ee4,0.061430363314289000,NULL,0x,0
36,0xbaf092d5d0d0d679c0d1cb20e4715ab60b1b7870667cecda19eb3574cf54054c,4827317,1514685910,0x50fa41e7f31b015c62490d6dfae50d2ca481f5a0,0x6d0b90ea2951ca5ad3abdb606e4146e9765f1ee4,2.300000000000000000,NULL,0x,0
37,0x4d494086b4469ac4b3999a20806ee68f44ebd1e6a602429ea72540d35ebf5d73,4827341,1514686212,0x6d0b90ea2951ca5ad3abdb606e4146e9765f1ee4,0xbf2179859fc6d5bee9bf9158632dc51678a4100e,0E-18,NULL,0xa9059cbb00000000000000000000000051c635ac87afe1be960cfa0f93eda4a3d15af80c000000000000000000000000000000000000000000000000f5a30838ac6a0000,0
38,0xb86b13bf801c799b59d3469382ee830406ccfc837311eb3d8300e1122ba4a5d0,4827345,1514686256,0x50fa41e7f31b015c62490d6dfae50d2ca481f5a0,0x6d0b90ea2951ca5ad3abdb606e4146e9765f1ee4,0.020557498928650394,NULL,0x,0
39,0xaa2001b59968cc179536859bf03f2a0b944348b0bf75a5d4d92dfa8c043ee7c5,4828119,1514697553,0xf9d3d9cc05396e28263b164c08732238a7c5ef11,0x6d0b90ea2951ca5ad3abdb606e4146e9765f1ee4,0.008726552000000000,NULL,0x,0
40,0xf7e5c642bb4abbde2a83fc250a82cceb1c83c68c1eec425a17e4a49d912dc149,4828315,1514700348,0xb985a7a3ba503bc6d39f9687b5929c347e8e3468,0x6d0b90ea2951ca5ad3abdb606e4146e9765f1ee4,0.012342459000001024,NULL,0x,0
41,0x30182c68a9c23131d30aa2d9dae98fa0c0e8b0b6db38eef5c2054cba46f8b55e,4829251,1514713878,0x6fa38e2ef3aea4b15c767348bf946732ee1af736,0x6d0b90ea2951ca5ad3abdb606e4146e9765f1ee4,0.008273680000000000,NULL,0x,0
42,0x2e1021794acecba7b058b8736b4673a70e85c150ea99dd6fb51318a59ca028bb,4829992,1514725105,0x6d0b90ea2951ca5ad3abdb606e4146e9765f1ee4,0xf230b790e05390fc8295f4d3f60332c93bed42e2,0E-18,NULL,0xa9059cbb000000000000000000000000513ab9444c277bd595787683d375a5fdd339b6ee00000000000000000000000000000000000000000000000000000000101c7108,0
43,0x12039c9d2cbfe03e5b97c8ee80aa94af9c2626117651d8c42489d16ff80aa3be,4830371,1514730358,0x366f5866b7d59091e0a203bb3ea37e34eaf18106,0x6d0b90ea2951ca5ad3abdb606e4146e9765f1ee4,1.860000000000000000,NULL,0x,0
44,0x60efa1e2d07ad163416ee64e649e49ec59784f5628106337b2d0b4bcb4b37248,4830394,1514730753,0x366f5866b7d59091e0a203bb3ea37e34eaf18106,0x6d0b90ea2951ca5ad3abdb606e4146e9765f1ee4,0.015252000000000000,NULL,0x,0
45,0x19d940ba56b72a59df1a02c54491863f766cb1f7773b0d857ec6273ae46722e7,4830477,1514732132,0xb31bea744054c769dd91947f3793d74384b8809e,0x6d0b90ea2951ca5ad3abdb606e4146e9765f1ee4,0.998950000000000000,NULL,0x,0
46,0x62d77cefd64b87c5b634fec25524e1ae1bd9db558ff5f376cdcc6c0f4d2d5936,4830483,1514732227,0x2167c1bca66ba51d2371aa85efddf590335f6d17,0x6d0b90ea2951ca5ad3abdb606e4146e9765f1ee4,0.008032930000000000,NULL,0x,0
47,0x0338ad90a74b50accb727fb5b60040e5ed4d702c54eb31d543ab7fbd9c2060e4,4830650,1514734821,0x6d0b90ea2951ca5ad3abdb606e4146e9765f1ee4,0xd26114cd6ee289accf82350c8d8487fedb8a0c07,0E-18,NULL,0xa9059cbb0000000000000000000000002f797340b330b561f8f54d9c4ae8087b8510f2a800000000000000000000000000000000000000000000000107f237e53a0d0c30,0
48,0x756cf93cfca962659f1d6b5bcc728314f8ea3161952a05959801a697c019a755,4833235,1514772733,0x0a001d59cdf8539a691ba8ef5ac10017c9aadf8e,0x6d0b90ea2951ca5ad3abdb606e4146e9765f1ee4,0.008750361000000000,NULL,0x,0
49,0xa2894bb9d99365c1e1ae5ef7c3e1e3e560558e8130cf829683e8fe3f610d783e,4833814,1514780994,0x2f797340b330b561f8f54d9c4ae8087b8510f2a8,0x6d0b90ea2951ca5ad3abdb606e4146e9765f1ee4,1.812272320000000000,NULL,0x,0
50,0xb0c8141249e216bf7ad324302acc2660ddc66e794d1b96cc04a79f76c065438e,4834207,1514786534,0x69d853bdc1f169190278656f887f703dc7fdc651,0x6d0b90ea2951ca5ad3abdb606e4146e9765f1ee4,0.008273800000000000,NULL,0x,0
51,0x8caf83a392b3b2463f0692f6e5c53c9301a0722693d18933620ea7b127a965c3,4834816,1514795001,0x27a2480e8c1d4889ce6baf4b2e884fcba170cdc0,0x6d0b90ea2951ca5ad3abdb606e4146e9765f1ee4,0.008273800000000000,NULL,0x,0
52,0x80549778ac469ad2f2f322c687a249f2f6751f8cc3b682166bcfdb449507f47d,4834822,1514795190,0x63ceb4b93bd5515ebe7b7d75effa7fcdd3035b52,0x6d0b90ea2951ca5ad3abdb606e4146e9765f1ee4,0.637864900000000000,NULL,0x,0
53,0xb6dab55cc753b77ca8216a5af2cc42acf9909203fbe7ce317d6ce258f400f6e3,4835146,1514799646,0x87a877b57310fdd0221c769f663d1c4dc6cb3aac,0x6d0b90ea2951ca5ad3abdb606e4146e9765f1ee4,0.498273800000000000,NULL,0x,0
54,0xaf5b9f0090e66a8ec5ae0bb0a1540db920633213ecaa2bbb8d6a303e938d6ffc,4835494,1514804875,0x9530bf60459c489523b137e6372f0587568ca118,0x6d0b90ea2951ca5ad3abdb606e4146e9765f1ee4,0.003390820000000000,NULL,0x,0
55,0xaff126c3562528809fbbfb2bb4fdf7f373a50237861941c7a2786ef8225de08f,4835658,1514807316,0x7b96645a5c18da2ca9062910351e03a1a06d9a6a,0x6d0b90ea2951ca5ad3abdb606e4146e9765f1ee4,0.008278920000000000,NULL,0x,0
56,0xcdcd69f0d1f817d1788c664da091e139b44ad5da15687db030873540d2e0c6b0,4835756,1514808776,0x94ad0847997bd514b230e2a2e816fe390e328cff,0x6d0b90ea2951ca5ad3abdb606e4146e9765f1ee4,0.008273800000000000,NULL,0x,0
57,0x6e46b83fe264eab7fa3b4cfb9f75d3e820081193606077012e9ce293e41e3670,4836665,1514822399,0x040d65fbce89e3d610a82f41b984ce628a781c48,0x6d0b90ea2951ca5ad3abdb606e4146e9765f1ee4,3.509580000000000000,NULL,0x,0
58,0x4ed777d3b57ad8d4df5bd28684c53160421f9dd70ec83ba2597df5c132c9751c,4836839,1514825048,0xbb61302c594e5ec6795465d1db6f68c873356bee,0x6d0b90ea2951ca5ad3abdb606e4146e9765f1ee4,0.075988565000000000,NULL,0x,0
59,0x9506346b8e6c7e2a376d3728e918a42011be0d9040fc0b7c108e1dca63269af1,4837142,1514829450,0x8bdc4511a0222782e0588b9b27c572b3b6719cae,0x6d0b90ea2951ca5ad3abdb606e4146e9765f1ee4,17.000000000000000000,NULL,0x,0
60,0x1af03834fa854f65c9ab6769ab5ca7193d4eb20b8e98b4c9fd7c46df5af5b787,4837162,1514829714,0x8bdc4511a0222782e0588b9b27c572b3b6719cae,0x6d0b90ea2951ca5ad3abdb606e4146e9765f1ee4,0.423628306823384600,NULL,0x,0
61,0xcd8cd0152bcc1f340afd943924665504199a5a440a34191b3682cd4da9e23085,4837181,1514829908,0xfde1f2b2cb1e9ab9a858fc9d98f2db904d11d5ff,0x6d0b90ea2951ca5ad3abdb606e4146e9765f1ee4,0.270244980000000000,NULL,0x,0
62,0x3ad223b6488ca650329d75613831214c36b4d548b339dd10c317a5679fe3aaee,4837211,1514830298,0x36c572811152cae9bc8293ad6888416f61f3b2f1,0x6d0b90ea2951ca5ad3abdb606e4146e9765f1ee4,1.497419950000000000,NULL,0x,0
63,0x3665b9cc060c789c928abfa3117a3f01829abe597b6044aa20c27923a47db221,4837288,1514831297,0x7d3f38dd91f9bd98451c00e8532d81b79789e9ee,0x6d0b90ea2951ca5ad3abdb606e4146e9765f1ee4,0.195046660000000000,NULL,0x,0
64,0x9501a10176946e417fdca57181a8c5d9159e8ee439a5db568c33242b489f12cb,4837324,1514831949,0xd266aec697e12c439e01c2e2cab4fbc4477d7ee5,0x6d0b90ea2951ca5ad3abdb606e4146e9765f1ee4,0.066166645000000000,NULL,0x,0
65,0x0ffe8b19a619cd6e520ff0ecae59c8b36a80437babb71ada0235459719c3a0f6,4837345,1514832300,0xee3cd393237b5f3b3530bbf95f9e4aa71b485d89,0x6d0b90ea2951ca5ad3abdb606e4146e9765f1ee4,0.008276240000000000,NULL,0x,0
66,0x8da618ff8cb4eeb67b71c8b2c8d4ba4f49be15b45dfb5f3e0bf9d96f7485f8e2,4837361,1514832535,0x8bdc4511a0222782e0588b9b27c572b3b6719cae,0x6d0b90ea2951ca5ad3abdb606e4146e9765f1ee4,0.006518400000000000,NULL,0x,0
67,0x485dcd257ed2af95761b8cbc0254d4be2a83b281d6a5b99adf9a041e7ddc9780,4837382,1514832796,0xf37c18189f1bba9a4eea49eb775eb481cfd7e78b,0x6d0b90ea2951ca5ad3abdb606e4146e9765f1ee4,0.008276360000000000,NULL,0x,0
68,0x8c34ac8d1b28e2f1cc0d1269042265968d4cfde43521f7b16d35537e091e70f2,4837469,1514834155,0x85a67444bd16465796f60981969d239f0b348e52,0x6d0b90ea2951ca5ad3abdb606e4146e9765f1ee4,0.645020380000000003,NULL,0x,0
69,0x50630f6ab89c8e114be487c676a15db1ea5f8eb4fa914a6dfe91602ce00e95a1,4837481,1514834368,0x85a67444bd16465796f60981969d239f0b348e52,0x6d0b90ea2951ca5ad3abdb606e4146e9765f1ee4,0.006310640000000000,NULL,0x,0
70,0x17cba3cbf91ae88e3fe64f1b6e93a70e791592ad30c3070c699edbacc7868bd1,4837633,1514836779,0x33c5878f47522d5f9d3c24771d2d22461cd2d7ee,0x6d0b90ea2951ca5ad3abdb606e4146e9765f1ee4,0.008273800000000000,NULL,0x,0
71,0x3fb043580001c993c0a38338b0c0dedfefb4af39bb1f1241304e8645f0aed7bb,4837854,1514840165,0x9cf7ea8a4525875e95e95835fcae59b0b01c576f,0x6d0b90ea2951ca5ad3abdb606e4146e9765f1ee4,0.008276360000000000,NULL,0x,0
72,0x4e551867d43ac6bdbe45c528fcaa633dbc0dd1d3f2a70c62e3459a5bd2f9b135,4837913,1514841062,0x7f65da0dc8a7ee1aa91f53f7321e011901e099e4,0x6d0b90ea2951ca5ad3abdb606e4146e9765f1ee4,30.430000000000000000,NULL,0x,0
73,0x3896fda3fa266e6866e78c8ba6ce4ae7fd4e7662d53f7c6689cacb8274dd8bf8,4837921,1514841163,0x7f65da0dc8a7ee1aa91f53f7321e011901e099e4,0x6d0b90ea2951ca5ad3abdb606e4146e9765f1ee4,0.026798140000000000,NULL,0x,0
74,0xa2ba16fdbb04254baa19d9f087cbcc5737ea0e107752cb208764751c79d8072d,4838585,1514850845,0xefd828c9aaccceb1649de8cd5908a076f634fb9c,0x6d0b90ea2951ca5ad3abdb606e4146e9765f1ee4,0.006842280000000000,NULL,0x,0
75,0xcf2b7e81dcee95da1de4bf4dd0d8fe1a68246c4e6961dd3de774e3d3dc0a24b0,4838619,1514851389,0x3aecbd4daf6da1316ce73bc4090e784cca787fe4,0x6d0b90ea2951ca5ad3abdb606e4146e9765f1ee4,0.011490364511659776,NULL,0x,0
76,0x8c37f4b447c086e9bf47a25f162d7ac05ae9f1180f1aba22a017a2f13ef01819,4839165,1514859298,0xb1c0bd0728ad82e24eb414c5bfb4dd1000b11cae,0x6d0b90ea2951ca5ad3abdb606e4146e9765f1ee4,0.006145800000003251,NULL,0x,0
77,0xca2ea025f76b4bb62f9533cab1bde2cbe6e215fcdb40b784480ad57998df8d6a,4839256,1514860673,0xcb72b8f70ae6aa59b99d97030db7a38c6ffd3d2f,0x6d0b90ea2951ca5ad3abdb606e4146e9765f1ee4,6.800000000000000000,NULL,0x,0
78,0xe419d67dc96358cbf99f9da2625264613c937bcf5b14714145b56c698972ad2e,4839260,1514860718,0xcb72b8f70ae6aa59b99d97030db7a38c6ffd3d2f,0x6d0b90ea2951ca5ad3abdb606e4146e9765f1ee4,0.028189150000000000,NULL,0x,0
79,0xe0e2c6dbc49537ec207e95ef339a290e33b28c5567a3f430c14439c65aab60ee,4839266,1514860793,0xdfa3e3b40e13760d72c60a4684de486fcef99f48,0x6d0b90ea2951ca5ad3abdb606e4146e9765f1ee4,0.049189980000000000,NULL,0x,0
80,0x9b92e0ba2c23788b5afb6ab761503a63d8bafc1f84d66d89e3f36d5274ce4088,4839275,1514860954,0xe446707f6548c8ddabbe316d7436308b2820cc51,0x6d0b90ea2951ca5ad3abdb606e4146e9765f1ee4,0.008273800000000000,NULL,0x,0
81,0xaf1135888a4d9067e75058301d721369ba248b484b06d479b8a1dd3eed8190a8,4839369,1514862339,0xc59ca41539c7c13ac9d28a07896e1ca71252711c,0x6d0b90ea2951ca5ad3abdb606e4146e9765f1ee4,0.008276360000000000,NULL,0x,0
82,0x27541d2eec24d70ca6467290b7952a06a0e16cbadc9690db6a54084a0600ef24,4839426,1514863379,0x4945b3e856c30f655d6dca49e18e27054506e4c8,0x6d0b90ea2951ca5ad3abdb606e4146e9765f1ee4,0.008273800000000000,NULL,0x,0
83,0x3444e222889ab907ea16f586b7ff37343de9ef509b4cbb1b1dda61eb43830582,4839510,1514864618,0x9590e2b1e9513b5c50d3a51baba303acebc811aa,0x6d0b90ea2951ca5ad3abdb606e4146e9765f1ee4,0.008276360000000000,NULL,0x,0
84,0xe6670b6fe039a01d6032899a410be6c545760956dca14a24f97f44f88ee86310,4839726,1514867514,0x089d4115b8a00793d420093e5b2e84d0db4b9a53,0x6d0b90ea2951ca5ad3abdb606e4146e9765f1ee4,0.465989100000000000,NULL,0x,0
85,0x35c11791bb74e0eaf54804429bf1ca77cc70b9988812f190cf9dfd29faff67ab,4839924,1514870300,0xa2682524704eacbc333df053749bd11125f171ed,0x6d0b90ea2951ca5ad3abdb606e4146e9765f1ee4,0.008276360000000000,NULL,0x,0
86,0xfe1daa605bc603b4b7e2a0358f3bc7cef9fd5d57257a162098dd210a9098d6d5,4840138,1514873232,0x333a9f2f4a69cbf8a3ad2943e918515bb06be56f,0x6d0b90ea2951ca5ad3abdb606e4146e9765f1ee4,0.038246080000000000,NULL,0x,0
87,0x8c9e427d2ea193e7905281124df5900e22a89c697d0a45f4af20fe5c827d1e39,4840690,1514882446,0xe7da1179081eeb47e281a73f09f2d5fa6892813f,0x6d0b90ea2951ca5ad3abdb606e4146e9765f1ee4,1.050000000000000000,NULL,0x,0
88,0xa516982c184219d4d802e7b938d22de1949ae8c4353010f9c90d6539c6fd5594,4840704,1514882641,0xe7da1179081eeb47e281a73f09f2d5fa6892813f,0x6d0b90ea2951ca5ad3abdb606e4146e9765f1ee4,0.016272160000000000,NULL,0x,0
89,0xc947d86601eac34b4c91b971b8ef93fa3f7e8dfc12cdb7655ffe2d8d028330a8,4840893,1514885300,0xa4338c6c72efa3a9abcb4cf90b3381b462c45042,0x6d0b90ea2951ca5ad3abdb606e4146e9765f1ee4,0.375912720000000000,NULL,0x,0
90,0xde778a4bd653d784d69b9947abe940885750d2535271bba62e0014bedb0bf9b5,4841039,1514887614,0xff26251ec47db714bae7c0ba502fa94ef215d35c,0x6d0b90ea2951ca5ad3abdb606e4146e9765f1ee4,0.560000000000000000,NULL,0x,0
91,0x52156b76f8dcb8f3f8be0a5c2d0ff61c37ff3e63417d9a26224af9fa1f1f8d14,4841045,1514887704,0xff26251ec47db714bae7c0ba502fa94ef215d35c,0x6d0b90ea2951ca5ad3abdb606e4146e9765f1ee4,0.017297430000000000,NULL,0x,0
92,0x5ee8e9df4dfbf41f9cfa2514cb60777ca93452a63f60edbd241a3b6714fbbe23,4841056,1514887901,0x1ff6bc620d2941406aa4d50ccd373ca6c3cc5305,0x6d0b90ea2951ca5ad3abdb606e4146e9765f1ee4,0.008271120000000000,NULL,0x,0
93,0x67c7da127f250e69a09c827527fb2f0dd8d720d9880a33a840e345b2041f1bd9,4841062,1514887991,0x858e3d59bb735d3b691bc3b7c2ed3cae061d3951,0x6d0b90ea2951ca5ad3abdb606e4146e9765f1ee4,0.008243520000000000,NULL,0x,0
94,0xff75fbcabfbedd28291b2b1faf24766fcf81234bedeea60f4d0cd4de0c0b3c0b,4841176,1514889798,0x18f7f3b70eb920f0dc8605911310ccbe1ee0c113,0x6d0b90ea2951ca5ad3abdb606e4146e9765f1ee4,0.234859380000000000,NULL,0x,0
95,0x3f673ed684da92acd71873f0527552f623510c94fa878fa386bf05f96dbb09ed,4841308,1514891714,0xf51296066ed5c95b010cda7d994ed7f32f4a0d19,0x6d0b90ea2951ca5ad3abdb606e4146e9765f1ee4,1.030000000000000000,NULL,0x,0
96,0x490db0356c10a4362673cd00d4d8b7fd257523ae9e77e65def579d235dae9d17,4841319,1514891910,0xf51296066ed5c95b010cda7d994ed7f32f4a0d19,0x6d0b90ea2951ca5ad3abdb606e4146e9765f1ee4,0.019624840000000000,NULL,0x,0
97,0x0b1c398e5b1a06acb47490802f0215fd17ee75f51a1ad2f4c0d10847039016e2,4841446,1514893606,0x22a98d5c75da4bdbdd2e44a8cb0a8118dab6995d,0x6d0b90ea2951ca5ad3abdb606e4146e9765f1ee4,1.989496000000000000,NULL,0x,0
98,0x3045c7d15a0df1752446f1c86ccfe9c166705c61999e885e9f2f6623fdb5251d,4841811,1514898885,0x3c6092ad8ea078f7ebc4df1bce65441a85a93590,0x6d0b90ea2951ca5ad3abdb606e4146e9765f1ee4,3.496541909614255600,NULL,0x,0
99,0x32e79b13aeb5f3d3042226d822cc1547160af30fac75a1496854335c5ab325f5,4841876,1514899739,0xca2e06f781b007c8eff01b704b18fcbf7b1f8a97,0x6d0b90ea2951ca5ad3abdb606e4146e9765f1ee4,0.008728815500000000,NULL,0x,0
100,0x693342945f85befb99397eed35261fae671a5a1e028367bfd9d8dda6514d9687,4841902,1514900175,0x1ce50761ba00774e87b032fb1208e33f070fae94,0x6d0b90ea2951ca5ad3abdb606e4146e9765f1ee4,3.300000000000000000,NULL,0x,0
101,0xfa92bfb010b39b667394450c95d3d3678cbc3f9f45892b06a8a208ad1d01251a,4841938,1514900702,0x1ce50761ba00774e87b032fb1208e33f070fae94,0x6d0b90ea2951ca5ad3abdb606e4146e9765f1ee4,0.158024738785426104,NULL,0x,0
102,0x573235845bf3b69e25858fa4bb60e7c192b4318f156cc588359fb0c3a9bba208,4842019,1514902068,0x668f71aa1e7c6208908faf79bc569a96039f4586,0x6d0b90ea2951ca5ad3abdb606e4146e9765f1ee4,0.008748505000000000,NULL,0x,0
103,0x3bb852d53fd30cfb98c4be8adceb90872d1e72a8cdb999bf4d04854ed96aa8d4,4842291,1514906470,0xd089eefb221f636c96fdf3a9f7c7729b70ca1920,0x6d0b90ea2951ca5ad3abdb606e4146e9765f1ee4,0.820000000000000000,NULL,0x,0
104,0x1e30be8f004827f0d36d97ee563ea6d8f219a4634b73263d6ba4e7fbc9ae46ac,4842398,1514907755,0xd089eefb221f636c96fdf3a9f7c7729b70ca1920,0x6d0b90ea2951ca5ad3abdb606e4146e9765f1ee4,0.008931480000000000,NULL,0x,0
105,0x0c6f260bc024a27813e196b6938e127b96aedb6c4e6677911f099c47e7aaf760,4842455,1514908617,0x00ce44e2040e46120a666eceaaaa7c21eaa5a8a5,0x6d0b90ea2951ca5ad3abdb606e4146e9765f1ee4,0.014047920000000000,NULL,0x,0
106,0xe2df60de3f576cfa1ef709316fecc2375155286174d98ac88272a68f38ba0dbf,4842541,1514909857,0x8a440b48e2df1326daf3bd8e5aa05042ca0e8f4b,0x6d0b90ea2951ca5ad3abdb606e4146e9765f1ee4,0.238361990000000000,NULL,0x,0
107,0xb90a984957d896d48001d2fc980e4ba994f2fdcecc7591850586545dbc68341c,4842894,1514915307,0xcd3bbd6cdfa3c38ccce06ab42fa475f51bbfb769,0x6d0b90ea2951ca5ad3abdb606e4146e9765f1ee4,0.006131995904523553,NULL,0x,0
108,0xb0790289128d9c4403b21c13c10f9371e90351b925572d1a81d51699468b9aef,4843365,1514922681,0xec92f4d79e8efcc08ba8c1cdc8d7b83e50ef20a2,0x6d0b90ea2951ca5ad3abdb606e4146e9765f1ee4,0.008746562000000000,NULL,0x,0
109,0xe3f5f8d512c8e63b0d23f1d76514bc100381402b3fab93b93e5606c2d283f94b,4843398,1514923270,0x2a12bd40d681fdfd879f6ba1d34fbd065aa12bc6,0x6d0b90ea2951ca5ad3abdb606e4146e9765f1ee4,1.350000000000000000,NULL,0x,0
110,0xdb25123ade2ae777e54a28637c5403fd5eae412bb1b7d664434efb100a8c16c5,4843447,1514924004,0x2a12bd40d681fdfd879f6ba1d34fbd065aa12bc6,0x6d0b90ea2951ca5ad3abdb606e4146e9765f1ee4,0.017247839525524369,NULL,0x,0
111,0x7427427759ca34bbbf659e8d2b4d813449870571e0321f451eac941c8aa12c2f,4843629,1514926431,0x1369768a871bad8f464fd41633c0dbf3c9f9563a,0x6d0b90ea2951ca5ad3abdb606e4146e9765f1ee4,0.008752971000000000,NULL,0x,0
112,0xfed3b75fd1c06349dc98a0c1951c1e3702c6cfad302028f70bc67ea1d0d93df8,4843716,1514927626,0x14eee373b17a8ac40c0e5212b0b73b51e4c4bcb3,0x6d0b90ea2951ca5ad3abdb606e4146e9765f1ee4,0.489250361000000000,NULL,0x,0
113,0xc6025ebbc0afc185a24649fe8463fcc68141c27cf19ba28bc5443e1100db7b93,4843855,1514929895,0x00db812945996571271077c36f8edb5aa2f4869d,0x6d0b90ea2951ca5ad3abdb606e4146e9765f1ee4,0.025159453000000000,NULL,0x,0
114,0xf0330c8030224d1313a76c4377a253f830cd0c6d7acc7b28c90afe5eb40aca53,4843991,1514931896,0xe35b5d4aa125cb668141271f678797ce813dde98,0x6d0b90ea2951ca5ad3abdb606e4146e9765f1ee4,0.008748505000000000,NULL,0x,0
115,0xc6cbb9fe2a03567667a8786119eb5afa202c43b9e5e38910f06e3065ad6edbad,4844063,1514932852,0x01cf74147cce25127730f701096a63ab86b54966,0x6d0b90ea2951ca5ad3abdb606e4146e9765f1ee4,0.008749172000000000,NULL,0x,0
116,0xdc272cb56c78bc6763b04116cca607e1da530829852a6c455e53fdcc9c7ae24c,4844297,1514936545,0x75b5cbc3977cbf5dc8b7a2b35033c429f320b7ac,0x6d0b90ea2951ca5ad3abdb606e4146e9765f1ee4,0.008045139000000000,NULL,0x,0
117,0xc4c29d66fd2a2dc4dc596c4ef11ff856ebcbeea9d6d9f3344f4c9ff96335c5e4,4844368,1514937675,0xf3440540fb08a9307c5fecc6d7986d1aa5965d65,0x6d0b90ea2951ca5ad3abdb606e4146e9765f1ee4,0.066271470395601853,NULL,0x,0
118,0xe3e44232e04d7b3acec1075fe4663beadde7e931533b92d4149ca19e24de0236,4844903,1514945541,0x6d0b90ea2951ca5ad3abdb606e4146e9765f1ee4,0xd26114cd6ee289accf82350c8d8487fedb8a0c07,0E-18,NULL,0xa9059cbb000000000000000000000000d7fd1c0274dc266826c7ca64f06653c3bfbb11ca00000000000000000000000000000000000000000000000002520c2da5201f24,0
119,0x5a6579f6db2b128a6ab1af09ec006847f8d56a9ebf28d2abd31336e732f994c1,4846132,1514964920,0x905e584804a3bb2da2154f8d41e74ef1eaf8b5d2,0x6d0b90ea2951ca5ad3abdb606e4146e9765f1ee4,0.317020580237324173,NULL,0x,0
120,0x80691c4ff9a9a2f18093b1790be411421f4a78bad003bf87b1aaa9adebcd9950,4846202,1514966016,0x4e5e1bd2311efc8bd37ba0b1952d19f5529fd77d,0x6d0b90ea2951ca5ad3abdb606e4146e9765f1ee4,0.008276360000000000,NULL,0x,0
121,0xdb2604a94b7da958c4ed12c5587494fabc52c6a2e070ce853e593224ef2dcf7e,4846421,1514969684,0x78c33a4e1ddac83d7201e30bdae94058155df454,0x6d0b90ea2951ca5ad3abdb606e4146e9765f1ee4,0.009608140000000000,NULL,0x,0
122,0x2c6a73e4db46b05de32c552abb62da1fd129ba2dff12be53282f5115e26753c3,4847465,1514984983,0x333fe777b367619efa2704b24af3587adbb8bc37,0x6d0b90ea2951ca5ad3abdb606e4146e9765f1ee4,0.002055200000000000,NULL,0x,0
123,0x7b2cd4c278121a6027f56b6cf23bc6a608d82a7fe9d0dcc4f7dfea949c38f260,4847550,1514986149,0x77d7fe905bd138d7f22400d6426318e321ac7852,0x6d0b90ea2951ca5ad3abdb606e4146e9765f1ee4,0.102477569999999989,NULL,0x,0
124,0xd160e2adc43a7a1d8671b41b617be30e33138d6ae807ac9f7073499bc05861e5,4847835,1514990557,0x8aaef376711759484fa611554e70c2025e3c804d,0x6d0b90ea2951ca5ad3abdb606e4146e9765f1ee4,0.009010379000000000,NULL,0x,0
125,0x132a552cfb5079fc85d6d10fa4a10c1e87feb6217bdfdf480e429ab7707db9e9,4847845,1514990682,0xcdc0185f0c0d6ada6ee9f74cb1ff8a83b1a393eb,0x6d0b90ea2951ca5ad3abdb606e4146e9765f1ee4,0.009008907000000000,NULL,0x,0
126,0x8f16868b37515e1e07cd5dbb0cff7819929e4fc6e8760a4747f7355f1d049881,4848327,1514998525,0x1c434de8907557821d39a4d43a37eb79e4474dc3,0x6d0b90ea2951ca5ad3abdb606e4146e9765f1ee4,0.221777692511564321,NULL,0x,0
127,0x98b1aaf2e424a0942c32fc95f38cfbb1fe3706729d1270091bdf4225ffa45203,4848701,1515004889,0xbd986f990bf43f4e9aa1c40c4b18c780d8c4a4f6,0x6d0b90ea2951ca5ad3abdb606e4146e9765f1ee4,0.096802000000000000,NULL,0x,0
128,0x2da839afabe1e0aa56d6ee93c187df888aab5400941ae22e79c49be3ab490d7b,4855272,1515109073,0x6d0b90ea2951ca5ad3abdb606e4146e9765f1ee4,0xf230b790e05390fc8295f4d3f60332c93bed42e2,0E-18,NULL,0xa9059cbb000000000000000000000000dac0d8ebb0a5f9d66caefebf0e02f1ad96fda1c800000000000000000000000000000000000000000000000000000210191585c6,0
129,0x9554b87acb615a52d9b64b911cd6f1f2d398f7690eb23e4c82ee95e03168cfb0,4936282,1516388476,0x6d0b90ea2951ca5ad3abdb606e4146e9765f1ee4,0xb5a5f22694352c15b00323844ad545abb2b11028,0E-18,NULL,0xa9059cbb0000000000000000000000007a18314295ede5e79dd380fada6a2e790e5e285e0000000000000000000000000000000000000000000001a7ec7bf87aad10e000,0
130,0xfe0ecfc55c555971510cddc15d184b378c6fa25c1f110edf6eeda06d3731cea3,5138475,1519337293,0x6d0b90ea2951ca5ad3abdb606e4146e9765f1ee4,0xe2fb6529ef566a080e6d23de0bd351311087d567,0E-18,NULL,0x095ea7b30000000000000000000000002a0c0dbecc7e4d658f48e01e3fa353f44050c208000000000000000000000000000000000000000000000036ffa2c843dc5d4000,0
131,0x7e1af47912bfb143fa6026e65f4de3d7942913e2fd7aed6f4f1257ad6b2c50ba,5138477,1519337329,0x6d0b90ea2951ca5ad3abdb606e4146e9765f1ee4,0x2a0c0dbecc7e4d658f48e01e3fa353f44050c208,0E-18,NULL,0x338b5dea000000000000000000000000e2fb6529ef566a080e6d23de0bd351311087d567000000000000000000000000000000000000000000000036ffa2c843dc5d4000,0
0,0xfc79a53b26cb7635fb598d65b51203ef184cd0ec5ced42cb3e151ed076b2cd7b,5261002,1521138707,0x2a0c0dbecc7e4d658f48e01e3fa353f44050c208,0x6d0b90ea2951ca5ad3abdb606e4146e9765f1ee4,1.507890000000000000,NULL,NULL,0
132,0x95f5205fa31b1d81101d884080837372eb9436b116238e927aa41503d458c581,5261028,1521139067,0x6d0b90ea2951ca5ad3abdb606e4146e9765f1ee4,0xd26114cd6ee289accf82350c8d8487fedb8a0c07,0E-18,NULL,0xa9059cbb0000000000000000000000002f975177f056ef2d6ef3396fb42a5cab137be6360000000000000000000000000000000000000000000000447cccdf7b3a5bc19c,0
133,0x8260d7afd05428d433c95fefe1b62cf0fe3073f9f066b6a630a7d44e3feea1a1,5261186,1521141139,0x6d0b90ea2951ca5ad3abdb606e4146e9765f1ee4,0x2f975177f056ef2d6ef3396fb42a5cab137be636,95.700000000000000000,NULL,0x,0
134,0xa3dabae4ee9afd1486607192fd06a6e532b32a80c2bf8bc3002841196e593d42,5272095,1521301064,0x6d0b90ea2951ca5ad3abdb606e4146e9765f1ee4,0x4ceda7906a5ed2179785cd3a40a69ee8bc99c466,0E-18,NULL,0xa9059cbb000000000000000000000000446593015e30bacdef625f76bcd84d2d2a0a04610000000000000000000000000000000000000000000000000000000c393e6d00,0
135,0x189481707e450153e12b3eb07c401781fe81004d1ccc2735c98b1bf2da4e120a,5272099,1521301119,0x6d0b90ea2951ca5ad3abdb606e4146e9765f1ee4,0x960b236a07cf122663c4303350609a66a7b288c0,0E-18,NULL,0xa9059cbb000000000000000000000000446593015e30bacdef625f76bcd84d2d2a0a0461000000000000000000000000000000000000000000000003adec979040136400,0
136,0xeb73aa792be3dbbd49ac1de12b0aed35ec78df5a7a6a4f505894c83a08cda0d2,5272102,1521301174,0x6d0b90ea2951ca5ad3abdb606e4146e9765f1ee4,0x0d8775f648430679a709e98d2b0cb6250d2887ef,0E-18,NULL,0xa9059cbb000000000000000000000000446593015e30bacdef625f76bcd84d2d2a0a04610000000000000000000000000000000000000000000000056bc75e2d63100000,0
137,0x39e61205b5889b85e511033b9fe81e252ab685b343e3fd30c0989cfcb27242f8,5272105,1521301205,0x6d0b90ea2951ca5ad3abdb606e4146e9765f1ee4,0x45245bc59219eeaaf6cd3f382e078a461ff9de7b,0E-18,NULL,0xa9059cbb000000000000000000000000446593015e30bacdef625f76bcd84d2d2a0a0461000000000000000000000000000000000000000000000002fb474098f67c0000,0
138,0x6bf9c9f09037ca37196b8078b41682105c5e27ee6484c916c395a0c35933cfbb,5272107,1521301337,0x6d0b90ea2951ca5ad3abdb606e4146e9765f1ee4,0xdf6ef343350780bf8c3410bf062e0c015b1dd671,0E-18,NULL,0xa9059cbb000000000000000000000000446593015e30bacdef625f76bcd84d2d2a0a04610000000000000000000000000000000000000000000000000000001c2c297a00,0
139,0x540452b39a348be7408c513f6650ce574b59bc8cd71c8e311e85280eb440e366,5272115,1521301431,0x6d0b90ea2951ca5ad3abdb606e4146e9765f1ee4,0x41e5560054824ea6b0732e656e3ad64e20e94e45,0E-18,NULL,0xa9059cbb000000000000000000000000446593015e30bacdef625f76bcd84d2d2a0a04610000000000000000000000000000000000000000000000000000000644d15855,0
140,0xbc8c6759c7e01d490bc8fc634eaaea4e192fe10cbf8c14874aae604a350571e0,5272117,1521301487,0x6d0b90ea2951ca5ad3abdb606e4146e9765f1ee4,0x0cf0ee63788a0849fe5297f3407f701e122cc023,0E-18,NULL,0xa9059cbb000000000000000000000000446593015e30bacdef625f76bcd84d2d2a0a0461000000000000000000000000000000000000000000000039b7b0c57be72ba421,0
141,0xb5abcba1f61a1a0370914a1a79b8f9afee3fe72ff69fb49bf6f1c2246bad2943,5272123,1521301537,0x6d0b90ea2951ca5ad3abdb606e4146e9765f1ee4,0x0abdace70d3790235af448c88547603b945604ea,0E-18,NULL,0xa9059cbb000000000000000000000000446593015e30bacdef625f76bcd84d2d2a0a046100000000000000000000000000000000000000000000006c6b935b8bbd400000,0
142,0x7cb770faa5159e1b74a9f9d2022cfca47e9d9b316248084a60c52e5de18935d6,5272155,1521301969,0x6d0b90ea2951ca5ad3abdb606e4146e9765f1ee4,0x419c4db4b9e25d6db2ad9691ccb832c8d9fda05e,0E-18,NULL,0xa9059cbb000000000000000000000000446593015e30bacdef625f76bcd84d2d2a0a046100000000000000000000000000000000000000000000001f890e196a8ec697e6,0
143,0x37b4210403d1355b7a5b5e14ba2fe813b00f58890ea8c43b2b4eb3a10cf21c82,5272158,1521302113,0x6d0b90ea2951ca5ad3abdb606e4146e9765f1ee4,0xbf2179859fc6d5bee9bf9158632dc51678a4100e,0E-18,NULL,0xa9059cbb000000000000000000000000446593015e30bacdef625f76bcd84d2d2a0a04610000000000000000000000000000000000000000000001918cf008714efa0000,0
144,0x5804168e39d8db24c80a51730976b3301f42139c98c55a87e5160f42933149f8,5272171,1521302386,0x6d0b90ea2951ca5ad3abdb606e4146e9765f1ee4,0x419d0d8bdd9af5e606ae2232ed285aff190e711b,0E-18,NULL,0xa9059cbb000000000000000000000000446593015e30bacdef625f76bcd84d2d2a0a04610000000000000000000000000000000000000000000000000000007874745f92,0
145,0x141efe372d99438fd6fc44bf38686a34ba27b44a76a040c92da25ff849a07db2,5272175,1521302438,0x6d0b90ea2951ca5ad3abdb606e4146e9765f1ee4,0x6810e776880c02933d47db1b9fc05908e5386b96,0E-18,NULL,0xa9059cbb000000000000000000000000446593015e30bacdef625f76bcd84d2d2a0a04610000000000000000000000000000000000000000000000001cc8d462fbc52c00,0
146,0x745692a2ab41d33aec65a70841655dc802cb92a73fffc5c199e928809e7856ca,5272180,1521302489,0x6d0b90ea2951ca5ad3abdb606e4146e9765f1ee4,0xa74476443119a942de498590fe1f2454d7d4ac0d,0E-18,NULL,0xa9059cbb000000000000000000000000446593015e30bacdef625f76bcd84d2d2a0a046100000000000000000000000000000000000000000000004b8aa71e47bb994000,0
147,0x742a01126f79627b24d7a696e131fb7b9fafea321389b4321ebd981f2d0d16d1,5272184,1521302569,0x6d0b90ea2951ca5ad3abdb606e4146e9765f1ee4,0x818fc6c2ec5986bc6e2cbf00939d90556ab12ce5,0E-18,NULL,0xa9059cbb000000000000000000000000446593015e30bacdef625f76bcd84d2d2a0a046100000000000000000000000000000000000000000000a1b65e5e446147be5800,0
148,0x84805faccc4b3655177ded50df5dc1107aca295088f85f2201495bfd7a299dce,5272192,1521302707,0x6d0b90ea2951ca5ad3abdb606e4146e9765f1ee4,0x514910771af9ca656af840dff83e8264ecf986ca,0E-18,NULL,0xa9059cbb000000000000000000000000446593015e30bacdef625f76bcd84d2d2a0a04610000000000000000000000000000000000000000000000f9958b116212118000,0
149,0xe36d89cd042809c14c4d0ea06ea05a8d75b3c5c9e884259f9e860fbb19d3d08d,5272198,1521302751,0x6d0b90ea2951ca5ad3abdb606e4146e9765f1ee4,0x4355fc160f74328f9b383df2ec589bb3dfd82ba0,0E-18,NULL,0xa9059cbb000000000000000000000000446593015e30bacdef625f76bcd84d2d2a0a0461000000000000000000000000000000000000000000000f907167644f6af00000,0
150,0xe7cbd3723eed15bf389cd02ee49fe330cbd75edd6b90d5933488ccd36005697e,5272362,1521304972,0x6d0b90ea2951ca5ad3abdb606e4146e9765f1ee4,0x2c4e8f2d746113d0696ce89b35f0d8bf88e0aeca,0E-18,NULL,0xa9059cbb000000000000000000000000446593015e30bacdef625f76bcd84d2d2a0a04610000000000000000000000000000000000000000000004ddb01e2b23898d8000,0
151,0x713e424b9fcd58e2000fc6934ee75f13677042f4509539e51c203b9d95d686bf,5272372,1521305065,0x6d0b90ea2951ca5ad3abdb606e4146e9765f1ee4,0x595832f8fc6bf59c85c527fec3740a1b7a361269,0E-18,NULL,0xa9059cbb000000000000000000000000446593015e30bacdef625f76bcd84d2d2a0a0461000000000000000000000000000000000000000000000000000000000fca9270,0
152,0x4fda77c460e02b59a2005e14f71f4d7ddd5fb81ba9a60886e03f5e433262620b,5272379,1521305163,0x6d0b90ea2951ca5ad3abdb606e4146e9765f1ee4,0x5f53f7a8075614b699baad0bc2c899f4bad8fbbf,0E-18,NULL,0xa9059cbb000000000000000000000000446593015e30bacdef625f76bcd84d2d2a0a046100000000000000000000000000000000000000000000001b1ae4d6e2ef500000,1
153,0x5dd815440aa3e34d02ad1705f59a167052d350e0be496a04e9a18b4f15d51395,5272382,1521305233,0x6d0b90ea2951ca5ad3abdb606e4146e9765f1ee4,0xe94327d07fc17907b4db788e5adf2ed424addff6,0E-18,NULL,0xa9059cbb000000000000000000000000446593015e30bacdef625f76bcd84d2d2a0a04610000000000000000000000000000000000000000000000003c78da3bd5738c00,0
154,0xadd06f973d6b903339f06f0928a2eaae627ac99184843293a8e015a90e5964e7,5272386,1521305313,0x6d0b90ea2951ca5ad3abdb606e4146e9765f1ee4,0x4156d3342d5c385a87d264f90653733592000581,0E-18,NULL,0xa9059cbb000000000000000000000000446593015e30bacdef625f76bcd84d2d2a0a046100000000000000000000000000000000000000000000000000000018192dd26a,0
155,0xf3a33435ab304f82c932d0a46a006ecfb6e372219d5cce6d43f9db41ba4dd0b7,5272394,1521305417,0x6d0b90ea2951ca5ad3abdb606e4146e9765f1ee4,0xbdc5bac39dbe132b1e030e898ae3830017d7d969,0E-18,NULL,0xa9059cbb000000000000000000000000446593015e30bacdef625f76bcd84d2d2a0a04610000000000000000000000000000000000000000000006227134fb9432fcae00,0
156,0x2c85be3a0dc7a5faf4ea4c08c93282af30a1298bd709650e56c2cd6fb5de4e1a,5272399,1521305505,0x6d0b90ea2951ca5ad3abdb606e4146e9765f1ee4,0xb64ef51c888972c908cfacf59b47c1afbc0ab8ac,0E-18,NULL,0xa9059cbb000000000000000000000000446593015e30bacdef625f76bcd84d2d2a0a046100000000000000000000000000000000000000000000000000000002b81c2b92,0
157,0x627731ee85e70a191e1064f331eed6fc578050f43b6f7f6bbf0c48f3853fe5df,5272406,1521305611,0x6d0b90ea2951ca5ad3abdb606e4146e9765f1ee4,0x12480e24eb5bec1a9d4369cab6a80cad3c0a377a,0E-18,NULL,0xa9059cbb000000000000000000000000446593015e30bacdef625f76bcd84d2d2a0a04610000000000000000000000000000000000000000000000000000000000068515,0
158,0xaa90ca4cff14e6b055b29f483390b85d6eebb0b162b7837be95d688c5307c093,5272430,1521305915,0x6d0b90ea2951ca5ad3abdb606e4146e9765f1ee4,0x80bc5512561c7f85a3a9508c7df7901b370fa1df,0E-18,NULL,0xa9059cbb000000000000000000000000446593015e30bacdef625f76bcd84d2d2a0a0461000000000000000000000000000000000000000000000030ca024f987b900000,0
159,0x3691c995b3427f1bf87cbaa298937150e32ca2e1bd901b3819a6d6a0461f6d95,5272441,1521306056,0x6d0b90ea2951ca5ad3abdb606e4146e9765f1ee4,0x519475b31653e46d20cd09f9fdcf3b12bdacb4f5,0E-18,NULL,0xa9059cbb000000000000000000000000446593015e30bacdef625f76bcd84d2d2a0a0461000000000000000000000000000000000000000000000eb9c58e443c4315536c,0
160,0xb8c5bff01326cf314105a89efe574d936f84c7ea04778b253109884e4658f663,5272446,1521306103,0x6d0b90ea2951ca5ad3abdb606e4146e9765f1ee4,0x286bda1413a2df81731d4930ce2f862a35a609fe,0E-18,NULL,0xa9059cbb000000000000000000000000446593015e30bacdef625f76bcd84d2d2a0a046100000000000000000000000000000000000000000000000ac6dcd23a75548000,0
161,0xd041f0b7283912a353a553a8046e444bfa93290a057692d60ca67679859c7539,5272450,1521306184,0x6d0b90ea2951ca5ad3abdb606e4146e9765f1ee4,0xb7cb1c96db6b22b0d3d9536e0108d062bd488f74,0E-18,NULL,0xa9059cbb000000000000000000000000446593015e30bacdef625f76bcd84d2d2a0a046100000000000000000000000000000000000000000000000071ac471a2b398000,0
162,0x39057a991bf654e9da7451e0e93eeff31cce9e3d305566bfbd1bbb11877c61eb,5272452,1521306251,0x6d0b90ea2951ca5ad3abdb606e4146e9765f1ee4,0x78b039921e84e726eb72e7b1212bb35504c645ca,0E-18,NULL,0xa9059cbb000000000000000000000000446593015e30bacdef625f76bcd84d2d2a0a0461000000000000000000000000000000000000000000000009f98351204fe00000,0
163,0xf58b279d7f3f232e6865196abd5bc6a12b67c109bb700c6cb2e1eb698b56c1df,5272478,1521306567,0x6d0b90ea2951ca5ad3abdb606e4146e9765f1ee4,0x539efe69bcdd21a83efd9122571a64cc25e0282b,0E-18,NULL,0xa9059cbb000000000000000000000000446593015e30bacdef625f76bcd84d2d2a0a0461000000000000000000000000000000000000000000000000000000174876e800,0
164,0x1a3c3e5eafbfd23758c9eed940b9c0d39e223f273a177625d923552ae9955d59,5272482,1521306640,0x6d0b90ea2951ca5ad3abdb606e4146e9765f1ee4,0x0371a82e4a9d0a4312f3ee2ac9c6958512891372,0E-18,NULL,0xa9059cbb000000000000000000000000446593015e30bacdef625f76bcd84d2d2a0a04610000000000000000000000000000000000000000000000168af074ca8cac0000,0
165,0x6088008b6016fa59065c4c75a97c553c75cc7fbf66b7b452685f0870d3efd705,5272487,1521306728,0x6d0b90ea2951ca5ad3abdb606e4146e9765f1ee4,0x679badc551626e01b23ceecefbc9b877ea18fc46,0E-18,NULL,0xa9059cbb000000000000000000000000446593015e30bacdef625f76bcd84d2d2a0a04610000000000000000000000000000000000000000000000031482bb5464a85800,0
166,0x8cb9e00ec8de79243944434df8b6104a5879674c0a0500f4d187d189cce6185e,5272497,1521306901,0x6d0b90ea2951ca5ad3abdb606e4146e9765f1ee4,0x8f8221afbb33998d8584a2b05749ba73c37a938a,0E-18,NULL,0xa9059cbb000000000000000000000000446593015e30bacdef625f76bcd84d2d2a0a04610000000000000000000000000000000000000000000000049a39642e36aa0000,0
167,0xeac749b6b7b42949a6bc68cb3aea67a16758f87b181541f4d0db6206517a1556,5272539,1521307425,0x6d0b90ea2951ca5ad3abdb606e4146e9765f1ee4,0x5f53f7a8075614b699baad0bc2c899f4bad8fbbf,0E-18,NULL,0xa9059cbb000000000000000000000000446593015e30bacdef625f76bcd84d2d2a0a046100000000000000000000000000000000000000000000001b1ae4d6e2ef500000,0
168,0x2f772a196598f506a67766f0ff0d0e35f3ce81120a16b22c253296de447701b4,5272548,1521307552,0x6d0b90ea2951ca5ad3abdb606e4146e9765f1ee4,0xab95e915c123fded5bdfb6325e35ef5515f1ea69,0E-18,NULL,0xa9059cbb000000000000000000000000446593015e30bacdef625f76bcd84d2d2a0a046100000000000000000000000000000000000000000000012e6712147c799a5838,0
169,0xfe5e81fac80adff02ec3f8ead6bc4310f482311bb44d7dd8683f6d12ea72f52f,5272554,1521307652,0x6d0b90ea2951ca5ad3abdb606e4146e9765f1ee4,0x86fa049857e0209aa7d9e616f7eb3b3b78ecfdb0,0E-18,NULL,0xa9059cbb000000000000000000000000ca550872f9b569dd891b3547a26db4e1f2645af300000000000000000000000000000000000000000000000abdc30ae07c7d1c00,0
170,0xb9c853fd6480890c9b69c2fa5f5719e68f969fc54306144dde180b9f52e1af7d,5272557,1521307712,0x6d0b90ea2951ca5ad3abdb606e4146e9765f1ee4,0x446593015e30bacdef625f76bcd84d2d2a0a0461,0.314676372827583347,NULL,0x,0
