,TxHash,BlockHeight,TimeStamp,From,To,Value,ContractAddress,Input,isError
0,0x7c029636887c92a44fcfb96aa117101df104e23a879b50b2c71cc36d785e7cf5,4442345,1509150320,0xd178bda9571b0df49399724f6050b12bbbae1b92,0x6d8a1bc0ae09ae5cfd4a7a2a59194598734ceea5,0.600000000000000000,NULL,0x,0
1,0x0120778bf1d197456bdd08fe524a5bb7edd3b7ab917d3cd0fc45c0022eaae2a3,4442365,1509150555,0xe87b16d68aea376a0e903240013b2ec34d71138d,0x6d8a1bc0ae09ae5cfd4a7a2a59194598734ceea5,1.000000000000000000,NULL,0x,0
2,0xd2fbccbdedcf5f32f66a21759b05d3e449ddbe8e9fbf1235ab97e8f220bf33ae,4442489,1509152556,0x7ed1e469fcb3ee19c0366d829e291451be638e59,0x6d8a1bc0ae09ae5cfd4a7a2a59194598734ceea5,0.047377000000000000,NULL,0x,0
3,0x5389e82e86d31d019f524732531f09bf123bb1066888e374e3bcb6154d0a1d3e,4442704,1509155416,0x3d7bba2d39a0a339ac76c64ade1eb4e7141f47e7,0x6d8a1bc0ae09ae5cfd4a7a2a59194598734ceea5,0.300000000000000000,NULL,0x,0
4,0xe856c88a74d0457d48010d178ce5f97d4f1262a9825e60f954ececdcea480d96,4444411,1509179262,0x9e39a65c244eeae54785159017630aaf819d70c7,0x6d8a1bc0ae09ae5cfd4a7a2a59194598734ceea5,0.800000000000000000,NULL,0x,0
5,0x96033626ac86f97a3ff4d1de49cd02a4ca101ec118489ccb380e869500e435a5,4450565,1509264071,0x9e39a65c244eeae54785159017630aaf819d70c7,0x6d8a1bc0ae09ae5cfd4a7a2a59194598734ceea5,0.100000000000000000,NULL,0x,0
6,0xd3b0a527c120f887d90bfe81b761e276f89ee0c2510f9ed8b49ca6b0f8a530fe,4551260,1510665141,0x6d8a1bc0ae09ae5cfd4a7a2a59194598734ceea5,0xd70a9fef046f34665eeef83e32aab4fc4735ebf0,1.000000000000000000,NULL,0x,0
7,0xef1d9c598905442350431b586ec6af774306315864880acb4c08b96f83540594,4570307,1510931213,0x6d8a1bc0ae09ae5cfd4a7a2a59194598734ceea5,0xd70a9fef046f34665eeef83e32aab4fc4735ebf0,1.000000000000000000,NULL,0x,0
8,0xae4c737ffaebce5a35c8845d0e4752cf2a284972846c54b373fc5502eba16963,4581942,1511092629,0x6d8a1bc0ae09ae5cfd4a7a2a59194598734ceea5,0xd70a9fef046f34665eeef83e32aab4fc4735ebf0,0.846054000000000000,NULL,0x,0
