,TxHash,BlockHeight,TimeStamp,From,To,Value,ContractAddress,Input,isError
0,0x1e83f755e795aaf962942a410d90dec33f4a76005bf8449329b0464dd8f3585c,5641156,1526743386,0xdaa5dd2ce744a1114841d4d0ff7d108ed41cfc1e,0x6ec56fb2436ba6706cecd42403b6a1b69ff0817f,0.535000000000000000,NULL,0x,0
1,0xe1333e31bde1be2e1599739f0e54c1efed94c6861e84a78ae3b8c2c88f75dda4,5641233,1526744584,0xaad3bf9f5299106f5fece7aa9afaa56ff34a905e,0x6ec56fb2436ba6706cecd42403b6a1b69ff0817f,0.530925000000000000,NULL,0x,0
2,0x4d574e01e9ffea357da4a3380618f345bb678bf19e3896545f3862cc3a66257e,5641849,1526753896,0x860ca90f4eab837d230bc90ce0eeffbdd028f0eb,0x6ec56fb2436ba6706cecd42403b6a1b69ff0817f,0.500000000000000000,NULL,0x,0
3,0x8ac8572802f386444d2336c68022a59f31160ad17c600de8d7409149c3f6b735,5771658,1528741466,0x2d5877f8f261dec2a321e13e8a3561669d33e845,0x6ec56fb2436ba6706cecd42403b6a1b69ff0817f,0.500000000000000000,NULL,0x,0
0,0x137f315993d320dc8069a20b001d205f399fe6427bd966e3e63d8412167e6906,5771838,1528744359,0x1522900b6dafac587d499a862861c0869be6e428,0x6ec56fb2436ba6706cecd42403b6a1b69ff0817f,0.560000000000000000,NULL,NULL,0
4,0x819f0e662ed7085f8a972f93f2e9744767f549632341fd10ec6350ca1a327210,5772468,1528753897,0xbb568311b927704659763d4f3c2e633cc4e5deaf,0x6ec56fb2436ba6706cecd42403b6a1b69ff0817f,1.000000000000000000,NULL,0x,0
5,0xf8534965ee1cd2097d6d297e18711b0461506b27c7d7e4414b0f097a2a1a6ced,5772872,1528760202,0xbf14f58fb29050d37b98f51128c2bc780b55c2b5,0x6ec56fb2436ba6706cecd42403b6a1b69ff0817f,1.000000000000000000,NULL,0x,0
6,0x5cfc64ecd271c52eaf7a878f2939dbc4c6539fe652ac1db5902f44e19c7b897c,5773130,1528764222,0x267be1c1d684f78cb4f6a176c4911b741e4ffdc0,0x6ec56fb2436ba6706cecd42403b6a1b69ff0817f,0.055000000000000000,NULL,0x,0
7,0xdfe71c410bdf7f789bf5966eecfc796c9866d53a72eaf1773114010d0e6244f9,5773194,1528765268,0xd31b4319a2d7cb7a3a23add6640823b281fff419,0x6ec56fb2436ba6706cecd42403b6a1b69ff0817f,0.700000000000000000,NULL,0x,0
8,0xe115cc26dcb559d4cfcb6a6d358df21b1681a37beeebde54eb0c77d98e2deb72,5773431,1528768807,0xb58acc29498a54389c248ffb740bc1cdba3b9a8e,0x6ec56fb2436ba6706cecd42403b6a1b69ff0817f,0.319836845580889560,NULL,0x,0
9,0x4b643f726b3feac8145942e7e0128c6cccda4223ac244a02d7d6ba6d6762fb2f,5774771,1528789509,0xfdfdd85f2c12a9595c040a26c5a393a5f4c84647,0x6ec56fb2436ba6706cecd42403b6a1b69ff0817f,0.001255100000000000,NULL,0x,0
10,0x54e091e5637b04334655a4e949a521741e244f290010031829a80dc7a051df17,5774781,1528789662,0xfdfdd85f2c12a9595c040a26c5a393a5f4c84647,0x6ec56fb2436ba6706cecd42403b6a1b69ff0817f,0.001255100000000000,NULL,0x,0
11,0xc91667b9d2a7195a33b3f18ee8bd148de62af4ec6ed47c2bb4d3b4ce521ca7d6,5774817,1528790071,0xfbb1b73c4f0bda4f67dca266ce6ef42f520fbb98,0x6ec56fb2436ba6706cecd42403b6a1b69ff0817f,0.994000000000000000,NULL,0x,0
12,0x1980069574e8d8da9a261c21a616ed387162af6253cfa1e30e9a273d528d08a9,5774845,1528790443,0xac38539ebbcff91b9a4b3a2d64560182c98f7fea,0x6ec56fb2436ba6706cecd42403b6a1b69ff0817f,0.004748000000000000,NULL,0x,0
1,0xfd98ed075c46dcf0799d567371026d335f92e691cfe4b3895d1a8b700e4491c5,5776523,1528816019,0xd4f5bf184bebfd53ac276ec6e091d051d0ed459e,0x6ec56fb2436ba6706cecd42403b6a1b69ff0817f,0.001000000000000000,NULL,NULL,0
13,0x0bd2a5129b15aa7a3d23773c51bcfc046e007176664f41085d122db1d8ebdffe,5776897,1528821642,0x320d1ee3a014d78e78d9bc79d92ad0d69342d015,0x6ec56fb2436ba6706cecd42403b6a1b69ff0817f,0.605596010000000000,NULL,0x,0
14,0x8e438d9a161ff1ee0f6d8b0d0309918adffa7b5efaad9f6fabab006a5b24c93a,5776944,1528822350,0x876eabf441b2ee5b5b0554fd502a8e0600950cfa,0x6ec56fb2436ba6706cecd42403b6a1b69ff0817f,0.767300000000000000,NULL,0x00,0
15,0x0683ce1c9b13a88d5209658acd43f0fe142ab28d0b20b12ca0a975fe8d70e5df,5777052,1528824122,0x0975ca9f986eee35f5cbba2d672ad9bc8d2a0844,0x6ec56fb2436ba6706cecd42403b6a1b69ff0817f,0.599000000000000000,NULL,0x,0
16,0xa89ab663b10123b7558622c5cbdb290974d4e5ccab871bcf1f5d73ca41442687,5777082,1528824573,0xd551234ae421e3bcba99a0da6d736074f22192ff,0x6ec56fb2436ba6706cecd42403b6a1b69ff0817f,0.500000000000000000,NULL,0x,0
17,0xbb44bba886b37067405efc2e48e0c63d10a4ce77970ca7e4f84ea16d043eb505,5777122,1528825091,0x278524f2d220a6c061757dad2b2da9d48c54f6f8,0x6ec56fb2436ba6706cecd42403b6a1b69ff0817f,0.045122280000000000,NULL,0x,0
18,0x7567644d179c5916d05fd96c434d1a9f28947917c2ebc57b198f8dbd363f4ed5,5777145,1528825363,0x6cf3464ae76c473d3253c53ebc5d131d3e7cdca1,0x6ec56fb2436ba6706cecd42403b6a1b69ff0817f,0.033841710000000000,NULL,0x,0
19,0xe5cc6ccdd03f07419840b30a18378aa062518eeb10508ea6887bc1869b56a0fd,5777428,1528829508,0xa085b301909d5e2e26a0c9c6cbafec8ef2ac2e7e,0x6ec56fb2436ba6706cecd42403b6a1b69ff0817f,0.056894090000000000,NULL,0x,0
20,0x4c94354638d3274eb9ad94036e59d809fc8b903a18b08ae3f8f6c9c550c8a3ad,5778016,1528838272,0x328c43855a1c252af1b2768e607233af15259010,0x6ec56fb2436ba6706cecd42403b6a1b69ff0817f,0.500000000000000000,NULL,0x,0
21,0xfecf4ab2b21019a883b9e8a373d967e3685bc54a1524a2c618956e8dcfba38ec,5778834,1528850462,0x3e65303043928403f8a1a2ca4954386e6f39008c,0x6ec56fb2436ba6706cecd42403b6a1b69ff0817f,7.000000000000000000,NULL,0x,0
2,0xbf321d88b659f10c7994b004a14e7c5aa52bb47f5abf262d46c57843bc47e809,5779027,1528853190,0xa36ae0f959046a18d109dc5b1fb8df655cf0aa81,0x6ec56fb2436ba6706cecd42403b6a1b69ff0817f,4.349586590000000000,NULL,NULL,0
22,0x6dd4e6ddfe32c050fb7dcb378253960613e7527d2ed2291f3c6f802eb0991ad7,5779133,1528854900,0x47204ca9d538870c22e70733320bcc4a85ece700,0x6ec56fb2436ba6706cecd42403b6a1b69ff0817f,0.500000000000000000,NULL,0x,0
23,0x185586d02c76233f1052174ef8d7aee284729349356c607f91cd2ab3388f2034,5779140,1528854965,0x47204ca9d538870c22e70733320bcc4a85ece700,0x6ec56fb2436ba6706cecd42403b6a1b69ff0817f,0.595000000000000000,NULL,0x,0
24,0x5bf60a15956802a37db87a53bd0c65a467b6ee55b819bc63bb7f06ae3cfc07d9,5779327,1528857933,0xb9ee1e551f538a464e8f8c41e9904498505b49b0,0x6ec56fb2436ba6706cecd42403b6a1b69ff0817f,0.583813310000000000,NULL,0x,0
25,0x3afb3605e0c43e95157869eb85f565dafaf3dab61011fdf1094b8d7dd65b1383,5779910,1528867074,0x40554ea1d64f1707591f0e5f7698e15e4c0368b3,0x6ec56fb2436ba6706cecd42403b6a1b69ff0817f,0.500000000000000000,NULL,0x,0
26,0x2df12a3d648bfd7fec1e5c12d6eb14500a1a4da5b1b0c1a9f5d61bed1a52fd63,5780389,1528874499,0xfbb1b73c4f0bda4f67dca266ce6ef42f520fbb98,0x6ec56fb2436ba6706cecd42403b6a1b69ff0817f,0.871522070000000000,NULL,0x,0
27,0xbe48bd49121d80a44ed3f34bc5598cf385b10f55024c1dcc385802acfecafa0d,5783569,1528922171,0x564286362092d8e7936f0549571a803b203aaced,0x6ec56fb2436ba6706cecd42403b6a1b69ff0817f,1.990294700000000000,NULL,0x,0
28,0xbb2e6c6a9c3348589550ef1efc1bc10be782e71c221aedd117bf84e19cb47eb2,5789237,1529006663,0xc59998a19ef18bc0f5aef31d8dd79d09e6dc682a,0x6ec56fb2436ba6706cecd42403b6a1b69ff0817f,0.500000000000000000,NULL,0x,0
29,0x470293b6d752c117c2150283b3ed8852941d994cf759b2bdf2dfadfc104545a1,5800334,1529171784,0xc59998a19ef18bc0f5aef31d8dd79d09e6dc682a,0x6ec56fb2436ba6706cecd42403b6a1b69ff0817f,0.500000000000000000,NULL,0x,0
30,0x586b99c108029f43d8b1a92c2023f5cc9c9f12c58e882ca8d3338b409268b804,5801024,1529181477,0x6ec56fb2436ba6706cecd42403b6a1b69ff0817f,0xe269c852093bfc855cd0a2d4b6107f2eaa06ad0e,27.200129805580889560,NULL,0x,0
