,TxHash,BlockHeight,TimeStamp,From,To,Value,ContractAddress,Input,isError
0,0x4b9f1260adf11595424377ee6888b4a3d6032b28419f4753f5fa06294784f792,5640792,1526737913,0x5593dcba331d1b2188c58ef6e032251b86fa7fd2,0x701888e9c68f40201de48d9d4bcdedeb2ef2b088,0.048099938000000000,NULL,0x,0
1,0x9d4001c4842210a92851cc103daa3cf52f255de9f02f285990ccc9514aaf3b7c,5646646,1526826871,0x2f0cb01eba09577347f52d415cc392335d48554d,0x701888e9c68f40201de48d9d4bcdedeb2ef2b088,0.018100437850651097,NULL,0x,0
2,0x1f7e5cbaf9309ec16b3ecf1c83c3682cdff5de20e0fae2f24dabe3f16e5941c5,5650662,1526887805,0xb1cc5d23886cba1e2eeb361db896d3d6e8bac5b2,0x701888e9c68f40201de48d9d4bcdedeb2ef2b088,0.000447992421999999,NULL,0x,0
3,0xf92b5252dbd06a0bc2217ad579ef3c2ae8bab8d19d19fefa4a31ca4526b91c25,5652539,1526916472,0xa67295a35048cc9e5e6bb24fcd7e44c17c34b89f,0x701888e9c68f40201de48d9d4bcdedeb2ef2b088,0.049006711000000000,NULL,0x,0
4,0x47f37401b18742c74a3f5e96dedf897794e7c815be8f7e170866a494aeebab63,5652544,1526916539,0xac87687660766d9279ca951cc9bb27b3dc3499ba,0x701888e9c68f40201de48d9d4bcdedeb2ef2b088,0.005190682000000000,NULL,0x,0
5,0xbd0fbd27a77c587a5756e39acfe05cd85c837c8a09858610c2abcc412e50da99,5652580,1526917103,0x830458f233102a247dd1401307b4af4ea7ffeb5b,0x701888e9c68f40201de48d9d4bcdedeb2ef2b088,0.001914391500000000,NULL,0x,0
6,0x001b624432d63d2c4e6d1c57066e356c978366a4d181028fa00ba333dc1d5bbd,5652719,1526919181,0x44b290314e7fae468616de3d9c276dfa3960ef84,0x701888e9c68f40201de48d9d4bcdedeb2ef2b088,0.004864554762500000,NULL,0x,0
7,0xb36c62d00f405bd5e73eb0e068181a3e069ffaed7ed60c93886479c5f8dd3e3d,5653747,1526934772,0x1c92602ace4b923312219eb8424755f0f5d513a6,0x701888e9c68f40201de48d9d4bcdedeb2ef2b088,0.049223185000000000,NULL,0x,0
8,0x07e2d6e6a5033fada14cd19ddb51d5a254df5f585b1ea40dcb43c4e3b360255a,5656274,1526973559,0x3daf0c23d770c856078c0af7074adc997e8ffdac,0x701888e9c68f40201de48d9d4bcdedeb2ef2b088,0.016164494000000000,NULL,0x,0
9,0x6c55d51118e041b988a7d8aaab924f9a4c1359aac8f74a4888f32704ceea23d4,5657084,1526986002,0x701888e9c68f40201de48d9d4bcdedeb2ef2b088,0x6d7d4e6c3bf8cef6f666ebd670ea08190a2e0c87,0.007000000000000000,NULL,0x,0
10,0xab0f4a7f3ee1094ce25a962ccfe051d0da398f0cca9337fc868db22fd4da1d33,5657587,1526993765,0x6aeb8957cef38446e727e63bd7e0c9a2af89a2a9,0x701888e9c68f40201de48d9d4bcdedeb2ef2b088,0.051105141000000000,NULL,0x,0
11,0x2f6fcda379f20a821f0ba0c9a55b993c5b3691952f50a49a065bca5524a6e72e,5661107,1527048506,0xfa0ed7135b876bccbc05ccade07a42e6dcabf368,0x701888e9c68f40201de48d9d4bcdedeb2ef2b088,0.020123794000000000,NULL,0x,0
12,0xb63a1310368217b91e9e4f62bad1075a090a98ddcbb18d39924ea7c9d75eeadf,5661145,1527049130,0xf0e572142eeeb3a81f68a739fb96d149ade25507,0x701888e9c68f40201de48d9d4bcdedeb2ef2b088,0.010385618300000000,NULL,0x,0
13,0xeaf28b0403c6775263cfbcc3f7d70cd23bf466bd686c0ee4d49a6eb19d5290a7,5661161,1527049379,0xf276aee3a5ff367b74c85a98cefac6508de11bec,0x701888e9c68f40201de48d9d4bcdedeb2ef2b088,0.118172734000000000,NULL,0x,0
14,0x075c2091b8badfcef73f12127733d8daaa5c29430768b6d6413aad9f44797fb0,5661909,1527061016,0x531cf60863e2fb262114b454a1336906891660b6,0x701888e9c68f40201de48d9d4bcdedeb2ef2b088,0.003037132000000000,NULL,0x,0
15,0x9133e7ce6a8fd73fba0cedc1b250c2595d71df52ea64fa20ffbb2d1301360efa,5661934,1527061372,0x6c34a4fe9b01da9ee608aff53db298768d7114c0,0x701888e9c68f40201de48d9d4bcdedeb2ef2b088,0.003037132000000000,NULL,0x,0
16,0x3abdf5d0cfb0ab20858d5b6c89c8a90101fbc781c54886b1f16a33b880b5accb,5661962,1527061943,0x7a4acf143cf072b732ae0b3b41441e3174554a06,0x701888e9c68f40201de48d9d4bcdedeb2ef2b088,0.002315823475000000,NULL,0x,0
17,0xc6b94a1b0bde751560e4b6c4797a7067dc58c605c14e308223399f2517d4fd68,5663667,1527088104,0x878ba7d38a2244dd638ddb3b340c58b1df9c2af7,0x701888e9c68f40201de48d9d4bcdedeb2ef2b088,0.007502883000000000,NULL,0x,0
18,0x096325467da0b96fea719acdc867be2d75f25ba3cccd54dfefdadc89e223eed7,5663904,1527091790,0x18ca17c8dcbf6101af2edbe2e7f63875d9872a66,0x701888e9c68f40201de48d9d4bcdedeb2ef2b088,0.023518720000000000,NULL,0x,0
19,0x5e0b41dd55ad76885ba7d523104327e5cb579c8087e3660de348f195f2e579f2,5663916,1527091921,0x7491159eb3f61d1bdf4efa9dd8bdd8e5958df465,0x701888e9c68f40201de48d9d4bcdedeb2ef2b088,0.011139000000000000,NULL,0x,0
20,0xd060d82d1c43128d89bb155d460bb2d475dc0ffb94ff43bff6ef6b3db6f5c3a8,5664248,1527096785,0x0648d5c77ba96bf666fbc46531170624e59dc3d9,0x701888e9c68f40201de48d9d4bcdedeb2ef2b088,0.017978134000000000,NULL,0x,0
21,0xc54973de4289811d41c9c23920b0a27d200a6d7856029ed2df64ffe95f478aff,5664355,1527098182,0xeadc47c8ece20ee42f2166cb22bdd018db6936ea,0x701888e9c68f40201de48d9d4bcdedeb2ef2b088,0.008257355771630055,NULL,0x,0
22,0xb5a76484c2ab9ac3fdd2a31ca5cead06928e950d72078cf629541821d3025865,5664429,1527099373,0xe0f6561845afb8b5a1314a3300e3740fc9a15051,0x701888e9c68f40201de48d9d4bcdedeb2ef2b088,0.002914697000000000,NULL,0x,0
23,0x03b8a6f3394a7bae69ae921ef4642b3b0083405059dd8cb91cf547543da7f51e,5664461,1527099804,0x6e8c52ff93501a7077e183b0a061c0ba808e2826,0x701888e9c68f40201de48d9d4bcdedeb2ef2b088,0.013693500000000000,NULL,0x,0
24,0x35899f93250f62ba8993ec39bf90a8d7cee4a632341cb0267aa8952ce440c0af,5665468,1527115178,0x5822346b0e24adc6ef2cdfce7929f82e27722bad,0x701888e9c68f40201de48d9d4bcdedeb2ef2b088,0.187392953000000000,NULL,0x,0
25,0x803ea3cf6074f408073f7dde5e9d1667f01c863200e8c0205234820889c6ba1e,5665551,1527116389,0x7e61c0dc8a4e24e5f008ec1c79f81365c650cb4c,0x701888e9c68f40201de48d9d4bcdedeb2ef2b088,0.007330909000000000,NULL,0x,0
26,0x05c781425ad3741e060540dd34eb197bb075175656cacdb30b3b8301a198e0ee,5666474,1527130249,0xea269595aaf3662b00b11a8cebf96ce9f8fcd381,0x701888e9c68f40201de48d9d4bcdedeb2ef2b088,0.002519707000000000,NULL,0x,0
27,0xc31f0eee606783c84a09c58cf8be4b93e3ea3ea1f96229cc2d2b946b2bb50fbe,5666508,1527130797,0x0d2966b0832beb358cd4c4466bd7871b9dc36a4b,0x701888e9c68f40201de48d9d4bcdedeb2ef2b088,0.017361385000000000,NULL,0x,0
28,0x134e3c6c158b92483ae4d132129193d79c6c64619638a201b65bd4befe42687d,5666573,1527131673,0x04ed0fd3fc7c69c92e039700bbc561ea773b1a1a,0x701888e9c68f40201de48d9d4bcdedeb2ef2b088,0.004870623000000000,NULL,0x,0
29,0x779fc99c8f9a6543673834a57ffce91d0e30c32388635b8ee8d4ff83d3779f5f,5666584,1527131823,0xc49f7e6bf4bc6e3859e9558c7b99f35a8ed56d5a,0x701888e9c68f40201de48d9d4bcdedeb2ef2b088,0.003509500300000000,NULL,0x,0
30,0x76a957665cd168e2a4c51506ecf60dfa2a65d0312e6fd7ede3457a8909edee57,5667005,1527138638,0x11ce79f3e13e4b5bc21b8d423493814a5529b48b,0x701888e9c68f40201de48d9d4bcdedeb2ef2b088,0.041042328000000000,NULL,0x,0
31,0xce55f5e4af40f94755ae84faa16079d2574a8c6e32452ba59555c0c0bfa750a7,5667010,1527138759,0xdb15e0cb907bc2be8f63fdecff800a06148593f8,0x701888e9c68f40201de48d9d4bcdedeb2ef2b088,0.266368180000004000,NULL,0x,0
32,0x0fa968d00d301ab83f33c274bec4336d146cb0baa34062df7c730e7b6a75d10b,5667012,1527138794,0xd89d8f291d2a817b91c67cc543f68baaf0e37cf3,0x701888e9c68f40201de48d9d4bcdedeb2ef2b088,0.033900370000000000,NULL,0x,0
33,0xc2f37949b97b3f751956c3886cb20d0d4e4c68522e57ac3a6e87b24221ae6069,5667091,1527140057,0x701888e9c68f40201de48d9d4bcdedeb2ef2b088,0xdb15e0cb907bc2be8f63fdecff800a06148593f8,0.001000000000000000,NULL,0x,0
34,0x768431de8a8273fbcc11b2eb508774b1cd8ec9a631b449d107c2d055bd4be360,5667097,1527140150,0x701888e9c68f40201de48d9d4bcdedeb2ef2b088,0xdb15e0cb907bc2be8f63fdecff800a06148593f8,0.008000000000000000,NULL,0x,0
35,0xc083d11a953f0ac7e58307f4b67c35b46bac1a97b099134f04bdefda30518208,5667114,1527140444,0x106c685014823d65cc5db6abd299d3ecb349bc9e,0x701888e9c68f40201de48d9d4bcdedeb2ef2b088,0.003615411875000000,NULL,0x,0
36,0x369e86efe403a695f5065317ad1106cdda29dc355457b7c38dd4221ee29315f7,5668083,1527155661,0x6a5281247313333aa1d7781d9115e195768cd3b9,0x701888e9c68f40201de48d9d4bcdedeb2ef2b088,0.004484175300000000,NULL,0x,0
37,0x1d2e8e544363e2cc40c2e8a3d9716cba1803369ba835b71155c41e0b6f479935,5668280,1527158843,0x701888e9c68f40201de48d9d4bcdedeb2ef2b088,0xa28c58cd78a17362bad6c1305b5b1f3dd333afa6,0.010000000000000000,NULL,0x,0
38,0x65659287950ffb3e6d7a648c393db41bed190e025b305a0466bfbb3cf9a6c8fe,5668281,1527158975,0x701888e9c68f40201de48d9d4bcdedeb2ef2b088,0xa28c58cd78a17362bad6c1305b5b1f3dd333afa6,0.010000000000000000,NULL,0x,0
39,0x9e1f7195c8b32e3d2d1d8bcabb108729f856fb1d18fdbf518ab92208ea297e46,5668659,1527165217,0xfcde60e0022bf5d9f60ce053a1d7ed2092667207,0x701888e9c68f40201de48d9d4bcdedeb2ef2b088,0.376586268714290000,NULL,0x,0
40,0xf887e96efaaaf00c5b4b374722b9530a70d7f4f15ad2ba9e88e0e8c2d1551d98,5669026,1527170559,0x701888e9c68f40201de48d9d4bcdedeb2ef2b088,0xcef313705715d9ac67ae330026a5d34d8a71342d,1.300000000000000000,NULL,0x,0
41,0xef4fef8c4f736ac0c72ac7a35c3541cd410cc98af7bbb817140980d50c23b96e,5669052,1527170887,0x701888e9c68f40201de48d9d4bcdedeb2ef2b088,0xa28c58cd78a17362bad6c1305b5b1f3dd333afa6,0.009000000000000000,NULL,0x,0
42,0x91ce961aa13a1cbaf0c73c33179a3ac9e278c8bd7ec6e879a3e3d81c8c928d92,5670767,1527197297,0x3b05cfb09d198071a779d4c1f96a30b008776673,0x701888e9c68f40201de48d9d4bcdedeb2ef2b088,0.081372271000000000,NULL,0x,0
43,0xda6818df9c731a9fce9d1d81aa93086da6dfddfa1ad318ee97e1bf03e04c1edb,5670799,1527197740,0x58a781e4e9edc84d7f401663e8f335322a4dd04d,0x701888e9c68f40201de48d9d4bcdedeb2ef2b088,0.001927340000000000,NULL,0x,0
44,0x6576b2397c7af211398ab2d70bd07ccdbb46f24ef810b9b7b85775f8a90c71b6,5670805,1527197850,0x673e358375baea154b6ed3335fc597ac1abef51e,0x701888e9c68f40201de48d9d4bcdedeb2ef2b088,0.005555000000000000,NULL,0x,0
45,0x7f7391752cf3a8d9b5f4a9025c68aa9065fdc95f312fa3b35519e0673cc30964,5670821,1527198106,0x3c85a28c0af8350ff2a6e48241a9a4907ddbb891,0x701888e9c68f40201de48d9d4bcdedeb2ef2b088,1.002824412000000000,NULL,0x,0
46,0xc5f22c18d33d349195b76f76968658749a9cb8a10984faf4536799d2f23f9b87,5670860,1527198688,0x42853cabd5ff2055c9bb99a8f605d44d452e1a75,0x701888e9c68f40201de48d9d4bcdedeb2ef2b088,0.007132731000000000,NULL,0x,0
47,0x928e910d240086f7e9af089fcb32e86069c0151d2ffd2c902cbe43d2f25fa150,5670871,1527198781,0x90d5b788aa5c98e4212243cba73b0749eeb245d4,0x701888e9c68f40201de48d9d4bcdedeb2ef2b088,0.003315624000000000,NULL,0x,0
48,0x5fa3d74a3d7cc6774f0eb5ed900ee15dd3002557e5997831a521a09021d4877a,5672163,1527217854,0x6ef8c2222839d68757838b845de68906c7e92891,0x701888e9c68f40201de48d9d4bcdedeb2ef2b088,0.006475298000000000,NULL,0x,0
49,0xa42063f1f449bac8e386ddffc492070fba51dd59cf8efe1931696928b2eb7474,5672181,1527218153,0xd660ec9a4fc14e02d1b9e2cb83d54ab344ddf208,0x701888e9c68f40201de48d9d4bcdedeb2ef2b088,0.003213486000000000,NULL,0x,0
50,0x11e873ce81e2e43bcfb3ae427117ed2399c8d54f4178d2b8bf20946d04a4671a,5676513,1527285134,0x701888e9c68f40201de48d9d4bcdedeb2ef2b088,0xf5ded4a36bcf210e20d94457c2d503bce2537b0d,1.000000000000000000,NULL,0x,0
51,0x7aedb57270c22694223c3b76e81217edd049eb92799d51b3ce858fcf22b89d43,5676537,1527285485,0x701888e9c68f40201de48d9d4bcdedeb2ef2b088,0x8542325b72c6d9fc0ad2ca965a78435413a915a0,0E-18,NULL,0xa9059cbb0000000000000000000000001bcfb2696aad71377dd1fb7b99add0b013c844040000000000000000000000000000000000000000000003c398742ef443700000,0
52,0xffdaee1aacdbd4c3b6b14549b8e4fdc7f795f9dddbca0ef04eb362ff812965a8,5676582,1527286156,0x701888e9c68f40201de48d9d4bcdedeb2ef2b088,0xebbdf302c940c6bfd49c6b165f457fdb324649bc,0E-18,NULL,0xa9059cbb00000000000000000000000065cf3adfe25278e62c08e80a6346780c5aafcc6000000000000000000000000000000000000000000000178756e190b11bbc0000,0
53,0x2c31218133a3a5d5e7104d78d8a64e718cd558e0129a6e23d7c22848448f09e1,5676586,1527286230,0x701888e9c68f40201de48d9d4bcdedeb2ef2b088,0x9c920b93202edb00d0df103ceee83cd2a6854ca3,0.194128640271075151,NULL,0x,0
54,0xdb08a82055e96859cd5e71960ce6b1093c36e59b246de14d7426d6674fe4e0c2,5701977,1527673522,0x09517c48889342d3d527faccadf15817607a0d8c,0x701888e9c68f40201de48d9d4bcdedeb2ef2b088,0.100000000000000000,NULL,0x,0
55,0xc95618f6f3f67b27919d923adc798702afc0131440dc4f8ea079baf2e90446f3,5701993,1527673788,0x09517c48889342d3d527faccadf15817607a0d8c,0x701888e9c68f40201de48d9d4bcdedeb2ef2b088,0.028552392000000000,NULL,0x,0
56,0xb1bb1995f77d66aba2e5faf7e2e976cdf6f2d72be6f9cac6dd8debcb3cc5ed74,5704105,1527706299,0xb29b69beb26fb8f0cd0fc54699b0be8149d1a417,0x701888e9c68f40201de48d9d4bcdedeb2ef2b088,0.007390853520566122,NULL,0x,0
57,0x7b2394b3acd8357141e2163a5fb25a70fed15177b4d396eaac74acbacc720bd7,5706144,1527737601,0xa7062b5c548ddb6d16d00a4ee09438f613239192,0x701888e9c68f40201de48d9d4bcdedeb2ef2b088,0.003419840000000000,NULL,0x,0
58,0xacc7017217e942254504d818c287c81ef61bc523a63416993d60112d384ab915,5706953,1527749997,0xdf902abc3a2e650d4a4ea76006f9d70e8ab06a71,0x701888e9c68f40201de48d9d4bcdedeb2ef2b088,0.000642072480000000,NULL,0x,0
59,0x3ad88c118331a81afef6f727b0d5249e24c53450863fb45b0ee507b3f1576b56,5707007,1527750935,0x3a2e7b473add87a438c55768174aff05755b63e7,0x701888e9c68f40201de48d9d4bcdedeb2ef2b088,0.004989915000000000,NULL,0x,0
60,0x87ccff5fc125cd33749fb4af21055d5422ac6d6fda438458431938e034bec45a,5707007,1527750935,0x2903ca31074ddc252c010d0ebcc853bb27f9afca,0x701888e9c68f40201de48d9d4bcdedeb2ef2b088,0.003440323000000000,NULL,0x,0
61,0xb52f8b212680d8f7d7b23f9b1392da3389687f55c4a24568b7c9a98b5cd0d959,5707125,1527752618,0x8107dea71da36753765f04825ef50331ec88ef72,0x701888e9c68f40201de48d9d4bcdedeb2ef2b088,0.003654583000000000,NULL,0x,0
62,0xeecb73623ae3ba1dcb533479de5f12430dc089beaa2a730c9f2ad90e53cc2fbd,5707402,1527756896,0x3dae447d7d91f3d4d2288ccf4609ca2cbf087791,0x701888e9c68f40201de48d9d4bcdedeb2ef2b088,0.016000000000000000,NULL,0x,0
63,0x23f170c73a4915c04051d4d3921da62111f6b14fffa7d9858d9b1e16fe2c0bda,5710710,1527807055,0x490d3c120f6f1dcc71f4fceb2f2a979e0de344d3,0x701888e9c68f40201de48d9d4bcdedeb2ef2b088,0.019391000000000000,NULL,0x,0
64,0x558236df0b206849c930e738459d533adf3f0e52de27b31f61f0343247f009a8,5712375,1527833541,0xa3ebb1e0b0e1f652207001099a549e1bfadb4873,0x701888e9c68f40201de48d9d4bcdedeb2ef2b088,0.034703636079699280,NULL,0x,0
65,0x2d570370c2b0145d9c7c7fefc3acf67f3999986177441a3a895cec0067f19052,5712521,1527835767,0x9e2c51ea5b7ae526d918d452aa17ac2d7dc2f97f,0x701888e9c68f40201de48d9d4bcdedeb2ef2b088,0.001482052000000000,NULL,0x,0
66,0x65917262dc879381a3605d1a14ea40e11a2c6adb13e5a473d73cc154207c9d45,5712825,1527840402,0x51a373eedd2fa010b164ce2e0b0a90ae935214ff,0x701888e9c68f40201de48d9d4bcdedeb2ef2b088,0.010586350000000000,NULL,0x,0
67,0xa051ff94bf46d6ec1cf07ddf72a96a2dbc9104192485368fc74167c9e2c79965,5715556,1527882407,0x581c7ddc88c3fa1539ceafa32b98a4d2dcb239ee,0x701888e9c68f40201de48d9d4bcdedeb2ef2b088,0.001126546000000000,NULL,0x,0
68,0xefb3be388b6b9b31bd88eedc23cdf4635cbb166b86f0fee250fd1355e877db9f,5715618,1527883196,0xc14594926d71c2bb1ccf8d2799ff33f5b64d5828,0x701888e9c68f40201de48d9d4bcdedeb2ef2b088,0.002395260000000000,NULL,0x,0
69,0x1624f54eecffa0555d8c8334267d47d22717358a4cd538a051716a05f92f23ba,5715644,1527883591,0xc08dc5bbadb750042e8767fca57e5a9e426477ed,0x701888e9c68f40201de48d9d4bcdedeb2ef2b088,0.016439668000000000,NULL,0x,0
70,0x2cacdf93643b3fc937f8d356dbe22f3243987f99738590d119c6a82595ba4683,5717993,1527918888,0xecca50a9e4bbd26cba597571380e418da8a4dd18,0x701888e9c68f40201de48d9d4bcdedeb2ef2b088,0.019202000000000000,NULL,0x,0
71,0x78ab86864abcf67ec4b12eaade5bd1b007371d292dac9179206eabe307d05bed,5721894,1527978972,0x3894ef21b3c821692193fb98df7d40c34e6f4a44,0x701888e9c68f40201de48d9d4bcdedeb2ef2b088,0.028016417000000000,NULL,0x,0
72,0xcdd9f5e8304e6bc7f429803b1ec750f1de39555f55b482f5acbed5c1b97e3e37,5721942,1527979680,0xe21a27449c76fe5a7886637cccd9d6fe7d099a1e,0x701888e9c68f40201de48d9d4bcdedeb2ef2b088,0.011150455813032449,NULL,0x,0
73,0x8d44f8d86e58e7ee2237dcc9b2e8dfbb2334a236af27bed79e0d40e3375ddc4e,5722010,1527980715,0x1287d1706818195645615cb2f0637c216fb40fb0,0x701888e9c68f40201de48d9d4bcdedeb2ef2b088,0.001860974971085269,NULL,0x,0
74,0xbeecc16b385991ced792551589c8e294f2e6a46653509ca84a73ad07193b6c77,5722023,1527980918,0xaad08f80fd60b4f9503d511453d913a9be42a4e4,0x701888e9c68f40201de48d9d4bcdedeb2ef2b088,0.002146462000000000,NULL,0x,0
75,0xa406ccdaef7c9477a92fce677dff77215c315a8d13d0cf1eb05dcfee21b9bd17,5722024,1527980972,0x865922a9d1439a425a029364c8f841e827cee53c,0x701888e9c68f40201de48d9d4bcdedeb2ef2b088,0.003343297000000000,NULL,0x,0
76,0x55f419112bfec99f89769dfb56fff8d51539cce67078978c23781ce3dae71431,5723407,1528002336,0x105a78431069764c5b7945756ac878c63a067a93,0x701888e9c68f40201de48d9d4bcdedeb2ef2b088,0.003280120000000000,NULL,0x,0
77,0xfdd158a0bad7673f9658ba38b6e6ac4b7b37d12e2c81ee5cfb34f04677212d4b,5723429,1528002697,0x8329f9aba312030783d246fd9154f16df0366681,0x701888e9c68f40201de48d9d4bcdedeb2ef2b088,0.001322780000000000,NULL,0x,0
78,0x41ff9163f9c48b99ca6b7cc43f3a3aa4111a56c58b31fa3c7e259ab7c4ad2716,5723433,1528002740,0xa0ced7fa436b31a7f1b4a4d0b3610474aca2ad97,0x701888e9c68f40201de48d9d4bcdedeb2ef2b088,0.009035313259533970,NULL,0x,0
79,0x7ec62b7b34a8c42719473eb287231193a8bf386e5aaf08cf5f86c2ff7d67bb06,5723487,1528003643,0xb464506f64c1dad9e6de3c1938fe44be1b22d397,0x701888e9c68f40201de48d9d4bcdedeb2ef2b088,0.009139000000000000,NULL,0x,0
80,0x1128b8d93faaced9e67cdd5a45f4f8de6c965f6d05ef19c794d4605dbe74b8cb,5723502,1528003928,0xe177324bb046ca49567820101e63312311f1c1be,0x701888e9c68f40201de48d9d4bcdedeb2ef2b088,0.013241716279881352,NULL,0x,0
81,0x4515b7f742b939667146f12c3e6b5fa765b54713f40ba7ea947852a4a509b13e,5723549,1528004600,0x9dbae5c88ac986248d35db333a4b8f5fb96c1def,0x701888e9c68f40201de48d9d4bcdedeb2ef2b088,0.003380872125000000,NULL,0x,0
82,0x1a99c041c9fb2b8100ec820ee86fa7dc3ee178c20555002fd471d4bb512ad7dd,5723694,1528006654,0x2a8f31d401fa4042c323a3cbdb192d8895aa8149,0x701888e9c68f40201de48d9d4bcdedeb2ef2b088,0.032403770750000000,NULL,0x,0
83,0xb298e19c14117d0ec8fc81558cbc416ae0caa6af35a9bc13fca31bc9d6b14dab,5723717,1528006970,0x5ea5e7d89041e0e2b2f0c89914d22de162caa415,0x701888e9c68f40201de48d9d4bcdedeb2ef2b088,0.017528162000000000,NULL,0x,0
84,0x5c4e37f431a56df05cbc8089cd1d89752ab0e4a04b17b7cf83cc6d1946002693,5728402,1528079337,0xe15088b70223d8efd8d4ba2cc0ac90dedf51e694,0x701888e9c68f40201de48d9d4bcdedeb2ef2b088,0.027122636890539414,NULL,0x,0
85,0xdb93a85e8602c6e896c8b037a1f29975fd49d372e3bec17cc469fbc5e8a7a518,5732435,1528140291,0x701888e9c68f40201de48d9d4bcdedeb2ef2b088,0x1c83501478f1320977047008496dacbd60bb15ef,0E-18,NULL,0xa9059cbb00000000000000000000000051c525e4bff97ea585c4bf1a3cbef3c390683f7500000000000000000000000000000000000000000000283bebaef8db3ac00000,0
86,0xe84e0e955a12bc3a9949809938804e9cf02eb1216473e46f5ff72f7b276d5f6e,5732472,1528140743,0x701888e9c68f40201de48d9d4bcdedeb2ef2b088,0x99ea4db9ee77acd40b119bd1dc4e33e1c070b80d,0E-18,NULL,0xa9059cbb000000000000000000000000306d78739001a34344fec7cc0177a9b39954f43300000000000000000000000000000000000000000000013c86cc463931127000,0
