,TxHash,BlockHeight,TimeStamp,From,To,Value,ContractAddress,Input,isError
0,0xa590dd0028a83ca68a4ebad70ff775807637ee526c17b716a6aec915f4505b97,4280340,1505566729,0xc20064aff1268ca708531fed0380dbd6ce20d286,0x7098c7113c2ecaf48baad07e598c74c2689a5795,1.000000000000000000,NULL,0x,0
1,0x70cc8245a5f8f64282dcd3e9a0763bdea320b0bc24557c0bbacfaecb2709e98c,4280342,1505566752,0xc20064aff1268ca708531fed0380dbd6ce20d286,0x7098c7113c2ecaf48baad07e598c74c2689a5795,2.500000000000000000,NULL,0x,0
2,0x047787d42b45a65baf36af46efb4a06370982512d83d8270a776878f5792815c,4280354,1505567097,0xc20064aff1268ca708531fed0380dbd6ce20d286,0x7098c7113c2ecaf48baad07e598c74c2689a5795,10.000000000000000000,NULL,0x,0
3,0x1d04d57b1ccdd7918d3cbb071ec0b521590d39fc845517f3bc2723176679417c,4280359,1505567208,0xc20064aff1268ca708531fed0380dbd6ce20d286,0x7098c7113c2ecaf48baad07e598c74c2689a5795,14.653805924041782216,NULL,0x,0
4,0x17ea6d279ad0a5a92616462d21a4135dde664bae4412ae746e3d14eed1c9e3c9,4280751,1505576779,0x9a6dff91c9008af76e802d3892c3b920d46a341d,0x7098c7113c2ecaf48baad07e598c74c2689a5795,8.000000000000000000,NULL,0x,0
5,0x005c7151697e87b2c7b6b38813b4348c99d90ca3ae12ea122626948668eb4be4,4280813,1505578136,0x34239be89ba2185e36a00eb8834409898006d071,0x7098c7113c2ecaf48baad07e598c74c2689a5795,0.100000000000000000,NULL,0x,0
6,0x2452cddf4a3f39050466df0f898babea6d42bfbbbfca5259474db89608df1eee,4280869,1505579429,0x5d9de65c5d76eff63a3f0bf979709e65c93ed8df,0x7098c7113c2ecaf48baad07e598c74c2689a5795,0.999345390000000000,NULL,0x,0
7,0x6c2ada9e830b5181d6dfa7b8fdbf4c078129b0e426780740da639bacc3c8c354,4280902,1505580169,0x34239be89ba2185e36a00eb8834409898006d071,0x7098c7113c2ecaf48baad07e598c74c2689a5795,0.200000000000000000,NULL,0x,0
8,0x0409d6d0bdb9160d4fd57351d59e107d00972bd8f64c05edc77053014b021451,4280955,1505581460,0x3d930ed43581c23f220f13022be9533d61a2152d,0x7098c7113c2ecaf48baad07e598c74c2689a5795,1.000000000000000000,NULL,0x,0
9,0x44bba120f0d3f69ecb10b745b83962727a7a0ee2da5082fabcfb8bd7dd58930e,4280972,1505582080,0xe160ed95a3339f577f04bf37cd3b5c7f7d8e306c,0x7098c7113c2ecaf48baad07e598c74c2689a5795,0.250000000000000000,NULL,0x,0
10,0x9c23c18a733f3d58f130b8b1bb73c75ea7ddfb638c7a8f23b63186c4f4dfa8c6,4281019,1505583239,0x94de12963cc2324a8fb5373a297bee217b798320,0x7098c7113c2ecaf48baad07e598c74c2689a5795,3.000000000000000000,NULL,0x,0
11,0xa80fcb818dbc114dca8866edec7efbc7f0d434a45271f68c1f83d1ffb5676aef,4281043,1505583837,0x437b040c2993f4242c4235f47a3623eb922f024a,0x7098c7113c2ecaf48baad07e598c74c2689a5795,3.300000000000000000,NULL,0x,0
12,0xb803de106f5af054a44175ca3e3f6293401e36eb9543818cc4b3c04947d06129,4281053,1505584146,0xaaad8b2d131a7aedfd51defc6e4a77dd819700aa,0x7098c7113c2ecaf48baad07e598c74c2689a5795,0.575000000000000000,NULL,0x,0
13,0xdf085d9b7598b7e9a08a2eff67bdfed381d5502fda25852a1497c16c4e875432,4281081,1505584918,0x437b040c2993f4242c4235f47a3623eb922f024a,0x7098c7113c2ecaf48baad07e598c74c2689a5795,2.220000000000000000,NULL,0x,0
14,0xb4b1e1f45a20525c6615a90663db1b07850e9a4c238d2d91d61394bc4d3b10a2,4281599,1505596925,0x1930ebba9adb0b20787d79af4074de118dcbf305,0x7098c7113c2ecaf48baad07e598c74c2689a5795,1.000000000000000000,NULL,0x,0
15,0x7c8606847a791113f5bf7a79b3ceded57c77038a5b74b7e255a7dfefd6169d59,4282068,1505607687,0x5689cfe43e7bab4e08c2c4f397b23df0c4fbba7f,0x7098c7113c2ecaf48baad07e598c74c2689a5795,0.194500000000000000,NULL,0x,0
16,0xafec5319674945ff791244074fe8a014996f7d112d732f707c09ea5433b8d1d4,4282206,1505611024,0x2d752dc45aa769140736133c698dd2c949ee5647,0x7098c7113c2ecaf48baad07e598c74c2689a5795,0.160000000000000000,NULL,0x,0
17,0x973117477a0875a835ca687a6bc449f23c78cae866267829dab07743b2a58dcf,4283290,1505636564,0xbc33e372c385e44987eec4afc0397e8aaa3eaeb7,0x7098c7113c2ecaf48baad07e598c74c2689a5795,0.110000000000000000,NULL,0x,0
18,0x3b18111ea6cd25e3d8f9d3d6f56c9744866cd355aff3e3a7ff461ddac562e7f1,4283843,1505649903,0x7098c7113c2ecaf48baad07e598c74c2689a5795,0x4e17b2e4ad1be0bf08310c6da07b06f750b9e49c,48.000000000000000000,NULL,0x,0
19,0x25071949b00e1a0530203425fe8896337d54ff1632c255c3fc9bef499a0011f4,4283849,1505650145,0x7098c7113c2ecaf48baad07e598c74c2689a5795,0xf238eb51e5dc9b3f5537631669660b1fa93b76b1,1.261769314041782216,NULL,0x,0
20,0x28a86cad1b24942a762cc444531e538b2a24a6341e33d18da31365c0f838696b,4284409,1505664096,0x35154acf33b4305dbe593f6fceaf1a8a93fab9a5,0x7098c7113c2ecaf48baad07e598c74c2689a5795,0.200000000000000000,NULL,0x,0
