,TxHash,BlockHeight,TimeStamp,From,To,Value,ContractAddress,Input,isError
0,0xc9e96f3cbb12d834d5794350f3987fd0506170659702ea797623b77822746ebb,5592240,1525999875,0x7100c460666e6a483e8921689552bd8dd14f10ae,0x705f704d11020ff07acde8592bb80b044e15de16,0.545100000000000000,NULL,0x,0
1,0x2332ff998e10228ef00183cdf5b0752b424012a4bc87b0faf7e1541d38ee24b9,5592962,1526011003,0xd81753c141d86deb69997feff639c0c3c0742e36,0x705f704d11020ff07acde8592bb80b044e15de16,1.000481430000000000,NULL,0x,0
2,0x8a4fa928e59bfcd1764b40c5613a35a373d8a9781b59a461c2e35670c4e94aec,5593035,1526012115,0x4eb65966c5f93416af5ad74f60ee1e7873ea026e,0x705f704d11020ff07acde8592bb80b044e15de16,3.300000000000000000,NULL,0x,0
3,0x8564d6e826e7267dc6784bde8b53d7c711117c8d8c14154babde37c70d6915b1,5594985,1526042140,0xb1ef7a70c60361cfa3ab79b075a065ec24a93bd5,0x705f704d11020ff07acde8592bb80b044e15de16,0.540000000000000000,NULL,0x,0
4,0x5d7652df33c284f38237b2e789b09e09a76d2256e89721835a5175d7f3636df8,5595323,1526047565,0x31054d5f29d8da73dd109db32cc697f744ad3c0c,0x705f704d11020ff07acde8592bb80b044e15de16,1.100000000000000000,NULL,0x,0
5,0xfbc3cc0c628aa8e445b9faf9f5951a3098146dc85173a7e189c41b728bf363bd,5595598,1526051948,0xd5dba3da577c49448608be94c4f741a9832f9e0b,0x705f704d11020ff07acde8592bb80b044e15de16,0.200000000000000000,NULL,0x,0
6,0x8fc176a3d8bc5a91795361d98b99f0d2cb46fa892030f026c9f6eb22c642afdf,5596002,1526057729,0xea2e613d5f1e1edab49544a2c0d2c9f17ee08b6c,0x705f704d11020ff07acde8592bb80b044e15de16,1.998000000000000000,NULL,0x,0
7,0x605497fbdb3cf5ab10d705ccc2d8d75968590bb8ef1037f5e29fd3dc3818cfe0,5735397,1528185758,0x705f704d11020ff07acde8592bb80b044e15de16,0x3566ae3a8b1ff1bcbd8125ecd816072c63bf0582,8.682720430000000000,NULL,0x,0
