,TxHash,BlockHeight,TimeStamp,From,To,Value,ContractAddress,Input,isError
0,0x385c01cfbf3aa9bf0db78c0ef31671be94218f7a8065de1cffc6e6997ef31e3a,5175145,1519877011,0x8ce0d1cb7ebf8498bd79b71cb8b7e1ddc609b0c9,0x717d2041c516573a0e27f552cdb6c5c3ec7b4e09,0.625000000000000000,NULL,0x,0
1,0xf47cff74b940ae529f1d1ce6dd5238f4a2f0c2f9b1a46b68061b718c43818d04,5175145,1519877011,0x90e8bee357f8b4a53f7210bb7ee241ab4d31f9c5,0x717d2041c516573a0e27f552cdb6c5c3ec7b4e09,0.997000000000000000,NULL,0x,0
2,0x6158e5669195ad665a68f02e930c8272184a41e432376aa8812bc29437207d79,5175151,1519877109,0xcfca13050e60a1e4bc3992b76967830f3993ac85,0x717d2041c516573a0e27f552cdb6c5c3ec7b4e09,1.250000000000000000,NULL,0x,0
3,0x3997955d03308c1d5ac6bc024e0a2e654a92c346c01f0f25a51ae9589eed698f,5175199,1519877857,0x65e22c735c44a6de6a08861d398822b7bda3b8b5,0x717d2041c516573a0e27f552cdb6c5c3ec7b4e09,0.800000000000000000,NULL,0x,0
4,0xebca3a0108687419d3246727681a85bf084a703af509b8b8ff16219e781d0cfc,5176864,1519902624,0x358271a709f707f568e42c55019a30c41a5ae5da,0x717d2041c516573a0e27f552cdb6c5c3ec7b4e09,0.150000000000000000,NULL,0x,0
5,0x1d4effd50c2ae30afc04b006c3ab72f946627e6f61a3979d8ebc1472af010907,5177126,1519906522,0xb6b0af72ba0a10ed984e7f03a59b2eeb78d2e85e,0x717d2041c516573a0e27f552cdb6c5c3ec7b4e09,0.020000000000000000,NULL,0x,0
