,TxHash,BlockHeight,TimeStamp,From,To,Value,ContractAddress,Input,isError
0,0x75e6b36f2114a3922b39093532eecb1470595654a05c1a0a9a57f4ffb9403d35,5398540,1523123365,0x92200dc96ac8690a3edb98ad8c324a6cb1c91438,0x73f7b2257c688677ff9cc7bdd2d05e5076e0ae42,0.500000000000000000,NULL,0x,0
1,0x3b60fba9a50563e0a9780d5d56c5ad98013377cbf2d6d235ec7a96b5266ae994,5398638,1523124804,0x0681d8db095565fe8a346fa0277bffde9c0edbbf,0x73f7b2257c688677ff9cc7bdd2d05e5076e0ae42,0.865185930000000000,NULL,0x,0
2,0x280b203464181eade71abc9e49ce320e7346f2b31e47635907377c9281033cf0,5398849,1523128002,0x8827f6d3ff4fb7102ac27a4a46d25a2ec3c4d01c,0x73f7b2257c688677ff9cc7bdd2d05e5076e0ae42,0.100102940000000000,NULL,0x,0
3,0x911f152e2f09416177625f8a248b9831667cb1d96134de60d4bbcaf54db2d401,5409900,1523287360,0x32be343b94f860124dc4fee278fdcbd38c102d88,0x73f7b2257c688677ff9cc7bdd2d05e5076e0ae42,0.491742500000000000,NULL,0x,0
4,0x31b8be0003a0619093dd795ecd309177436f60ba7997ac80638e5638d4e5b5c2,5409967,1523288124,0xfbb1b73c4f0bda4f67dca266ce6ef42f520fbb98,0x73f7b2257c688677ff9cc7bdd2d05e5076e0ae42,0.554000000000000000,NULL,0x,0
5,0x6c6b3d126f539bbe3f3d91e6e2f365586f0a667b069bc8edff0ce6edcb44f914,5413075,1523331811,0xd4d57453912aed62a74e5c48aa28237b35a13a56,0x73f7b2257c688677ff9cc7bdd2d05e5076e0ae42,0.012537150000000000,NULL,0x,0
6,0x529ef9618d3f4e3c58b8d13da1541249a6b36b3ae59e6eaf4766d7930c0b7ca1,5542001,1525241614,0x73f7b2257c688677ff9cc7bdd2d05e5076e0ae42,0xc6d4b9953421edab8362c41e7cf1d1966cbdaf9c,2.523148520000000000,NULL,0x,0
