,TxHash,BlockHeight,TimeStamp,From,To,Value,ContractAddress,Input,isError
0,0xff93b62516d62251e316d0844c84aabbac6a9f3144c8b80ce517dfc4227726eb,5612383,1526303894,0x8ab52f0548e9d6122dcec7b75ad7c4183f37871d,0x7448df6e1031d10e237b1481930a074b13faabd2,2.000000000000000000,NULL,0x,0
1,0x9cf0ff7472c9334209f71c00732c022ae7be225317656e72c12c4664290656ca,5612530,1526306138,0x135b5897a2b8c3e533c6ac857ede5ab146f996c3,0x7448df6e1031d10e237b1481930a074b13faabd2,0.829139000000000000,NULL,0x,0
2,0x9ff2496f08d093b67a65b655c13201518d2a1e240b35e3e8c8fe2621f86af9ab,5613300,1526317916,0x02c7682827548a3d6772a8b9a5eecec03a9d58c4,0x7448df6e1031d10e237b1481930a074b13faabd2,2.993950000000000000,NULL,0x,0
3,0x2d4bae172244b8bdc1ad614c6b3dc3742d57ec37fbb669cf5af2511fb3bf1503,5613491,1526320787,0xde44a054584238a51c25e77d53742ddfbaca157a,0x7448df6e1031d10e237b1481930a074b13faabd2,0.250000000000000000,NULL,0x,0
4,0x3f1e016825c4871aa2c8568fdaf1ec261fc3670daf38d54b58b4648547dd9aaa,5613800,1526325616,0x8d23b3fd53a447d8ea90b39fad432c651e59e3dc,0x7448df6e1031d10e237b1481930a074b13faabd2,0.043023580000000000,NULL,0x,0
5,0xe516386a790c6e44baa6c95553f2e02910651fb04b863deb484d4752a479d54a,5614545,1526336992,0x866a8db8900c74c542a2bbcf1c8ea85f15eb3089,0x7448df6e1031d10e237b1481930a074b13faabd2,0.941600040000000000,NULL,0x,0
6,0x703974bfd551dec1c78b3baf5c51afb03d9b6c15b2c1066cc561211ea08543f1,5614579,1526337465,0xb03065d63570d3da8bda325d3f2251d5fd9d192e,0x7448df6e1031d10e237b1481930a074b13faabd2,1.000000000000000000,NULL,0x,0
7,0xc786e72c866c18f7fb4bae2c94e54886b44db0a02379f430aa2b26f9780c8e35,5614898,1526342397,0xe555d02de70d381db463b89cd53548c2010ac46a,0x7448df6e1031d10e237b1481930a074b13faabd2,0.500000000000000000,NULL,0x,0
8,0x9a58354543fc328f0995108a034a581925aee36911f30d3d5e48fdfb820f317a,5615447,1526350735,0xcb00841fbfeae0a4d0beeb54c08153162d556392,0x7448df6e1031d10e237b1481930a074b13faabd2,0.000435925000000000,NULL,0x,0
9,0xcb1f8ca277b31f7054de620c0966599c201ff72780bf070c6b1288cd03b9f1a0,5615563,1526352527,0xcb00841fbfeae0a4d0beeb54c08153162d556392,0x7448df6e1031d10e237b1481930a074b13faabd2,0.189139000000000000,NULL,0x,0
10,0x15c6a8d07a81f3de429988c575e8cce8817fdb0eff05f40c4d4dcaad26a7cae0,5615643,1526353806,0x5ed6c99535610be5917ff5df8e80a05f121c9dde,0x7448df6e1031d10e237b1481930a074b13faabd2,5.000000000000000000,NULL,0x,0
11,0x4133c4637b432e1d0bdd1df5a0e284fbe5ee3d523854adc210c3a62b94bd8e77,5615715,1526354788,0x5611b6471ec34064bdbfc29cbdc991a31eeb5ba4,0x7448df6e1031d10e237b1481930a074b13faabd2,1.000000000000000000,NULL,0x,0
12,0xfda8d8095fcf83974b7625e4c655743b875a32848552d11c6afa3bbda1725a3b,5710937,1527810756,0x7448df6e1031d10e237b1481930a074b13faabd2,0xbae318ff7c89f0238760ef6309780900c32f752b,14.746426545000000000,NULL,0x,0
