,TxHash,BlockHeight,TimeStamp,From,To,Value,ContractAddress,Input,isError
0,0x712476e1d9b0753694dca7bac67cbfa8db4df24609d624a0370481e4aaa6ba9f,6021648,1532435399,0x416299aade6443e6f6e8ab67126e65a7f606eef5,0x76524f023c42cb4018d24b8097959b2ecf8fa8ea,1.000000000000000000,NULL,0x,0
1,0x31b10a2e737a6f665db7d12fe221a458e557bbfa3f9582a9dec1c8dd27adc82d,6021873,1532439003,0xa7ef40afda6e29b81faa91a6608dc597e292604b,0x76524f023c42cb4018d24b8097959b2ecf8fa8ea,0.003000000000000000,NULL,0x,0
2,0x493ee580a44daa76b865aa78d41c8d8c0c861c34366c5806069e49aecfe656e6,6022008,1532441055,0xc58bb74606b73c5043b75d7aa25ebe1d5d4e7c72,0x76524f023c42cb4018d24b8097959b2ecf8fa8ea,0.004824820000000000,NULL,0x,0
3,0x245132733d9563b2fab8ff1c192efd39ddefa346d8408e93f657959e9e0f4f4a,6022920,1532454371,0xfbb1b73c4f0bda4f67dca266ce6ef42f520fbb98,0x76524f023c42cb4018d24b8097959b2ecf8fa8ea,0.894000000000000000,NULL,0x,0
4,0xecfad83423965ea5ef8c30d87e1c47bad897ac769bc654c2ed353a04c3231ce9,6024448,1532476910,0x0fac665714faa71efcb2ea02c3e68d381b4d01ef,0x76524f023c42cb4018d24b8097959b2ecf8fa8ea,0.120000000000000000,NULL,0x,0
5,0xca12ecf5cfa9f50453a91f5fb14107b7449bf6d1c472f493e14893d86c363b73,6024550,1532478462,0xe57d03b527bed1db8b83abb37192d0b644c7dae9,0x76524f023c42cb4018d24b8097959b2ecf8fa8ea,8.000000000000000000,NULL,0x,0
6,0x1c550070eadccb8c29083b1e3679cbfdf649c41c18478576389c23cef0575457,6025219,1532488527,0xb9ee1e551f538a464e8f8c41e9904498505b49b0,0x76524f023c42cb4018d24b8097959b2ecf8fa8ea,0.019985510000000000,NULL,0x,0
7,0x46d696bbf4313fb90f3e14a212005eb0029b3b5a945fa7fa17f2a87c8d429206,6025526,1532492898,0xe587968ad1c817bac8a41900dbbacfde16d36b72,0x76524f023c42cb4018d24b8097959b2ecf8fa8ea,0.020000000000000000,NULL,0x,0
8,0x334e0e84085352c1e69b3f7b03423f9197e34ce616d5c0aec41535badf90d452,6233362,1535526318,0x76524f023c42cb4018d24b8097959b2ecf8fa8ea,0xfc707f1723e61402f4503bf7cc2fb877a419f1a9,0.127350000000000000,NULL,0x,0
9,0xcdd3f082bcd8d80f8bcaef8b26571a4bdb51cce904297eb60eacdc330b81bcc5,6375136,1537570013,0x76524f023c42cb4018d24b8097959b2ecf8fa8ea,0xf7e72bb3de02a3089a0d0b1ee5cdfb312f9c0632,9.930000000000000000,NULL,0x,0
