,TxHash,BlockHeight,TimeStamp,From,To,Value,ContractAddress,Input,isError
0,0x8d6a41f02f63a3915862814b4e9ca7fb9a30c441722d4d063249e874ceedc1a4,5130737,1519224087,0xc821f56946530c7dc42c63849e68acfef77e2e43,0x79a9e902cfbe87fa5065905293992c15de7f6095,0.200000000000000000,NULL,0x,0
1,0xb7de3314878e2c8587a5a4cf8a2ce4fd69a481f184b2b2b8e72aa72c7fc667db,5130770,1519224655,0x442a257fa7854e60bab9a956ae61b2887659eea6,0x79a9e902cfbe87fa5065905293992c15de7f6095,0.200000000000000000,NULL,0x,0
2,0x18dacc37094d708ce4fdb9680442d7347bcbac2177385ab2890ddb9d9348b520,5130774,1519224707,0x2d5bf90a17625b42aa84e2bc2666d5ad271f6613,0x79a9e902cfbe87fa5065905293992c15de7f6095,0.200000000000000000,NULL,0x,0
3,0x8760db8f11fe6cd4b377216369312232ea62e6815e8c4236ca11a18cc024cba8,5130784,1519224836,0xaf53b671697fcd1a80dcb7798aede2173aacbfe2,0x79a9e902cfbe87fa5065905293992c15de7f6095,0.500000000000000000,NULL,0x,0
4,0x0cef9cf84d22b633da0b163975ddaa77bd3ddc1629418e0ac6da4167f442cbca,5130793,1519224933,0xaf53b671697fcd1a80dcb7798aede2173aacbfe2,0x79a9e902cfbe87fa5065905293992c15de7f6095,0.499000000000000000,NULL,0x,0
5,0xa7a4be69ba670b6eb252cfea8da720a79f643e8c993eef7f78ec9c98e1bff12c,5131117,1519229722,0xa972502313c08090a2840608fae1d737f21aeb1c,0x79a9e902cfbe87fa5065905293992c15de7f6095,1.016000000000000000,NULL,0x,0
6,0x03f7600cae0991a34ab56c64a3c3d5c083013964c4a059b221b27bf7cd47e94b,5131474,1519234840,0x7a2ea6c812280a1122476febf9189d39e7c18f12,0x79a9e902cfbe87fa5065905293992c15de7f6095,0.400000000000000000,NULL,0x,0
7,0x84f288eba83945b61ed4da11ed7d38beaf4471d9047a52705df1db879f63a6bf,5194210,1520156407,0x79a9e902cfbe87fa5065905293992c15de7f6095,0x6266a8010a3d1829d82aae03fc4ae435ec445600,1.000000000000000000,NULL,0x,0
8,0x2f16e8c0c5114afd092365b8dd81d830f932d6967d159e2aa89cf600a78ef0ac,5194259,1520157036,0x79a9e902cfbe87fa5065905293992c15de7f6095,0x679ad06002249c2572cf0aa8615a92f7d8eaeac5,1.000000000000000000,NULL,0x,0
9,0x32ce1fba8cdac9f4838625a39e0a9ff2c7735c546c5bbb5d966921c37273548e,5194697,1520163468,0x79a9e902cfbe87fa5065905293992c15de7f6095,0x4ab284c1365228d3a8f730f95cf2ff849394e65e,1.000000000000000000,NULL,0x,0
10,0x9dcb491ca444c0435b5fe41306380b855ac5b2fb0206d1aec9996d2c24b7f51e,5303580,1521756651,0x79a9e902cfbe87fa5065905293992c15de7f6095,0x1e071281416b20ac2cd50d2e8093b43f8526940a,0E-18,NULL,0x,0
11,0xa4ec26aff0fb7dc55cefeb705dc7dc7238ebac081db0c87c9bb8f53751e5894e,5303582,1521756680,0x79a9e902cfbe87fa5065905293992c15de7f6095,0x1e071281416b20ac2cd50d2e8093b43f8526940a,0E-18,NULL,0x,0
