,TxHash,BlockHeight,TimeStamp,From,To,Value,ContractAddress,Input,isError
0,0x056973e054239e1fd0fbf61ecce95a976e722f53d295c3f2092f304446617668,5556626,1525465394,0xfbb1b73c4f0bda4f67dca266ce6ef42f520fbb98,0x7a16a0fd441a7591f2456c3cda068e33c6bbaa96,0.994000000000000000,NULL,0x,0
1,0x1b0930591eaf00e86e6c674e1efd0cf5edc53f617cb5722a6e2be83d74e9434d,5556886,1525469171,0x0681d8db095565fe8a346fa0277bffde9c0edbbf,0x7a16a0fd441a7591f2456c3cda068e33c6bbaa96,1.146685900000000000,NULL,0x,0
2,0x81e84779799462f6f5bd5caef0b1d591f9be32a2bbf493499a0f3bd10e194f86,5556959,1525470107,0x564286362092d8e7936f0549571a803b203aaced,0x7a16a0fd441a7591f2456c3cda068e33c6bbaa96,1.689846690000000000,NULL,0x,0
3,0x251659bd883041eb7db9a536e68c566ef0d35a7a3cec562473e1fe0657a96318,5557687,1525481488,0x2b5634c42055806a59e9107ed44d43c426e58258,0x7a16a0fd441a7591f2456c3cda068e33c6bbaa96,0.540000000000000000,NULL,0x,0
4,0x15643ce1e2eeb44e471e64218493b958bd0eac874fc05a93d49758d9e0be30d8,5557821,1525483630,0x9c19b0497997fe9e75862688a295168070456951,0x7a16a0fd441a7591f2456c3cda068e33c6bbaa96,0.690000000000000000,NULL,0x,0
5,0xfa13d4c7765b0b6490b2290dfdb840101ca12ef25de05fcc5343fb9b2c2dd816,5557839,1525483885,0x87fafc90691ed8eb26f9bff77f6b904d8b92b15d,0x7a16a0fd441a7591f2456c3cda068e33c6bbaa96,9.600000000000000000,NULL,0x,0
6,0x749cbeb46fb9562c991410ac2a4ed0417866eb84889d3d4130f674bdc82fdc25,5557877,1525484429,0xb9ee1e551f538a464e8f8c41e9904498505b49b0,0x7a16a0fd441a7591f2456c3cda068e33c6bbaa96,0.990000000000000000,NULL,0x,0
7,0xddeffa8cc07e1f4c162292662693ff428789650b22e2464053ccf6b325b0a93f,5558035,1525486821,0x9b435e94b1a3ee30b2949bc325699e1f1875a168,0x7a16a0fd441a7591f2456c3cda068e33c6bbaa96,0.500000000000000000,NULL,0x,0
8,0xac10562cc319061bd56c69de2ff8dd4eefecae2d67baeb77cecca4aafc82974b,5558760,1525497178,0xd9c90275679fdfa309b5203cec279727319cdecd,0x7a16a0fd441a7591f2456c3cda068e33c6bbaa96,3.000000000000000000,NULL,0x,0
9,0x828044f9eada1707f10914bba673fcc6ab828c41d313dac89b63f2879aace046,5558896,1525499165,0xfeaadcc826affde2a4d81fab43ce8765ebbf6b9d,0x7a16a0fd441a7591f2456c3cda068e33c6bbaa96,0.500000000000000000,NULL,0x,0
10,0x9b86edb7e31f3e1b43e40f8b8b640c760961fa8d3fe9ffab59aae7c91c6b042e,5561391,1525537292,0x344d9c7eac49e1cb1237520c9cba74c2840c4ceb,0x7a16a0fd441a7591f2456c3cda068e33c6bbaa96,0.500000000000000000,NULL,0x,0
11,0x4e627ae8b61b38bab03a8876edb103230058c25ac81835cdc3d9a771097f6b0b,5561514,1525539079,0x564286362092d8e7936f0549571a803b203aaced,0x7a16a0fd441a7591f2456c3cda068e33c6bbaa96,0.500000000000000000,NULL,0x,0
12,0x2ae3b1dedffff0dbc33ce37250b03c7b484f093cb8f9455effe84604c01663d4,5562084,1525547515,0x6b22f7b5822b89ca8969703da67397a927825b4a,0x7a16a0fd441a7591f2456c3cda068e33c6bbaa96,0.622010480000000000,NULL,0x,0
13,0x4ed60834d18fdbb3cf7ec40054b7fbb248f1130405fd611dc313f170b1d3bfeb,5562693,1525556631,0x564286362092d8e7936f0549571a803b203aaced,0x7a16a0fd441a7591f2456c3cda068e33c6bbaa96,0.061378910000000000,NULL,0x,0
14,0x01eb5eb3aa7b28522f1dfd8b222541bf984adc9aa3f44a59db3637093d9b5861,5562853,1525559131,0xade06fe3e9034b5233c95a3c3b0e387fdcc0d891,0x7a16a0fd441a7591f2456c3cda068e33c6bbaa96,0.700000000000000000,NULL,0x,0
15,0x7be755f2ba53677ea860af1341653e4019343e1494749ec2b791eeda2549a75c,5562995,1525561235,0x3cb343ffb68a0c50b8470ddddd2847af24953753,0x7a16a0fd441a7591f2456c3cda068e33c6bbaa96,0.400000000000000000,NULL,0x,0
16,0x5e1b6b4f908727c5141b5d34d3b703c74a12043823648d4dbd7a0e037f240a15,5565020,1525591866,0xfbb1b73c4f0bda4f67dca266ce6ef42f520fbb98,0x7a16a0fd441a7591f2456c3cda068e33c6bbaa96,0.624000000000000000,NULL,0x,0
17,0x763bdcead643e58da70adb817fe3c73239ae71e5f4656dd8da598e8ed444b500,5565074,1525592606,0x564286362092d8e7936f0549571a803b203aaced,0x7a16a0fd441a7591f2456c3cda068e33c6bbaa96,0.500000000000000000,NULL,0x,0
18,0x2a5d339352b3c0c9a81a9b2ea387457ffc9645ee69fdb07ef217e94ad1200bac,5565677,1525601783,0x7a78be925d355ae50ee0c4ad934db78deee013d0,0x7a16a0fd441a7591f2456c3cda068e33c6bbaa96,3.000000000000000000,NULL,0x,0
19,0x7d93fa282c264ea5c61385ae330150da0b0cae76a1f80ccda630219a91f9674e,5565704,1525602192,0x390de26d772d2e2005c6d1d24afc902bae37a4bb,0x7a16a0fd441a7591f2456c3cda068e33c6bbaa96,0.999207250000000000,NULL,0x,0
20,0xa1fb1aba325988fd9bfceabf7fb75405d4fe34ca6e23218411ad33f00cfa88b9,5609063,1526253151,0x7a16a0fd441a7591f2456c3cda068e33c6bbaa96,0xd274c03fc3b712e05a0e1bab15e873f8dd74226b,27.547129230000000000,NULL,0x,0
