,TxHash,BlockHeight,TimeStamp,From,To,Value,ContractAddress,Input,isError
0,0x64162874e5ed02d25899ac81c32d059424c78de7fae8935e3c8c6dd8d3e26450,5375065,1522788304,0x2956c6767127d7e09869965e1c78c2b35ea7ade0,0x7bbcee71e2283c445bdb076bb7fa187726a45d53,1.000000000000000000,NULL,0x,0
1,0x7d9fcde2c6d884e53455c0bb92045e7441ce0d7251c824a40fbf7533dca077b3,5430063,1523577998,0x65e2c5175e2e618f48e70343b14c31b280e42d90,0x7bbcee71e2283c445bdb076bb7fa187726a45d53,1.490420000000000000,NULL,0x,0
2,0x7fecbdd2e941a3d0585e6d65efebc3c56d70e2c3fd9d882672cc4397e3b99032,5434326,1523640030,0x3f5ce5fbfe3e9af3971dd833d26ba9b5c936f0be,0x7bbcee71e2283c445bdb076bb7fa187726a45d53,0.390000000000000000,NULL,0x,0
3,0x76b0afbefc8a94eadd8686819a0dd1a1c3ea5697c28d39ad2a823281c13dc2ae,5440457,1523729158,0x43df8186e1319d3bc293b69762a28a983de12e29,0x7bbcee71e2283c445bdb076bb7fa187726a45d53,0.594469050000000000,NULL,0x,0
4,0x800f8e516b8fcd718d205cc9bea52041c0e3633150f0f22b984319e8847a1da3,5508130,1524731881,0xf9d159420fcc1f0ca44401f8a634e4ccd5dba40c,0x7bbcee71e2283c445bdb076bb7fa187726a45d53,10.000000000000000000,NULL,0x,0
5,0x60f5cc6068ba4711586d21045782067ca8614c31d829e763eab4eaf1a77458bb,5508234,1524733191,0x66e2fb6e95556ed6ce46dc2e6000d5528768bc09,0x7bbcee71e2283c445bdb076bb7fa187726a45d53,0.500000000000000000,NULL,0x,0
6,0xbf41f7759188eacbb90551fd5c07b19f1b182da8c3d1bdd104f3b287590fa9c8,5514919,1524834039,0xd551234ae421e3bcba99a0da6d736074f22192ff,0x7bbcee71e2283c445bdb076bb7fa187726a45d53,0.590000000000000000,NULL,0x,0
7,0x8cf219d6875a32279dee6cf3dde49ffb1d377654723aa59fe8f8d52a949fc9de,5531583,1525083310,0x564286362092d8e7936f0549571a803b203aaced,0x7bbcee71e2283c445bdb076bb7fa187726a45d53,1.010000000000000000,NULL,0x,0
