,TxHash,BlockHeight,TimeStamp,From,To,Value,ContractAddress,Input,isError
0,0x719ad8a455b2cc750a596d15bd8906b0b3bcdef001dfb9c8cd19ed464f1c1a49,5369826,1522712451,0xb6aac3b56ff818496b747ea57fcbe42a9aae6218,0x7c14369f68d7812c105a597beb13ff8da64520c5,0.588000000000000000,NULL,0x,0
1,0x8ced799723621a0f3f20a99d86970a1aa687f4bf230791ddc9af7cca2878e213,5378869,1522842120,0x83d1e2107f95c426111ef2544f855da001467018,0x7c14369f68d7812c105a597beb13ff8da64520c5,0.001594460000000000,NULL,0x,0
2,0xc319f8b9499b8d8b0a3ebd8fbd460dc748767ecd883bedc8daed360d236ddf39,5378946,1522843292,0x5fc418fac51a76b653b5c2b1d6fefd5e24031741,0x7c14369f68d7812c105a597beb13ff8da64520c5,0.527249250000000000,NULL,0x,0
3,0x999e0102804c41e4ce42e4b7b473142e25cf46a57ab23492d0beacfe589cf4ff,5382981,1522901207,0x16f71ce71b714574762dbd13f376403c326ff217,0x7c14369f68d7812c105a597beb13ff8da64520c5,0.500000000000000000,NULL,0x,0
4,0x68b0657f9caa6d125fcd9fb5c8cd09197e95917d6ce32e6af612c1bd0f4fec09,5383098,1522903012,0x22b84d5ffea8b801c0422afe752377a64aa738c2,0x7c14369f68d7812c105a597beb13ff8da64520c5,4.990029930000000000,NULL,0x,0
5,0xeacb89ad5a518d9d881a731e673261507c3e5260bb2b6048fce183ca36bd92a4,5383182,1522904115,0x7c14369f68d7812c105a597beb13ff8da64520c5,0xa61c8a07c51bfe86ddf78ef445ea4d293da7f70d,6.605613640000000000,NULL,0x,0
6,0xf2d1fb635fbd8a69af9a87aab3a7a5aab45b3b02563bc677d8428f58763a4d66,5389506,1522994574,0xb006345bee21d33eb8b33d72423e755e2b0bf97b,0x7c14369f68d7812c105a597beb13ff8da64520c5,0.500000000000000000,NULL,0x,0
7,0x096132219043c637d67165cd2a9c0eb05cdc47f87eec835bf61fd75207b530b3,5404453,1523208323,0xdf6a6d4db954eedd76b5b1bd6667e7ce94681810,0x7c14369f68d7812c105a597beb13ff8da64520c5,0.010000000000000000,NULL,0x,0
8,0xc003521a140a8ec08b281cae2a6dadbe99715d03a3e507bfe7a4ad7a3dc3ef77,5407259,1523248972,0x7c14369f68d7812c105a597beb13ff8da64520c5,0x8d12a197cb00d4747a1fe03395095ce2a5cc6819,0.503000000000000000,NULL,0xd0e30db0,0
9,0x0f7f08532e01f052b859031faea93b6ca903c2a12fc5ba055b0954b9fd969fea,5407324,1523249796,0x7c14369f68d7812c105a597beb13ff8da64520c5,0x8d12a197cb00d4747a1fe03395095ce2a5cc6819,0E-18,NULL,0x2e1a7d4d00000000000000000000000000000000000000000000000006f1631ab6ae2000,0
0,0x0f7f08532e01f052b859031faea93b6ca903c2a12fc5ba055b0954b9fd969fea,5407324,1523249796,0x8d12a197cb00d4747a1fe03395095ce2a5cc6819,0x7c14369f68d7812c105a597beb13ff8da64520c5,0.500290000000000000,NULL,NULL,0
10,0xedfb56f16e888b1ca254a0027004a67cef8c17de2a67df3909f694f175d39bd2,5407358,1523250247,0x7c14369f68d7812c105a597beb13ff8da64520c5,0x4ca81f5781f8a6d7ba13f400969d4c1459908850,0.505000000000000000,NULL,0x,0
11,0xb2ae97bf4bf173b4bf826ba14d701461a1e481994a5670412dd0b539ca50a9f5,5407359,1523250288,0x7c14369f68d7812c105a597beb13ff8da64520c5,0x8d12a197cb00d4747a1fe03395095ce2a5cc6819,0E-18,NULL,0x2e1a7d4d0000000000000000000000000000000000000000000000000009a0bb0b576000,0
1,0xb2ae97bf4bf173b4bf826ba14d701461a1e481994a5670412dd0b539ca50a9f5,5407359,1523250288,0x8d12a197cb00d4747a1fe03395095ce2a5cc6819,0x7c14369f68d7812c105a597beb13ff8da64520c5,0.002710000000000000,NULL,NULL,0
12,0xf9dcd3ac3e8c3b826d9486a8ba84a70fbc7ccbda6885577c5528421b66ecbf06,5407367,1523250412,0x7c14369f68d7812c105a597beb13ff8da64520c5,0x4ca81f5781f8a6d7ba13f400969d4c1459908850,0.003100000000000000,NULL,0x,0
