,TxHash,BlockHeight,TimeStamp,From,To,Value,ContractAddress,Input,isError
0,0xdb88461dfe8fb52654e31a64687fa8516ab08c116748579f9338f83f0a994e75,5613114,1526315191,0xd551234ae421e3bcba99a0da6d736074f22192ff,0x7db9656fc8435f765df5748e32bf329098ffb5fb,0.580000000000000000,NULL,0x,0
1,0x043774afeeb369732c4b8efd6b1a76340ce0db09f5fe1e286dd8e4a8b2d59ead,5613517,1526321174,0xd9499efbb110a7a9aa8239e0e54e12b866fdef11,0x7db9656fc8435f765df5748e32bf329098ffb5fb,0.990000000000000000,NULL,0x,0
2,0x54c37041670e9a68bb108d9862e127d0278f274efa72e8a87acfcba7d52621d8,5614613,1526337900,0xb1bf53e17fa13cd7c0937ea9c8ead91bd0a5b298,0x7db9656fc8435f765df5748e32bf329098ffb5fb,0.500000000000000000,NULL,0x,0
3,0x9c718505435d3c76afee82a8c32f855fa47915618b6156b65055d8e33d6580fb,5614719,1526339437,0x2b5634c42055806a59e9107ed44d43c426e58258,0x7db9656fc8435f765df5748e32bf329098ffb5fb,0.500000000000000000,NULL,0x,0
4,0xaa3c1d0a45813094a5d75f3520c177ecc0edce96a8be948e1d69b9c797ce21e1,5615160,1526346297,0x156784c4df15cfe047b9ebf2db77163031e9b9b6,0x7db9656fc8435f765df5748e32bf329098ffb5fb,0.550000000000000000,NULL,0x,0
5,0x838d42015a90802987fd1b213b666eca3ec33384defdc567c75986140a127e64,5615277,1526348056,0xb1e8b96e64dd5ac63b1554049ff971782cda3dc3,0x7db9656fc8435f765df5748e32bf329098ffb5fb,0.586674110000000000,NULL,0x,0
6,0xe804698ce77ae6690e4439d278eaa9bd2259daa67dc38318b500a01f913caf58,5615919,1526358043,0x0681d8db095565fe8a346fa0277bffde9c0edbbf,0x7db9656fc8435f765df5748e32bf329098ffb5fb,0.500000000000000000,NULL,0x,0
7,0x7e4052239e215e0ec75cdd43e1587f4442db31e8d519b49e5cc2f84fada76dc7,5616541,1526367534,0xfbb1b73c4f0bda4f67dca266ce6ef42f520fbb98,0x7db9656fc8435f765df5748e32bf329098ffb5fb,0.494000000000000000,NULL,0x,0
8,0x2f42f53139a2fafcffedf14aa3849b44fde9a65d76bc77e015dd3de5693eae50,5616550,1526367645,0xfbb1b73c4f0bda4f67dca266ce6ef42f520fbb98,0x7db9656fc8435f765df5748e32bf329098ffb5fb,1.194000000000000000,NULL,0x,0
9,0x7371c700bf53a825bd41fc3a991a7f23162f9247d8ebbbfabe7087e4d17ed03e,5616613,1526368591,0x0d253a2efd14145c29f25ac7aa0b036824956652,0x7db9656fc8435f765df5748e32bf329098ffb5fb,0.500000000000000000,NULL,0x,0
10,0xaf269df83ab0ad50b0f9c185fe40b8399a112c2b7eab1d0459b745d6b06b314a,5617018,1526374642,0x25a0557d61e8dcc498f1fe5bc7eeecf465bdf42e,0x7db9656fc8435f765df5748e32bf329098ffb5fb,0E-18,NULL,0x,0
11,0x1912dde291e239c5883175a0e14b8afb76f1fc4e1133c7034523025d8c79708c,5617378,1526379935,0xd610009ff2a571c38aed627830482f91c7561320,0x7db9656fc8435f765df5748e32bf329098ffb5fb,0.500000000000000000,NULL,0x,0
12,0x52a02462c79eed9cee84465ea0488053b207f703edde834b4dd25713f6f1d293,5617424,1526380681,0x7b57ff4a9e08792bafe66c3a58b76dffdeaa2844,0x7db9656fc8435f765df5748e32bf329098ffb5fb,0.050000000000000000,NULL,0x,0
13,0x67fa27aafe6224ef67b757e26cc93761733a0f19631601615f149db4d44aeaf0,5617510,1526382084,0xc0159855ec8bfb4d60f9dfca4899f04a43f85c6f,0x7db9656fc8435f765df5748e32bf329098ffb5fb,0.550000000000000000,NULL,0x,0
14,0x1412f49d6d29af42b4a098e1eb2e9d59cdb71ecd5f026bc0301977b16928a60f,5617627,1526383759,0x4bb9f16524c546179b546120475f4d6ecf70c7a8,0x7db9656fc8435f765df5748e32bf329098ffb5fb,1.001748000000000000,NULL,0x,0
15,0x4c5b152bbbd7ba5cc9d9757b7ca7cb0060c60fb8768b0d27065b50d3a5fafc78,5617754,1526385785,0xfbb1b73c4f0bda4f67dca266ce6ef42f520fbb98,0x7db9656fc8435f765df5748e32bf329098ffb5fb,0.994000000000000000,NULL,0x,0
16,0xa1463dcbb509536818a3dc53927a98c7439c15db212bb8a488bda2df6d2f0b35,5617822,1526386840,0x927b8f75ab10d1c225933badc4f2f8c04ac242f4,0x7db9656fc8435f765df5748e32bf329098ffb5fb,0.500242612573037585,NULL,0x,0
17,0x86c1b0909e12b0a907796ba5ca0474df4f4887a25ac49e259ca920c31fb79c5d,5617848,1526387350,0x564286362092d8e7936f0549571a803b203aaced,0x7db9656fc8435f765df5748e32bf329098ffb5fb,0.990000000000000000,NULL,0x,0
18,0x2dd82cf6147137aa5a117a847e485ccfd6a0bba9131d7c2922b7cbbfb2a6a46e,5617955,1526388979,0x532017b238c7baab39c6b789a27bbca687b66c7b,0x7db9656fc8435f765df5748e32bf329098ffb5fb,0.497000000000000000,NULL,0x,0
19,0x2e2b64b80883e5970f62de933fa5c2640a1d2c19297bdee039681f0196ea2d76,5617994,1526389643,0xa1304f17826030abcfafa8e43af03e1ad541e642,0x7db9656fc8435f765df5748e32bf329098ffb5fb,0.990000000000000000,NULL,0x,0
20,0x304d5cc818b0121c4034123b53d55235887aa55e84c63dbb5bab5fec6c223ef0,5618144,1526391555,0x3f5ce5fbfe3e9af3971dd833d26ba9b5c936f0be,0x7db9656fc8435f765df5748e32bf329098ffb5fb,0.490000000000000000,NULL,0x,0
21,0x33d51bdda804ab9fe735070fe1ea645defa69f877ca868f747b3ea0cbe59c7ee,5618144,1526391555,0x0681d8db095565fe8a346fa0277bffde9c0edbbf,0x7db9656fc8435f765df5748e32bf329098ffb5fb,0.858131000000000000,NULL,0x,0
22,0x985f66b8955fd7780ebec33ee0a903175c095a4e9b240f9ad0f40ae3d4398557,5618179,1526391964,0x3f5ce5fbfe3e9af3971dd833d26ba9b5c936f0be,0x7db9656fc8435f765df5748e32bf329098ffb5fb,0.500000000000000000,NULL,0x,0
23,0xf07327ae18b6836055dcfcb8f32db08f985e7fa389f325ec1ad601e428c6db03,5618269,1526393462,0xcff945ed4877261b1223047da3e41f1bb21ae709,0x7db9656fc8435f765df5748e32bf329098ffb5fb,0.500000000000000000,NULL,0x,0
24,0x20458958c7e50e66084487b0654826c7c07057fd7a42da879a0f89f4fb99c588,5618275,1526393573,0xdf35b5ccc185f3bfe5140de74c06c3d849b14e03,0x7db9656fc8435f765df5748e32bf329098ffb5fb,0.075517000000000000,NULL,0x,0
25,0xa4dd38b69d52ff69bc1bfeeef4f0c3b0c40c33112aa13b231b3e3db7a89c4480,5618283,1526393698,0xcff945ed4877261b1223047da3e41f1bb21ae709,0x7db9656fc8435f765df5748e32bf329098ffb5fb,0.500000000000000000,NULL,0x,0
26,0x8a234da9d23d3548302a8b1b6156c7a9131e3455996c42c969ab1316d7ba961d,5618546,1526397622,0x7071f121c038a98f8a7d485648a27fcd48891ba8,0x7db9656fc8435f765df5748e32bf329098ffb5fb,3.157392650000000000,NULL,0x,0
27,0x8935539b8f72bfbcf700a0401ecb447833f4e8a784e1d3a3c88b2803b257d391,5618576,1526398272,0x370ee840dde9d938b56c4221c2b335932a38e3a4,0x7db9656fc8435f765df5748e32bf329098ffb5fb,1.000000000000000000,NULL,0x,0
28,0xf724b30cfbdc340b84f5012d8a6cc2de6493f47b184e8f3edd0cda6bba05b35f,5618691,1526399909,0x2b5634c42055806a59e9107ed44d43c426e58258,0x7db9656fc8435f765df5748e32bf329098ffb5fb,0.990000000000000000,NULL,0x,0
29,0x1331967cfa829f08cc16c77c3a7895913c961afcff835287aaeb9dd394205403,5618893,1526402917,0xf5d0bf6592dfe718776e8f2bda89044fcf562233,0x7db9656fc8435f765df5748e32bf329098ffb5fb,2.300000000000000000,NULL,0x,0
30,0x9cfd8c022fe58e59973dd03af3750c37768706ccbbf721bf1347c807da2555b3,5777967,1528837643,0x7db9656fc8435f765df5748e32bf329098ffb5fb,0xdbe577188dd0861d3d9e595045eb3ceb3a6f3c7e,22.837844372573037585,NULL,0x,0
