,TxHash,BlockHeight,TimeStamp,From,To,Value,ContractAddress,Input,isError
0,0xf0e525b02ff0a06bf24518cfbaee49e3205be1b02a7cfae7bef0d753ac1f465b,5629967,1526571384,0xaaa932d77935ee3d8e0ba1d464cfda4e56566a01,0x7f642b25a930f732f4214f69df0d0d2f647bcc63,0.500000000000000000,NULL,0x,0
1,0x6d38c2b0ff23ee5797926a701f3f568e325c0285aad26826512bf1f93408aaff,5635758,1526660516,0x564286362092d8e7936f0549571a803b203aaced,0x7f642b25a930f732f4214f69df0d0d2f647bcc63,0.629245190000000000,NULL,0x,0
2,0xf246766ce9795dbc76a7121cb28bf2ab7db741726078248a421230b0fa08e4ca,5639542,1526717393,0x7f642b25a930f732f4214f69df0d0d2f647bcc63,0xaf1e72ba508e4c4e3e78080c5ff5349f3a43a89b,1.128380000000000000,NULL,0x,0
3,0x53da52bdda5d0569041d33c2cc3865895c79c4b5df11064ca9d77ee0c9cb8bda,5640624,1526735040,0x540155f63448bf698e2b97537974b3436002c23a,0x7f642b25a930f732f4214f69df0d0d2f647bcc63,0.510000000000000000,NULL,0x,0
4,0x4d667679876308ca184242aeb563dee8abf6a89f1cc77b01ae359033d0c4b246,5640792,1526737913,0x9a54e68c75f8129fda495bbe2bcfddae5f3b17b9,0x7f642b25a930f732f4214f69df0d0d2f647bcc63,1.400000000000000000,NULL,0x,0
5,0x54b3172b43812c7c93026817c77a60482f343dce024525b2e630023351e3d7d1,5642086,1526757428,0xbac401b8c1bd590c00097c833dce11ad9b7ff403,0x7f642b25a930f732f4214f69df0d0d2f647bcc63,3.000000000000000000,NULL,0x,0
6,0xc9b5d8099d604c40b649c524e9ab5066f44ae10bd96c5911a5bf752830764806,5642097,1526757579,0xbac401b8c1bd590c00097c833dce11ad9b7ff403,0x7f642b25a930f732f4214f69df0d0d2f647bcc63,5.000000000000000000,NULL,0x,0
7,0x37e1b688c539e941433d54bb850327e4183ee023f4822c488d373b201d5ad695,5644757,1526798145,0x0c18535c4d959ad1207ee126db983f77975eb4da,0x7f642b25a930f732f4214f69df0d0d2f647bcc63,1.000000000000000000,NULL,0x,0
8,0x81f9621801e1c561fd599d52a5d8786e89d7dd6c2dc17a5fbd15926ce9139dca,5648407,1526853704,0x69d84c8a02c73ea34f5bc272170f9746a6503dbb,0x7f642b25a930f732f4214f69df0d0d2f647bcc63,0.510000000000000000,NULL,0x,0
9,0xfe6e37d3a97d70643c8c473381d0445ced83879f74a8417a41da8e458eb88028,5648627,1526856914,0x69d84c8a02c73ea34f5bc272170f9746a6503dbb,0x7f642b25a930f732f4214f69df0d0d2f647bcc63,0.536900000000000000,NULL,0x,0
10,0x5977d7536356a37dcc916af1d132246fa5448b2c5556469e769213eb01bbb383,5650312,1526882735,0x7f642b25a930f732f4214f69df0d0d2f647bcc63,0x1aec77b950aa964e8fd51211ad55db6a96562952,11.956043190000000000,NULL,0x,0
