,TxHash,BlockHeight,TimeStamp,From,To,Value,ContractAddress,Input,isError
0,0xd2eec4e39100b6b9f779073d3de2f0537980aaca30cebc09a00dfcd8d4d7ff58,5795731,1529103614,0x1522900b6dafac587d499a862861c0869be6e428,0x7fa0ecbd6a4531e431b24814da71b9a483f85ff4,0.500000000000000000,NULL,NULL,0
0,0x9dd405b85310ac73be459faa5e283d1cad41062131108b3c2867534fecd87bb5,5798308,1529142186,0x7fa0ecbd6a4531e431b24814da71b9a483f85ff4,0x8fe5197226164c6edea96f450fb788cea7454b29,0.499580000000000000,NULL,0x,0
1,0xa3aaff30e1cf0df9b3903c851ebbceeb2f2601e71c0c73479c6a6d116b96b6e7,5802969,1529210068,0x1522900b6dafac587d499a862861c0869be6e428,0x7fa0ecbd6a4531e431b24814da71b9a483f85ff4,0.400000000000000000,NULL,NULL,0
1,0xf5377c9d2809794b991ff420e1b38900d9c5553ae65c76a3fff3fabcc278b7d7,5803837,1529223114,0x7fa0ecbd6a4531e431b24814da71b9a483f85ff4,0x8fe5197226164c6edea96f450fb788cea7454b29,0.399580000000000000,NULL,0x,0
2,0x8b7f48bd0789d30163603e86dfc6cb57a7437be1b91dc88a21029a94e518fe91,5906479,1530742303,0x553d409931052ec00228dda43ffb4f7c21e10887,0x7fa0ecbd6a4531e431b24814da71b9a483f85ff4,0.211023890000000000,NULL,0x,0
3,0x2fd7e94543e079358108e1668b31b0afbca19616a5e3ae91bc045112bb014446,5914467,1530860852,0x7fa0ecbd6a4531e431b24814da71b9a483f85ff4,0xec3abf88ebfe24895eb11465b6aa59a92cc25ec2,0.210393890000000000,NULL,0x,0
