,TxHash,BlockHeight,TimeStamp,From,To,Value,ContractAddress,Input,isError
0,0xa01326e41b9c014a7f496c8d84e9023291da89b1569971b16a088f2a60cd3b63,5906829,1530747728,0xff85b4691080c1d09014644d504a725f818ff5c5,0x82603fec3241b319ac1a0470f2c08bd90461a355,0E-18,NULL,0x,0
1,0xbcaedda2261270e674745b84cf17d53be3f1226052ad2cad6d0aa0d44242a263,5907753,1530761556,0xb68b4620945e6f842bbdfd166a0b27b6dd987462,0x82603fec3241b319ac1a0470f2c08bd90461a355,0E-18,NULL,0x,0
2,0xace899d963fb22a35952ff4b3f66071062c56358d26c23e7e17c92529556b078,5908169,1530767802,0x07f60ad875161398a6bd21ec531a5b4997f6b4b4,0x82603fec3241b319ac1a0470f2c08bd90461a355,0E-18,NULL,0x,0
3,0x727222fe563f56fe4b920b1d368fd11b74839472e73e4515c841cb3da625f2ac,5961766,1531557283,0xd8af70fc8f0d7b8f73439b441b2ef22551c2a1c5,0x82603fec3241b319ac1a0470f2c08bd90461a355,0.038950000000000000,NULL,0x,0
4,0x95466d8c816f38bb53e70f7155c53d7f39c7e1c1e6c7caa8273e95db9e5c8262,5963383,1531580316,0x82603fec3241b319ac1a0470f2c08bd90461a355,0xaf7be8919d4643a7382d3dcf5352aaaf0266e881,0.036000000000000000,NULL,0x,0
5,0x5498c4dd3d31090b9142272935413239dd7b6a833f4a6b99c660a5acff51b4fe,5963628,1531583508,0x4afc8e0a12445e3be7d2c11f83ec69e0a88e119e,0x82603fec3241b319ac1a0470f2c08bd90461a355,0.500000000000000000,NULL,0x,0
6,0x3d004479adfc8e16a08d9787d1f36465b8e0393e0c4b1cef1505c33345289d04,5963864,1531587076,0x82603fec3241b319ac1a0470f2c08bd90461a355,0xaf7be8919d4643a7382d3dcf5352aaaf0266e881,0.498000000000000000,NULL,0x,0
7,0x184c1fbe66e1adf5395f37e4a8e81abc9b61de933c3043a380347d52628d444e,5964147,1531591603,0xcdf05829119bb740062b04e0048bbe58a7b3da0d,0x82603fec3241b319ac1a0470f2c08bd90461a355,0.000122000000000000,NULL,0x,0
8,0x6e719f62596bfa3de6ded8b50dc57e34efd705c65af2eea643e1e662c7992221,5971364,1531694889,0x36607e66fff729213cf7e80084b7ffa7722d2a8a,0x82603fec3241b319ac1a0470f2c08bd90461a355,0.000100000000000000,NULL,0x,0
9,0xb577d4e2ec036e55383acbc77cb0ab4a43251f767128f94154ae80bfbac5e1ed,5971376,1531695161,0x36607e66fff729213cf7e80084b7ffa7722d2a8a,0x82603fec3241b319ac1a0470f2c08bd90461a355,0.001083242000000000,NULL,0x,0
10,0x0dbc45ad9fe6c00214c1fa4c519f8aff013cd264f1fd78955486e3aae3d06ea7,5977967,1531792328,0xe0556b6464f21711d30ca6cada7d8e36b69d12a5,0x82603fec3241b319ac1a0470f2c08bd90461a355,0.500000000000000000,NULL,0x,0
11,0xc0536d6e88ea330c0f452fe69a0284a9696d3db691e48f4d327a1ee259d1c8fa,5979008,1531807680,0x82603fec3241b319ac1a0470f2c08bd90461a355,0xaf7be8919d4643a7382d3dcf5352aaaf0266e881,0.502000000000000000,NULL,0x,0
12,0x7c595936e1ec8075f69dbb887cc548e4129a54df74a131a0150cf751ddbcaf2f,6113934,1533781872,0xffe48f83372f528dd649c162c28175bb5bebce9c,0x82603fec3241b319ac1a0470f2c08bd90461a355,0.001000000000000000,NULL,0x,0
13,0x30af60d7f12aabbb548e30b5f29d359c593977f2eebbecfe60e33796972f5389,6245900,1535709108,0xd1a818471f2ce4176e963fc047a7307cb32726a2,0x82603fec3241b319ac1a0470f2c08bd90461a355,0.001000000000000000,NULL,0x,0
