,TxHash,BlockHeight,TimeStamp,From,To,Value,ContractAddress,Input,isError
0,0x647e6cdd9c81a23958c9c790a15721fe13109d77c8a54ebe2c51ff8f9e6ead5e,6088700,1533414322,0xe4f9271ea26a9a36577e1609520b3226ee3bceb6,0x8241af33b5b58e225b9833ad75b9710c6e3ce4dc,0.500000000000000000,NULL,0x,0
1,0x7b730896f135d6a2d1d69e3777d39818ec1f9d3d6b402139145c05439cd8fbba,6089281,1533422533,0x7d39d93dfda9dc6f0b5c8fb2107cfef1deb61b23,0x8241af33b5b58e225b9833ad75b9710c6e3ce4dc,2.000000000000000000,NULL,0x,0
2,0xb94d047ec70e8228fecd6e2a2a3077c8dcddf659d6a92d4a91af068b2f4a307f,6091376,1533453179,0x894f1028ab7578b0e1631925d306ed0959f8ae79,0x8241af33b5b58e225b9833ad75b9710c6e3ce4dc,1.016445200000000000,NULL,0x,0
3,0x53a53a3c17aacaaa01016b8dde2365370333aa78d749d6a18df0053a4b232a65,6094453,1533498169,0x2689427e34ed3094c18ef7e73c7f3d4c093c2b00,0x8241af33b5b58e225b9833ad75b9710c6e3ce4dc,0.500000000000000000,NULL,0x,0
4,0x9007c1c188360683b4af8229472404ff53bf939fdc8e9ff31177b19ccb3bcb2c,6101326,1533597853,0x634eea0376034eb64d200d6e19c3395b92aecb36,0x8241af33b5b58e225b9833ad75b9710c6e3ce4dc,0.550000000000000000,NULL,0x,0
5,0xf3232cfeb4f102ec925ddb57d5a571b108c25839dfb47038c38ca54347b9aa96,6101838,1533605292,0xe551407fc10b8dd490750a90a7883e6ff5a417b9,0x8241af33b5b58e225b9833ad75b9710c6e3ce4dc,15.000000000000000000,NULL,0x,0
6,0x6d497b6e3b1959c3a05835c8d6ce9da93cc52618edfbb6e27dd01d3c29a4350c,6103217,1533625524,0x2d0efafb31a96be786d55b96182ec87ea82a86af,0x8241af33b5b58e225b9833ad75b9710c6e3ce4dc,1.000000000000000000,NULL,0x,0
7,0xb9561de95c2c8434517335e73300f040b1233493fb2a09f5eaa8d8e87cce468f,6115719,1533807960,0x8241af33b5b58e225b9833ad75b9710c6e3ce4dc,0x1794065ff9c3b4e8bc3d3a0657bfa290eabfc62e,0.100000000000000000,NULL,0x,0
8,0x7995f9b27f2c36ac98683885f40d4309bfe367b275ba0ad744a2a125b4603a51,6115738,1533808252,0x8241af33b5b58e225b9833ad75b9710c6e3ce4dc,0x1794065ff9c3b4e8bc3d3a0657bfa290eabfc62e,20.464723199999998000,NULL,0x,0
