,TxHash,BlockHeight,TimeStamp,From,To,Value,ContractAddress,Input,isError
0,0xadeecadbd04c6bf379db650d90e37c7c05a1af9b7e93111ea535c06b001027bb,4361555,1507880039,0x8b19c07d68a995ab8aa1fcca44de5c5636d00992,0x8374aa52bf36eabca06e33c4163a081f53e39aa3,6.713000000000000000,NULL,0x,0
1,0x9213410df8eee9e2de18d3ac29469c96e2b36db895f2f7888f7e8502ad2065fb,4361652,1507882926,0xd7cdbdd60b1cedb807f537370281b263ddd7aade,0x8374aa52bf36eabca06e33c4163a081f53e39aa3,10.000000000000000000,NULL,0x,0
2,0x72e62131d27925140d4bbd1aa0d8a11d7e6c889bf2ed81fc0864fcce0fd74700,4361856,1507888809,0x810795ab662f0134b831cc2ae59c9aef0e04d9ba,0x8374aa52bf36eabca06e33c4163a081f53e39aa3,0.100000000000000000,NULL,0x,0
3,0x4648ff3bcd641af7fdfdb0594e32e175bffcf6a9c0ae1020ad4d1fde71080f18,4361912,1507890386,0xed7fdcf9b207ea2bce590889ec22a7511c2e3f7c,0x8374aa52bf36eabca06e33c4163a081f53e39aa3,3.000000000000000000,NULL,0x,0
4,0xa79927f1206c110724a01b483d00b0e419e734350b7d58adcdc5a254dcce2f96,4362341,1507903223,0x807b7079d2604e2c2021d1926e3f0b994b2490dd,0x8374aa52bf36eabca06e33c4163a081f53e39aa3,5.000000000000000000,NULL,0x,0
5,0xc9f763de1f9f0d76a3c7271426bfbd8120c8c9b6b445f3fb28a2ab4ee417c93b,4362343,1507903287,0x807b7079d2604e2c2021d1926e3f0b994b2490dd,0x8374aa52bf36eabca06e33c4163a081f53e39aa3,5.000000000000000000,NULL,0x,0
6,0x799e56ca1013a3fd09cc61038025826653cbbdf52c6de828ecf3b15bef9674e9,4362589,1507910603,0xe927e6ba707ad569354759617d25a1d8e0c6ca63,0x8374aa52bf36eabca06e33c4163a081f53e39aa3,0.980000000000000000,NULL,0x,0
7,0xb4c4f3100c49c055165894065ce2c2ba358f8188faad4c97b8394cb51f80f6f1,4362827,1507917235,0x0b901a2c46e560aa931c8e448dde54095d7d03d0,0x8374aa52bf36eabca06e33c4163a081f53e39aa3,5.900000000000000000,NULL,0x,0
8,0x5012b25ec2c4e53bc4ff414c618bc08a28552a9a5aa9efc3927f6a34c3461f81,4362945,1507920730,0x2ce5781826b6173369a2e459c13847c0dc278653,0x8374aa52bf36eabca06e33c4163a081f53e39aa3,2.000000000000000000,NULL,0x,0
9,0x04b806d76996315b294294b62605ee973642854f8e1caca5c8e8becf4bac5d1c,4363138,1507927301,0x8fd6de782875979df0d4912156f77987ff1ca078,0x8374aa52bf36eabca06e33c4163a081f53e39aa3,4.500000000000000000,NULL,0x,0
10,0x34552ddfe9153752b22ddaa9cf8ee9a115126b059b75371014fc1057834dcd67,4363285,1507931861,0x85eada0d605d905262687ad74314bc95837db4f9,0x8374aa52bf36eabca06e33c4163a081f53e39aa3,1.000000000000000000,NULL,0x,0
11,0xc5eae8b72773fd232248c846f795d6d3e29d4d321b79193dc310fbe80d42c68a,4363333,1507932995,0xdbe393c794ee468a706942dcb84a2736ba6233a8,0x8374aa52bf36eabca06e33c4163a081f53e39aa3,0.308000000000000000,NULL,0x,0
12,0xc9985a561f817dc3a268734d2aed85c31ae94680d7f76c26982810760f6094d1,4363685,1507944055,0x4f82e488814b27699863fd759fdef11c7958cf1e,0x8374aa52bf36eabca06e33c4163a081f53e39aa3,0.178249140000000000,NULL,0x,0
13,0x9435ca2742932f9563cf751613d9c3bcfccf09f0ba0bd6e97d2b5a696d87ffa0,4421235,1508856155,0x8374aa52bf36eabca06e33c4163a081f53e39aa3,0xa3e11cb932bde7cb8c438d342184c62a6e16f506,44.670000000000000000,NULL,0x,0
