,TxHash,BlockHeight,TimeStamp,From,To,Value,ContractAddress,Input,isError
0,0x2decc01a01dc277b9c8696d549be18b94f0918750261a1a84258e2cecfa0377b,5805161,1529242114,0x1a36670a03cba6790461148b47f54c9c74d771c3,0x83d7cb758c30d067e99e9f52f9e4f987101ab888,0.990000000000000000,NULL,0x,0
1,0xaf6ea2d1b32f2fa22c539ef89d0b0c0ea114a4623f4aee05f7f014ffe0030e52,5806262,1529258620,0x83d7cb758c30d067e99e9f52f9e4f987101ab888,0x5be05bc037e453aeb484af8bef07b1d41ce1e861,0.300000000000000000,NULL,0x,0
2,0x1652834f75579e3cb02aea77fb22b062d248593cfba4562c497cfe6dfe3b610e,5806628,1529263718,0x46ccf9aaa1c675a902762279c56ddcbccad615ee,0x83d7cb758c30d067e99e9f52f9e4f987101ab888,0.500000000000000000,NULL,0x,0
3,0xd1c683fa308879c997002c6331187386040598593ffe0903e3357244e7afe276,5812008,1529342119,0xd18f1947e81b116d9b1d0be54839a1f67920b0af,0x83d7cb758c30d067e99e9f52f9e4f987101ab888,0.464469980000000000,NULL,0x,0
4,0x0886638a0f2f143ef334c57e619953a0a8728e51e852667fa4d1acf3fee799e2,5838133,1529729212,0x8877222a397de1f4944a6be00f8d38a89da648a7,0x83d7cb758c30d067e99e9f52f9e4f987101ab888,1.000000000000000000,NULL,0x,0
5,0xd7066c27df047fd24ce691f4fdf399ecadacf351a9b19d460d99c32e979380ea,5838723,1529737947,0x224b9f4666472682f3e805f4dc1e0fc39b7b96fb,0x83d7cb758c30d067e99e9f52f9e4f987101ab888,0.689517000000000000,NULL,0x,0
6,0x6d650f2abfbf7d5185de7f3993803abb8cd924dd7866d59b790a4d958408418c,5838752,1529738305,0x83d7cb758c30d067e99e9f52f9e4f987101ab888,0x5aa913846b30c2834468daf51cded4254efc7909,0.340000000000000000,NULL,0x,0
7,0x4924bfce8c1a9efa5a3178fc644751fcfe5dc9343200c6495e7998d05a2f24d0,5839024,1529742278,0x4725e549a4c6ea375c39a26edc1ff20ff56294a5,0x83d7cb758c30d067e99e9f52f9e4f987101ab888,0.500000000000000000,NULL,0x,0
8,0x6bf7105959b44aab1f43dce719bfa903e34a335ee5ca37db084b648250f578ed,5851497,1529925774,0x83d7cb758c30d067e99e9f52f9e4f987101ab888,0x224b9f4666472682f3e805f4dc1e0fc39b7b96fb,3.502537970000000000,NULL,0x,0
