,TxHash,BlockHeight,TimeStamp,From,To,Value,ContractAddress,Input,isError
0,0xb6c5584ee826ed11901cf0ce4614f0162a752530dbbdf17acd28cb8aa9e6b0eb,5154041,1519565777,0xb62cc2118f263d170b6a1b1b175621623e5fec56,0x849143a3d086c1c3d06a2d9b6a7e70a7907608bb,0.519832000000000000,NULL,0x,0
1,0x818545b0be95eda606da57b30cb665b3119577746ed894c0a2d7c7c100985592,5154197,1519567971,0x3f5ce5fbfe3e9af3971dd833d26ba9b5c936f0be,0x849143a3d086c1c3d06a2d9b6a7e70a7907608bb,0.500000000000000000,NULL,0x,0
2,0x6b5ceb8900959762965a5433417ff72eaa71b3d37208935118737bc4ad3a9859,5154890,1519578794,0x54e88ea7b0f1432e77bc3bb0253b4a21e6fb331d,0x849143a3d086c1c3d06a2d9b6a7e70a7907608bb,1.000000000000000000,NULL,0x,0
3,0x9de54bd78fde1f9c32041a43d405e7ee6440e4fa35414f48a83bc721f95886e1,5154931,1519579475,0xe34215aecbc93111f62a99edd4d1beb4fa7f267e,0x849143a3d086c1c3d06a2d9b6a7e70a7907608bb,0.500000000000000000,NULL,0x,0
4,0xa12803cf9c8d626d3abfdd2ec1e547d2f6029ade5bdecdb4a944810bbf79336c,5154933,1519579510,0x6d7e48928c4e665d5a3fb739d3fd4c64e24b813d,0x849143a3d086c1c3d06a2d9b6a7e70a7907608bb,0.500000000000000000,NULL,0x,0
5,0xa1934a831c73a5a45573449e7a2518017721d8dc09ac04174fa0dffff2a639b6,5154949,1519579709,0x977aab5bb992c37e116e39b16643dcdedd183287,0x849143a3d086c1c3d06a2d9b6a7e70a7907608bb,0.400000000000000000,NULL,0x,0
6,0xf2c6a1b5da5390f7e2cd51a1e4b4d28d83a0e1c56e3f4d5627fdcc7aab8fbf0f,5155130,1519582319,0xad78bb01eebf76aef0e413ac781d487ace98410e,0x849143a3d086c1c3d06a2d9b6a7e70a7907608bb,4.000000000000000000,NULL,0x,0
7,0x492b7fae2d07146b9bb60c95ce3c6f4c5ccf6b5e28b2d7006b80df54fae193bc,5155162,1519582725,0x7ed1e469fcb3ee19c0366d829e291451be638e59,0x849143a3d086c1c3d06a2d9b6a7e70a7907608bb,0.700000000000000000,NULL,0x,0
8,0x7ecde51be852650aa01cf4c872650a22a75b851ef3e8e179707caf8321db0e9f,5155166,1519582824,0x0b0311c0eeff8b53205286e44344a50ffca3b38c,0x849143a3d086c1c3d06a2d9b6a7e70a7907608bb,0.500000000000000000,NULL,0x,0
9,0x9abc01bd3cf39e77e5d648927861c81859c40f4f893bf60ad2e3dca1472e5b4a,5155231,1519583672,0xfbb1b73c4f0bda4f67dca266ce6ef42f520fbb98,0x849143a3d086c1c3d06a2d9b6a7e70a7907608bb,0.747612890000000000,NULL,0x,0
10,0x1d1338965e5463e77da61dfa5366ff4035e2e6b0d4f78da45b24bbcb146ccddc,5155285,1519584516,0x7071f121c038a98f8a7d485648a27fcd48891ba8,0x849143a3d086c1c3d06a2d9b6a7e70a7907608bb,0.508620000000000000,NULL,0x,0
11,0x5fe01fa11ce808c64fe1bcd18fa463d85899a71445924ebb7ba8468bd5c015ff,5155285,1519584516,0x805fe40f41c82bee9fd1fcc5183aa05e367836f7,0x849143a3d086c1c3d06a2d9b6a7e70a7907608bb,0.606060610000000000,NULL,0x,0
12,0x98d1555d95ff4c8c9f3ddc25022856e93d4ab0285a85e589520978fa74ba7893,5155303,1519584736,0xbd213319193e55867d091dc91befa2db2f0d8609,0x849143a3d086c1c3d06a2d9b6a7e70a7907608bb,0.500000000000000000,NULL,0x,0
13,0x6b33d85b9999d3df72ee0704292be569a3ac02747a697e48008bb9c20db61e03,5155330,1519585048,0xbca5ec5a94cfc1920e2c886eae54afa1e0dae557,0x849143a3d086c1c3d06a2d9b6a7e70a7907608bb,0.559958000000000000,NULL,0x,0
14,0x3c316d93b36540530e3e979c811f226e7a44a42cc2c6f00c1d36fb09a460b7ba,5155357,1519585439,0xec080ad3be7e16b174af3523b7183464e3c04a44,0x849143a3d086c1c3d06a2d9b6a7e70a7907608bb,0.080000000000000000,NULL,0x,0
15,0x35e12a45cf7c0d19c723033388e03b9cd5972270b5398bcf352046b2248b846d,5155357,1519585439,0xc49d70e54e1b8dc79ba31b74584bf0a51fd6556f,0x849143a3d086c1c3d06a2d9b6a7e70a7907608bb,0.002000000000000000,NULL,0x,0
16,0x5279cd1fc1dba98744f11e847b0d2590945c5118669117e9ed2d1bd66491577c,5155366,1519585511,0x6b8e07779b73fe1565bf967b66d90fc1e64bde6e,0x849143a3d086c1c3d06a2d9b6a7e70a7907608bb,0.500000000000000000,NULL,0x,0
17,0xa22c4e958b89fed09a46d4141ec73382d87696cfb10280facd2e34baaa122474,5155396,1519585889,0x146443a0f47f799eb3373ae26e0b234745c6224d,0x849143a3d086c1c3d06a2d9b6a7e70a7907608bb,0.599832000000000000,NULL,0x,0
18,0xa726c04428d8c332329211432d40a63c8f5c8ade9eebf2772e523880a984822f,5155411,1519586210,0x564286362092d8e7936f0549571a803b203aaced,0x849143a3d086c1c3d06a2d9b6a7e70a7907608bb,0.589000000000000000,NULL,0x,0
19,0x4ab1637e4a32a1582f361afcaeb4fcaffa2f6768eba8db359a7df9c5cba73106,5155424,1519586367,0x70fded86d9ed4239b8ff9c50ea09f228e406575a,0x849143a3d086c1c3d06a2d9b6a7e70a7907608bb,0.500000000000000000,NULL,0x,0
20,0x403baecbf38fe6840fdbc5258c3e34b150a161ada4aa81b86691e82ecf1918f8,5155451,1519586777,0x564286362092d8e7936f0549571a803b203aaced,0x849143a3d086c1c3d06a2d9b6a7e70a7907608bb,3.980000000000000000,NULL,0x,0
21,0xf3a13572c09b9b60fba6821d40874936a9bd5c11028d65b3d52dfca1a7d44672,5155574,1519588517,0x91b21dfa687c4a4bf4fe9f7e5c953f985cef091a,0x849143a3d086c1c3d06a2d9b6a7e70a7907608bb,0.800000000000000000,NULL,0x,0
22,0x4d757253df33254c54554f8ab30eff1b38e7f495f2d1b1a3f5e1c2b0bcbbbbdb,5155848,1519592661,0x08d4d7f47521010927bbc970916dfdbf35aa6ce2,0x849143a3d086c1c3d06a2d9b6a7e70a7907608bb,0.003333890000000000,NULL,0x,0
23,0xb963c328823b28537247ce6c1fc41be807f7a7d3df732a0d39ba59507db43d57,5156201,1519597850,0xd181f3479b895310cdeebb29a5240712f2c4d822,0x849143a3d086c1c3d06a2d9b6a7e70a7907608bb,0.400000000000000000,NULL,0x,0
24,0x7bf1795c59b7091ac871dee730de0b262b7536d3be0ec6db370bf129a8a6f016,5156234,1519598365,0xf51297212987bed1dc6b43aebe58dbc476906324,0x849143a3d086c1c3d06a2d9b6a7e70a7907608bb,0.700000000000000000,NULL,0x,0
25,0xc2011302a4af43d90df1d55aa14ac849dc1c1b3d212025e155920b8441ad9aa0,5156485,1519602110,0xe398fd8daf94ff231ab22b6def98f71069a69672,0x849143a3d086c1c3d06a2d9b6a7e70a7907608bb,0.500000000000000000,NULL,0x,0
26,0x855c44ca7c1d1feb5d3fb780e91c8e490badc018b2f4935a051668c5dd9e5504,5156663,1519604622,0x176d8bf30862167adcefad13318ad8947009b145,0x849143a3d086c1c3d06a2d9b6a7e70a7907608bb,0.500000000000000000,NULL,0x,0
27,0xac2c1f870843db235b8576fb920ab4cab9fbbf6c996b1a2a248a89577f784b6d,5156906,1519608079,0x03425f32b4750ca9a20734e729d638b94e9b5efc,0x849143a3d086c1c3d06a2d9b6a7e70a7907608bb,0.001177080000000000,NULL,0x,0
28,0xb0d381ca6b5b77e1109fab52a3736cc7afa3e3e890308b6f0f0c32cc9c2d9842,5156915,1519608212,0x604bb2a385640a42471a23f415c469c178d6a699,0x849143a3d086c1c3d06a2d9b6a7e70a7907608bb,0.500000000000000000,NULL,0x,0
29,0x5df31fe8ff2b65ffe1ef663ace48f10d0df0bc85ee856f0db8577ba94cbe848d,5156925,1519608328,0x2c2257b6f05634279bad59100bd23d8a76e97930,0x849143a3d086c1c3d06a2d9b6a7e70a7907608bb,0.058854000000000000,NULL,0x,0
30,0xa20cab076fed784691e36d5192732d26cbc059b77a5dbe4ac6b9f64bb4b52fc3,5157178,1519611976,0x1de9e264864fd57ebd577558f5c347b1b03e71dd,0x849143a3d086c1c3d06a2d9b6a7e70a7907608bb,0.500000000000000000,NULL,0x,0
31,0x3d3f20203e2813c9cb101430143f7aa6fabf78c2b90ccdc50513b5e56c58e6a3,5157462,1519616476,0xd551234ae421e3bcba99a0da6d736074f22192ff,0x849143a3d086c1c3d06a2d9b6a7e70a7907608bb,0.190000000000000000,NULL,0x,0
32,0x40a9602e7bdd095c6a93c3fa59f4b869ba6f3d8a4254be7c0d7a48d2cf51037f,5159957,1519654257,0x849143a3d086c1c3d06a2d9b6a7e70a7907608bb,0xe180a3a61f2e944456cff8830a17dedeee8db951,21.945419470000000000,NULL,0x,0
33,0x9e93005ae6d5fdf1902bc83c5224ae9a2f70ac3c125ea70c638cad2fedffbb04,5160103,1519656640,0xe3031c1bfaa7825813c562cbdcc69d96fcad2087,0x849143a3d086c1c3d06a2d9b6a7e70a7907608bb,2.490000000000000000,NULL,0x,0
34,0x1182f2cfa4aee6856806cb1901f6e3bba1fb0d5ec4f4a025174a6c67a5074c95,5160149,1519657377,0x32be343b94f860124dc4fee278fdcbd38c102d88,0x849143a3d086c1c3d06a2d9b6a7e70a7907608bb,0.431886350000000000,NULL,0x,0
35,0xe7feefa280b467e2f0273771ac19df15aa48b1130615d3aeb67f86b7b1aafb90,5160277,1519659355,0x67cb5af76c6457fbbdf43e4ab22f384f5727602a,0x849143a3d086c1c3d06a2d9b6a7e70a7907608bb,2.000000000000000000,NULL,0x,0
36,0x8bf83618078edea34d76a3312244d643d45567b4f183fe858295df1551139b5e,5160346,1519660314,0x165f150a8e88346334f06216625a7593001c9524,0x849143a3d086c1c3d06a2d9b6a7e70a7907608bb,1.000000000000000000,NULL,0x,0
37,0x063a063f106b0420da5ea02cd94d6f84bf3f4531d6bd5d0e29be81ed4fe31d77,5160418,1519661588,0xfbb1b73c4f0bda4f67dca266ce6ef42f520fbb98,0x849143a3d086c1c3d06a2d9b6a7e70a7907608bb,1.054747220000000000,NULL,0x,0
38,0x0e626c43cfccfabd699f2af1c548591884855489afc06b28499ba2c92fd6afa3,5160482,1519662417,0x32be343b94f860124dc4fee278fdcbd38c102d88,0x849143a3d086c1c3d06a2d9b6a7e70a7907608bb,0.630000000000000000,NULL,0x,0
39,0xbe20ad38180ea8e9ecf906482d9317be89c896c42123cf776b1a96a11b6ff7dc,5160648,1519664963,0xfd76e03168cc40c10b429d041a216c0ff8bae562,0x849143a3d086c1c3d06a2d9b6a7e70a7907608bb,0.500000000000000000,NULL,0x,0
40,0x8591b97833e0387e15ca284254d33d320c00861625a0e519a4ed8cb37316b8c5,5160686,1519665623,0x32be343b94f860124dc4fee278fdcbd38c102d88,0x849143a3d086c1c3d06a2d9b6a7e70a7907608bb,1.990000000000000000,NULL,0x,0
41,0x4716b80c5d0be33a20f2f3f0e55fa9f79748344cfb6046c26b63de8d2f0d5973,5160754,1519666766,0x046f462fc0c36c71c30aa11815c6f5f26fd80100,0x849143a3d086c1c3d06a2d9b6a7e70a7907608bb,2.700000000000000000,NULL,0x,0
42,0x974f433f3efccda6c12bb97f7302b4ab10951c6be2b7a7da6854c59dc26bb308,5160914,1519669023,0x32be343b94f860124dc4fee278fdcbd38c102d88,0x849143a3d086c1c3d06a2d9b6a7e70a7907608bb,0.990000000000000000,NULL,0x,0
43,0x90315401f054fca69c17891c179904d7139d947d6cde83d4a6923e7868af540e,5160956,1519669525,0xd551234ae421e3bcba99a0da6d736074f22192ff,0x849143a3d086c1c3d06a2d9b6a7e70a7907608bb,0.789917540000000000,NULL,0x,0
44,0x7baf606736a9d991e3f02967d29fec08e340f2aff5cd1333e1288bb3975364c5,5161778,1519681332,0xf5bec430576ff1b82e44ddb5a1c93f6f9d0884f3,0x849143a3d086c1c3d06a2d9b6a7e70a7907608bb,0.500000000000000000,NULL,0x,0
45,0xaf160d45c4f181e8fabc477c24cf99e9dd521468b580c390a90223800d38c22e,5162151,1519686375,0x3ab7eef9d8e84167af432d269913b44d16ea4632,0x849143a3d086c1c3d06a2d9b6a7e70a7907608bb,5.000000000000000000,NULL,0x,0
46,0x50ed356c10d6afc9d312ccc4cbb2e928a653068e9d92541e38f8fc2ed5e0dbe9,5162538,1519691928,0x5da790187cee50c0557350ee21086daab05c8837,0x849143a3d086c1c3d06a2d9b6a7e70a7907608bb,0.800000000000000000,NULL,0x,0
47,0x66534ebdcb94445b63d9ba3f29161e54e665c23b5dcaf32099ba9c0d645c28cf,5162710,1519694480,0xab574def0a5f1e5ba15bfc9f3484aa8ed94c11a3,0x849143a3d086c1c3d06a2d9b6a7e70a7907608bb,1.072294260000000000,NULL,0x,0
48,0x14f59426a5f54cdbc1556c3f123bc5a43dbc32212b2c96a9df5377ecc7f9e410,5164199,1519717439,0x849143a3d086c1c3d06a2d9b6a7e70a7907608bb,0xe180a3a61f2e944456cff8830a17dedeee8db951,21.947984370000000000,NULL,0x,0
49,0x1671d778c107aaee280f356b3b56ee109fc1a0e807382c12048cd00f53c6bc2f,5164797,1519726212,0x32c65dba11d5143444f7be3c8b274fa20af04db7,0x849143a3d086c1c3d06a2d9b6a7e70a7907608bb,1.000000000000000000,NULL,0x,0
50,0x0ee116d710cd76d0298e78b180cdf4a734cd735b98bb2988b56b1fd84f978770,5164808,1519726400,0x26a83017d873910c64803a5202cb0851fb907680,0x849143a3d086c1c3d06a2d9b6a7e70a7907608bb,0.990990475000000000,NULL,0x,0
51,0xfbfd31c72f57ec2b95cd05a6fea525ca49606d99e463d7f0c07dc27b3b60e5b9,5165097,1519730541,0x84e395abcc1a0535295f7620e7736901039e0ca2,0x849143a3d086c1c3d06a2d9b6a7e70a7907608bb,1.000000000000000000,NULL,0x,0
52,0x2de78e8e804f2f9d1d89ed96cbdb00a242e8d75497352ec572815a77f9b7bb3f,5165377,1519734521,0x085652a4c24ca5904e4ce92d0bc2a491e4cbf998,0x849143a3d086c1c3d06a2d9b6a7e70a7907608bb,5.000000000000000000,NULL,0x,0
53,0xc0b3ba6f1449085cc3be7bfc2b2d84064a8a8f66498fd28d7e5d50af9aed70de,5165597,1519737880,0x849143a3d086c1c3d06a2d9b6a7e70a7907608bb,0x588034c5b5f7843a576dc14480eb2729ce7c496c,0.300000000000000000,NULL,0x,0
54,0xc6591a45bf0366de8e527515a3371e3c158553418f336639604adb031f3778ef,5165697,1519739396,0x3fc07055fd0a9db501f6728702df1631f0ea3bf5,0x849143a3d086c1c3d06a2d9b6a7e70a7907608bb,2.491950000000000000,NULL,0x,0
55,0xf6238d5c3148cad64b64f4d01573dd4b22332f0f59b10aa1edd0af347c30e849,5165793,1519740790,0x231261c771f0d75377c8f903ca6e9a36b4734f0d,0x849143a3d086c1c3d06a2d9b6a7e70a7907608bb,0.750000000000000000,NULL,0x,0
56,0xa446c70ef929b20687ecfa49da09ef7cdbb5836f56caba4b7c67a1bf029ed7b9,5166124,1519745438,0xed43d95c9dfb8f379fff9fe43d72e350ba2dc603,0x849143a3d086c1c3d06a2d9b6a7e70a7907608bb,0.500222600000000000,NULL,0x,0
57,0x5b40b5ecce9329880799360272c5196192993116f8549bc1e9b6f749baa58ae8,5166134,1519745541,0x7f3c031f90484078000efbf6e025334703f731d4,0x849143a3d086c1c3d06a2d9b6a7e70a7907608bb,1.000000000000000000,NULL,0x,0
58,0x0347117bc16a447a9257a6f13113bf2a1bc2a9eafd21ad339dfcc5548c3fa6e1,5166135,1519745569,0x76c420bb6ded08a3c996eea2c5848fb87c2a0137,0x849143a3d086c1c3d06a2d9b6a7e70a7907608bb,1.000000000000000000,NULL,0x,0
59,0x2ecb5aeb9f5caf5e78935d2818c394dcb92919764dc51a731f4b60477787061c,5166370,1519748964,0x19f4c199e8cbc33e3cc8f6621e3fdab0188d4d4e,0x849143a3d086c1c3d06a2d9b6a7e70a7907608bb,0.500000000000000000,NULL,0x,0
60,0x7bdc68dc665943e18ca712e43f3f50e3d676c1c03d994b41a8e4178d16e918cd,5166931,1519757238,0xe872298b60619542e7338b6042191954e4e3b390,0x849143a3d086c1c3d06a2d9b6a7e70a7907608bb,0.500000000000000000,NULL,0x,0
61,0x11dfe27fe76c6a002cefb4b5a5f2bd80575fe6d0c9eed0839fb908dc6df2567f,5167193,1519760488,0x2379883692dee0998ceb82f17e8550de3064d9d8,0x849143a3d086c1c3d06a2d9b6a7e70a7907608bb,1.000000000000000000,NULL,0x,0
62,0x35fc48b09ce295954f6f4b6b2b4db73770eaa10676bd1e62a5f8bd0fb6aebfaf,5167296,1519762184,0x01c9ecb22c72403e3a2815a4edd8a35bda27754f,0x849143a3d086c1c3d06a2d9b6a7e70a7907608bb,0.010838450000000000,NULL,0x,0
63,0xbc53b0f526b167a841b3b061b20704b8aa1ad9a22f455854499db1a1e53dc477,5167363,1519763158,0xf5bec430576ff1b82e44ddb5a1c93f6f9d0884f3,0x849143a3d086c1c3d06a2d9b6a7e70a7907608bb,0.586719950000000000,NULL,0x,0
64,0x0fd023447239588d1217f3aedbd041ad83db793661551a74be963e66694fded0,5167564,1519766506,0x5baeac0a0417a05733884852aa068b706967e790,0x849143a3d086c1c3d06a2d9b6a7e70a7907608bb,2.143711250000000000,NULL,0x,0
65,0xb8c57351b16b27537220695c2a3eb712bd1490a3b13edc60a0c3b9f31ef73510,5168478,1519779548,0xf5bec430576ff1b82e44ddb5a1c93f6f9d0884f3,0x849143a3d086c1c3d06a2d9b6a7e70a7907608bb,0.030090520000000000,NULL,0x,0
66,0xa4f1884aab8c2141b727858f04c7560302f463901fe6c2ebf96735741d6a2647,5168623,1519781624,0xf5bec430576ff1b82e44ddb5a1c93f6f9d0884f3,0x849143a3d086c1c3d06a2d9b6a7e70a7907608bb,0.395000000000000000,NULL,0x,0
67,0x0fdc5c4a0a493e7a76c812279233144d44033354f4e1358656caa9b2f880f9ad,5168681,1519782531,0xf5bec430576ff1b82e44ddb5a1c93f6f9d0884f3,0x849143a3d086c1c3d06a2d9b6a7e70a7907608bb,5.003079020000000000,NULL,0x,0
68,0x1a5fab89c7da39bc1774252f39f857623e431612582bfd6c54a01e17181b747a,5169013,1519787422,0xf5bec430576ff1b82e44ddb5a1c93f6f9d0884f3,0x849143a3d086c1c3d06a2d9b6a7e70a7907608bb,0.500000000000000000,NULL,0x,0
69,0x862c5d8a80389654f1e3ad51b0bb80f19ff6b741863eb6793ffb8d4732e1b563,5169015,1519787492,0xf5bec430576ff1b82e44ddb5a1c93f6f9d0884f3,0x849143a3d086c1c3d06a2d9b6a7e70a7907608bb,0.500000000000000000,NULL,0x,0
70,0x928494eb2580300e1e632657653ffa3e5470c1e33b9efe7abc8cb1aef59468e7,5169229,1519790551,0x5da7568ee0f109cc2c1d8be84653cb44147df4a8,0x849143a3d086c1c3d06a2d9b6a7e70a7907608bb,0.600000000000000000,NULL,0x,0
71,0x9325082636a7d466387c3fcb1cf8a0266a326304b89792830bb17aac75e02ef2,5169703,1519797092,0xf2e8c518756765a9b74dc61be6efa25facd8eee9,0x849143a3d086c1c3d06a2d9b6a7e70a7907608bb,0.586390000000000000,NULL,0x,0
72,0xfc8a620374d7dfac537bcf6b2f41059ea61fc92f70e66f7b81a2c57d87f1c8a2,5170463,1519808237,0x65e2c5175e2e618f48e70343b14c31b280e42d90,0x849143a3d086c1c3d06a2d9b6a7e70a7907608bb,0.690420000000000000,NULL,0x,0
73,0x5460827e7c5a69e59d06d657c6ffa2c06a54604826e54089fa0f7279bd01d904,5170464,1519808264,0x849143a3d086c1c3d06a2d9b6a7e70a7907608bb,0xbef5e57ef936ce86e4d2789b934b39d869155183,0.290000000000000000,NULL,0x,0
74,0x6cbaae30296a5dca776dec89fe37c11bce155b4c236cf4b1ea6043d81b9116b6,5170510,1519808903,0xf5bec430576ff1b82e44ddb5a1c93f6f9d0884f3,0x849143a3d086c1c3d06a2d9b6a7e70a7907608bb,0.639871540000000000,NULL,0x,0
75,0x2403cd57cc1712c71e1409791b23345dd5180a9965df6fad22fa5d94d9c0cfe6,5170926,1519815360,0x72194d4ffe9ae7fa3110f35734df3b316792c029,0x849143a3d086c1c3d06a2d9b6a7e70a7907608bb,2.000000000000000000,NULL,0x,0
76,0x084a8683f8460d30d179863ffaad3dce6e8f5c9a052eb9502ecdf09dc84936d5,5170994,1519816440,0x19b546dc08f8f239a9440a125a892017d38c7a39,0x849143a3d086c1c3d06a2d9b6a7e70a7907608bb,0.513987980000000000,NULL,0x,0
77,0xd265eafadde8d2769fb27bada68ee8e644376898a564548b9cbfac6915f6b287,5171319,1519821009,0x5baeac0a0417a05733884852aa068b706967e790,0x849143a3d086c1c3d06a2d9b6a7e70a7907608bb,0.612596790000000000,NULL,0x,0
78,0x387db872c5507c4af01397594371e17680f6865216e4f846c2f8272afaf91581,5171457,1519823040,0x2104f8ea0f888c969bb08f2c3558a4cbeee44243,0x849143a3d086c1c3d06a2d9b6a7e70a7907608bb,2.000000000000000000,NULL,0x,0
79,0x21b70998a236b7dbfa867177176aef51adfc6ba6c859790096060abe11223be9,5171468,1519823216,0x4495a8ba4ce089120d0ff68d77e6528a4d3dc7c4,0x849143a3d086c1c3d06a2d9b6a7e70a7907608bb,0.514336000000000000,NULL,0x,0
80,0x853ae235ad72ff9b9793688174ba6267d3a7a33cd052082e23db0f4f772e452b,5171703,1519826770,0x7313626440ac187e3632ed75409488623b1147dc,0x849143a3d086c1c3d06a2d9b6a7e70a7907608bb,0.500000000000000000,NULL,0x,0
81,0x0483f8fdb976523f087895f587711896366254ba6760fc126238e09069d16edd,5172104,1519832384,0x69073ad710edfd0c6cf163bb211359d5d6a65ec4,0x849143a3d086c1c3d06a2d9b6a7e70a7907608bb,1.000000000000000000,NULL,0x,0
82,0xdfacec0957c8f4e3cdac17d6175834aaf653b6a75771b65093e5065e092d25c5,5172334,1519835996,0xfbb1b73c4f0bda4f67dca266ce6ef42f520fbb98,0x849143a3d086c1c3d06a2d9b6a7e70a7907608bb,0.624000000000000000,NULL,0x,0
83,0x28c56512963dd9c845e2215c8c4f6087a3ec10c5fb2c16aab235fff9ffd05444,5172387,1519836741,0x392b7366915d206ac3609b21f1a7bfba28af1231,0x849143a3d086c1c3d06a2d9b6a7e70a7907608bb,0.580000000000000000,NULL,0x,0
84,0x2f7e20896b3db10892f26f7a613fb235c0686128eddbda9e875e9f7432d2b494,5172821,1519843123,0x849143a3d086c1c3d06a2d9b6a7e70a7907608bb,0x73f34a62ed3fa60786c6b995c43e465505008129,0.260000000000000000,NULL,0x,0
85,0x6ed27e1026e98b117df77516d469439c72e5655f39e1d8fc6888b213aeddcd48,5172851,1519843611,0x849143a3d086c1c3d06a2d9b6a7e70a7907608bb,0x147e5774a5f4a9ff77a21e8214377dbebedf60a1,0.290000000000000000,NULL,0x,0
86,0x29da6222da4b7ce407e034b039d1c9be99fdeec5d161caa95e5770f81b18246c,5173468,1519852454,0x640ab94dd39a417b5d70566c671abd7e1867aaab,0x849143a3d086c1c3d06a2d9b6a7e70a7907608bb,0.900000000000000000,NULL,0x,0
87,0xc0160720038aff5a7e822e0cf48b249d2b7b1f6d068aae1965fa633245a3943e,5173718,1519856538,0xfbb1b73c4f0bda4f67dca266ce6ef42f520fbb98,0x849143a3d086c1c3d06a2d9b6a7e70a7907608bb,0.394000000000000000,NULL,0x,0
88,0xd34cb4fe68caa699909b08bdd46e0c632d97589a597bf6be0554d234de31e379,5173735,1519856905,0x36b9d840109cd44b1f03a0a912352b3ede89aa14,0x849143a3d086c1c3d06a2d9b6a7e70a7907608bb,0.500000000000000000,NULL,0x,0
89,0x832af359096c19227e6ee35a3b61ff5e10de7ed9379ba776a783174d4e69f601,5174474,1519867210,0x60fb6ce8d40658117315f33ee80ced1f317b65e4,0x849143a3d086c1c3d06a2d9b6a7e70a7907608bb,0.500000000000000000,NULL,0x,0
90,0x848709a5f549c1a1c89b325d06d55f44371ef8e875cffa797910745d32d3ec19,5176028,1519890363,0x849143a3d086c1c3d06a2d9b6a7e70a7907608bb,0x7a799e78eb926f8db8d7a2d3a38cf240a57ac4bc,0.300000000000000000,NULL,0x,0
91,0xa4119bccfcbfa1f56e3140cf15c4c3635bad8e258f367407f84a51a3a7d3bf33,5177184,1519907408,0x849143a3d086c1c3d06a2d9b6a7e70a7907608bb,0xe8027d7a926aaf635efd9fd52b93a5b9886cb642,0.280000000000000000,NULL,0x,0
92,0xfd488ec9b0be63724634bae07fadf4a530752807d6269a063fc1d5b154f65366,5177230,1519908129,0xfbb1b73c4f0bda4f67dca266ce6ef42f520fbb98,0x849143a3d086c1c3d06a2d9b6a7e70a7907608bb,0.594000000000000000,NULL,0x,0
93,0x750d225cc80bc7f4c083c822c134a1fe13390f8c6a697d2f3f994d73da0b3733,5177232,1519908150,0x7071f121c038a98f8a7d485648a27fcd48891ba8,0x849143a3d086c1c3d06a2d9b6a7e70a7907608bb,0.600000000000000000,NULL,0x,0
94,0x5c91d6021a0f0d17f90f729e9b0922b74fdf4d0f68c846cad4dd5878708d6054,5177258,1519908470,0xf26df1cbcd1d7375d75b1472aa0e74cdf5d2cd77,0x849143a3d086c1c3d06a2d9b6a7e70a7907608bb,0.577415000000000000,NULL,0x,0
95,0x5b073e265834f839d62acda42d29763d37bd9815990d5cbb16841cf8aa0dc24c,5177280,1519908914,0x51836a753e344257b361519e948ffcaf5fb8d521,0x849143a3d086c1c3d06a2d9b6a7e70a7907608bb,0.500000000000000000,NULL,0x,0
96,0x023258a921776d49f9633fa6d8b7b4e5e421bc86cda378ab1ec4739d4d21665b,5177281,1519908928,0x51836a753e344257b361519e948ffcaf5fb8d521,0x849143a3d086c1c3d06a2d9b6a7e70a7907608bb,4.659940000000000000,NULL,0x,0
97,0x13d9ef18092d42edb3d265cce9cf6e0c1d1ca64fe05a35358d0b6b486d66c0bb,5177288,1519909024,0x4e5c7e2c0196eb0fef269aa0decae8a59b036d18,0x849143a3d086c1c3d06a2d9b6a7e70a7907608bb,0.500000000000000000,NULL,0x,0
98,0x9470e2c24d8fa1fc31103ad5b59e6df4850f39de1b36c08b25827b286804d8df,5177291,1519909096,0x4b01721f0244e7c5b5f63c20942850e447f5a5ee,0x849143a3d086c1c3d06a2d9b6a7e70a7907608bb,0.500000000000000000,NULL,0x,0
99,0x4c0ca554c1fa05955f5342b12d5d42b1e75b6ce979b4815fa270772ac95c8725,5177353,1519909863,0xfe23dfbfbad0fc61c7051246d2eb32ef4337ccc2,0x849143a3d086c1c3d06a2d9b6a7e70a7907608bb,0.397177000000000000,NULL,0x,0
100,0xdc4fd5dbdde015d99330979f465176b6d74814b5b34dfaee4515ab653225c357,5177363,1519909955,0xef1dbb1ea4c28375b263a4150af1569c661da3d8,0x849143a3d086c1c3d06a2d9b6a7e70a7907608bb,0.996718906000000000,NULL,0x,0
101,0xaa3ecf9fbb9d2d94facfb6c5e97fafbb737152ef93341a8894a247c316c41c54,5177450,1519911260,0x5b8fc3f993c8ca70387c0e7e196c956783e34825,0x849143a3d086c1c3d06a2d9b6a7e70a7907608bb,1.021023670000000000,NULL,0x,0
102,0x98ff1ca4452f5c5b892fe239bef4c7b2de9502b99076d153147528ac81321d52,5177608,1519913501,0xfbb1b73c4f0bda4f67dca266ce6ef42f520fbb98,0x849143a3d086c1c3d06a2d9b6a7e70a7907608bb,0.716502720000000000,NULL,0x,0
103,0x87f0a2fdd67289a91599434e57a3c90046f43246ded53f4759d9dc8006388140,5177617,1519913639,0xa3ac0b2cc8cdafc530c96a7ff7159eeca0c9a6af,0x849143a3d086c1c3d06a2d9b6a7e70a7907608bb,0.500000000000000000,NULL,0x,0
104,0xfd308c6e00eebaf898ac6bc5e8ba7b4f9fa269e40863814489c39d2fadfa5266,5177618,1519913677,0xb3aaaae47070264f3595c5032ee94b620a583a39,0x849143a3d086c1c3d06a2d9b6a7e70a7907608bb,0.050000000000000000,NULL,0x,0
105,0xe8aadc81fc9cb97039ca1a3d6b530913f38272780605b4340b5ff1a42fc9879e,5177673,1519914478,0xa8809dcf44995cd171a0b5b1a6a934aad46ce1d5,0x849143a3d086c1c3d06a2d9b6a7e70a7907608bb,0.500000000000000000,NULL,0x,0
106,0xd68d377c9105e769b11645eb2b0ee86c3a943832cf4ec3612b4f5c9329c9ecb4,5177675,1519914523,0xa8809dcf44995cd171a0b5b1a6a934aad46ce1d5,0x849143a3d086c1c3d06a2d9b6a7e70a7907608bb,0.500000000000000000,NULL,0x,0
107,0xb616d49b4d2933f51f04dcd798bfddd56a7a158c4837b7c52f2937b006dd81ea,5177836,1519916891,0x27684c15bf04259c6cc89ab88dac0f7bfab30dd8,0x849143a3d086c1c3d06a2d9b6a7e70a7907608bb,0.099810999999999700,NULL,0x,0
108,0x8b3b23debe09742ee28d469ad655074ff709d852151d790788be28464d5656f4,5177923,1519918313,0xcfc8a00c50fdb75f1373ac7262754017587c6b24,0x849143a3d086c1c3d06a2d9b6a7e70a7907608bb,0.007000000000000000,NULL,0x,0
109,0x7efb54a0911443f111d80bd19ff104757dc125a948f5b3b79d65188d1ce944ad,5178017,1519919777,0x620a3e5cddd2748e111a11810757f419d10b1aac,0x849143a3d086c1c3d06a2d9b6a7e70a7907608bb,0.680000000000000000,NULL,0x,0
110,0x686d6fe8de321b33468f371201e61caaf74d3a542e887e74c0790e56bbbe09c4,5178157,1519921749,0x7290c40e1b75945faf022f1fa674f4bd184e18f5,0x849143a3d086c1c3d06a2d9b6a7e70a7907608bb,0.500000000000000000,NULL,0x,0
111,0x72894bb20fec3519ae96c3a4542ddea60d97f960d35191cb457e1ac276a3f490,5178159,1519921791,0x267be1c1d684f78cb4f6a176c4911b741e4ffdc0,0x849143a3d086c1c3d06a2d9b6a7e70a7907608bb,4.995000000000000000,NULL,0x,0
112,0x6359d870c9dcae032b3fe482520e3b7d0ef341f44eb3a22be7de5cd978642529,5178171,1519922001,0xc21e74b0264a3d869df4215acd56cfbaf3bdf9c8,0x849143a3d086c1c3d06a2d9b6a7e70a7907608bb,0.500000000000000000,NULL,0x,0
113,0x0bdce0cbf23200210b09f279c8b055470e84791e0902029fef026560dd0a443b,5178227,1519922758,0xee267b7b1b812f60d90624317c85213aa4889673,0x849143a3d086c1c3d06a2d9b6a7e70a7907608bb,0.008000000000000000,NULL,0x,0
114,0x6f48aa3c38086683c8e8ba7bf398f18b4813f4457cebccca61dd631c16c6c4db,5178270,1519923384,0xb5506e6dedd7a16e37a966fe256f9ece2c52704a,0x849143a3d086c1c3d06a2d9b6a7e70a7907608bb,0.700000000000000000,NULL,0x,0
115,0x53aa84460d15de8db7f3833dd964a9ab1e97920b6ab85dfb6233ae5c66da11a4,5178397,1519925327,0x06ca86d62e142596992efac8036ca00f70a1690b,0x849143a3d086c1c3d06a2d9b6a7e70a7907608bb,1.731165000000000000,NULL,0x,0
116,0xb3a5d9bb1e34d9582e2364cb3c25000c7ef9765800b56923696d68a711ae3785,5178418,1519925727,0x122b5dd8f5ade9d4fe6b668e8a47d3110e42bc1a,0x849143a3d086c1c3d06a2d9b6a7e70a7907608bb,0.568151240000000000,NULL,0x,0
117,0x7fcaf5781623affca471d65163f5d11c0729abc4e1de7527ac7cc4689b608a88,5178541,1519927470,0x849143a3d086c1c3d06a2d9b6a7e70a7907608bb,0x35042fa3f535826c171419c3061ef407ac0db60f,0.300000000000000000,NULL,0x,0
118,0xbc7f396e38ac1d8563f445ca231f75417c8c3e593d65b44c124023aa0c472dfa,5178613,1519928501,0x849143a3d086c1c3d06a2d9b6a7e70a7907608bb,0x82bbdc9bebb8191a881afd73c52fa4210b920d3f,0.300000000000000000,NULL,0x,0
119,0xbe539a01606ec4bbdb7bbef9e556215f65a11ebf4c8ce0ecce0b8921bd5848f8,5178693,1519929626,0x903f4f219373200231ea3c416d4b80b029ff0d62,0x849143a3d086c1c3d06a2d9b6a7e70a7907608bb,2.800000000000000000,NULL,0x,0
120,0xf8d57239713e4ed3942d1fe5c308d78a23884bed2e5ed168f5ef647b65e6efb9,5178696,1519929652,0x4b01721f0244e7c5b5f63c20942850e447f5a5ee,0x849143a3d086c1c3d06a2d9b6a7e70a7907608bb,0.500000000000000000,NULL,0x,0
121,0x8adfcd64b62d65bbdb5202d521d00eafa39f78814e13d5ed1591bc545d47d76e,5178735,1519930208,0xbb02072d2784ed6cdf6ff07d4187ac385cfc41e2,0x849143a3d086c1c3d06a2d9b6a7e70a7907608bb,0.500000000000000000,NULL,0x,0
122,0x4039f54e9f1b130fc1d2b1213f17bcfd0e65c9a9968bd2f61a9d3e98549f4f7a,5178738,1519930258,0xb55c58b1cf15ca704a4fc44ef2737ad68c1a34ec,0x849143a3d086c1c3d06a2d9b6a7e70a7907608bb,0.500000000000000000,NULL,0x,0
123,0x10154dbe0ec0aee768bc6fa39481be9a1966e1849d5c26dcfa414819f9dbdebb,5178934,1519932900,0xfbb1b73c4f0bda4f67dca266ce6ef42f520fbb98,0x849143a3d086c1c3d06a2d9b6a7e70a7907608bb,7.994000000000000000,NULL,0x,0
124,0xde9194778623b94fa9915b36e00b10895d3b437eef113a118d6b48487f1ae04b,5178990,1519933817,0xfbb1b73c4f0bda4f67dca266ce6ef42f520fbb98,0x849143a3d086c1c3d06a2d9b6a7e70a7907608bb,4.994000000000000000,NULL,0x,0
125,0xba445608f5e7041761267f0860fea4a440105cc753d65b8a22dd2845e6a7af58,5178994,1519933885,0x849143a3d086c1c3d06a2d9b6a7e70a7907608bb,0xa4bde8a1604e6960e0b9fe4bd85f767fc75e4d28,51.110000000000000000,NULL,0x,0
126,0xcede1cdbba6ab2f3c7800147a96466d1581b4e84603a09f70adc0629c1f0873b,5179136,1519936212,0x6824150c2fe13838e618453f9f093ca86077557a,0x849143a3d086c1c3d06a2d9b6a7e70a7907608bb,1.154259930000000000,NULL,0x,0
127,0x591b6f2ecf034e6941395e26e864090374767b593cc3fcb5f30a4f5bd1b26df1,5179206,1519937141,0x215c2dac1a25d32b6f0376f87595b05eae63f28e,0x849143a3d086c1c3d06a2d9b6a7e70a7907608bb,0.870000000000000000,NULL,0x,0
128,0x437ee3de46d8116a0e6ccc86b49a8f58b61c95bde0938baea9fa5abc935930f8,5179211,1519937210,0x4cecdd749cf54e158a00f05df3c467c6ed856b9c,0x849143a3d086c1c3d06a2d9b6a7e70a7907608bb,1.000000000000000000,NULL,0x,0
129,0x441787f6c381606e8ea7b3ee45c138254d0dd6e951bea3fdf77dd2fc1fb85139,5179259,1519937937,0x9789a78834d5ac3d288229322a1b89608c0b50fb,0x849143a3d086c1c3d06a2d9b6a7e70a7907608bb,0.600000000000000000,NULL,0x,0
130,0x39c911de69b81db91094d63cf95b6dc444b6feda86066970850a3cda786840f4,5179260,1519937953,0x75e7f640bf6968b6f32c47a3cd82c3c2c9dcae68,0x849143a3d086c1c3d06a2d9b6a7e70a7907608bb,0.500000000000000000,NULL,0x,0
131,0xb98711f45180f82b44fc3793660157e539bad5bf83d4fa06c589d32fef598cda,5179536,1519942156,0xc7654d9111ed92a579380b664d292b383b6ec300,0x849143a3d086c1c3d06a2d9b6a7e70a7907608bb,2.500000000000000000,NULL,0x,0
132,0x2a83daa62736d6a868cf9a7e7d934d271d1ac891c3e39e90f3d2b3db592ca09a,5179553,1519942362,0xde65ff89287c1a8da978d4c6b31edc3fc664f019,0x849143a3d086c1c3d06a2d9b6a7e70a7907608bb,5.000000000000000000,NULL,0x,0
133,0x3fa84bd420e1a2363e2c85f898ee3eb59ca4036f32dd65c574cbc497e31125dd,5180641,1519957764,0x267be1c1d684f78cb4f6a176c4911b741e4ffdc0,0x849143a3d086c1c3d06a2d9b6a7e70a7907608bb,0.550000000000000000,NULL,0x,0
134,0x59eb0ce6d7fe2b08615b508f085e1bba77329a82013e9db2d45b67ec0015a120,5180728,1519959099,0x3dc0ae6abad2b8a387c44ad1b76a64acb520d2b4,0x849143a3d086c1c3d06a2d9b6a7e70a7907608bb,0.550000000000000000,NULL,0x,0
135,0x13a33bec6d3ea6d58b210a3d236deb8c3da335154ae978d4f47d542da0ccfd64,5180999,1519963397,0x1f8d97c022635c6dc1a357a222c05ef0474c1e8c,0x849143a3d086c1c3d06a2d9b6a7e70a7907608bb,1.400000000000000000,NULL,0x,0
136,0x4864867b74e67a7cd6fa9f8dfa70b70fc40d47683bab9031a5df3f5a5a57758b,5181557,1519972147,0xa239e09c7a4b90a5520031c6811b4f02738e5dbd,0x849143a3d086c1c3d06a2d9b6a7e70a7907608bb,0.001000000000000000,NULL,0x,0
137,0x997db8eede73d829ecbe5bdcd2ca7605b48c3eb382dfb82a048556016c117070,5182003,1519978898,0x05ee546c1a62f90d7acbffd6d846c9c54c7cf94c,0x849143a3d086c1c3d06a2d9b6a7e70a7907608bb,0.628600000000000000,NULL,0x,0
138,0xe7e726b0f56c720f0ed3bda7af18fa6d21e23cd63d8edc254c4e36f56dbae0b8,5182242,1519982234,0xfbb1b73c4f0bda4f67dca266ce6ef42f520fbb98,0x849143a3d086c1c3d06a2d9b6a7e70a7907608bb,0.504000000000000000,NULL,0x,0
139,0x6d25e35119a7443a1b3a697be702819cef302132aff6c38d3a9efa0df2e0b91c,5183474,1520000092,0xfbb1b73c4f0bda4f67dca266ce6ef42f520fbb98,0x849143a3d086c1c3d06a2d9b6a7e70a7907608bb,0.594000000000000000,NULL,0x,0
140,0xd74c9764f40c90ee17a1b0bc9acc163fb5315a89249fab63e24b82000f1070d5,5184904,1520021073,0x849143a3d086c1c3d06a2d9b6a7e70a7907608bb,0xa4bde8a1604e6960e0b9fe4bd85f767fc75e4d28,40.167869040999999700,NULL,0x,0
