,TxHash,BlockHeight,TimeStamp,From,To,Value,ContractAddress,Input,isError
0,0x380667c8bfeaaea367f51e893a0bf1d686d3b7e2cae531bf35130d5880bec043,5072719,1518378392,0x82cfbdab92ea9a6ef8c89d2c21512ab17210c96e,0x8408263f4f0691db34bd7666b5af61e19cb91b91,0.200000000000000000,NULL,0x,0
1,0x53bac8852625f009a512cd8d4fc4b9d3b998c5e75c258fae12bf0c25230b9eb5,5189856,1520092941,0xf48b2e2dc2f7d0bc030faf685edf1a56641d7522,0x8408263f4f0691db34bd7666b5af61e19cb91b91,0.112000000000000000,NULL,0x,0
2,0xa1b0d0d1fac71304a845013f81e7a567f0b9497c8936d537ea462f1a8dd8ece7,5192173,1520126302,0x6cbafa987c85e1d116fded757c8d8af1e7601087,0x8408263f4f0691db34bd7666b5af61e19cb91b91,0.001171370000000000,NULL,0x,0
3,0xa267517cfd49cd1cd72850ebcaec2b6d948e4646aba58525da72cc0f2b69937d,5213227,1520435297,0x8408263f4f0691db34bd7666b5af61e19cb91b91,0x8f9107a0c9acaf79de74bdc646385d55ece65d21,0.300000000000000000,NULL,0x,0
4,0xbdffcd3b6cb4a762e6b9c5d1b2103698c3cf702c4da7b9ce98c68c5ff4ed1f62,5214103,1520448384,0x08385cb7baf866d209b5447b7f7d5d60d8d0d6e5,0x8408263f4f0691db34bd7666b5af61e19cb91b91,0.500000000000000000,NULL,0x,0
5,0xabdef1c2be8d9e8f306811dbed1db9594eb535559e36a3cbd9cacb502ced1382,5214128,1520448690,0x67ae5015d3232fabd79244b415ac8f40a04ba109,0x8408263f4f0691db34bd7666b5af61e19cb91b91,0.500000000000000000,NULL,0x,0
6,0x1b384c3e759bf2a09d5f981d6ed22cf48d40c6a05509d669f719971a41ab0262,5214137,1520448836,0x43173506e1c522d9d3077254939c3ae441137432,0x8408263f4f0691db34bd7666b5af61e19cb91b91,0.015000000000000000,NULL,0x,0
7,0x056baaeb5cdf3b3ae4d37c609123fb77cb77e2e374e112172ee2fec040643062,5214305,1520450961,0x6b50b0d03216e58da2723509d4c96618d59218cd,0x8408263f4f0691db34bd7666b5af61e19cb91b91,0.998320000000000000,NULL,0x,0
8,0xca73d57e3ec50f41654468631a53841952e5354515086cfe78ef09fcd5e97847,5214427,1520452704,0x267be1c1d684f78cb4f6a176c4911b741e4ffdc0,0x8408263f4f0691db34bd7666b5af61e19cb91b91,0.495000000000000000,NULL,0x,0
9,0x4e87fbcb274ba9173e5cdca9c972fee6d0812701eefe4a668477a9aa0934e68a,5214577,1520454995,0xfbb1b73c4f0bda4f67dca266ce6ef42f520fbb98,0x8408263f4f0691db34bd7666b5af61e19cb91b91,0.294000000000000000,NULL,0x,0
10,0xf2da1f21fcca08564256ffab5b9948ef0de1b95398d4168409dd9696f07cfa91,5214725,1520457139,0xfbb1b73c4f0bda4f67dca266ce6ef42f520fbb98,0x8408263f4f0691db34bd7666b5af61e19cb91b91,0.504000000000000000,NULL,0x,0
11,0x48df7a0957e28547cb9e2f826ef4ed6602ff6d01ec3dc918a5f16f2d5046cb88,5214795,1520458218,0xfbb1b73c4f0bda4f67dca266ce6ef42f520fbb98,0x8408263f4f0691db34bd7666b5af61e19cb91b91,0.544000000000000000,NULL,0x,0
12,0x63b6c44abc9899dd32e4ebc22e5106ee82404a5907baf8a62f226d3957858e62,5218464,1520512294,0x8408263f4f0691db34bd7666b5af61e19cb91b91,0x8fec177cab14207e4ffd3c9ae02df1b823568ae8,1.100000000000000000,NULL,0x,0
13,0xfc6152fbe1a413d8517ef623bf31fba7333169e4aee1a43c1d8e2ca4d8b4b784,5218469,1520512379,0x8408263f4f0691db34bd7666b5af61e19cb91b91,0xd831c7e70c6277c72b0e9bcc5b1c779ab50b9966,2.200000000000000000,NULL,0x,0
14,0x79f726aada88f936265d42db759856e28bde0584af9642b320d793f928699223,5218575,1520513780,0x8408263f4f0691db34bd7666b5af61e19cb91b91,0xa2c01db2e6213be6011e6f5841a8275c838a49e2,0.550000000000000000,NULL,0x,0
