,TxHash,BlockHeight,TimeStamp,From,To,Value,ContractAddress,Input,isError
0,0xcb0ed8f4d6c6673f6a5df9c0cf9234f30dac62a9c242b59811cd649d08b1ec33,5209311,1520377628,0xb0673932f7a31cf91ed1df4db13e3779ab7572e0,0x85e150d832942b10383b6d83211224c1ef37fad8,0.299874000000000000,NULL,0x,0
1,0xa1959fc25128466db885da6674c0dd09a43eda158b5196853acf719af0c813fa,5209424,1520379446,0xb09cb34cc80277d6da3e1a77d54cdea7f52d4a89,0x85e150d832942b10383b6d83211224c1ef37fad8,6.000126000000000000,NULL,0x,0
2,0x4bfe2ba88de243c42bada32917322ec194834861e114f80341b69e9cf48e4114,5226563,1520630907,0x29d5527caa78f1946a409fa6acaf14a0a4a0274b,0x85e150d832942b10383b6d83211224c1ef37fad8,0.300000000000000000,NULL,0x,0
3,0x295d3a832ea3e7ed4896a032daceaad46967d577dd14edab1bc884f8333131da,5227758,1520648179,0x2b7ade6b66b04109896058d3e99510dd9a3dee8b,0x85e150d832942b10383b6d83211224c1ef37fad8,6.010000000000000000,NULL,0x,0
4,0x52cc196525a9e6b2146f35746de57bd93fc9768e3be4593e1e1c1a7e3f9f3b8c,5230430,1520687938,0x85e150d832942b10383b6d83211224c1ef37fad8,0x3f5ce5fbfe3e9af3971dd833d26ba9b5c936f0be,12.604000000000000000,NULL,0x,0
