,TxHash,BlockHeight,TimeStamp,From,To,Value,ContractAddress,Input,isError
0,0x93427c21f762771d295a1cb84bee5e0de58ef3134f492b0f9f559883e2fb661a,5706731,1527746787,0x82dbdc06ca336ba1968cc050563128afa32bb99c,0x8715e3e9cbe013bf54de58431a078a650b2ece1a,0.509312060000000000,NULL,0x,0
1,0x10d867e0b18f8a280c19d48b4a6fd8214c7836524bbd9d34ff2d043f3420d0ad,5706798,1527747852,0xed9c6737220ba1897dff2248db30250f8c1513fe,0x8715e3e9cbe013bf54de58431a078a650b2ece1a,0.978881200000000000,NULL,0x,0
2,0xf702a143d054c6e51ba4c8e5b9d9cc9ad1a308676d8bd606584c2c4c33c067d6,5706966,1527750135,0x5c00c07bb2411998962b0fd2e6a0a66235d36b24,0x8715e3e9cbe013bf54de58431a078a650b2ece1a,1.623700000000000000,NULL,0x,0
3,0xa0c9d22e504f09c32f6dbcb3b7c36abf477495557c03ac2e2ef2db8f2e6a2ed2,5706967,1527750174,0x0681d8db095565fe8a346fa0277bffde9c0edbbf,0x8715e3e9cbe013bf54de58431a078a650b2ece1a,0.500000000000000000,NULL,0x,0
4,0x654b04f9ed9ca58a51141042abd279da4190e4b487f6ad5cef2a0f7868219879,5706977,1527750363,0x68ebedd01a0666d5f240a5ab13d63b0968f2f406,0x8715e3e9cbe013bf54de58431a078a650b2ece1a,0.500000000000000000,NULL,0x,0
5,0x79c91c72bd9050f76d3d0ef8eb87d6f4730bf89e87986a83abafef9b0df36933,5706981,1527750406,0x323632d993fe227753ab7cc9c14834f60e043abf,0x8715e3e9cbe013bf54de58431a078a650b2ece1a,3.445000000000000000,NULL,0x,0
6,0xf9e992e03a914d168469c55b0e0dc4dcf9044f81c6dffe23a1732ecc149b8612,5707690,1527761044,0x27785e6ff1d2e41663fcdece6725b691fe12f114,0x8715e3e9cbe013bf54de58431a078a650b2ece1a,0.010517460000000000,NULL,0x,0
7,0x1c80f3f9fecb4ec476aefdde0faa89429652a19cc534d8f2991ca8caf2c46efb,5708628,1527775554,0xf4df618f5d5cc69725bdabc8073d97dac5498dcc,0x8715e3e9cbe013bf54de58431a078a650b2ece1a,0.510000000000000000,NULL,0x,0
8,0xdce416166606b1b4f64d2518723f7975ffe4cfc4bd8e917c73226c09cf532037,5715938,1527887856,0xfc0af0de8c86ca073d619662f1307a27b3e79a8b,0x8715e3e9cbe013bf54de58431a078a650b2ece1a,0.500000000000000000,NULL,0x,0
9,0xd7d0b3578d0dd8a39e0adf66f00d195efc1f58e0ec7f1327d6a407f7c67d352b,5716054,1527889861,0x9368a22197c804b05161e6f6ca7a332cff8572df,0x8715e3e9cbe013bf54de58431a078a650b2ece1a,0.518684980000000000,NULL,0x,0
10,0x1981fb9fd1e594acb95ce566705c5618b1cef3bee97b5a10f1e273fc3a0d140f,5716135,1527891057,0x0975ca9f986eee35f5cbba2d672ad9bc8d2a0844,0x8715e3e9cbe013bf54de58431a078a650b2ece1a,0.610000000000000000,NULL,0x,0
11,0x56bb259916c388b9fea2da158e336aad40f756dfecedc6defcb66c3da7301409,5719286,1527938921,0xbbbc4a2e35aa7ecd6ebc0b80dcadf2ec76eb7a1c,0x8715e3e9cbe013bf54de58431a078a650b2ece1a,2.082922440000000000,NULL,0x,0
12,0x6e76cc411128adb6d75eb07344c5efd985667e9e2dfa95c56febb44e44ca15a9,5735300,1528184095,0x8715e3e9cbe013bf54de58431a078a650b2ece1a,0xd840691891c59990e0a17ee23d7e4653ca6f6c5a,0.055990000000000000,NULL,0x,0
13,0x3ac4bfa8042cdb2a39d15d822f51e50c7f8a75fb6579933fdfded8a9a93d5e35,5848410,1529878647,0x8715e3e9cbe013bf54de58431a078a650b2ece1a,0x016825c7918f8741871d49d372417e987ae92c94,0.097880000000000000,NULL,0x,0
