,TxHash,BlockHeight,TimeStamp,From,To,Value,ContractAddress,Input,isError
0,0xc9937d8bd056ffa88400402000e35d6bd3b757696636b9a49a6da8e644fbf7c4,5640722,1526736777,0x3f5ce5fbfe3e9af3971dd833d26ba9b5c936f0be,0x8858297c69ed011c48feaa96f0c89349ef389b67,0.534575070000000000,NULL,0x,0
1,0xd64d529ee4664cff04f3b29d7291b8220e6f7ed053c1360698624e9014117f42,5640975,1526740511,0x5521a68d4f8253fc44bfb1490249369b3e299a4a,0x8858297c69ed011c48feaa96f0c89349ef389b67,1.000000000000000000,NULL,0x,0
2,0x500519dda1fb2cf4b8de0e6d06f428f5adfa0081ea017ec647f11e4c45551a4a,5641141,1526743123,0x390de26d772d2e2005c6d1d24afc902bae37a4bb,0x8858297c69ed011c48feaa96f0c89349ef389b67,0.562622320000000000,NULL,0x,0
3,0xfa56905c561c1306763058c15d6df189b27e00ff8ac325a75da0f8c4b4429aad,5641208,1526744152,0x71fa3eabb2fd9cf8f8fee98b7783c9095e17a2ec,0x8858297c69ed011c48feaa96f0c89349ef389b67,0.500000000000000000,NULL,0x,0
4,0x3c6f14cc80d01cb93b3b4a69ae75aadf514e4c741d3caf4c6361d70f6fd8f518,5641393,1526746949,0x5a70c84b3b631c2b7aa8a59a2f64a29aad03ba61,0x8858297c69ed011c48feaa96f0c89349ef389b67,0.500000000000000000,NULL,0x,0
5,0x9055322658fccc30e77a6322ece4c5fffeb95321fbb60258c76fa6228cd2999b,5643837,1526784258,0x6f8986ac10b48721773f08660445fd6dd1cafc5b,0x8858297c69ed011c48feaa96f0c89349ef389b67,0.001000000000000000,NULL,0x,0
6,0x8d3166b1f71db902eafdc8bdf404d97510b7720ae2b182f1f9d1c90cbdd7b721,5650798,1526889838,0x8858297c69ed011c48feaa96f0c89349ef389b67,0xdd21d2aed5b67735d952f355a2ded300dc72172c,3.097336390000000000,NULL,0x,0
