,TxHash,BlockHeight,TimeStamp,From,To,Value,ContractAddress,Input,isError
0,0x92e1e34555f7e6d6db56d61e3d1703ca2fca495745bd16255ea1328c77c1ffb0,5633746,1526629037,0x390de26d772d2e2005c6d1d24afc902bae37a4bb,0x8c34460976e89edde3e2898dc7f23b597d295103,0.500000000000000000,NULL,0x,0
1,0xa1c1df2e9dbae493e3d18a6f1f500512f45a804329e9453c2f64821cebf0496e,5634942,1526647463,0xf9f876a42fcb0d40759790781fdc886449f54008,0x8c34460976e89edde3e2898dc7f23b597d295103,25.000000000000000000,NULL,0x,0
2,0xb7b21dea9470dab6fdffc225b10900cf96586ddfc16ae6b2f32c98fed16e0831,5634977,1526648063,0x8c34460976e89edde3e2898dc7f23b597d295103,0xf997a906c0278c2e7c05d7fd74c1f23a90d451e5,7.300000000000000000,NULL,0x,0
3,0x5f833dfdf08da7716b31929289a990edc4aa84d1c7f92fbcd9853aba7d8f49e6,5635001,1526648419,0x8c34460976e89edde3e2898dc7f23b597d295103,0x9aeec278b5b25d1a0d44bb4d3453c04568219b20,7.300000000000000000,NULL,0x,0
4,0xa04760afd044b6b12ac3a8011039a409787ef060cd50ce5fb1f625e5eb59309b,5635013,1526648610,0x8c34460976e89edde3e2898dc7f23b597d295103,0xb0b00dc07684adc9dc59b4a752459393ac16f3b4,7.300000000000000000,NULL,0x,0
5,0x617828bcfc28e2a8c6931d6db86ae47971e037ae1238e0770af7306da2fe72a7,5635030,1526648925,0x8c34460976e89edde3e2898dc7f23b597d295103,0xa30b9f86f403431b116a0c1c03827594011b4e45,3.500000000000000000,NULL,0x,0
6,0xe4414ee5e572f166a731af2d442da65ef367a93ea4945f606eb3d2c86303a36c,5638820,1526706226,0x443d297236abae1f0393020373d6a4724286daab,0x8c34460976e89edde3e2898dc7f23b597d295103,1.000000000000000000,NULL,0x,0
7,0xa33f68d0856f4c9a6bf74f578ae95dda75384b64e7867647c1eeb7de4782c223,5645346,1526807193,0x1153bd94a2ba7461d885b57004d180b500e414d5,0x8c34460976e89edde3e2898dc7f23b597d295103,0.500000000000000000,NULL,0x,0
8,0x95b85ac35f7f87ea16a3daa91e58f4130e6e0189d82aa4222d81b7df2a97834d,5649786,1526874750,0x8c34460976e89edde3e2898dc7f23b597d295103,0xd91241ffc4052cf6f1b862b1eabe0e0fc1a73412,1.595800000000000000,NULL,0x,0
