,TxHash,BlockHeight,TimeStamp,From,To,Value,ContractAddress,Input,isError
0,0x37fa1b5a48e9692167bc65173f3e8a26f32369279d48def92f802af444cbef43,5073164,1518384948,0x9172337b85424ade3dbe4a18b89b0b1ef10504ec,0x8c966ffddd04dd3169016ea0ec1d55465fb40d37,0.200000000000000000,NULL,0x,0
1,0x21a8b5d8d7193050286697646b521c8dce291b5d9b229280210091608021d034,5073398,1518388458,0x564286362092d8e7936f0549571a803b203aaced,0x8c966ffddd04dd3169016ea0ec1d55465fb40d37,0.200000000000000000,NULL,0x,0
2,0x494ec6233b38230e5c1513bd4e940fbb4ce4c1384e5eaeafe5df8b6118812f09,5073398,1518388458,0x336b01a00291e3c660ad853d596558b3e8b68954,0x8c966ffddd04dd3169016ea0ec1d55465fb40d37,0.200046420000000000,NULL,0x,0
3,0xd0e0e4e3c16f171ec7f0b86f0973063cac4e10bfad6f5293e25910c9ecad4438,5073437,1518389008,0x6a6e97dd09c5f0b78043b431d79935b40629ad78,0x8c966ffddd04dd3169016ea0ec1d55465fb40d37,0.200000000000000000,NULL,0x,0
4,0x9e5b52f23b4ae0e6c8d0302dc9f626f83631ca3bdf253fbabdcfdb8e4b9feeba,5073546,1518390397,0x3f5ce5fbfe3e9af3971dd833d26ba9b5c936f0be,0x8c966ffddd04dd3169016ea0ec1d55465fb40d37,0.200000000000000000,NULL,0x,0
5,0x1c57c14972c04e885add7012c3f4864fec631e46e18684392401c7606cbe472f,5073779,1518393658,0x39646a6cd667563453ce171bc52d64390576062c,0x8c966ffddd04dd3169016ea0ec1d55465fb40d37,0.200000000000000000,NULL,0x,0
6,0xaed175f2b90c12370ebdbdf1380898ec508950a53b62135adefdc10481ef9cff,5073833,1518394377,0x5ce10e5ed8663bd658420c86cda697e11dd5d6e5,0x8c966ffddd04dd3169016ea0ec1d55465fb40d37,0.200000000000000000,NULL,0x,0
7,0x17958f2d320a8a4a597b0fb6e5055df7e18eaee84280ad5b3e29130f3996850d,5073844,1518394538,0x532017b238c7baab39c6b789a27bbca687b66c7b,0x8c966ffddd04dd3169016ea0ec1d55465fb40d37,0.197000000000000000,NULL,0x,0
8,0xe21574d2f0232b159b6efd27afa7ab644fa4b38d42719fddcb5423edea652d87,5073865,1518394792,0x56e0173752484358c9894376c95c9e0cfef2b28d,0x8c966ffddd04dd3169016ea0ec1d55465fb40d37,0.200000000000000000,NULL,0x,0
9,0xed97e8efc8eef23f5987247327879b87ad1f41a05e8a5a0061ec458efbcc1f7f,5073951,1518396262,0x69bb103e027b9a39aaa1f3184ac2cd09f378814a,0x8c966ffddd04dd3169016ea0ec1d55465fb40d37,0.200000000000000000,NULL,0x,0
10,0xf782eec528646c43f8454f8de8a0da0bee490654eec7cc6aca6edd30957c88ef,5074109,1518398547,0xd24400ae8bfebb18ca49be86258a3c749cf46853,0x8c966ffddd04dd3169016ea0ec1d55465fb40d37,0.200000000000000000,NULL,0x,0
11,0x5ec479cf1c88cb040807170f8b29db068cafc73911dcfeb07f5465878c651f1a,5074245,1518400605,0x75a2b4f2b7aa77f2c87e27225249396ef9419b6f,0x8c966ffddd04dd3169016ea0ec1d55465fb40d37,0.200000000000000000,NULL,0x,0
12,0x233e8894791256cf4449b988e2d2fdee9f1e9c70e22a3ecc6bca2d5c5715e158,5074351,1518402017,0xf22df54fee05673c1bd0a97a5fb658be1490982e,0x8c966ffddd04dd3169016ea0ec1d55465fb40d37,0.200000000000000000,NULL,0x,0
13,0x03f9bb97a8716844d14966d9bc21a30936e69c0c207d94cfecc091bf7e8b80d1,5074749,1518407853,0xd551234ae421e3bcba99a0da6d736074f22192ff,0x8c966ffddd04dd3169016ea0ec1d55465fb40d37,0.190000000000000000,NULL,0x,0
14,0xc9be9d7158f3f185fcaec675c1b3f755eccdfeabc69314fb6e7f8cb703639758,5075558,1518419057,0xdbc5fcf3aa01967a6c355ff8326e84bbf8e761ac,0x8c966ffddd04dd3169016ea0ec1d55465fb40d37,0.200000000000000000,NULL,0x,0
15,0x25d2c35ad65cfb95a6df909ca750c7171059dcf68287eeab842a54a99035c559,5075829,1518423289,0x19268940f39714a9dd38701b148eb3caa483f472,0x8c966ffddd04dd3169016ea0ec1d55465fb40d37,0.200000000000000000,NULL,0x,0
16,0x4e29dcf5144797b50c287e6cc3262fb452fbdaf1185602c0bb0d5b6561be2ace,5076037,1518426317,0x78b5fedba80248460629f90130c1ff6b043a1316,0x8c966ffddd04dd3169016ea0ec1d55465fb40d37,0.200000000000000011,NULL,0x,0
17,0x23e6d7da11106e0fcdd49e9b43ec7f89098ba32b7ba16326d7c7c0afcaeff0d8,5076387,1518430941,0x5a999f1659ccb6f68f23a90d476423553955db5c,0x8c966ffddd04dd3169016ea0ec1d55465fb40d37,0.000200000000000000,NULL,0x,0
18,0xed6f246e4cbf92a85680141e34d6373d92b6cbc8a41fa7de11e99065101cee7d,5076532,1518432903,0x416d62d8169e9ed24c715b763a249d7282185104,0x8c966ffddd04dd3169016ea0ec1d55465fb40d37,0.200000000000000000,NULL,0x,0
19,0x2c2b253714310e64b46cb94ae1eda8152f07c5baeaf31df0a0b11427c3b8dcf1,5076828,1518437570,0x3af8566cde98e8383d3e3131571b9a12bbfeb15c,0x8c966ffddd04dd3169016ea0ec1d55465fb40d37,0.200000000000000000,NULL,0x,0
20,0x8afe0dad07dcdb7a8762dd4ca9e5970a459c3b9b0674e3d29cf4f5b5a9d4861c,5077179,1518443062,0xeb9b3ffb93a1dc3bb22bd6e737b3f3a6eb952eb2,0x8c966ffddd04dd3169016ea0ec1d55465fb40d37,0.200000000000000000,NULL,0x,0
21,0xc18e348342855723c6fc98b5d115b527a71d6847a5c7401b827bacb38b0361d9,5077900,1518453496,0x45d89abbb0df1e625be8017c09fb0481495175de,0x8c966ffddd04dd3169016ea0ec1d55465fb40d37,0.020000000000000000,NULL,0x,0
22,0x5db229f60c76ce9ddb6926d6bc4a42ca8de4718344334636b2465fe7a8db919b,5078350,1518460326,0xa738393913b3d641c5865cea9ef356000c0500bd,0x8c966ffddd04dd3169016ea0ec1d55465fb40d37,0.020000000000000000,NULL,0x,0
23,0xc9c65c2ae6ca522c330bf14a64bde3acb1d4b566dceacb50b52652cbdc786f11,5078946,1518468923,0x2efedd6afbab5aa5596db12fa44d3986faf6a27c,0x8c966ffddd04dd3169016ea0ec1d55465fb40d37,0.200000000000000000,NULL,0x,0
24,0xb38f0fe0aaeb1e1213a56d8d3d7c64142a960904db1f5795de2270a92ddcefa7,5080127,1518485860,0xb1a85b48604a43f0f0c9c88378614947090b6776,0x8c966ffddd04dd3169016ea0ec1d55465fb40d37,0.020000000000000000,NULL,0x,0
25,0x254c374a89f3649f702172f4b8b3674c9b911c2d2b1e6bdfd4601c5fb0581917,5080293,1518488525,0xd5e7d9625d40bfae884ded6c21a6db60df3ac4a1,0x8c966ffddd04dd3169016ea0ec1d55465fb40d37,0.200000000000000011,NULL,0x,0
26,0x3518064fbf15979bf0f6269aa37a7125f8b0e7e14434e31cbf3b34bc9ff00547,5081298,1518502521,0x89b36ac2ff9c26e40e372f9b83a137ac1af8d5c4,0x8c966ffddd04dd3169016ea0ec1d55465fb40d37,0.200000000000000000,NULL,0x,0
27,0x69daee99ffda78559f066ddb41030af39eb70bcd244c0e79f8d2ae685d7f1187,5084184,1518544925,0x2f60f072a2d6ab816ade2a5b73706164e666bf09,0x8c966ffddd04dd3169016ea0ec1d55465fb40d37,0.200000000000000000,NULL,0x,0
28,0xf880616a754f2f3748715b05f0140c37eb366e9cef4de5179a96a88132a3e2d0,5084498,1518549547,0x3796052d125f32a60ada7ab4ae0fe7d8b7a0e0f0,0x8c966ffddd04dd3169016ea0ec1d55465fb40d37,0.200000000000000000,NULL,0x,0
29,0x775cc62a0b0d38ee39d235da353c0564c7726a3088d4a56984af1c25c7145374,5090852,1518642701,0x8c966ffddd04dd3169016ea0ec1d55465fb40d37,0xf6e755da47cea10857aef254a2a0904971440abb,5.045146420000000022,NULL,0x,0
