,TxHash,BlockHeight,TimeStamp,From,To,Value,ContractAddress,Input,isError
0,0x8597a7038648253950b172444501061e023a7092ac9fb665efe2d4b124b70ba9,5610221,1526270595,0x1fd6267f0d86f62d88172b998390afee2a1f54b6,0x8d4426f94e42f721c7116e81d6688cd935cb3b4f,0.500000000000000000,NULL,0x0000000000000000000000000000000000000000,0
1,0x929875003654d7cdab419625c2fb7759bf93a5b12a70dc30cde5b39b4b8c89d3,5611113,1526284359,0x0fa0cbd7062b54d7b831392c57d8a311c65aaff2,0x8d4426f94e42f721c7116e81d6688cd935cb3b4f,0.500000000000000000,NULL,0x,0
2,0x6fa2f5ecff72a0e2d6e9533f0560279178063e5ae6db6c9ca546e4c6efb9d65f,5611389,1526288396,0xfbb1b73c4f0bda4f67dca266ce6ef42f520fbb98,0x8d4426f94e42f721c7116e81d6688cd935cb3b4f,0.500000000000000000,NULL,0x,0
3,0xa92467de6c9ba2fe529f9ab77373c8d29cb381ac78178215f4a5aebd0ddc086d,5612098,1526299866,0x3f5ce5fbfe3e9af3971dd833d26ba9b5c936f0be,0x8d4426f94e42f721c7116e81d6688cd935cb3b4f,0.990000000000000000,NULL,0x,0
4,0xdbee9ff4aab8379865e08fd7c892ee9455fc7791ad004f1599c819c907e0c588,5612852,1526311467,0x632052df8a6e99deef3c1fc32e163fde21842b66,0x8d4426f94e42f721c7116e81d6688cd935cb3b4f,10.000000000000000000,NULL,0x,0
5,0x49b0fba5a36d6b8542e899092d8f0cce60bd76e55a304d2beb8f2845d22584f9,5615046,1526344815,0x876eabf441b2ee5b5b0554fd502a8e0600950cfa,0x8d4426f94e42f721c7116e81d6688cd935cb3b4f,0.597300000000000000,NULL,0x00,0
6,0xa0482a245ed7880dcff94bbfd05a80532a7d2b4464242b9128d5d2a86e06becf,5615212,1526347101,0x3f9654b32d9a42300fbb01c9358a0faf51b8e1cc,0x8d4426f94e42f721c7116e81d6688cd935cb3b4f,1.500000000000000000,NULL,0x,0
7,0xeeca13d93bce48f450ecc96c76b6217b2f543a66db6bde4d89db15d5a0c54b53,5615422,1526350370,0x7dba9bf7e16a77fbf6aea93a19e8154add94b4cf,0x8d4426f94e42f721c7116e81d6688cd935cb3b4f,10.004950000000000000,NULL,0x,0
8,0x59463d2543689114182da7bbdf90c1eb6e887fe412fea15786feb0acb5ae6d7f,5615434,1526350541,0x453a8aa871e5f0a71cf5121b64c2cd0e6e55f7c8,0x8d4426f94e42f721c7116e81d6688cd935cb3b4f,17.356400000000000000,NULL,0x,0
9,0x51f3fa37a24cb64908cfd7d2eea66fc1278202cb5afc94e63959eebe2cf234e2,5615478,1526351242,0x0681d8db095565fe8a346fa0277bffde9c0edbbf,0x8d4426f94e42f721c7116e81d6688cd935cb3b4f,0.990000000000000000,NULL,0x,0
10,0x31fdcca28809aa3fee52b1efa9fd94f502d363261d0b88481dcbfbd1e890ebd7,5615778,1526355797,0x09b6bfbfa027fadf089c0ebb763fa3642e4df303,0x8d4426f94e42f721c7116e81d6688cd935cb3b4f,0.500000000000000000,NULL,0x,0
11,0xa0cdbeaeebebd84eae5035925291fb380b6d302413be1dc44907c09cd0e05959,5615958,1526358597,0x0681d8db095565fe8a346fa0277bffde9c0edbbf,0x8d4426f94e42f721c7116e81d6688cd935cb3b4f,0.500000000000000000,NULL,0x,0
12,0x802af4fdd0855a7cc36ee3e07568a0e511a8caa173a06ec0c578a879aa47183c,5615960,1526358634,0x1224759e4cdad6379a246ef17364fd81eb020a82,0x8d4426f94e42f721c7116e81d6688cd935cb3b4f,1.000000000000000000,NULL,0x,0
13,0xe43d1f10df1d6b039d7376c7cbf23af87823611a763220aa5fe50c9d809d4a6f,5616036,1526359896,0x0681d8db095565fe8a346fa0277bffde9c0edbbf,0x8d4426f94e42f721c7116e81d6688cd935cb3b4f,1.010000000000000000,NULL,0x,0
