,TxHash,BlockHeight,TimeStamp,From,To,Value,ContractAddress,Input,isError
0,0xabbf258008857c540f745e23c131fde99b00e21ea6c18839aa99841499c275be,5916913,1530897723,0x564286362092d8e7936f0549571a803b203aaced,0x8eead6a5776dce374257bf7d4500cfe3c1e362a6,0.279999990000000000,NULL,0x,0
1,0xc59314bd4cf04b60857d7c654bebb1d4cb5afc4698533d1b76b0360eb9479967,5917047,1530899452,0x01d8e403ce790997981bc9cb4da9c8fad19a4a7d,0x8eead6a5776dce374257bf7d4500cfe3c1e362a6,3.800000000000000000,NULL,0x,0
2,0xd34321403fd880a669006265683e8379df2f3aa7daf12cebdc1853c037022e8c,5918296,1530917841,0xb87532f80aaa6a90f58f5a8f33feb60265753ab2,0x8eead6a5776dce374257bf7d4500cfe3c1e362a6,0.107166000000000000,NULL,0x,0
3,0xea1f3687721acb88384657327327e2e94445a044c1a4e763279619bdbf7e1df4,5922116,1530974577,0xe1f058dbf1e171e0a3ab499648c1a67dafb74920,0x8eead6a5776dce374257bf7d4500cfe3c1e362a6,0.001068880000000000,NULL,0x,0
4,0xbff990f7cdf43173712412e658c19d0ceb6a9084d4c6eaeae4cc8daeb4b90e4d,5923194,1530990624,0x6cc5f688a315f3dc28a7781717a9a798a59fda7b,0x8eead6a5776dce374257bf7d4500cfe3c1e362a6,0.510000000000000000,NULL,0x,0
5,0x491ba0269ef48f3bbb1bd791cd114418bf6d4af6d16ebba1e0185d9a7f5787f4,5923602,1530996862,0x121dca750dae36d0827e8e6fec8a1b95cf0c4323,0x8eead6a5776dce374257bf7d4500cfe3c1e362a6,0.645432000000000000,NULL,0x,0
6,0xe79c5181253dec56f1ad3948ded4ec763228f28e4c182f86c8d30124b1117585,5924358,1531007791,0x3f5ce5fbfe3e9af3971dd833d26ba9b5c936f0be,0x8eead6a5776dce374257bf7d4500cfe3c1e362a6,0.590000000000000000,NULL,0x,0
7,0xb00492dc0aec042b965d2daed5760e13d615add517d60d517bf4c1e64b61e5d4,5926227,1531036589,0x0681d8db095565fe8a346fa0277bffde9c0edbbf,0x8eead6a5776dce374257bf7d4500cfe3c1e362a6,2.000000000000000000,NULL,0x,0
8,0xada1f4455280323f1d33ec71ef1ebcf40b7f671e13a421ed83acb3a81cbfc492,5938253,1531215238,0xd9b12c5e1f1b95d3835e31eb7206aaa46da12729,0x8eead6a5776dce374257bf7d4500cfe3c1e362a6,0.100000000000000000,NULL,0x,0
9,0xb0ab02e3a1dd4433da82808ce3316f6d4570d13f971e2ce6960e7b165a168ad6,5938260,1531215388,0xd9b12c5e1f1b95d3835e31eb7206aaa46da12729,0x8eead6a5776dce374257bf7d4500cfe3c1e362a6,1.000000000000000000,NULL,0x,0
