,TxHash,BlockHeight,TimeStamp,From,To,Value,ContractAddress,Input,isError
0,0x8ac18202212e049e3b62ff3e380e4f49b4093f44922456143a46832d02633862,4952394,1516626221,0x1dcd52425f559ea602333f28c87f034b27c29526,0x900751ba196fb70f5e5c1da7d9ca07c1ec9dd67a,5.000000000000000000,NULL,0x,0
10,0xb19e8c98c35446ef44307175d8223d63b79bf6bd35aa1fac82499a9dbbe188a1,4952394,1516626221,0x84d53a6a0d9ace5a30ffea6b69185e3af0bcf578,0x900751ba196fb70f5e5c1da7d9ca07c1ec9dd67a,1.000000000000000000,NULL,0x,0
9,0x4fffa9bb7017f1d5d68cdd6ceea72f7eeaae3967ae0eb9240fa7786a868ff054,4952394,1516626221,0x18af19259bd229832600cd25e403961df916e63e,0x900751ba196fb70f5e5c1da7d9ca07c1ec9dd67a,0.300000000000000000,NULL,0x,0
7,0xcbcfd43d329116a11089777441323f9a0f4040f88d55b5eedf1c2e5ece78ecb2,4952394,1516626221,0xc546c226fd89659ba0bf114812787c4820b992c0,0x900751ba196fb70f5e5c1da7d9ca07c1ec9dd67a,2.000000000000000000,NULL,0x,0
6,0x839ca2c74a118457649afeb38a131d1fc20715f41221926162294e5daa90d597,4952394,1516626221,0x72b54ff4be3f80ffec0095af7e2531c0faf5ca74,0x900751ba196fb70f5e5c1da7d9ca07c1ec9dd67a,10.000000000000000000,NULL,0x,0
8,0x8067d1fc9e87be1d81909a3e51da515f4b88cbde07de101427e72d31d781e34d,4952394,1516626221,0x5b3aa4ccb16cc64a7105217511f90f555ecaef8b,0x900751ba196fb70f5e5c1da7d9ca07c1ec9dd67a,0.500000000000000000,NULL,0x,0
4,0xf3b3f82c16a25bde15ed4af4a1e463bf13102dc919b98cd70c9ea4c8be8dfcc8,4952394,1516626221,0x3d258c1845023406d2598ad6ce2cb1d917fabf78,0x900751ba196fb70f5e5c1da7d9ca07c1ec9dd67a,3.000000000000000000,NULL,0x,0
3,0x2b74963af10ec3822976bd6035cac136172ecaab84942b6b07ff24a258039c22,4952394,1516626221,0xfc37a4e2646cfcbf9fe10165cac369a1b886a619,0x900751ba196fb70f5e5c1da7d9ca07c1ec9dd67a,1.000000000000000000,NULL,0x,0
2,0xa2353d0c5f07cde7e32dfcc99af41538a686a2d8ba0beba0227bbd9266c9edf4,4952394,1516626221,0x05c8b5d9cb972535bdcc8e9f264058e19cd5550e,0x900751ba196fb70f5e5c1da7d9ca07c1ec9dd67a,0.500000000000000000,NULL,0x,0
1,0xbba887e405268bccf855fd1f2dd450a37b61ead34d66aa181bb65728fa974dc7,4952394,1516626221,0xd213f47b373c4a0f79f79584e5c1b6385e5ab308,0x900751ba196fb70f5e5c1da7d9ca07c1ec9dd67a,7.000000000000000000,NULL,0x,0
5,0x347ac67786841a52723379cbac66d1025fb91c3805f7ab2c9b683d53be0f0cec,4952394,1516626221,0x970dafec8079e8b7500177a7d66873bf7d01f7af,0x900751ba196fb70f5e5c1da7d9ca07c1ec9dd67a,2.000000000000000000,NULL,0x,0
11,0x378d2369b762c7711f0e8aadf24a7ce52c905e1201e8ef356bea73fa66948df9,4952395,1516626226,0xddaced8003bdae8bc7ba09c0b93e75d8b9bc4949,0x900751ba196fb70f5e5c1da7d9ca07c1ec9dd67a,1.000000000000000000,NULL,0x,0
31,0x5a8cbf84e48b5e4ffed1f0d25fceee6edf0787a2e7157dafa0ba7fd42265b259,4952396,1516626255,0xd29cf368be4116b77761464cc2e9d7dc11341592,0x900751ba196fb70f5e5c1da7d9ca07c1ec9dd67a,2.000000000000000000,NULL,0x,0
27,0xb1ccd2bba5c4947ce99c6d288df65d80172ead43bcc39e1ffcc3624226edb793,4952396,1516626255,0xeb0e17776f6664efaa3f1a8abd3a982dac00bfee,0x900751ba196fb70f5e5c1da7d9ca07c1ec9dd67a,0.500000000000000000,NULL,0x,0
28,0x1af39ad1375af7c1e321b97d254d1896e6a961417c7ff2360a7738c78f113a2d,4952396,1516626255,0xbc2bafd2981b08d1203c45538ee206126bb7e1e5,0x900751ba196fb70f5e5c1da7d9ca07c1ec9dd67a,20.000000000000000000,NULL,0x,0
30,0x2e58208d38ea4b2ca273c02bbcf6451a52957418a28f7afc0151bdc2349e5b3c,4952396,1516626255,0xa3a5e7e17f390493c4a4934422afcd795684c2f7,0x900751ba196fb70f5e5c1da7d9ca07c1ec9dd67a,1.000000000000000000,NULL,0x,0
32,0x5979e455d00630b20f3d8febcab017342f9c425f6c6ea606df65138073ff756f,4952396,1516626255,0xea8aa43ca1738449d2f24f05597db07950f2d511,0x900751ba196fb70f5e5c1da7d9ca07c1ec9dd67a,0.501000000000000000,NULL,0x,0
38,0xd673b291c0dc7dd136026caa99d1ee26fee3577c416178c6bd1bbcf9d553c2b7,4952396,1516626255,0xe1704dab899c3866fedcb07962f646f86e9fb9c7,0x900751ba196fb70f5e5c1da7d9ca07c1ec9dd67a,2.000000000000000000,NULL,0x,0
34,0x765db3083064e97b486c0e767e221fc9baabc76dfc2b7989492021f0103841e4,4952396,1516626255,0x705151de94be5dcd81668e47230e117bacc9e4f8,0x900751ba196fb70f5e5c1da7d9ca07c1ec9dd67a,0.215000000000000000,NULL,0x,0
35,0x72d76e0b341941ce100beb4d6d0d76b942e525c132644ff6e33e096851bcbe65,4952396,1516626255,0x5f149993845cfe7965978b406c619c7a8da5e10b,0x900751ba196fb70f5e5c1da7d9ca07c1ec9dd67a,0.300000000000000000,NULL,0x,0
36,0x366811148ed72020e1e59c802ba7c2537ba40abfd4a8105bc40b28af8e4522e2,4952396,1516626255,0x3588996fa509e8e95e617bd272c56d43e84ad818,0x900751ba196fb70f5e5c1da7d9ca07c1ec9dd67a,0.533621760000000000,NULL,0x,0
37,0x1555172352fd67edb4fadd93af1f27b3c53dfffa9493e145b8deba751842eaac,4952396,1516626255,0x864877d3f0ba4b25d2dabde065e97a349ad5b61e,0x900751ba196fb70f5e5c1da7d9ca07c1ec9dd67a,0.500000000000000000,NULL,0x,0
26,0x6da0fd207b181efac6e78dfd14dcb934e8d09e86e5392ac5a79ebcb122f1e4c8,4952396,1516626255,0x6c2d29e77da1e10c7f0f54eb7c94e1ce3de97006,0x900751ba196fb70f5e5c1da7d9ca07c1ec9dd67a,2.050000000000000000,NULL,0x,0
33,0x8e5cf7e6b88c7c0ba9301a8a8626a1f787444238a1909bcf27115d168ee0e82e,4952396,1516626255,0x45887c952430429050fce40e0a6ee66354bc9710,0x900751ba196fb70f5e5c1da7d9ca07c1ec9dd67a,2.000000000000000000,NULL,0x,0
25,0x0ee2ac5479b7b6c27a5f88b4aa5ce33fbe1629d8ddc2fa1c01f9fd461dcc4f45,4952396,1516626255,0x7f3556b308ae38964d08b816aca045d0067343e8,0x900751ba196fb70f5e5c1da7d9ca07c1ec9dd67a,0.500000000000000000,NULL,0x,0
29,0x5ca0336c5c23e122585848d5b52a5114f453f3ab666ed13a819c77b97390b5ed,4952396,1516626255,0x6786def58f522c98090900a9b7b746895ef4c726,0x900751ba196fb70f5e5c1da7d9ca07c1ec9dd67a,1.000000000000000000,NULL,0x,0
23,0xc0df611580dac9e563b4146a59faaeb783c7dff30398deb4cbe782b402fe1387,4952396,1516626255,0xd3bb2351172a0e69290985588266e877e32dc055,0x900751ba196fb70f5e5c1da7d9ca07c1ec9dd67a,7.000000000000000000,NULL,0x,0
12,0xc94f988a50064cff7e7b3ccacadd02e5866bb426f70d5f457d892921c082de36,4952396,1516626255,0xbb6a783707f9fff6eb5d97d7053ef06151f0b125,0x900751ba196fb70f5e5c1da7d9ca07c1ec9dd67a,5.000000000000000000,NULL,0x,0
13,0x692b67d583294beed9e82d30ce091e235918bdbb4fe1e264cfe434f87739a5d5,4952396,1516626255,0x2c588125082e49ffbb59b0c209654f6cbcf19f6e,0x900751ba196fb70f5e5c1da7d9ca07c1ec9dd67a,7.000000000000000000,NULL,0x,0
14,0x33f8871b340faaee1ee577eeecd4689ae806cfb5aa0ecc104a9af254b9d87f1c,4952396,1516626255,0xae2c3c02c69a825de081d94717b810d1f5c4ff92,0x900751ba196fb70f5e5c1da7d9ca07c1ec9dd67a,5.000000000000000000,NULL,0x,0
15,0xc74a8ddcdcc9fd8ad03d0a82c35210cb87c128ed3c5be5024b3ab90a8c788359,4952396,1516626255,0xb9cf7df3ec3a48aa792de6a94a7d735454af19df,0x900751ba196fb70f5e5c1da7d9ca07c1ec9dd67a,9.000000000000000000,NULL,0x,0
17,0x12e552bda5a0bbaa38536cfccfa98e276197a0094cb2f472f33594e4e7b3f99d,4952396,1516626255,0x16fee7522ddb4d096a95a0046b650f9b0fc405f5,0x900751ba196fb70f5e5c1da7d9ca07c1ec9dd67a,37.000000000000000000,NULL,0x,0
16,0x3af9fe6a84cd47279cc6224bfd982badea4bbd715ff0874b45cc512056866e05,4952396,1516626255,0xb2639ed900137206b7bf5e087892d9cc63a5b877,0x900751ba196fb70f5e5c1da7d9ca07c1ec9dd67a,1.000000000000000000,NULL,0x,0
19,0xaf2ddd25fb8da723cbe087a48057ea4918139a66bc49e13cc074c34593d753a8,4952396,1516626255,0xf0c241c8e0d797ff098828200410c4435d72ba1b,0x900751ba196fb70f5e5c1da7d9ca07c1ec9dd67a,2.000000000000000000,NULL,0x,0
20,0x53d36e4c4896bce537c0d220ea679eb2c0e1ecf2a3e8717a4a4b92bf8b1fb55d,4952396,1516626255,0x1cf2e309b11435cda189ad84e9b46aa65b63759a,0x900751ba196fb70f5e5c1da7d9ca07c1ec9dd67a,1.000000000000000000,NULL,0x,0
21,0x1f22fe5fa1444125bcc75016c8f615805041c9739a8911a9e1aa9a2b291770c3,4952396,1516626255,0x26bc8f6b31061796d0cd2f0146a1cc289ee2dd34,0x900751ba196fb70f5e5c1da7d9ca07c1ec9dd67a,0.150000000000000000,NULL,0x,0
22,0x2bb91129389566a0229dc62b045e2c182ac141ef2b5a43ea09cd6b62ee4a8801,4952396,1516626255,0xb6e1fd5a849ad9b5d2f9ca36e0ee04cfe98144cf,0x900751ba196fb70f5e5c1da7d9ca07c1ec9dd67a,0.500000000000000000,NULL,0x,0
18,0xacb2da5043ca9702b85d3e64b22944d0979a64b3ceb9e1ebeafb4b8e1449d9f3,4952396,1516626255,0xcd7b937fd14c263bb89e56caf40f243fc531ac7e,0x900751ba196fb70f5e5c1da7d9ca07c1ec9dd67a,1.500000000000000000,NULL,0x,0
24,0x1e59a76fb2e67cd45127f9f79b54c5fe6e045631fc27335020759edea5c74f17,4952396,1516626255,0x6131b3d9f6cf862aaf430ff48006712b3412eac9,0x900751ba196fb70f5e5c1da7d9ca07c1ec9dd67a,0.250000000000000000,NULL,0x,0
43,0x469393dfa6d14fcc3bbe3039d9654e6a06a32ff3ed59519833b560bc9df5481e,4952397,1516626266,0xc665c136d0d13bb3cec2aebcf2fc0ddae4e30517,0x900751ba196fb70f5e5c1da7d9ca07c1ec9dd67a,0.500000000000000000,NULL,0x,0
46,0x8c1b487845544a5398f301ad5f96cfbab1c4dba290e592beb9e5163c3ece0145,4952397,1516626266,0x066f89eba028957ce0a36470c09f51cc5f92b6ed,0x900751ba196fb70f5e5c1da7d9ca07c1ec9dd67a,0.067000000000000000,NULL,0x,0
45,0xdffe8a6320cd6e249282948a4cec87dd088a270d0696fc1c710245f8be9f1808,4952397,1516626266,0x19078efd47884eddc5adf1a69f3c9057666a838b,0x900751ba196fb70f5e5c1da7d9ca07c1ec9dd67a,1.206896550000000000,NULL,0x,0
44,0xf0c48c18431079f43bcec4ee94b1b6a31b175ad4548a5f553b3e7c40cbb65128,4952397,1516626266,0xf1dbf8b1126332da5a89a924885bf7bf5471e2bd,0x900751ba196fb70f5e5c1da7d9ca07c1ec9dd67a,0.300000000000000000,NULL,0x,0
42,0xafa33b277e88980538c870ca7f9511534caa52cb36aa293aac623aaf639022f1,4952397,1516626266,0x64afc28a8575561200c087f656ff1348551e0820,0x900751ba196fb70f5e5c1da7d9ca07c1ec9dd67a,0.500000000000000000,NULL,0x,0
40,0xc6ddc688e9a3e45be09a91a19bb8248ca6c29d0e0af9c701e16b7ab5cdd09910,4952397,1516626266,0x2eed0b695737a6c136685603fa7095ac30af147e,0x900751ba196fb70f5e5c1da7d9ca07c1ec9dd67a,1.500000000000000000,NULL,0x,0
39,0x0ba8ab01892ce245cef66d7ef4a54110648a5a52537e9b4980f7bd2013588f74,4952397,1516626266,0x9a3609b7de4d2cf75342a449c5a8aef475404023,0x900751ba196fb70f5e5c1da7d9ca07c1ec9dd67a,5.990100000000000000,NULL,0x,0
41,0xac56b17abbb8b95fe1984b3e8dbe69f3fb25427bd8d2211226637f8c2c1cd1cf,4952397,1516626266,0x1744295aa42441e522deb39b17a2fe9329631819,0x900751ba196fb70f5e5c1da7d9ca07c1ec9dd67a,8.000000000000000000,NULL,0x,0
47,0x7a2d60855212c050e8caf1b5b2174e8f0b57ce07c3be434d2402c7ed186d885e,4952398,1516626276,0x3ecbcf131746670fe54a5ed12815820fa8eb0511,0x900751ba196fb70f5e5c1da7d9ca07c1ec9dd67a,5.000000000000000000,NULL,0x,0
48,0xed78df2fb98070e10d8ba337a01bda7712be359ce240d55766fc6b15544d6931,4952398,1516626276,0x59ef8071616dda7b43124948fe1bc32c2ec1ec85,0x900751ba196fb70f5e5c1da7d9ca07c1ec9dd67a,2.652520000000000000,NULL,0x,0
49,0x96d04531fb3db6a3dccbff0b0ec8b71688ad574f9d782b2a06ff4c847a6528c7,4952398,1516626276,0xeea43d6773d4b4a3e7110a05ab8ad6e4cd39f1b3,0x900751ba196fb70f5e5c1da7d9ca07c1ec9dd67a,0.500000000000000000,NULL,0x,0
50,0x861f31a45f1efa39ac66c6e5c71237675078fd3afd46be4fb208feb2861816a5,4952398,1516626276,0x3381b2e75086d113daaad7bf7434f8332331a348,0x900751ba196fb70f5e5c1da7d9ca07c1ec9dd67a,20.000000000000000000,NULL,0x,0
51,0x69982fb55e0231240b82bcf4593893c0cb8aa54cd56d697376b69b42f7027947,4952398,1516626276,0x42ae743d7f51210c76e0df25189952cee4895123,0x900751ba196fb70f5e5c1da7d9ca07c1ec9dd67a,0.200000000000000000,NULL,0x,0
52,0xbda57a2dca65655632236e029a55bdd4a03bf615a87d8a6ed767cc94df2dc94b,4952398,1516626276,0x4e1c49090ee1a47e6d77e9b2acc29c0ca254cb9e,0x900751ba196fb70f5e5c1da7d9ca07c1ec9dd67a,3.750000000000000000,NULL,0x,0
53,0xedecc3dd17115589bdb1ad4cf7034068d8387c1b058cd33f91e35ce414c8677c,4952398,1516626276,0xab2f7f9f06e3cff29675bad9d8de5806a1b99221,0x900751ba196fb70f5e5c1da7d9ca07c1ec9dd67a,0.107000000000000000,NULL,0x,0
54,0x8ce9d322ae336b4cee8d8fb746eaa5f168425ce616e88a3d45ab3a1d3dea42af,4952398,1516626276,0x6d23026cb32562ab815443a3aad101e3d37fb7e8,0x900751ba196fb70f5e5c1da7d9ca07c1ec9dd67a,1.000000000000000000,NULL,0x,0
55,0x1305a3136a8d43ceb871132e0e4d3307e972497ae592fe3ea252081c4fc0aa30,4952398,1516626276,0x525a06abb467182261664392cfd703c10c68bb1d,0x900751ba196fb70f5e5c1da7d9ca07c1ec9dd67a,0.200000000000000000,NULL,0x,0
60,0x8b3193f7c12a0cb969b13c75abab79fac3269088402dd9ba43fbb174e74a0a07,4952399,1516626304,0x0235b37ce7842e1e3648e9ca46fc1cba55bc4e9d,0x900751ba196fb70f5e5c1da7d9ca07c1ec9dd67a,0.200000000000000000,NULL,0x,0
61,0x6be55e7fbd5acc9248992bf3e45b4f68a235473f561e1fade2487dca33c0212f,4952399,1516626304,0x83658d1d001092cabf33502cd1c66c91c16a18a6,0x900751ba196fb70f5e5c1da7d9ca07c1ec9dd67a,0.100000000000000000,NULL,0x,0
59,0x83ed854efc3b52fb1a04ae7ef157c8c4ae58f31272c198d1b99463627676419d,4952399,1516626304,0x139e5e591a000b9315080756a07d320ae15fa45f,0x900751ba196fb70f5e5c1da7d9ca07c1ec9dd67a,15.000000000000000000,NULL,0x,0
57,0x10626a5599d318f65cb8c8cc80c92fec2b077fc0502a3c37465171c8a86c25cf,4952399,1516626304,0x5862817c0b1a37800b2dcb6278937b79f9f1de82,0x900751ba196fb70f5e5c1da7d9ca07c1ec9dd67a,1.000000000000000000,NULL,0x,0
56,0x5a3fb24b8aa4a68e50ebe398417ae2bda5d98cdd39f4f06ded3c64c7fe6e3c8d,4952399,1516626304,0xa7cd37202ae6da3024ed554fde3bd52a398f8c27,0x900751ba196fb70f5e5c1da7d9ca07c1ec9dd67a,0.400000000000000000,NULL,0x,0
58,0x9e2a0fa7518b9a0e7958a342f9ec365638df70f7fa43ddef403ebef3587c8623,4952399,1516626304,0xd11d2edb25f49f6c72cda7d2199607f046402bc5,0x900751ba196fb70f5e5c1da7d9ca07c1ec9dd67a,0.950000000000000000,NULL,0x,0
62,0xaa27fd01190658a9a52b2ead3f41e33dea2a88a03e423bcf9166499a4fd7701a,4952400,1516626332,0x2a25907633b2d0e24bc68c17f8337d470d35b89a,0x900751ba196fb70f5e5c1da7d9ca07c1ec9dd67a,1.000000000000000000,NULL,0x,0
63,0x3a2198f70b1d89d7f9a8e15c6808075a5c900fce364db25ecf6f2ba671e6e97d,4952400,1516626332,0x5bb274ce89cc43562bf2c37dadf72f75f7c5cded,0x900751ba196fb70f5e5c1da7d9ca07c1ec9dd67a,1.750000000000000000,NULL,0x,0
64,0xff56f1cf3b8b845671fcfc73cc36f9cb11f76c77a1d6c599390dd50188e70f40,4952400,1516626332,0x951ed036e44c876546519919f98a054d13451a6f,0x900751ba196fb70f5e5c1da7d9ca07c1ec9dd67a,0.600000000000000000,NULL,0x,0
65,0xbf7bbaa9c07e4c6d14a08257260815c6d236c71e3dac691edf9972825213f5fa,4952400,1516626332,0x08640ac89574d58f850fb53264e6a54982a51bfc,0x900751ba196fb70f5e5c1da7d9ca07c1ec9dd67a,5.000000000000000000,NULL,0x,0
66,0xaacf39e3dcc966479e9640e012be6fbff24ed7bc7151abbd23912540b4d13222,4952400,1516626332,0x1ec980a4fa5783842125514a82d931d98b5880e6,0x900751ba196fb70f5e5c1da7d9ca07c1ec9dd67a,0.233000000000000000,NULL,0x,0
67,0xa327b0d649d19c4636e2aa218a9d26de2b6cbf3ba469812a98e35eb4a585c3b8,4952400,1516626332,0x69f32538b86469d94666f6d7f570185dda0a6781,0x900751ba196fb70f5e5c1da7d9ca07c1ec9dd67a,10.000000000000000000,NULL,0x,0
68,0x01db23d064f71d7b4916dcd0c0150b0a9b5a15104dc087c0be3d98f30563594b,4952400,1516626332,0x652d0bc572adc326aa727f1fb6351288f5e73e27,0x900751ba196fb70f5e5c1da7d9ca07c1ec9dd67a,2.000000000000000000,NULL,0x,0
71,0x29c1bef2f5367416c887fcba87574e5888e1c64db0c92137ea0e4879658406d3,4952401,1516626338,0x99b39d4c19528bfb9de924978aaa20c74652c5af,0x900751ba196fb70f5e5c1da7d9ca07c1ec9dd67a,0.400000000000000000,NULL,0x,0
75,0xa967671670dd16692802c9be8239cbd24a940b5f4a8c5dcf31a7b71fc5a2771f,4952401,1516626338,0x49e4950ec4d9d00d5518d1595b899977e25b3991,0x900751ba196fb70f5e5c1da7d9ca07c1ec9dd67a,2.000000000000000000,NULL,0x,0
74,0x85fe4fd1d029adca4359e8baeefa752a810bed4271abba43207854d38bed0ecb,4952401,1516626338,0xcf63dd56ec81b89dbd8b9817c20f867428fc8506,0x900751ba196fb70f5e5c1da7d9ca07c1ec9dd67a,0.200000000000000000,NULL,0x,0
73,0x77861e1229847c0a6e36181a02a7ed599f24998d717db16cb7653835732a7f4b,4952401,1516626338,0x1c1f687165f982fcd4672b4319ab966256b57b2e,0x900751ba196fb70f5e5c1da7d9ca07c1ec9dd67a,1.000000000000000000,NULL,0x,0
70,0x4bf70671298e24ab15e333d0645d78968556539c872a88f8c538b42c639fdaa5,4952401,1516626338,0x59ff0e7ef8e0ece5e961eeec50406d2bff7d2ce4,0x900751ba196fb70f5e5c1da7d9ca07c1ec9dd67a,0.200000000000000000,NULL,0x,0
69,0x2122b17b1b71f6e485bee861042eac71627651e7692b622a794a570570d00729,4952401,1516626338,0x41d3c649202ac5aab569681442f9f73211d825a0,0x900751ba196fb70f5e5c1da7d9ca07c1ec9dd67a,0.053000000000000000,NULL,0x,0
72,0x53bab881ec89d84206df11446b0bc3d28153e7adbbec42d34407b204fee20f7b,4952401,1516626338,0x1f2d489b45de541d1bba88baf00d4ff6ebe141b1,0x900751ba196fb70f5e5c1da7d9ca07c1ec9dd67a,0.300000000000000000,NULL,0x,0
76,0x053d2f122c6312e60dc317127fe22f3bd18ad424a08abae8908f6504d01455e7,4952402,1516626347,0xf9f444f59b05603fda389e4063dbe6ed88236b0b,0x900751ba196fb70f5e5c1da7d9ca07c1ec9dd67a,1.000000000000000000,NULL,0x,0
77,0x8df6e072900e903199124e403ef106c5d2b55821fcb5c6e2e869227b75872c90,4952402,1516626347,0xc6329d1ae53c177f8f23be795a8e6ccd10e76e40,0x900751ba196fb70f5e5c1da7d9ca07c1ec9dd67a,0.850000000000000000,NULL,0x,0
79,0x580352d11f562b2aff09e4ce50f7bfff6636d88281d408c87d6ab289f7b1284a,4952403,1516626354,0x33f144aa851e9e55b042f46014bb4f737bc777bf,0x900751ba196fb70f5e5c1da7d9ca07c1ec9dd67a,2.000000000000000000,NULL,0x,0
78,0xb318e49333dda32652aa125ebca57e78303db1efa0dff53921ba63481051f8e6,4952403,1516626354,0x35c40409be47968e53f7e202349572ba6084bbb7,0x900751ba196fb70f5e5c1da7d9ca07c1ec9dd67a,2.000000000000000000,NULL,0x,0
80,0x32b30fc49c61d33b7451e0bbfa7e58515dd0b2092eda5a3d90eb5fb80fb9ff50,4952403,1516626354,0xee5905cd4c89c0cb178aeb12a4bcd26e9ea47d72,0x900751ba196fb70f5e5c1da7d9ca07c1ec9dd67a,0.350000000000000000,NULL,0x,0
87,0x9286aa0d9773880fe2d6110db87284931f836c386c2bb2a1d558dde165f6679f,4952405,1516626401,0xf23ea396d1ee6ecb82677cdf820e4e3c23350a67,0x900751ba196fb70f5e5c1da7d9ca07c1ec9dd67a,4.000000000000000000,NULL,0x,0
85,0xa2c753a75f459009b0babe4ee254fb512d183e2108ab1d9b33e3448baa3b2106,4952405,1516626401,0xd311be05ebcc2d6ae3b58e3aff67b704eea35498,0x900751ba196fb70f5e5c1da7d9ca07c1ec9dd67a,0.500000000000000000,NULL,0x,0
84,0x0aabce5420635244fc9fb226ce4da4844c31301c5a0c28fab109d6e02b0f2a9d,4952405,1516626401,0x5b27e8463a44ec8c7ecca9d5eb599171aaaee80a,0x900751ba196fb70f5e5c1da7d9ca07c1ec9dd67a,1.000000000000000000,NULL,0x,0
86,0xdac22ea22cd35e153492090c18a6a3eb8588452c56a5b5cf6b0247d618b6a0ff,4952405,1516626401,0x2bc63d9349c1b6debb79f6a314dd5bfb625baa52,0x900751ba196fb70f5e5c1da7d9ca07c1ec9dd67a,0.987639000000000000,NULL,0x,0
82,0xfe3af7dab5799d8276f76e5772dd711bf417e65be6f9187e0d0c32ec65151512,4952405,1516626401,0x26bc8f6b31061796d0cd2f0146a1cc289ee2dd34,0x900751ba196fb70f5e5c1da7d9ca07c1ec9dd67a,0.150000000000000000,NULL,0x,0
81,0x2bfbb09c30d2b7a49bf0594923a14f0db26049cbb249adda53756fbfbeb71cfb,4952405,1516626401,0x798da246d5786b45416ff9fc1c486da98d19f91c,0x900751ba196fb70f5e5c1da7d9ca07c1ec9dd67a,0.500000000000000000,NULL,0x,0
83,0xf13a6dcc91bf4b64719de7b01e0be22ed3ee60b07e87a1599eefa75e57bd96f2,4952405,1516626401,0xb90dd77405fdde22a4f37e98b2c8574cf4e20c98,0x900751ba196fb70f5e5c1da7d9ca07c1ec9dd67a,5.000000000000000000,NULL,0x,0
88,0xda548815928f98cfc110b11e4713a0bcfa5671566421c0dc40b813c903765943,4952406,1516626420,0x362035a6a4734aaaabc7fa09a74ba42231f20569,0x900751ba196fb70f5e5c1da7d9ca07c1ec9dd67a,1.500000000000000000,NULL,0x,0
89,0xd14e9e45844765268f7b50815f45b1d4e4365ecf2ff581947fb8b22dcfb5c895,4952406,1516626420,0x95aa0975dfef00243debd22433709b2a54928a16,0x900751ba196fb70f5e5c1da7d9ca07c1ec9dd67a,0.500000000000000000,NULL,0x,0
90,0xc43669dbe43eb67be2e820a4c70be9f86a8c5df57f02050145edce9cf21f4d6a,4952406,1516626420,0xbdfd4f31c55ccb866ab6ff9ed2863f1a4ceac8d6,0x900751ba196fb70f5e5c1da7d9ca07c1ec9dd67a,3.300000000000000000,NULL,0x,0
91,0xfe7111fdae6a1da6e92f0716fbfe5c98949e060c2235f60288d82a52e38370e9,4952406,1516626420,0x8a55b70c83460168d60f553d7a42ff49427ef00f,0x900751ba196fb70f5e5c1da7d9ca07c1ec9dd67a,0.200000000000000000,NULL,0x,0
92,0x43a20bf2a770dea207227c7fa59afe086a3b8a4819cccf1b9cbcd518cbdf00ce,4952406,1516626420,0x3ca6e03ac02b4ca77c6754ffcbac1a9a07d98435,0x900751ba196fb70f5e5c1da7d9ca07c1ec9dd67a,0.050000000000000000,NULL,0x,0
93,0x993fda6cd4ab82e6c8bcc102d34221258a506bf9bfccdbd5da5f2e933505f3b3,4952406,1516626420,0x213ac2921ce9374803a08dfe64ed6192854ecccc,0x900751ba196fb70f5e5c1da7d9ca07c1ec9dd67a,0.100000000000000000,NULL,0x,0
94,0x908f6df8d4db48e7cc6981f9f53363c4332394227408acd510641fdac2585a45,4952406,1516626420,0xc62785b58724d744b843e479d76d47897e61ca7e,0x900751ba196fb70f5e5c1da7d9ca07c1ec9dd67a,3.000000000000000000,NULL,0x,0
95,0x184316532c9dacbd9db68ccae4ea9ed3b983947a4dc744acbacf6477fe4a791a,4952406,1516626420,0x801da08b01cead2200738ab3159e43aff5aac371,0x900751ba196fb70f5e5c1da7d9ca07c1ec9dd67a,0.100000000000000000,NULL,0x,0
96,0x06eb5cda8e3bf1cda91c28099d22c01c7578c0f7bb197710f7391f8e898cbf30,4952406,1516626420,0x244496a62522481c0c54738bdf977891aa153c43,0x900751ba196fb70f5e5c1da7d9ca07c1ec9dd67a,0.200000000000000000,NULL,0x,0
100,0x0a31a5d160a263d27c314310a9d2e0f32f3e839f8a5f496deafa805a9d279146,4952407,1516626435,0xc6e966476cf9248f9f551c59b3a578812823044e,0x900751ba196fb70f5e5c1da7d9ca07c1ec9dd67a,2.000000000000000000,NULL,0x,0
99,0x05bcc948b5de5f60940e4a5aa2698e361bcc1f3ce021f02fadf0f8d0919b2064,4952407,1516626435,0x0681d8db095565fe8a346fa0277bffde9c0edbbf,0x900751ba196fb70f5e5c1da7d9ca07c1ec9dd67a,0.991060590000000000,NULL,0x,0
98,0x514ec43f4e27b1caf17809131937d8f16ae824b3ed905e7550dcd4f4efc706b2,4952407,1516626435,0x351afd0681282ad0f9ef609acfa1ec2418082036,0x900751ba196fb70f5e5c1da7d9ca07c1ec9dd67a,0.100000000000000000,NULL,0x,0
97,0xa8f1c9540f3ca1bf5d9bb8eeaee37f1b8b41808e10e6803268a75b902d2f9704,4952407,1516626435,0x734dff5167f89a3ee0359e7d59d5237b68a97365,0x900751ba196fb70f5e5c1da7d9ca07c1ec9dd67a,3.000000000000000000,NULL,0x,0
101,0x6ec9b6e7e03e723cd435092f175c50c6dfa76e1f3369e4e66c29f9ce4832748d,4952408,1516626441,0xef69281de58df9e7326b8c06f24ac69a746bd2cc,0x900751ba196fb70f5e5c1da7d9ca07c1ec9dd67a,5.000000000000000000,NULL,0x,0
102,0x978b56a6e9f76eff7bd021a42333eb29f8d35d73d6b85b45098df302c63f7c28,4952408,1516626441,0xf62b8a0f8d1357a53edbeca5882237822ee7f79e,0x900751ba196fb70f5e5c1da7d9ca07c1ec9dd67a,3.000000000000000000,NULL,0x,0
103,0x4b163277724af4ef1b471464de3cbd716da840425e349bfca01ce5ce294f8885,4952408,1516626441,0x596e96ca0d31f07020833f2ec12357166e049a94,0x900751ba196fb70f5e5c1da7d9ca07c1ec9dd67a,0.700000000000000000,NULL,0x,0
104,0x82dd7e907e3667c9ddbaeba4b8ee4bd1d92fc63a772f746d2a084c5bcdfe4fa1,4952409,1516626449,0x081eef283890949f0aae67676dbe0ab54d0b9259,0x900751ba196fb70f5e5c1da7d9ca07c1ec9dd67a,1.000000000000000000,NULL,0x,0
105,0x828d1ed9113d6cba7e8788e1594e337ffe5992ba47e3f40dd4dc2d7944ff29a9,4952409,1516626449,0xa4756dbe53716c56f4d42c109bc4f68c84f91f88,0x900751ba196fb70f5e5c1da7d9ca07c1ec9dd67a,2.800000000000000000,NULL,0x,0
106,0xcb7f8a27398461e01306fc682457d1a85edbf723c8d2beec054f265d44f25aa3,4952409,1516626449,0xc3d63b041e5bbd434af7984cd9129425c7923e7e,0x900751ba196fb70f5e5c1da7d9ca07c1ec9dd67a,5.000000000000000000,NULL,0x,0
107,0xea7411375d741703ebb3e6a815e496021eb3a9fdc20bc965d45c8139b203a03b,4952410,1516626458,0xf2b8881d5c47aef8bcadf9aee4ce7a967f120798,0x900751ba196fb70f5e5c1da7d9ca07c1ec9dd67a,0.500000000000000000,NULL,0x,0
108,0xe880242b9ca41760cc3717ff968fbb500aa94bee3e2fd29f7162e732c63819e2,4952410,1516626458,0x4bb8863395120727c1df60f67a317e54792aa8c6,0x900751ba196fb70f5e5c1da7d9ca07c1ec9dd67a,0.210000000000000000,NULL,0x,0
109,0x664d4719f6306eee066f64665e1845a2ed6891487f364aafa2b2b3fe5db5650e,4952411,1516626463,0x15cbacffc44b4277f2a4fac0878c1254081ad6fd,0x900751ba196fb70f5e5c1da7d9ca07c1ec9dd67a,0.500000000000000000,NULL,0x,0
110,0xc097a731c3a95a8e2b04d831dd167158de03d0e6398d4d56fa479afad43d7bdc,4952412,1516626485,0xe0a3eaf57dd9af54f99970974a1921af9e20974f,0x900751ba196fb70f5e5c1da7d9ca07c1ec9dd67a,0.091257260000000000,NULL,0x,0
111,0xf4c96f2d22e94272487ebaa0f7d7fb5ecf33436975190fdbb4c58b175be1f052,4952413,1516626493,0x036df03d4176651b919e58fec510eda1c60a43ec,0x900751ba196fb70f5e5c1da7d9ca07c1ec9dd67a,0.075000000000000000,NULL,0x,0
112,0x8a3d104d4a5ae208532edc3d54325923fe8c8a4caa660f9afc4849183fae44d5,4952413,1516626493,0x3f8f11792f6cc768c2e5a363e67c073c592567b2,0x900751ba196fb70f5e5c1da7d9ca07c1ec9dd67a,0.272000000000000000,NULL,0x,0
117,0xd279f446b9ae3b7c6bb6276ee6e6905a063434da70df2b7cf794d72e9b019ecd,4952416,1516626528,0x7dad0cbf1b959436d531c19224db12144133fddc,0x900751ba196fb70f5e5c1da7d9ca07c1ec9dd67a,1.070000000000000000,NULL,0x,0
116,0x81418c456b6acba6fb5f2112f1f584791671f49a11c924745d410276ce641172,4952416,1516626528,0xccbfa9e19985616f6b40fa5a5f6f2a7ae2bbd28e,0x900751ba196fb70f5e5c1da7d9ca07c1ec9dd67a,0.200000000000000000,NULL,0x,0
113,0xde526d5111262816085951de2b18d4827d17d144caaa16e306db669c36cef780,4952416,1516626528,0x564af2465ae2f089a29abd28ec8b9cd5c268f216,0x900751ba196fb70f5e5c1da7d9ca07c1ec9dd67a,10.000000000000000000,NULL,0x,0
114,0x5e36ae803cf7d9964afc14b276e865e7a530ca8a4db952f4a6275bcde9e42425,4952416,1516626528,0x4deb0b8327abc1f6e2297960ea76a5345c1c9c39,0x900751ba196fb70f5e5c1da7d9ca07c1ec9dd67a,0.100000000000000000,NULL,0x,0
115,0x01ea3f9e85be91bc5ee0085be2b2a6fa5f7dae40efa47d630d1759bc3b8211db,4952416,1516626528,0x72b54ff4be3f80ffec0095af7e2531c0faf5ca74,0x900751ba196fb70f5e5c1da7d9ca07c1ec9dd67a,10.000000000000000000,NULL,0x,0
118,0xa81cb8ba832f8c2d413dbe0753a894c51167a0096526e4c54852606357b384d2,4952417,1516626534,0xc52d18c5cd05fb0582a892248fdd5d5c07ee774f,0x900751ba196fb70f5e5c1da7d9ca07c1ec9dd67a,0.220000000000000000,NULL,0x,0
119,0x50305c219f252591175c5cc7882d0c880b17c56307d76e8c65fd238701fe4656,4952418,1516626551,0xa82635639dc1c6fd483c1d1167252fb98e7b8eaa,0x900751ba196fb70f5e5c1da7d9ca07c1ec9dd67a,3.500000000000000000,NULL,0x,0
120,0xda97924f355718faae66bb76a757e4d3fec951ad01d7263f2e4f8696d6f80912,4952418,1516626551,0x0b9ed9c03cc77cbf7eb7f7b9b238e8a5f7dd569a,0x900751ba196fb70f5e5c1da7d9ca07c1ec9dd67a,0.500000000000000000,NULL,0x,0
121,0xaa146367782a6cce5bfeadc749376d5b9221a259fb211dd6ea10063e6c2b9f52,4952418,1516626551,0x7e0f58e398202b7020af6d9c8719736b73648873,0x900751ba196fb70f5e5c1da7d9ca07c1ec9dd67a,0.300000000000000000,NULL,0x,0
122,0x23685c7acaaca69f5ede036b3ee01f96b340111ecf8090eee444c21d249231ca,4952418,1516626551,0x96185d890f1b4b4cd714311268b202394010a35e,0x900751ba196fb70f5e5c1da7d9ca07c1ec9dd67a,0.100000000000000000,NULL,0x,0
123,0x32d468bdb569a5183f4b5a9b91667e43192edeea3876e489c17ee91ef259bae3,4952418,1516626551,0xb90d4bd3f3f59071ecb749a0c10bc931c086b8a4,0x900751ba196fb70f5e5c1da7d9ca07c1ec9dd67a,5.000000000000000000,NULL,0x,0
124,0x8fd04e23423edee35ff62125f14e6156889cd42a9cf0e4ddcfe2641e8cacc9f1,4952420,1516626582,0xdf678942db66031cdb398053ad6316eb391a5588,0x900751ba196fb70f5e5c1da7d9ca07c1ec9dd67a,0.800000000000000000,NULL,0x,0
125,0x6cca87400505bf81471010172f8a5deec0e546160d090d0b07c89409355c2658,4952420,1516626582,0x5cbba1dbaada4832a0fc58b766134fc3e1eb38ea,0x900751ba196fb70f5e5c1da7d9ca07c1ec9dd67a,2.000000000000000000,NULL,0x,0
126,0xf6c9f3153cfebabc6328a444cf7ea8859b374b3fde754b2175af8b9bf1fa159a,4952422,1516626608,0xffd3c1950e34fa1fdf7bb1f321139ddf348f0cbb,0x900751ba196fb70f5e5c1da7d9ca07c1ec9dd67a,0.140000000000000000,NULL,0x,0
127,0x6b956eeb37b6c096d7d0b2418f51957278eaaf97ea1357cef67e8add9dc81bf6,4952425,1516626630,0x9b044232713d0176d5c3197a6e5080eb8eacacc0,0x900751ba196fb70f5e5c1da7d9ca07c1ec9dd67a,0.500000000000000000,NULL,0x,0
128,0x6641863e6ce7ac9ffa19bd60682ac4f6ca0181454c33239e98b3dec36c7fcd4b,4952426,1516626634,0xc33b92f3379109726b5f0abb13d9a007f34ad19d,0x900751ba196fb70f5e5c1da7d9ca07c1ec9dd67a,0.400000000000000000,NULL,0x,0
130,0x3959e8a77bf87471499630b3f0f59ed1b2e67f5e397211aa48ada36b375e6a4f,4952427,1516626648,0x55da4d45b2db95c9faeccd73723d5bfd099695c8,0x900751ba196fb70f5e5c1da7d9ca07c1ec9dd67a,0.500000000000000000,NULL,0x,0
129,0x3102de7fffb252c618645bccb083c3e4fbd9db42c7643ff67e00625392468b3e,4952427,1516626648,0x9354488e58919ca952471431fb4b76c21e86fd12,0x900751ba196fb70f5e5c1da7d9ca07c1ec9dd67a,3.000000000000000000,NULL,0x,0
131,0x932c19a5a09eb510eb1503e0588a457e6714ba2a6a4506646404947ac1b7864a,4952428,1516626688,0x11886e50358c0f9b6bb7eec59d1cac666893357c,0x900751ba196fb70f5e5c1da7d9ca07c1ec9dd67a,15.000000000000000000,NULL,0x,0
132,0xa85791998da46f1ae095be6bc84c8b4970e85bc88bf5c44ab7c1ccf6db99b749,4952429,1516626707,0xda6083619e5bea2bb0b93ad953da9eaa20585787,0x900751ba196fb70f5e5c1da7d9ca07c1ec9dd67a,0.070000000000000000,NULL,0x,0
133,0xb9779eadcce739479bec2ffa65a2229f3ed8b4d7d9c1c22e262a17ce05e9b944,4952431,1516626765,0xe337d01cb078c8ea5b1100b4fce03ce649a78ba7,0x900751ba196fb70f5e5c1da7d9ca07c1ec9dd67a,0.123000000000000000,NULL,0x,0
134,0x009b5b95a9150fbf45248d4a83f96c7bae679e4c549b417d6867802e20ed46bf,4952431,1516626765,0x160757b9ff98f13d7028812bf6471a1a89b3c714,0x900751ba196fb70f5e5c1da7d9ca07c1ec9dd67a,0.511341003000000000,NULL,0x,0
135,0x6a7fa3146df85bc89b4a5392e8756d5255aec4e3ccec0d92886afd5c11f75475,4952432,1516626794,0x5ecd87d05572746f0d536a97e9bbe7f3303b0219,0x900751ba196fb70f5e5c1da7d9ca07c1ec9dd67a,0.663129980000000000,NULL,0x,0
136,0xd534da181c8cf8443de460c1ceec57b530fda033d2853b4d7b6732a70f5c5b33,4952433,1516626798,0x3f5ce5fbfe3e9af3971dd833d26ba9b5c936f0be,0x900751ba196fb70f5e5c1da7d9ca07c1ec9dd67a,0.500000000000000000,NULL,0x,0
137,0xa6af319e3cd057e97caa2b7cf3900857616937b1151c04c629dddef784cca591,4952433,1516626798,0x1e7e7cfa32ddc85e5ca001482ed0c3d82dd3f839,0x900751ba196fb70f5e5c1da7d9ca07c1ec9dd67a,0.128834662000000000,NULL,0x,0
138,0x6ad4ccf4ea385a367f21098761e9b423c3e28d6692eaef999fdb589bb3ea9645,4952435,1516626815,0x3f7c6381f4895377ff66681db4c826f73e62d6fd,0x900751ba196fb70f5e5c1da7d9ca07c1ec9dd67a,0.050000000000000000,NULL,0x,0
139,0x46d45cc4f80e0c4f498b12cabd62b8b0a2e15e7498643f06aee9155050a9b5b6,4952440,1516626858,0x320ca9ccc3dbb92d578f1be6bf92521e083bb5d1,0x900751ba196fb70f5e5c1da7d9ca07c1ec9dd67a,0.400000000000000000,NULL,0x,0
140,0x5a5bf66064717877f163330cd01f309eecf6d35c505621af38273ea3b49e4988,4952440,1516626858,0xfbce0cbb70bd0bf43b11f721beaf941980c5ff4a,0x900751ba196fb70f5e5c1da7d9ca07c1ec9dd67a,1.000000000000000000,NULL,0x,0
141,0x7e5eac6569a84e3d9befd99879abba5c230d6f3631b0dfd08ccc2d73798b43b7,4952440,1516626858,0xcd2ca959fd918c3cd08a6552bcae9b0149985406,0x900751ba196fb70f5e5c1da7d9ca07c1ec9dd67a,0.340000000000000000,NULL,0x,0
142,0x88a5f60c67fcbb5c14e30856a9e04bcd8080d4544799d531f6661e09e769d2d4,4952441,1516626875,0xf25ae31f6743949ea3a8811a3eba5f527f43a061,0x900751ba196fb70f5e5c1da7d9ca07c1ec9dd67a,0.500000000000000000,NULL,0x,0
145,0xbb8763311ebffb929ccdc4564fcfc88df4f17df3f024ad8644f0fee0e7302d87,4952444,1516626928,0x969f6598b6bbc3d0667107b0dcb475b55236c8af,0x900751ba196fb70f5e5c1da7d9ca07c1ec9dd67a,0.500000000000000000,NULL,0x,0
143,0xcb4078f21a16806357d4dc11e8d97d678592a090a2494c96e4a837977c912125,4952444,1516626928,0x253cd93f4f258161843c4571eff01719cbc6d759,0x900751ba196fb70f5e5c1da7d9ca07c1ec9dd67a,1.500000000000000000,NULL,0x,0
144,0x8f735aba61299d520684929f73127f58ee1c4fc5d9fb306d55c51428092b61ad,4952444,1516626928,0x8d70ff892570885455cc0889d1e9bbb419816059,0x900751ba196fb70f5e5c1da7d9ca07c1ec9dd67a,0.990000000000000000,NULL,0x,0
146,0x64d25cbfad04b41b1e8089b244669368beb73bc6a70bbb3140b618113a95ce4d,4952445,1516626955,0xd6c5826b6762564ac0127dc3b2848e8b0445e1c6,0x900751ba196fb70f5e5c1da7d9ca07c1ec9dd67a,5.000000000000000000,NULL,0x,0
147,0xe2f9790fc481cf4558315f818361b3cf6377293f9a03205bbba382e0f2bca3ee,4952445,1516626955,0x432ee4cc956a1ba4681792602e9618195faf60f6,0x900751ba196fb70f5e5c1da7d9ca07c1ec9dd67a,0.050000000000000000,NULL,0x,0
148,0xb7d0e2a9b461d8adc3ea6fc4f35d7458cd4b41773166579b2e48ac3cbef1e69c,4952446,1516626972,0xa8279139962ed5a61bc290b12fef247f1ba74f01,0x900751ba196fb70f5e5c1da7d9ca07c1ec9dd67a,1.000000000000000000,NULL,0x,0
149,0x4dc0087eb1b71503f06526f0694d54d834474ac1d121e5dc05cf0e0f6311caa9,4952446,1516626972,0xe131621323a50a57fb118c713f1a43bab2da7538,0x900751ba196fb70f5e5c1da7d9ca07c1ec9dd67a,0.460000000000000000,NULL,0x,0
150,0xa65d786cf23ebc097ce8f90a38bc078a39c8175357842894a15e1ae3b3fc61a5,4952447,1516626994,0xcbc10736347cc3ad3874144689d0339ad5934eda,0x900751ba196fb70f5e5c1da7d9ca07c1ec9dd67a,1.500000000000000000,NULL,0x,0
151,0xcf24861b39f6fa9779e81c4126c3b4e6c0ba7d1fc91441a67eb2c9123eef8ddb,4952452,1516627072,0xa9be3e4af79709e1b805ddef48a8406c71429299,0x900751ba196fb70f5e5c1da7d9ca07c1ec9dd67a,10.000000000000000000,NULL,0x,0
152,0x4a93b0bc5f48bd3da09bd325f86e3bfa8138c66a8ab2ad0c4f15e7b11b418f45,4952453,1516627091,0x3381b2e75086d113daaad7bf7434f8332331a348,0x900751ba196fb70f5e5c1da7d9ca07c1ec9dd67a,15.000000000000000000,NULL,0x,0
153,0x5d496e0862fbee008c460ed56a5ea453dba3ec679930601f4c0dcb1c56eec62a,4952455,1516627116,0x34268debcb41b50cbd30cb66529e8ecb4ccb79bc,0x900751ba196fb70f5e5c1da7d9ca07c1ec9dd67a,0.070000000000000000,NULL,0x,0
154,0xf4f397c32a67672ea5543f6809eb40e695e70cbae7346db8183240ac8d74f391,4952460,1516627191,0x2b5634c42055806a59e9107ed44d43c426e58258,0x900751ba196fb70f5e5c1da7d9ca07c1ec9dd67a,1.680000000000000000,NULL,0x,0
155,0xa5075b326ebd421ec49d7bc70a8e3dfbc97cf080aa31f8d4e66a2de0b2cfb780,4952464,1516627303,0x4818c06502784bab64cfca5c7846cf159e9a8693,0x900751ba196fb70f5e5c1da7d9ca07c1ec9dd67a,0.360000000000000000,NULL,0x,0
156,0x33062a6fb0a7afbf2c195031c0bd5f95c645138f0103fc91d84ebec4f0ad2269,4952465,1516627330,0x70bf3a9a84434579bd7e393adec55a1f3d7b29a1,0x900751ba196fb70f5e5c1da7d9ca07c1ec9dd67a,0.200000000000000000,NULL,0x,0
157,0x313a567a9a69c4efb8ea5620785a991b3e67556b459a5567d75316f0157e5ca7,4952466,1516627336,0x51836a753e344257b361519e948ffcaf5fb8d521,0x900751ba196fb70f5e5c1da7d9ca07c1ec9dd67a,0.300000000000000000,NULL,0x,0
158,0x9e875779626beb495270515dbf66b13d225ffb3d27ff2f492639eb65aebc5804,4952467,1516627347,0x12ed91a9c12376cf999ebc556c4d6fc1f3d73827,0x900751ba196fb70f5e5c1da7d9ca07c1ec9dd67a,1.303298239000000000,NULL,0x,0
159,0xdb53ec2aaff0310b974ca086be67491f3122c0abdbfefc655825ff51378cce3d,4952467,1516627347,0x49185eb5c45c1d818e400462b97bae0cd2e98162,0x900751ba196fb70f5e5c1da7d9ca07c1ec9dd67a,0.117951420960000000,NULL,0x,0
160,0xb2b433c1aaf6e4fb448a3d37830aaecfd58e3120a07606339ec06045a47a90e1,4952472,1516627411,0x8233172ff8efe69e5bf4f9b906f82471ee054016,0x900751ba196fb70f5e5c1da7d9ca07c1ec9dd67a,0.200000000000000000,NULL,0x,0
161,0xc6a5a85dfd978d138705fe58835e7d3ff5260396590178d1172063bdfaadb03e,4952479,1516627508,0x5261c269f05a2c63aa487de7edcec9ebc6f24b7e,0x900751ba196fb70f5e5c1da7d9ca07c1ec9dd67a,3.000000000000000000,NULL,0x,0
162,0xca4a2fcbe7cc2f96a0c1ef2dc5efdb21f2c89d9431d1baa171fd3a251edb8c6c,4952481,1516627520,0x115caa75456f35b73980da309bf60d2ee68dc35c,0x900751ba196fb70f5e5c1da7d9ca07c1ec9dd67a,0.500000000000000000,NULL,0x,0
163,0xe65fab3c3bfff2083c92ae1570ee0abfcf295f0b348c2f77a046f7efabcb8030,4952485,1516627596,0xde0c4a57d02d4889b0f844a62f185f2c0fc93268,0x900751ba196fb70f5e5c1da7d9ca07c1ec9dd67a,0.740000000000000000,NULL,0x,0
164,0xa4fc92620f791f00769ca2a66ffc53b6bc8d447fc36eb5d13fb6abc4b4d9f9c9,4952491,1516627654,0xcc130467f981ea77feff4f6865a8ff571927523a,0x900751ba196fb70f5e5c1da7d9ca07c1ec9dd67a,0.060000000000000000,NULL,0x,0
165,0xd04de36f4cdebefff8e71c4ccce8a145bade86b35ebe48eb999f954006bc0987,4952492,1516627678,0xff53a5cc286d8e3c1ada985f7d77f1888f829b70,0x900751ba196fb70f5e5c1da7d9ca07c1ec9dd67a,3.000000000000000000,NULL,0x,0
166,0x29710af1dc4e6569e744082223c455082fdc254c3d2ee177b9456636ae23a6bc,4952493,1516627692,0xd4e5b4140266dd28d4f2693e167ce4d4b3ac0359,0x900751ba196fb70f5e5c1da7d9ca07c1ec9dd67a,0.400000000000000000,NULL,0x,0
167,0x0ba9504f12098ae38d6e5bcd5d66d1c5ba6ef5ab0d4e5c609c5af0b0ee60321a,4952496,1516627716,0xd1e0a1df73d8d1c5c6994fc62cbd963ec296d132,0x900751ba196fb70f5e5c1da7d9ca07c1ec9dd67a,0.050000000000000000,NULL,0x,0
168,0x0c045ef1514dd8124e06f0371141cd23982f53eb4aa6c0b4bef43549c8ddb0c7,4952497,1516627724,0x8aabe4986fd48a434e00ddcbb9978bf1531bd3ac,0x900751ba196fb70f5e5c1da7d9ca07c1ec9dd67a,0.200000000000000000,NULL,0x,0
169,0xd1dc413bcab9a8410d35936f5d533a4085f27c6c0fd3acca911dbe7d0480c7cc,4952499,1516627739,0xd551234ae421e3bcba99a0da6d736074f22192ff,0x900751ba196fb70f5e5c1da7d9ca07c1ec9dd67a,0.140000000000000000,NULL,0x,0
170,0x71a810c57af595a8d14eb5831228b592c2d74ac33709a4e8ed7533797e8c3eb1,4952500,1516627745,0x51518763654080df10e77b567dc4e688c5510316,0x900751ba196fb70f5e5c1da7d9ca07c1ec9dd67a,0.050000000000000000,NULL,0x,0
171,0x963fec3dd258e34f18e39a16dad4f3d60597929da81d891e4a7a0efea16a63f9,4952503,1516627783,0x16ed9e11082bd2d759500cb89a5a31a2d523a1c2,0x900751ba196fb70f5e5c1da7d9ca07c1ec9dd67a,0.050000000000000000,NULL,0x,0
172,0xbba45f8ac79ad7ecce183e81fe98a65b380189aa2f07c651d5c4cf223803326f,4952505,1516627818,0xdcba1a0cd0eee139e8d1dc2ddc6224e4d3d5c4e0,0x900751ba196fb70f5e5c1da7d9ca07c1ec9dd67a,1.000000000000000000,NULL,0x,0
173,0xd3b51f712e38f29b65a99a1f9207e603cb6077cc7976f2d936fd2beee57df01a,4952507,1516627850,0x77923198643ccc602742b6e78a98158d10ae479a,0x900751ba196fb70f5e5c1da7d9ca07c1ec9dd67a,0.100000000000000000,NULL,0x,0
174,0x7f1ce573850477ce76e2d21741df60fc898c86dc65bd92e218aab8b9148c95bd,4952508,1516627881,0x6e02f0d92a6e1d9cd27d9869a2da7bad056dfe05,0x900751ba196fb70f5e5c1da7d9ca07c1ec9dd67a,0.389000000000000000,NULL,0x,0
175,0xb5fe60b0ce0345f5b5b28fec9909a6e48efb879ccf76dc1998d29eadeb7c4d4b,4952509,1516627889,0x0a73ed8d299ba0d391c239b349a441ad5e59ba7b,0x900751ba196fb70f5e5c1da7d9ca07c1ec9dd67a,0.200000000000000000,NULL,0x,0
176,0x09e6f13045746cd97677194df34265dde71c940a0d6f12df03396c3ae3f6aabb,4952512,1516627926,0x72188ef4c3879031ed6c9ef445ced5993c094877,0x900751ba196fb70f5e5c1da7d9ca07c1ec9dd67a,3.000000000000000000,NULL,0x,0
177,0xbf5a1ebcb6bcb0c1b8d68be337c49099511cd7ccd452b1f446aaf44b58fbc185,4952514,1516627974,0x573267a8c5d5b3965fa778fa4de1b5f676073f92,0x900751ba196fb70f5e5c1da7d9ca07c1ec9dd67a,1.327000000000000000,NULL,0x,0
178,0x9ebbd0b0f6c7674d6bcd36df7d9695eaff1b6d60d25767bb700dc75608edd5ba,4952517,1516628020,0xce606ed492d2d8f9cf1e36007e6463c746dd8989,0x900751ba196fb70f5e5c1da7d9ca07c1ec9dd67a,5.000000000000000000,NULL,0x,0
179,0x6635d55a80eed0c614501aeb47cc208a3f51a3e39d57522cf980d854229b476c,4952520,1516628062,0x9b5366179707bd2c44f50eeaacd9248753c54e98,0x900751ba196fb70f5e5c1da7d9ca07c1ec9dd67a,1.000000000000000000,NULL,0x,0
180,0x6e83d33404201496ce20e137834c429590d932993cb49446a9f66b387c26e35b,4952523,1516628089,0xd551234ae421e3bcba99a0da6d736074f22192ff,0x900751ba196fb70f5e5c1da7d9ca07c1ec9dd67a,0.100000000000000000,NULL,0x,0
181,0xd7bc59a1e144a8e3f6892dfed9a7bbd3943faf37e6903c9ea401b6a09335bdc7,4952529,1516628147,0x86c3b4f0fc64716670898d41e3e8ec5192ff8cbd,0x900751ba196fb70f5e5c1da7d9ca07c1ec9dd67a,0.500000000000000000,NULL,0x,0
182,0xf0f2140eaaaf9587e1eba7846eb264e6fe76eba7fe6d1bee9e8cf790f90373ea,4952539,1516628283,0xcc130467f981ea77feff4f6865a8ff571927523a,0x900751ba196fb70f5e5c1da7d9ca07c1ec9dd67a,0.180000000000000000,NULL,0x,0
183,0x009298672584d97388bb2cd77fad8fd36ebaaf342dcfec40889ea526a5fd8e17,4952549,1516628441,0x3c154d6a5f53e66085ce1d7c26f23aeb6d6b18ac,0x900751ba196fb70f5e5c1da7d9ca07c1ec9dd67a,10.000000000000000000,NULL,0x,0
184,0xff78d7476a0e392b75b3d789b2e261fa3522f3276a6e708d244bedb0c03aa992,4952550,1516628447,0x37f7ff1864f5d5cba2b63592656049f2d7d06fb4,0x900751ba196fb70f5e5c1da7d9ca07c1ec9dd67a,0.500000000000000000,NULL,0x,0
185,0x46cc76d5bfe05f6123e0b2eef6007103ca8494f3f1ec82961636013c8c334654,4952551,1516628473,0x0681d8db095565fe8a346fa0277bffde9c0edbbf,0x900751ba196fb70f5e5c1da7d9ca07c1ec9dd67a,0.358849780000000000,NULL,0x,0
186,0x9fc2e00093ab3c98d3cf284dbb5f2fde64e47c299ea45d28d460177259cf6c9b,4952552,1516628483,0x59ef8071616dda7b43124948fe1bc32c2ec1ec85,0x900751ba196fb70f5e5c1da7d9ca07c1ec9dd67a,25.000000000000000000,NULL,0x,0
187,0x7cfc69ae3df5a498adb39ccec07fe23bc8ca0273b274b07a96b4c8effd626f94,4952563,1516628718,0x93d21735327400cd4b74ebb91282e2f3f75edb9e,0x900751ba196fb70f5e5c1da7d9ca07c1ec9dd67a,0.100000000000000000,NULL,0x,0
188,0xbaff4fa3d988426e92791d868506f476c9515a1e0ee0b33e002f30d6e2beae7a,4952570,1516628826,0xbc95cbb85f66fdb69191f01bb5750583dfd591b0,0x900751ba196fb70f5e5c1da7d9ca07c1ec9dd67a,1.000000000000000000,NULL,0x,0
189,0xc2ed41599b85f091a41d4710c1c95043826e11b864e286414511748e4bce2f36,4952570,1516628826,0x0cdcfbc1c4e1fdf1ec1f4ff8d29d99a07e296a7a,0x900751ba196fb70f5e5c1da7d9ca07c1ec9dd67a,0.380000000000000000,NULL,0x,0
190,0x9d326dea92cacf4fe447952700846a5828d9cb087cef25c7c4c60ca5abb97476,4952582,1516629059,0xb4ae13fe3e70dd7a05964e732db10d1d6b3985dc,0x900751ba196fb70f5e5c1da7d9ca07c1ec9dd67a,0.200000000000000000,NULL,0x,0
191,0xe56816d12295cf4e7b9cc44d0ccad5f9ee98cc6a1690d72b764c7be0570d7205,4952583,1516629089,0xd3bb2351172a0e69290985588266e877e32dc055,0x900751ba196fb70f5e5c1da7d9ca07c1ec9dd67a,2.000000000000000000,NULL,0x,0
192,0x2c5683595e625988c83367daf93e3fe1036e97d601775451f89ba301b65accb4,4952591,1516629196,0xbfb4f1309c8e51e7e78058cc338272a4746bfff8,0x900751ba196fb70f5e5c1da7d9ca07c1ec9dd67a,10.000000000000000000,NULL,0x,0
193,0x357e04ca25b124867669f9d5cb5c349bd0c93f975f720c72ffe3393519065b00,4952596,1516629273,0xc016f534d20ebfbe4acdec6977762f79317e137e,0x900751ba196fb70f5e5c1da7d9ca07c1ec9dd67a,5.000000000000000000,NULL,0x,0
194,0x1781f96d12d63bb587ab5225e84c52bd9a9d80896c92e86f8549f86fb06df977,4952603,1516629442,0x8a07da576e84498062b6ce8d2dae4ad8842cd45b,0x900751ba196fb70f5e5c1da7d9ca07c1ec9dd67a,1.000000000000000000,NULL,0x,0
195,0x6f76bf180afdd58eaed1c39422bfe87583e5b4ca0b8a0f0d96331e1675e4d48a,4952604,1516629446,0xa037d61fcd0dd957cae2c9ce44c652b505e6f99b,0x900751ba196fb70f5e5c1da7d9ca07c1ec9dd67a,0.116000000000000000,NULL,0x,0
196,0x8cfc8db398df6a6d6918340178e2a62019a7bbdb8a958a7ee3af61bdeb5fc2fe,4952610,1516629491,0x0eccdd396eeb9a1add63578e8ab1fd50181480e6,0x900751ba196fb70f5e5c1da7d9ca07c1ec9dd67a,0.050000000000000000,NULL,0x,0
197,0x855ef231e5f081283a7fb299a3c3f5455c58cac8103b8da425f70cb6b59e45d5,4952618,1516629589,0x339a5d589c83b31589fe6b3b6159b0e3a6d23605,0x900751ba196fb70f5e5c1da7d9ca07c1ec9dd67a,0.186000000000000000,NULL,0x,0
198,0x40d909d1dad5c592c20c482d05f60ebcbc505fb09acb4e978d790f2c77348c81,4952633,1516629846,0xab6bd6a9ad664ba19931a8eae487bdbd7f34ba05,0x900751ba196fb70f5e5c1da7d9ca07c1ec9dd67a,4.010000000000000000,NULL,0x,0
199,0xb934c46724fcf9fc58294f8b5ecb141da458ade5b6e58a8d06279a3c680c99c8,4952634,1516629868,0xb895e05604f1af047f451bf6aaf162e3517ec19d,0x900751ba196fb70f5e5c1da7d9ca07c1ec9dd67a,6.000000000000000000,NULL,0x,0
200,0x1a260e225069c329fa93b49eb5b324372df14525807ef24668d615ee9f1a33ae,4952646,1516630047,0x0b4b8410b915ee07328226bc9f6e237c69b965bd,0x900751ba196fb70f5e5c1da7d9ca07c1ec9dd67a,0.300000000000000000,NULL,0x,0
201,0x6eb5210497058460bcec13e3fd60983dcc04f7c8f61f9a82e029d7a4c73d4952,4952659,1516630265,0xf559bfd30a137c1130e10a0905d77da9ac56b350,0x900751ba196fb70f5e5c1da7d9ca07c1ec9dd67a,0.100000000000000000,NULL,0x,0
202,0x6e164ea35800e21fe17fe6c15907f1cc110da304a65fc876ea43fd43e6e4eb8d,4952686,1516630592,0xf8da7d52b6174827e072ad6179254e14fa19c394,0x900751ba196fb70f5e5c1da7d9ca07c1ec9dd67a,1.000000000000000000,NULL,0x,0
203,0xcd7b9938b8a945655887f0c5fb3e784878c2424c4b0fa4668be003a4c793efe9,4952688,1516630634,0x153cfb903d657e24a4d7b1d340b40bdfa55a2203,0x900751ba196fb70f5e5c1da7d9ca07c1ec9dd67a,0.380000000000000000,NULL,0x,0
204,0xd371f19703f238885bfb0aba10eee5f6886665d2619441bddcd86298472dc759,4952695,1516630782,0x4213d9b38356c1bb9f552889bd5f05c36946173c,0x900751ba196fb70f5e5c1da7d9ca07c1ec9dd67a,1.500000000000000000,NULL,0x,0
205,0xba772e8eb55b89fd7424c3c14251df21a2d8203bd946ca0689efe3afe6f23f03,4952698,1516630829,0x0e209fde970256c3943155fffc6ea78b242e5d73,0x900751ba196fb70f5e5c1da7d9ca07c1ec9dd67a,0.200000000000000000,NULL,0x,0
206,0xb04b22dd982bdbd73febd55c0071595b6069cc64b92c505c4453aac1ffdcb2dd,4952708,1516631048,0x0047c7b06c0949a10bed85b71a31dd6bc754a29f,0x900751ba196fb70f5e5c1da7d9ca07c1ec9dd67a,2.000000000000000000,NULL,0x,0
207,0x65306e2b0b569c2dfa2abbbcb604776bf7d117793157d2b70ce33595121eb494,4952730,1516631319,0x8a3267915820045ceb4a07ad6a93e25163562d41,0x900751ba196fb70f5e5c1da7d9ca07c1ec9dd67a,0.300000000000000000,NULL,0x,0
208,0xeade941582aa518fe67bae4bb250fefbdb32dd50d40b5ef3f9230120807e21e8,4952739,1516631430,0x156cb111cc8c448106cce2ca09cdf878e5fdc126,0x900751ba196fb70f5e5c1da7d9ca07c1ec9dd67a,1.000000000000000000,NULL,0x,0
209,0x66f0c4283e7496a1672df656b97ea8dcd60a1b913bc85735e6e5e44065b15edb,4952755,1516631706,0x4b1117f5a39a1001cd0a19bc926e1765fbf3f346,0x900751ba196fb70f5e5c1da7d9ca07c1ec9dd67a,100.000000000000000000,NULL,0x,0
210,0x1c9f5e1fb3d27e9f59c1e12bb97386e3fb4a2cc3dab448e96914fb0768c0e3b3,4952759,1516631773,0x3337fb2f3a9761c60e2563b12a727d30ea79f527,0x900751ba196fb70f5e5c1da7d9ca07c1ec9dd67a,0.240211700000000000,NULL,0x,0
211,0x35adbdab3963fb712b03c5112a1610499d05743d7b8be231667341bbf04ed824,4952765,1516631903,0x10c86de7f427c50fee838a488b97436ebffc80bf,0x900751ba196fb70f5e5c1da7d9ca07c1ec9dd67a,0.500000000000000000,NULL,0x,0
212,0x7ec2486288a0322a6a6e73bc820c7f70537ccbff60c4b1bd3390c087d57c8714,4952770,1516632028,0xfb4b56c6d3ee722049c9d19cb4bb7f545f6cf03f,0x900751ba196fb70f5e5c1da7d9ca07c1ec9dd67a,0.100000000000000000,NULL,0x,0
213,0xb157ba4de666ab0f8d83842181142f966ed9479ca97eeba12f682f0ce79b1f94,4952782,1516632202,0xc6526abdc6c9dbc853dca63d2dc7ca676536f68d,0x900751ba196fb70f5e5c1da7d9ca07c1ec9dd67a,0.100000000000000000,NULL,0x,0
214,0x142d884acc9f0cc5e592b9d5fd0cb0a944afca344d9ca0002f838053f8175bcc,4952786,1516632279,0x75c7501ebfb6dbc4078257d1d112bb47b75aa592,0x900751ba196fb70f5e5c1da7d9ca07c1ec9dd67a,4.980000000000000000,NULL,0x,0
215,0x77701248d3b5cbdd73d81f45700c484df95d1aa5d70866f74d2f29a2c7f0d17f,4952799,1516632502,0x15423925b0b4db443db0e9157fb93249844e90d9,0x900751ba196fb70f5e5c1da7d9ca07c1ec9dd67a,0.050000000000000000,NULL,0x,0
216,0x5a09676f028ce943f5e3247cb43f7953edeeeaf05795e7d3199a7e5fb600a689,4952802,1516632566,0xfb4b56c6d3ee722049c9d19cb4bb7f545f6cf03f,0x900751ba196fb70f5e5c1da7d9ca07c1ec9dd67a,0.900000000000000000,NULL,0x,0
217,0xf6968ac5e9165e40f839ef96fc8a4b144ee11906e5bbc81aa3790b44887a7105,4952806,1516632623,0xee93b08b55ef8062538500026f1fef8c9bd3bf78,0x900751ba196fb70f5e5c1da7d9ca07c1ec9dd67a,0.140000000000000000,NULL,0x,0
218,0xa8239a395b61e7af3d508d6f767a1802e4a0328039ee91be5b61182a7720e2d8,4952860,1516633245,0x390de26d772d2e2005c6d1d24afc902bae37a4bb,0x900751ba196fb70f5e5c1da7d9ca07c1ec9dd67a,0.476000000000000000,NULL,0x,0
219,0x75370ceb4714bc0cdab1fedfd7bd82761f563aeb26485b594d0457d3d547300f,4952897,1516633704,0x6e492a82f9bd291ee59754a58ac03a762466a315,0x900751ba196fb70f5e5c1da7d9ca07c1ec9dd67a,0.100000000000000000,NULL,0x,0
220,0x3a5a31d1faf35eb28da2a212abd62a92756f879e69493b9fa3a83861585a8a84,4952912,1516633898,0xb000955a1d5627def0e2fb7c7a4d0825b646c02f,0x900751ba196fb70f5e5c1da7d9ca07c1ec9dd67a,0.700000000000000000,NULL,0x,0
221,0xd054602920d2f912ca76ca1b46640d9c080d0dd6d63bd99b73fff5c129fc300d,4952989,1516635245,0x3f61156cb2d12f88b4b32d799d3ba47d3f2a2f90,0x900751ba196fb70f5e5c1da7d9ca07c1ec9dd67a,1.500000000000000000,NULL,0x,0
222,0xac517e8a957b84bdb78e516184699247cd903627627e2cd6547d0085c49513eb,4953075,1516636326,0xed130368ea526efd47ad143c8472adf19ff172ca,0x900751ba196fb70f5e5c1da7d9ca07c1ec9dd67a,0.300000000000000000,NULL,0x,0
223,0x4568b48dcb270af2d5733895995e8055a8d17956d3d7e94e7d979e8293f1788f,4986358,1517121162,0x900751ba196fb70f5e5c1da7d9ca07c1ec9dd67a,0x210e369ecf82f091eb175d642c6f8d82305dd284,590.786291944960000000,NULL,0x,0
224,0x0a7f2121db1e4a3aa8f663f43f8cc27670caf38e50a2fd0cb856f5fc17e66d6c,4986728,1517126575,0x210e369ecf82f091eb175d642c6f8d82305dd284,0x900751ba196fb70f5e5c1da7d9ca07c1ec9dd67a,16.215000000000000000,NULL,0x,0
225,0xfef4fe1c5e7257f04ec2ee5a49eacd7cd6c4907a72187e42a77babecba4e8641,4986731,1517126666,0x210e369ecf82f091eb175d642c6f8d82305dd284,0x900751ba196fb70f5e5c1da7d9ca07c1ec9dd67a,0.630000000000000000,NULL,0x,0
226,0x85fe9cdcf8457655f7582dbdbfbb382cafeafc717b5a25eb20bced3f7b99ffb1,4987090,1517131705,0x900751ba196fb70f5e5c1da7d9ca07c1ec9dd67a,0xe79fc51fe7c9fecc76d47b324d102d947e812269,16.844580000000000000,NULL,0x,0
