,TxHash,BlockHeight,TimeStamp,From,To,Value,ContractAddress,Input,isError
0,0x615db1fa6e137368e84de08687d4708a14c9490cdcf9bdbd207d3a72adcffe8d,4937234,1516402551,0xac3800002e45ed2e1a55dedfa2aca137f6dba61e,0x91043168cf5c256df824038f1b7200eb7a5ab90c,53.805564107000000000,NULL,0x,0
1,0x68419668bd1b9b624386ce7f4ea8d721b1989381bf98cfe7554de561f24bd334,4937849,1516411950,0x88c12a1e38f9a725343b93ce2e7d25ddbdde183c,0x91043168cf5c256df824038f1b7200eb7a5ab90c,3.719457762224960685,NULL,0x,0
2,0xaab4485dd17192eab7b453257958fa870be7b583a1aac6e1cbe0dfafd3f06191,4940574,1516452373,0xa51daa3fb664e035fbfa18708018e7cdca002942,0x91043168cf5c256df824038f1b7200eb7a5ab90c,0.323746829978956430,NULL,0x,0
3,0x424b97f433b1272f40d31d2f4c90e55674cd0cc312d18b99930a1448baec8fb4,4941377,1516463297,0x6824b32956d29ca1c2b528267d1297702b4914d7,0x91043168cf5c256df824038f1b7200eb7a5ab90c,29.830200000000000000,NULL,0x,0
4,0xcd5a8634678fedf5ad52dbfcbab37902de6a8149fd707f5c41e4a6b34fca4f1d,4941840,1516470027,0x6128998aea1402e3b585de0b4be17e74d046c6a5,0x91043168cf5c256df824038f1b7200eb7a5ab90c,2.999517000000000000,NULL,0x,0
5,0xff7dc1313b7b23a4ffc4ae07dac5a40da83641a85d8e79ddc5797d9a26475107,4946244,1516536297,0xc5a61ccf395242cf47e40058e9edc85a471d5b21,0x91043168cf5c256df824038f1b7200eb7a5ab90c,0.485950861951947900,NULL,0x,0
6,0xd783755af1c9f1cac93737a08714201e475bb7ca555d515eee7be2dfcfdd6eb8,4946273,1516536675,0x91043168cf5c256df824038f1b7200eb7a5ab90c,0x0581641f4b92f9ab78a280ddb24f605872091380,91.163953561155865015,NULL,0x,0
