,TxHash,BlockHeight,TimeStamp,From,To,Value,ContractAddress,Input,isError
0,0x45bc4c829fac2a78119a78a301e346aaa24bc2be702c1cc7948ec17dd32e7a33,5588886,1525949644,0x9edf28a1bba9e988ed618f780188e34d72645fa8,0x92cd726ce03ceaa4bf7198ce9c52d05d63cee575,0.600000000000000000,NULL,0x,0
1,0x92cd02743920ca5509479189b99cce6602f92ceec2bfab3e613ebc5fdbfc0074,5589167,1525953670,0x2452d0ce76eb2745cb48d7a1a522b50decb3e021,0x92cd726ce03ceaa4bf7198ce9c52d05d63cee575,0.600000000000000000,NULL,0x,0
2,0x1ca18efbde749910561dfadda0a5b90d86d5f3d22cfc9a1fe18e82ea9fb2c13d,5589186,1525953920,0x5472780fd4a3f88a3d33ae3a5f9709ff952764b2,0x92cd726ce03ceaa4bf7198ce9c52d05d63cee575,0.310000000000000000,NULL,0x,0
3,0x34196fdf3113741128903d38c0530ea1790d6d497a3b560bacf08ff9485acac0,5589513,1525958754,0x63e5bbdce89b3947f37c41239a59ddbf7dafcd70,0x92cd726ce03ceaa4bf7198ce9c52d05d63cee575,0.119277530000000000,NULL,0x,0
4,0x4fa8001313a228a8656e265c2ff36b6b07fbf054e5083bc5591115138e15d389,5589613,1525960312,0xe21bc8d4f47dbd9e4dd29229333d1999c33d0e87,0x92cd726ce03ceaa4bf7198ce9c52d05d63cee575,0.500000000000000000,NULL,0x,0
5,0xa41c5bee1e880cae8eee676567354ee9d1d3f5e442e8f57fa7ec38c4399d970b,5590034,1525967116,0xd59759c5e411741b3b68b055d0886e0dc0ebd24e,0x92cd726ce03ceaa4bf7198ce9c52d05d63cee575,0.010000000000000000,NULL,0x,0
6,0x7fd4b57284cdb9870590b8c3ab510abab53602675dc54bd8fcb680aa9a995c84,5591132,1525983171,0x2d5fd8cf835b06985d4010fcec1f88971d9b9c1b,0x92cd726ce03ceaa4bf7198ce9c52d05d63cee575,0.509643000000000000,NULL,0x,0
7,0xeffb689525f82bd8f243fe8d6e61789fa82f0068d2aa22ef3285c890c97202cc,5591150,1525983501,0x8f66b677dbb9accdb15033e61f8c92a0d62541bd,0x92cd726ce03ceaa4bf7198ce9c52d05d63cee575,0.600000000000000000,NULL,0x,0
8,0x1f1c38c6389b6094685fc627abfbac02e9b49152488e81490a12047c3f77f91a,5591154,1525983609,0x2f3e43c48e40e68126088f42dda1baa90fc67ebb,0x92cd726ce03ceaa4bf7198ce9c52d05d63cee575,4.860000000000000000,NULL,0x,0
9,0x02af0aabeeabd4efae1a2f674801c6cb0adfc51c38553acdcd4cf9999f4e609f,5591499,1525988960,0x21d69e438a52c81424b51a3ad40e2482b63605e8,0x92cd726ce03ceaa4bf7198ce9c52d05d63cee575,0.500000000000000000,NULL,0x,0
10,0xe88bed952a5de33cb1b67a1680ba7c196fdf1d2b613fe7703d2f7583eb35a02f,5598086,1526088164,0x92cd726ce03ceaa4bf7198ce9c52d05d63cee575,0xd80c5ba61896cd054aef11e63832bf3758e51198,8.608059530000000000,NULL,0x,0
