,TxHash,BlockHeight,TimeStamp,From,To,Value,ContractAddress,Input,isError
0,0x23c3ef6aad111c55ea7abd4de0c9523fa26349af2f0ca839788a5f15d158f491,5022644,1517652674,0xdb5d8b44d0b0207ef38e9d69f71178fe25619788,0x94b40ecc7b38f5a9316b03dac4fc663e4d10cd15,1.000000000000000000,NULL,0x,0
1,0xc1d986d6b8e453f4ae7ddd723c0ae220c44050941598ac0f92453680fc24f2f6,5022657,1517652866,0x4f37c0130fbb8028558870ad012b543b1bab1d30,0x94b40ecc7b38f5a9316b03dac4fc663e4d10cd15,1.000000000000000000,NULL,0x,0
2,0x4a1d3ba7ef3743b51bb0b97719b10888025cbb436dc2975f73f78a70c327385f,5022680,1517653187,0x9b58665ec36123d60adcf70c4ad7c6e30953924a,0x94b40ecc7b38f5a9316b03dac4fc663e4d10cd15,0.500000000000000000,NULL,0x,0
3,0x37cba06208e1134e53a4a7e1762431aa2cd5d649e13b68020e0e2da7039bf093,5023138,1517659783,0x9fa71c3e32b2e950a48da1711f41059224ac7566,0x94b40ecc7b38f5a9316b03dac4fc663e4d10cd15,0.435673000000000000,NULL,0x,0
4,0x60dd777cb523fb0ea2eff469b21611f17226841750ef3f455c0d03dee2ee7f2e,5048233,1518023950,0x94b40ecc7b38f5a9316b03dac4fc663e4d10cd15,0x468c4bc128d25b63dad18654a622a5cdb2c7bcea,2.934812000000000000,NULL,0x,0
