,TxHash,BlockHeight,TimeStamp,From,To,Value,ContractAddress,Input,isError
0,0x75b5de15cdff241ced24e0681b9f466f51f2622bf26765d8e357428240055f7d,5100786,1518786402,0x8544bcf5c8c308612e88b890fc21e8fd2218e530,0x9546748f47a77408dfbff0dc22505b2e9a75fda4,1.000000000000000000,NULL,0x,0
1,0x48d08098fd03324e0770d893388ca97a9a560113952289ce7bee8d8567ae127f,5100788,1518786428,0x8544bcf5c8c308612e88b890fc21e8fd2218e530,0x9546748f47a77408dfbff0dc22505b2e9a75fda4,1.000000000000000000,NULL,0x,0
2,0x51f8a07e5765b965c699624bab7d0e7c8a29d798d92fda3016f3122552c85a75,5105969,1518861181,0x81524bd9c6e43de5ec7c6a70b16d18295c889777,0x9546748f47a77408dfbff0dc22505b2e9a75fda4,0.300000000000000000,NULL,0x,0
3,0x5602b453383c9831c48a4a96a366ebb2c776c6e02bbda693127cf86f2ef4c4a6,5106017,1518861945,0x81524bd9c6e43de5ec7c6a70b16d18295c889777,0x9546748f47a77408dfbff0dc22505b2e9a75fda4,0E-18,NULL,0x,0
4,0x3078002e74b583309c0f708bd63d28553dd76d0072c57869644974bd59494adc,5108275,1518894210,0x1050e36b3565509fcf52b91ef7484177ee7cc980,0x9546748f47a77408dfbff0dc22505b2e9a75fda4,0.990000000000000000,NULL,0x,0
5,0x1b0af03d85fb43489c97e89a47b15881b451fa160fd53e02235d6ecd5ba46324,5115321,1518996047,0x6a7aa0f562eb18481dd9c4b5d9e0a92288bc684e,0x9546748f47a77408dfbff0dc22505b2e9a75fda4,0.300000000000000000,NULL,0x,0
6,0xde51449725bd35cba0b8c44c1b4a8b593b18fab03319f7c773c25138605aeafc,5119379,1519055155,0x1b848ffc52328b821a57d9152a9145cffd70b9d4,0x9546748f47a77408dfbff0dc22505b2e9a75fda4,3.099000000000000000,NULL,0x,0
7,0x9ac624fd96d3d91251105d95ac7db76c6f94fe038652a78dbe4756a497789273,5126185,1519156271,0x9546748f47a77408dfbff0dc22505b2e9a75fda4,0x5cd6af8a828a596baea78c110157df40e380170d,3.344000000000000000,NULL,0x,0
8,0x5ef904ff7b91ff753c9379fc56d33eff927ff7fc9a250e282d12b79cb019b4b9,5126192,1519156366,0x9546748f47a77408dfbff0dc22505b2e9a75fda4,0x42f87490018c4b2c4ceb031de1aa63dd229c0317,3.343277959000000000,NULL,0x,0
