,TxHash,BlockHeight,TimeStamp,From,To,Value,ContractAddress,Input,isError
0,0x3192751083c01b97688c2a5063492f3190a03f8834735eb2f9fa9cfa092670fe,4901781,1515850402,0x7ae0f334a8a712ae2e49bb9a30438f1c04e1d88a,0x9ba3833fb2d7a37a4dcf2f58c3f43ed7e397a45a,0.729160000000000000,NULL,0x,0
1,0x2ef72f4d203a343dbde0639bf82c047adbda3462ee93d3981b98b829df178b55,4911944,1516009916,0x47dc94bead1e9f1cf00cde179d8c65b21a653c8f,0x9ba3833fb2d7a37a4dcf2f58c3f43ed7e397a45a,0.020000000000000000,NULL,0x,0
2,0x6cbcb7886bb0cf15762a27dc97d7cd1da90be5c8c61985fd0f0a2a10f8295e53,4913455,1516034595,0xbff090a4b4d7c79fa06b7fba7f27c2e98962f5b0,0x9ba3833fb2d7a37a4dcf2f58c3f43ed7e397a45a,0.730353100000000000,NULL,0x,0
3,0xf1ee6c650c1a4e5f6cc494d27da66f3f923919ee6c79cdb431501a3fac66a978,4913479,1516034949,0xb5464c257438eb58b97900ebb32f4cebadab104f,0x9ba3833fb2d7a37a4dcf2f58c3f43ed7e397a45a,0.510018130000000000,NULL,0x,0
4,0xa4974f2796072d7e7c57077edb96a1fbeb06c806dbc1a247c53f96e4c33c9c37,4913892,1516041448,0xb5464c257438eb58b97900ebb32f4cebadab104f,0x9ba3833fb2d7a37a4dcf2f58c3f43ed7e397a45a,0.493000000000000000,NULL,0x,0
5,0x8d1453e27e085a6a7cafcc864e0a204bb5bbb82c758c49e2d253fca202dd89da,4913946,1516042299,0xbff090a4b4d7c79fa06b7fba7f27c2e98962f5b0,0x9ba3833fb2d7a37a4dcf2f58c3f43ed7e397a45a,0.297000000000000000,NULL,0x,0
6,0x930e670ceb583cc9a5bb5c5d4938f321d07e9758b23b6ce6ba017d4e54278994,4915251,1516062814,0xf2a9aabd65b6721fc7a8d1a33bf61d472ab0d8d4,0x9ba3833fb2d7a37a4dcf2f58c3f43ed7e397a45a,0.099559000000000000,NULL,0x,0
7,0x17d93ecdc92205fbcfa8a1cf17f1c6f5ac9c6f7aefb7ecd326f8176e1b995ea9,4915758,1516070781,0x8a21a13a66b9609487864ac282581a440d762154,0x9ba3833fb2d7a37a4dcf2f58c3f43ed7e397a45a,0.030000000000000000,NULL,0x,0
8,0x743ea0c76abcf011e0a98d8f57e1f6370c7d8a90c9e5da5c2abeb21338584fa3,4915835,1516071959,0x8a21a13a66b9609487864ac282581a440d762154,0x9ba3833fb2d7a37a4dcf2f58c3f43ed7e397a45a,0.050000000000000000,NULL,0x,0
9,0xb7d61be09b670231b9e1803066bc3a0652fc27a5c9f6ccac3791d4a2d2349158,4916896,1516087651,0x57594f5d0b51866144033a2efe1ab3da29036c98,0x9ba3833fb2d7a37a4dcf2f58c3f43ed7e397a45a,0.085000000000000000,NULL,0x,0
10,0x495f913c6d3f106428940c5c87b9bf534abd57fb2d05130f0d800f1eac30d8eb,4917933,1516104452,0x13e7d85cbeffd204ce513a8ae0ab3372bc927d13,0x9ba3833fb2d7a37a4dcf2f58c3f43ed7e397a45a,0.007527490000000000,NULL,0x,0
11,0x9f85349db95ca6bb57a195229701f82cdaa0bdc9f8e2029be81056dd3921adac,4920891,1516150856,0xd5e7c888b9dcd93176422e98f7383eb6f453e286,0x9ba3833fb2d7a37a4dcf2f58c3f43ed7e397a45a,0.009000000000000000,NULL,0x,0
12,0x079d751025eaaf2cd0228098e47241d731ef16a3e23a89606529cb5899a95e10,4921148,1516155147,0xfabb4db99291150422082e4749da49e217427542,0x9ba3833fb2d7a37a4dcf2f58c3f43ed7e397a45a,0.096036270000000000,NULL,0x,0
13,0x90d537f9a6cbc9a7cc4e13d6c0621d28e1c7b1f794216cac9bf7c6601c5f285f,4921158,1516155350,0x859782a7ae9c9058ad61ef9466e784540e442136,0x9ba3833fb2d7a37a4dcf2f58c3f43ed7e397a45a,0.500000000000000000,NULL,0x,0
14,0x7ac047ccb7ca178edbbc7d2619b5a85497dbe30abf88a625d0589ed6f1022a37,4921813,1516165345,0xa9d2218c1364e8bac3684673de934d56966a5670,0x9ba3833fb2d7a37a4dcf2f58c3f43ed7e397a45a,0.068959753851307662,NULL,0x,0
15,0xcb1a96d9f1616935434d9f71c2e0c2e89341de7a005693093ea925131e1b2901,4923676,1516193874,0x9ba3833fb2d7a37a4dcf2f58c3f43ed7e397a45a,0x88894837b33006557d3049d47b2b240024c5837a,0.552672870000000000,NULL,0x,0
16,0xb8b89eae3415e2dd348d38a4fec8207c2b112e91ce0878a657949912afb378f5,4924587,1516207823,0x9763f4d76ab755c8cfbe0afbdd11320ec88b2afd,0x9ba3833fb2d7a37a4dcf2f58c3f43ed7e397a45a,0.005926090000000000,NULL,0x,0
17,0x90088f03bf7fbb6b382c832da1ddf36caedfe8aa67fc139ec17ae7ac63c6f252,4924962,1516213667,0xdb6ba5c32380c98f03878ab72d32b5dc6068d1c8,0x9ba3833fb2d7a37a4dcf2f58c3f43ed7e397a45a,0.010000000000000000,NULL,0x,0
18,0xebb74e7c360dc8e557ad4ba2a3cfdf6b55beb05727b97b016daa23d1ae647af0,4924999,1516214151,0xdb6ba5c32380c98f03878ab72d32b5dc6068d1c8,0x9ba3833fb2d7a37a4dcf2f58c3f43ed7e397a45a,0.050213046125751352,NULL,0x,0
19,0xb733c13da8bfc69a82ee1fc622c5307c12f57245aafc88336565bacbc5f8b5f9,4927058,1516246816,0xcfe17a9048b90ef8150a77c8f86c8358b74296dc,0x9ba3833fb2d7a37a4dcf2f58c3f43ed7e397a45a,0.100000000000000000,NULL,0x,0
20,0xaeb97244743ac8e9ca7f0ba53ffd6493c6fae2f53a33bb8d54fb9cb36aa158d1,4927297,1516250533,0x824e5b0f759f821fedc0de7111dbaabf4a5bdafb,0x9ba3833fb2d7a37a4dcf2f58c3f43ed7e397a45a,0.204220000000000000,NULL,0x,0
21,0xa9042d045699d8b39ee5f6e763e04d9098ec23d90265637191630a0d695a3bf9,4927653,1516256218,0x9fc78306212866e5996e96f793b4721231d69a15,0x9ba3833fb2d7a37a4dcf2f58c3f43ed7e397a45a,3.000000000000000000,NULL,0x,0
22,0xc354c805614a0bdaef7b3a174060714dd0d2799e68624bed1602058119829ada,4927657,1516256250,0x1469b3a7e3d38fa01fd399254386debb015bb95b,0x9ba3833fb2d7a37a4dcf2f58c3f43ed7e397a45a,0.032521590000000000,NULL,0x,0
23,0xe36016a4b74e6c6454f5082825519ff802c119ee98728f04e521e381305dcb28,4927679,1516256587,0x22a2ff0aa8875178b8f45e23cc86ccb5a3cb8491,0x9ba3833fb2d7a37a4dcf2f58c3f43ed7e397a45a,0.010000000000000000,NULL,0x,0
24,0x583979cc84e56a8c2820d98c1c2e7c1053176c271529519851146eec4344de55,4927723,1516257251,0xfd2d0c6d8c7792547f648038ce7968a93e547f67,0x9ba3833fb2d7a37a4dcf2f58c3f43ed7e397a45a,1.000000000000000000,NULL,0x,0
25,0xb47eed30967c3bdc11927559d0b25226e33d9b493cca73a497e283144500292b,4927758,1516257793,0xdb5de83b75f34d60b64fee33fe81a4db5cdb75ba,0x9ba3833fb2d7a37a4dcf2f58c3f43ed7e397a45a,0.100000000000000000,NULL,0x,0
26,0xf39542c55ca792b5452f3c89e1c1db23137339f0e6eb780cb27e41155f7ec6fa,4927764,1516257889,0xdb5de83b75f34d60b64fee33fe81a4db5cdb75ba,0x9ba3833fb2d7a37a4dcf2f58c3f43ed7e397a45a,0.100000000000000000,NULL,0x,0
27,0x2eb6a2b271d26a9603d447fd51e1ac8967727f06b803630dd8b70c114201cb09,4927776,1516258153,0x9fc78306212866e5996e96f793b4721231d69a15,0x9ba3833fb2d7a37a4dcf2f58c3f43ed7e397a45a,1.000000000000000000,NULL,0x,0
28,0xe1c6aae15615021ec2aca0740806b84f3e4cb319b6ba6f3bc0405cdf905d4a92,4927937,1516260660,0x57547553d113f88d79fc9fea605d3b279c32a448,0x9ba3833fb2d7a37a4dcf2f58c3f43ed7e397a45a,3.800000000000000000,NULL,0x,0
29,0xd46451e8fdd67640bcf885a6227eb559387d067da9b6ceba5adaf773ae319350,4928227,1516265366,0x55a6e88a2dc365bbc23a13d54c042feab4b0bed5,0x9ba3833fb2d7a37a4dcf2f58c3f43ed7e397a45a,0.218769000000000000,NULL,0x,0
30,0x7ba32e381e2ec6cafce0f091a59992bca01d8c77dbaa166b4259a935ebae565c,4928314,1516266811,0x7fb5418fe105f0ca66a00a632088fe99e0a58f92,0x9ba3833fb2d7a37a4dcf2f58c3f43ed7e397a45a,0.380000000000000000,NULL,0x,0
31,0x8361cefe0bb387b8c3ce072dfc6d4a6281616e9429ac30d665fe1560c01b9122,4928326,1516266920,0x24acf19103427d1fa175b6995ecb967d0e2f3d36,0x9ba3833fb2d7a37a4dcf2f58c3f43ed7e397a45a,0.181600000000000000,NULL,0x,0
32,0x110545b4d5e8cb01afa240b7afebe8036f12af6a49dac3075959b7eb9c96b6d6,4928355,1516267426,0x7c4714dff67be750a35a88ff6c53908258039fc0,0x9ba3833fb2d7a37a4dcf2f58c3f43ed7e397a45a,0.045000000000000000,NULL,0x,0
33,0x492786a741ea2443a58e5228e340a62fd5fa77c47152f023a5647a241cdc9783,4928361,1516267547,0x1367bb4756a4637659dcb2cb6269b66819b08867,0x9ba3833fb2d7a37a4dcf2f58c3f43ed7e397a45a,0.003000000000000000,NULL,0x,0
34,0x7fd2f97c379ec38aee06477794420001524bb53313c2237327c0a5ed2578b255,4928608,1516271026,0x68c7f8fd1d08b22fd4ea60b92b2712d71d129748,0x9ba3833fb2d7a37a4dcf2f58c3f43ed7e397a45a,0.250000000000000000,NULL,0x,0
35,0x8865cd869414252a4d50bd51194ffd6b0374d294959eeef84d87b595680715b7,4928669,1516271843,0x060e12d4e1ee3d15b7b6de4ad35cfbe3dd9dcc1b,0x9ba3833fb2d7a37a4dcf2f58c3f43ed7e397a45a,0.435767560000000000,NULL,0x,0
36,0x56d5ef5be458793be75e8872902b36b9281c93db2e12f07a9a8caee3c36532d1,4928718,1516272607,0x4fb3f7f44ba515db33fc130918f6a3d5e7b8c233,0x9ba3833fb2d7a37a4dcf2f58c3f43ed7e397a45a,0.340000000000000000,NULL,0x,0
37,0xc7b81593dfe775f037ea0e718d6a032a94814aa5ead0b9eca9c7a17c96087a5f,4928746,1516272894,0x6e0267e44e7538b885acd4ce602e7db60f025961,0x9ba3833fb2d7a37a4dcf2f58c3f43ed7e397a45a,0.003000000000000000,NULL,0x,0
38,0xaad3f50e2bc0bf3d1a8d765936377f7e5dbe79f4a0497457118058662291db68,4928838,1516274160,0x80063fee8286354269148a684df9e498070d35d0,0x9ba3833fb2d7a37a4dcf2f58c3f43ed7e397a45a,0.107156901000000000,NULL,0x,0
39,0xc42676dd3210f16508c18acb7edb747d5830ad6f36099137310a174d0bfb88ed,4929215,1516280086,0xfbb1b73c4f0bda4f67dca266ce6ef42f520fbb98,0x9ba3833fb2d7a37a4dcf2f58c3f43ed7e397a45a,0.092352540000000000,NULL,0x,0
40,0x2529badbdf0b8127ff8fa6376438479167873f4f5a4fe99511ca296391bad62e,4929685,1516287449,0x764710819c330e052d20c540de3e709cd909152a,0x9ba3833fb2d7a37a4dcf2f58c3f43ed7e397a45a,0.290000000000000000,NULL,0x,0
41,0x036f4fb532e079e23a16636097b913a2e934da25d3b140939f7e551d7da7721f,4929689,1516287508,0x7475ce02732b6ae793f5b7426e2d677ee9df96f4,0x9ba3833fb2d7a37a4dcf2f58c3f43ed7e397a45a,0.097980902000000000,NULL,0x,0
42,0xb980de8cfbe60b0e5fde650916aeccc289e2dfe5dc01c1d4e568181f0a85d046,4930105,1516293922,0xa6932b27400e9a17cd20955555b98c7435e5c3d5,0x9ba3833fb2d7a37a4dcf2f58c3f43ed7e397a45a,0.100000000000000000,NULL,0x,0
43,0xa22c361cab1c1dab36ddf2640ae156eea088d1d607e1ed0c3a01aa6179a280b0,4930378,1516298193,0xeaec07a52fc8511ce85a0a272ab3baae2ba2f60b,0x9ba3833fb2d7a37a4dcf2f58c3f43ed7e397a45a,0.140000000000000000,NULL,0x,0
44,0x4b6ce45c57292fea32a8fe3f50fdefc4b4a516b164f00f9c9e3e4fb21ff1e30e,4930425,1516298912,0x2b6ace1b3053cab374e016af22f0258d0502ab6f,0x9ba3833fb2d7a37a4dcf2f58c3f43ed7e397a45a,0.100000000000000000,NULL,0x,0
45,0x16d66550f56961510110f7895f2b9d17add0e54df21b64132246cc3eabfe37f7,4930475,1516299783,0x37ed957e0eb7f496c6324819c2520de0f6a843ba,0x9ba3833fb2d7a37a4dcf2f58c3f43ed7e397a45a,0.409114910000000000,NULL,0x,0
46,0x42990c958ea758ffd5d31d2cc0aaf07d4bc14d0fcaf317b7345214cc09776fb7,4930540,1516300689,0xb5d419b5a4e2834d9c101d305994442519d47c6c,0x9ba3833fb2d7a37a4dcf2f58c3f43ed7e397a45a,0.156575040000000000,NULL,0x,0
47,0x28189faafc2edbc697a537a66af28ec3bb29a235c3a636995dc70ea2f4f235b8,4930653,1516302669,0x59ff331a5ea5bb16f03ced6422f2d6c5aa944c32,0x9ba3833fb2d7a37a4dcf2f58c3f43ed7e397a45a,0.323849590000000000,NULL,0x,0
48,0x5c61e36bbd24af0b14505356185484274a9e870417d9bace3c805ee286aeed03,4930699,1516303288,0x830aa55d24eb057651d1441fd3497b373e9c9951,0x9ba3833fb2d7a37a4dcf2f58c3f43ed7e397a45a,0.010000000000000000,NULL,0x,0
49,0x2d629d9d7336397ab7b012e6a479f2a64e437c5cd1243a3b2da6751ffc383bb2,4930853,1516305681,0x76ee2659d81df34f1492af9e875d042d39002001,0x9ba3833fb2d7a37a4dcf2f58c3f43ed7e397a45a,0.059046070000000000,NULL,0x,0
50,0x1ff12b98999bfda927d5e1584bc72ecbbd8d075c9b9f0d8df504dc01b922186d,4930901,1516306314,0xa4994f778020c961c737b5bf4f3e1bf45b2dd12b,0x9ba3833fb2d7a37a4dcf2f58c3f43ed7e397a45a,0E-18,NULL,0x,0
51,0x7fc530219f8596a3defb4738c59318c26b32ad97d911392aec024aa0484173b8,4930925,1516306721,0xa4994f778020c961c737b5bf4f3e1bf45b2dd12b,0x9ba3833fb2d7a37a4dcf2f58c3f43ed7e397a45a,0.024000000000000000,NULL,0x,0
52,0x52f6eae77c6e262852ce32894fd2e2e720b02f0fce5ec722f36c6ffa00733f1b,4931069,1516308990,0x73b95a3f5067b23cba266ada33b09f62c209653d,0x9ba3833fb2d7a37a4dcf2f58c3f43ed7e397a45a,3.845219514000000000,NULL,0x,0
53,0xebb2b2a9dc24c648bc411115b49328a65dde4b706812828dafbc7e4de0964179,4931071,1516309013,0xc38d43ec7f02eab68cc19d1ce1b9e110b321ba02,0x9ba3833fb2d7a37a4dcf2f58c3f43ed7e397a45a,3.090000000000000000,NULL,0x,0
54,0x0ad0510e72c6844b18dd043d2badff93f70a294fb1a685eae8705020812b987c,4931699,1516318470,0x7585a63dd40003e13b8ecbbf86e27e27c0e70109,0x9ba3833fb2d7a37a4dcf2f58c3f43ed7e397a45a,0.020000000000000000,NULL,0x,0
55,0x2ad1df607b5b676499c67d22ce7cb4e9fcde0c34862913bfcbac321b6a8b28bf,4931815,1516320342,0x75c8b09061e8861ea26dc16f9e85dba01a34b67c,0x9ba3833fb2d7a37a4dcf2f58c3f43ed7e397a45a,0.966045950000000000,NULL,0x,0
56,0x1edbf9169ccca8b4c71d42c97d3d438816d66439f7ba58b52085db98e4857c4d,4931967,1516322756,0x17b9127fd6d9d9d21d02eda5f12775a7be6f0b8e,0x9ba3833fb2d7a37a4dcf2f58c3f43ed7e397a45a,0.400000000000000000,NULL,0x,0
57,0x7d426c21ed429b889bf8573f5b52aa60329e1a4c7fc2f176ee4c6f4e029b25aa,4931984,1516323013,0xc8bdce823c8dfbff0787a79e6a2628de8b7947b4,0x9ba3833fb2d7a37a4dcf2f58c3f43ed7e397a45a,0.090000000000000000,NULL,0x,0
58,0x502cee4355e2fa4324887dc6e44085d7e70697c19023e876c8a8350386ee0eb7,4932058,1516324018,0xa8a8dcd8884998e6c34668f1adfc0c3d20a2ec57,0x9ba3833fb2d7a37a4dcf2f58c3f43ed7e397a45a,0.081978960000000000,NULL,0x,0
59,0xcbad137cde5bac1dd716e3eafc7361b544be5cdf8f89fb7eef6a4eb03298d681,4932524,1516331074,0xc8bdce823c8dfbff0787a79e6a2628de8b7947b4,0x9ba3833fb2d7a37a4dcf2f58c3f43ed7e397a45a,0.019000000000000000,NULL,0x,0
60,0xf885acd687251855377c99370ddc777d46c43b0dcefb8db095532f0960280d01,4932786,1516335048,0x38c438d8b74c0167e65b1d21520754ec4a3d7dd6,0x9ba3833fb2d7a37a4dcf2f58c3f43ed7e397a45a,0.007118880000000000,NULL,0x,0
61,0xa23c7d761a040c50049cafc1d5daf55d3a78e506da8bb274632bdc524c86714a,4932894,1516336498,0x880e42123feab74f850fc9a80941e315bf39cb02,0x9ba3833fb2d7a37a4dcf2f58c3f43ed7e397a45a,0.000100000000000000,NULL,0x,0
62,0x3ce0b7d69b0cbce516305cb4bd511871e0b317c6277bf6fcb018308bd5f66b8a,4932989,1516338180,0xa6ba9ad53b331e0e5b922e85af5639db589fdd8f,0x9ba3833fb2d7a37a4dcf2f58c3f43ed7e397a45a,0.084000000000000000,NULL,0x,0
63,0x5eb80b79d8ab076fcba9c9ae498d858cd8264c2a1db9db2564dd89992073baaa,4933029,1516338742,0x0f2a63ae7d069b26cfe288ac085c4f756fdcb717,0x9ba3833fb2d7a37a4dcf2f58c3f43ed7e397a45a,2.920000000000000000,NULL,0x,0
64,0xeec43cbf4a3359ddbfaf3e869920160215b18ed2048eca36be7aab5cfab2340f,4933042,1516338983,0x02bec723d9dd5c8bc72b6e870c3f8dd6c3cd4018,0x9ba3833fb2d7a37a4dcf2f58c3f43ed7e397a45a,0.088000000000000000,NULL,0x,0
65,0x5cd1437ffe841df445d4b8fd02ab6b4f1a3a624bdef033412cfd9bf1eb85f4a0,4933569,1516347455,0x6bcf850b942fa6b65654dc2a4980759679b46a53,0x9ba3833fb2d7a37a4dcf2f58c3f43ed7e397a45a,0.232846380639606959,NULL,0x,0
66,0x7361747ff70431d6a64b3165582f4c3e7ead55573ef6da75e03a946c083e52ef,4934412,1516359905,0x1063d6ef8aedf652d6aad9ef17cd7bcae95efda1,0x9ba3833fb2d7a37a4dcf2f58c3f43ed7e397a45a,0.100000000000000000,NULL,0x,0
67,0x1a9111878d16ea13e4cdf0a46377f2e4179fd66c517e93ae26e6b149a4fe927e,4934421,1516360043,0x42d144584e2f6e65cf3a268a15910f78863e5dba,0x9ba3833fb2d7a37a4dcf2f58c3f43ed7e397a45a,0.105678000000000000,NULL,0x,0
68,0x46dcd12134dc332c8b1b3495728ecb77f8c18966bf82d29d908721131f2b34c7,4934457,1516360573,0x42d144584e2f6e65cf3a268a15910f78863e5dba,0x9ba3833fb2d7a37a4dcf2f58c3f43ed7e397a45a,0.001012840000000000,NULL,0x,0
69,0xeb3275648a3874409dbf773d7eb6dfec588a816aa58f031d6a154ac794113d45,4935392,1516374775,0xd720a827cb6448e39d15655730b5427b99a4b1dd,0x9ba3833fb2d7a37a4dcf2f58c3f43ed7e397a45a,0.170000000000000000,NULL,0x,0
70,0x851a14b1fa9d028b6bd80ef7d33d1fe51a464f9ced72d4cb7ce77bd7b46f8393,4935693,1516379592,0x5ad7dbcda76f409c5020bedb5f315a3ab963a4e7,0x9ba3833fb2d7a37a4dcf2f58c3f43ed7e397a45a,0.230000000000000000,NULL,0x,0
71,0x8fce629617b9532e02485eaba0882503b46654964a2fcbc92a4be8308714bddb,4936258,1516388208,0x75c8b09061e8861ea26dc16f9e85dba01a34b67c,0x9ba3833fb2d7a37a4dcf2f58c3f43ed7e397a45a,0.005339000000000000,NULL,0x,0
72,0x46b2ce3c208d63764e288d203c6227c7e27bf7b07245654344698174d6891749,4936348,1516389471,0x4f757343aa1cf4f668be5f51c0ac0c22bad8844d,0x9ba3833fb2d7a37a4dcf2f58c3f43ed7e397a45a,0.018500000000000000,NULL,0x,0
73,0x9b5d59c2712ced365dfbb82e7e426aff1d7acf199c78e9398f78d2bb74b726f4,4936556,1516392539,0x92d08b9787b799216cf25028881a878b4ba3773c,0x9ba3833fb2d7a37a4dcf2f58c3f43ed7e397a45a,0.384000000000000000,NULL,0x,0
74,0x42598180a6db262d0194314e43e64e6af65210b0a6084f36927d8b13e2666e51,4937012,1516399197,0x8a17f6198dd9acb0e4b7c0d645d398bdd4e46370,0x9ba3833fb2d7a37a4dcf2f58c3f43ed7e397a45a,0.100000000000000000,NULL,0x,0
75,0x50057ab3099c8e2d7fd84b8f22d2934577040cc7a2c5323949584a02e20bc23c,4938423,1516420547,0x83e4510a99976bdf91f85b3b135442b1cdcf19fd,0x9ba3833fb2d7a37a4dcf2f58c3f43ed7e397a45a,1.000000000000000000,NULL,0x,0
76,0xcfe2671fdbfdc5822a4759e4b8d75abca5504a99049ab7a9d85b3542d621e3d5,4939611,1516438748,0x27b80961e66b5becb2554a744e177502cac7ef45,0x9ba3833fb2d7a37a4dcf2f58c3f43ed7e397a45a,0.002000000000000000,NULL,0x,0
77,0xc7cf95f5e8874d1cda137e05c30493f682751c2362aa1d8d87214ca9f4edff87,4939905,1516443200,0x45ca7ed5c62620542d96e50ac5b3b8ef6dabe7fb,0x9ba3833fb2d7a37a4dcf2f58c3f43ed7e397a45a,0.198627200000000000,NULL,0x,0
78,0xed2b2c097f5ba621b4b6e0ee2c9dbb4e5eace2c58ec9ac2a5fa6e8c0deefb2e9,4940055,1516445149,0xb558e372b9da947213757765a4d084940a8e0421,0x9ba3833fb2d7a37a4dcf2f58c3f43ed7e397a45a,0.091800000000000000,NULL,0x,0
79,0xcc57bb41b4dd35f807f76bed04f4f1102604487d3682297f2c41cebc90f13a48,4940725,1516454559,0x341f07d7cd2cc196109b9e3234819562fe14b432,0x9ba3833fb2d7a37a4dcf2f58c3f43ed7e397a45a,0.010000000000000000,NULL,0x,0
80,0xa6a420769801fca6f45ed7c0e954805e55003c81c989455ecfc2081c2282a1e6,4941192,1516460931,0x6d2cd28db60194dbfbf96c4a48418fff8e321863,0x9ba3833fb2d7a37a4dcf2f58c3f43ed7e397a45a,1.000000000000000000,NULL,0x,0
81,0xd10b707cb0e01a60abb8590bb4bf809a5bc4d6c35af7225730da4e4934750984,4941227,1516461333,0x341f07d7cd2cc196109b9e3234819562fe14b432,0x9ba3833fb2d7a37a4dcf2f58c3f43ed7e397a45a,0.120000000000000000,NULL,0x,0
82,0xf817bf5cc4d232af652275d9e4b06177617dd71ac301f2b716f159740cfac5ba,4941596,1516466685,0x6d2cd28db60194dbfbf96c4a48418fff8e321863,0x9ba3833fb2d7a37a4dcf2f58c3f43ed7e397a45a,0.500000000000000000,NULL,0x,0
83,0x2f6161fdd124f5ef41385624df59b2521312a1f7fd2de568b52aaa1f772df3e6,4945343,1516522788,0x9ba3833fb2d7a37a4dcf2f58c3f43ed7e397a45a,0x7593f0fd0b6e63de01237ee62ccd16799d2a3c98,0.498439040000000000,NULL,0x,0
84,0xf508f6cec6f8f701879da638300b90105e090263339145d8b296e47aec3913f6,4972412,1516919427,0x9ba3833fb2d7a37a4dcf2f58c3f43ed7e397a45a,0x2e09881200d3ed9c024b8753c6dd25f68bf37787,0.065000000000000000,NULL,0x,0
85,0xd2f5d9dba9ed3a985425b414657ddf22ba094c8cf32de481f16f87c7244cf88e,4974663,1516951668,0x9ba3833fb2d7a37a4dcf2f58c3f43ed7e397a45a,0x563acb152366cb50802bdd72084aa7dd476e1685,0.150000000000000000,NULL,0x,0
86,0x182cc54589178f57484a9f7757a6f47124cbc97eea72c13349ee44100038b810,4974956,1516955982,0x9ba3833fb2d7a37a4dcf2f58c3f43ed7e397a45a,0x063b027148a625b9c6cea97202e15fe07a8e4f48,0.119878330000000000,NULL,0x,0
87,0xe484d2dd155fb0e82c788306145a02304cb0d44fb11d72feaea2ea93aa0b5b2e,4977456,1516992452,0x9ba3833fb2d7a37a4dcf2f58c3f43ed7e397a45a,0x75428b9f74b91a7bb61a2f4319f701f1c8afd016,4.700000000000000000,NULL,0x,0
88,0x25c677812e8402c258830660b391e4ff6897e4875f16811fe4357af3e85ab033,4977481,1516992868,0x9ba3833fb2d7a37a4dcf2f58c3f43ed7e397a45a,0xcaaf1058b2b541a50cdfe23819687a89e19712ff,4.750000000000000000,NULL,0x,0
89,0x9e1aba34277e9a08ea62069c23ed63ea43cde73f579d308cdc57a45148f6ca12,4977509,1516993308,0x9ba3833fb2d7a37a4dcf2f58c3f43ed7e397a45a,0x3fda3dfb9dc3541283b474481e4334e3283b2633,4.780000000000000000,NULL,0x,0
90,0xb22d830a1a0ec97b6249165e3f206fa428cbd2de38b1b3c0669cd9be686cf0cb,4977531,1516993651,0x9ba3833fb2d7a37a4dcf2f58c3f43ed7e397a45a,0x1288a4323218b6043748ca6ee2f941fcee054d31,4.780000000000000000,NULL,0x,0
91,0x224fb6e7af530d24b3d3f758ef0f9f07a5caab15c43ca799ac719a2557c3fd72,4999611,1517313849,0x9ba3833fb2d7a37a4dcf2f58c3f43ed7e397a45a,0x71819a042e604ba76ffd54cc1776f4fd3d18704f,0.500000000000000000,NULL,0x,0
92,0xf859391794ab776d87fc508e435b1636ac5d724bbbb47f4f92810996d973c440,5002116,1517350499,0x9ba3833fb2d7a37a4dcf2f58c3f43ed7e397a45a,0xf2a3b1e09eac877f3bf8b27d036a1e2731d64b79,1.000000000000000000,NULL,0x,0
93,0x91aca653f6d7ae7e6f8e7c2788a03ddeccaee504c5fb30cd8d7839c629a64e2d,5036776,1517857762,0x9ba3833fb2d7a37a4dcf2f58c3f43ed7e397a45a,0x41d45670b72a153a82818fcd2f633f3940022954,0.024100000000000000,NULL,0x,0
94,0xcf6900a3fbff370d4c323f1da89987755b79ee7534ce0f92fa42d00957b30908,5043089,1517949256,0x9ba3833fb2d7a37a4dcf2f58c3f43ed7e397a45a,0x61496a395f5498134b479d38d60fb57492c15408,0.122125040000000000,NULL,0x,0
95,0x93cc497351d7b9dc26739c03a63485cf5783a839af3ccb15f83557d7a4e59584,5050314,1518054306,0x9ba3833fb2d7a37a4dcf2f58c3f43ed7e397a45a,0x0cffaa1da778e23b130c5fa9bd11942d117ba5dd,0.421758420000000000,NULL,0x,0
96,0x0e80a29a97a3fe13f969628e37c05bcc510961e55d93c1f29fc888b4a0651f10,5055592,1518130435,0x9ba3833fb2d7a37a4dcf2f58c3f43ed7e397a45a,0x5f69f318165b98ef8bf6fade8fadac70de061b69,0.022500000000000000,NULL,0x,0
97,0x196d4072bba30d83f60d586029f3fee6382cf92dce294046f73c69fad6200137,5061865,1518221837,0x9ba3833fb2d7a37a4dcf2f58c3f43ed7e397a45a,0x4156731545a3d45e1500149fcffe761bd76880ba,0.060179230000000000,NULL,0x,0
98,0xe1adae3afd38735dfa475c198b56cac7172dd5e32c9ba8ac0e05083e1eee79d2,5192376,1520129301,0x9ba3833fb2d7a37a4dcf2f58c3f43ed7e397a45a,0xd2ac6e7699acfb9c4050a7df709d776e5ef2ec07,10.225683777616665973,NULL,0x,0
