,TxHash,BlockHeight,TimeStamp,From,To,Value,ContractAddress,Input,isError
0,0x22560dd7ab45e5e16e09954aaf50a285edc9c62c4e7e6d9a637ff84a078180b9,4497944,1509925753,0x4ed83e973c3e50cfbe483398ab17e347ebd244ce,0x9eb041af96d44583110565abec79aedf22eb60b5,0.000010000000000000,NULL,0x,0
1,0x1c8ef9a4a718188a873aed31aea5fe2acf3afc26e3478b3eda6ee9fd4caa567f,4497949,1509925806,0x9eb041af96d44583110565abec79aedf22eb60b5,0xc6b1953ab35f05db745dadd5ce411d75758a7898,0E-18,NULL,0xa9059cbb0000000000000000000000004ed83e973c3e50cfbe483398ab17e347ebd244ce00000000000000000000000000000000000000000000152d02c7e14af6800000,1
2,0x3f363ba90cabb1fadf31cacff50aea30d1b15be584fd625b977b32849c88dfec,4498000,1509926471,0x9eb041af96d44583110565abec79aedf22eb60b5,0xc6b1953ab35f05db745dadd5ce411d75758a7898,0E-18,NULL,0xa9059cbb0000000000000000000000004ed83e973c3e50cfbe483398ab17e347ebd244ce00000000000000000000000000000000000000000000152d02c7e14af6800000,0
3,0xb792af56be1b3240558bacc1f2a44c72f59b34d2ecc6383cfd4f8f2726d7aef1,5001550,1517343000,0x20198959506f520cac42ac187b61f001d13af6df,0x9eb041af96d44583110565abec79aedf22eb60b5,0.002000000000000000,NULL,0x,0
4,0x8491fdec7115ef002404820215fb97375139014f5607a6f3eb324459d597f7a0,5002464,1517355635,0xf2e2912dd895916c6615143fb71589f7a2d8bb29,0x9eb041af96d44583110565abec79aedf22eb60b5,0.002000000000000000,NULL,0x,0
5,0xdc352c84e15483594132604d5bc46d4700acd46c22fcd326afa8e83e6c237fcb,5002497,1517356061,0x9d65facd3da7a45c19593e32b79ed47b2cd9994e,0x9eb041af96d44583110565abec79aedf22eb60b5,0.002000000000000000,NULL,0x,0
6,0x38dca792fa0b40f45c16a243d8f6bfa82aba100910616329dfed5278879012f0,5002533,1517356718,0xb883b3e0b80ab0fe4f83aca4e11b5fb2e30f740b,0x9eb041af96d44583110565abec79aedf22eb60b5,0.002000000000000000,NULL,0x,0
7,0x7d4f7e972228bad2d5d905e1527149772ecc5852aa95b1c5dcb28666753a253f,5005045,1517393307,0x1cea0f24c3da5b739c281ec467280b653178bcb0,0x9eb041af96d44583110565abec79aedf22eb60b5,0.002000000000000000,NULL,0x,0
8,0x0f6900543752f5da7b7f1082c29ff90f48e78c23d12a8bcb47f65e135081b66f,5005495,1517399640,0xc2efd11fa0491066aa174d25cafa509fc6d3e5fa,0x9eb041af96d44583110565abec79aedf22eb60b5,0.002000000000000000,NULL,0x,0
9,0x5cc6122c35ef5f0a8404e52e52f741abb7cee5b8f53c469862be5baaef7ff70f,5010245,1517469630,0x7dba3bf70e2b3f745c7265ec8576f1d719db6681,0x9eb041af96d44583110565abec79aedf22eb60b5,0.005000000000000000,NULL,0x,0
10,0x88450f4284d9b98ea6dcde166e0d7389f2a1c261d60f33d4902f81a973518ed6,5010257,1517469753,0x7dba3bf70e2b3f745c7265ec8576f1d719db6681,0x9eb041af96d44583110565abec79aedf22eb60b5,0.005000000000000000,NULL,0x,0
11,0xe5d21b7b24a02c9328bd3d4388f36bcf1fb1b82e666e1e6d949b09a529e9efc5,5023895,1517670935,0x4f6358c7f086939949ed324368b97a2f62483a09,0x9eb041af96d44583110565abec79aedf22eb60b5,0E-18,NULL,0x,0
12,0xed8c092829145d9357ebe80788ab253aa282692a9ccc07cc8b717212841303ba,5024107,1517673941,0xf24862bece5aca33352e736d92d8af34a7b8453a,0x9eb041af96d44583110565abec79aedf22eb60b5,0.001000000000000000,NULL,0x,0
13,0xd8b0ebce0a4690965616b14397fcaf4418fd2a06d8192d9fdf6830c18922eda6,5030123,1517761014,0x1b5e9dc80a979ecb48ee600cc2216f266d4380d5,0x9eb041af96d44583110565abec79aedf22eb60b5,0.010000000000000000,NULL,0x,0
14,0x13ee06227715cb1e8882a43a08b2ee8a0d11f795ec2f86006937996608bafdbb,5034179,1517819315,0x63e088339fc7d66cf14e98ece3a2da8f9ba4242b,0x9eb041af96d44583110565abec79aedf22eb60b5,0.010000000000000000,NULL,0x,0
15,0x0befeab19a0f61fa3894e4d9f4b92e9c41605b098e67d6199c748046599301cb,5060393,1518199550,0x1f3845662075e13cb6062867fb2ee0b178f79ecd,0x9eb041af96d44583110565abec79aedf22eb60b5,0.010000000000000000,NULL,0x,0
16,0x48151458a18d4a6becfacc67fdc94fd56580d26a899751a5b4729b8a66c085b0,5075784,1518422510,0x094210ea846116dde8230cd9f1b98db99d6e7b76,0x9eb041af96d44583110565abec79aedf22eb60b5,0.005000000000000000,NULL,0x,0
17,0x8ada2dc8c20f270a7c5d4aa3ac3272c73db09a3dd9fcf17a66ab1cc3aef9fa2e,5220271,1520538559,0x9eb041af96d44583110565abec79aedf22eb60b5,0xa8daa52ded91f7c82b4bb02b4b87c6a841db1fd5,0E-18,NULL,0x,0
18,0x146980baf56b3b48000689b59ecfa54a5e1da816ab0ed318746d7c72341c1fdf,5492972,1524505760,0x9eb041af96d44583110565abec79aedf22eb60b5,0x7e2b784ee4f159676d29740d5c9416a2fbfdd812,0.057522724300000000,NULL,0x,0
