,TxHash,BlockHeight,TimeStamp,From,To,Value,ContractAddress,Input,isError
0,0x95bbf86ccd06b2b417231b5192a48408e8c74a503f3a4b02551fd5bf81e32363,4373389,1508191456,0xea674fdde714fd979de3edf0f56aa9716b898ec8,0x9f4562c9be26c7020909b50ccde3447f1b8c4b21,0.149032181910037878,NULL,0x,0
1,0x70652108f77f40957d0784dd7d68f87b11a593cff9cfde243f74e6de730829ad,4375388,1508219581,0x9f4562c9be26c7020909b50ccde3447f1b8c4b21,0x98525b5c266b40b6e8781d132a2f8da26461681a,0.148591181910037878,NULL,0x,0
2,0xb752d71988752187e0bd5020a426d37d6c5e23ae51aa519e3f2e8c9ea0dcf1a3,4451452,1509277401,0xea674fdde714fd979de3edf0f56aa9716b898ec8,0x9f4562c9be26c7020909b50ccde3447f1b8c4b21,0.082278097547525239,NULL,0x,0
3,0x048209bdcfc15c54e09cd626a53d1ed6665ca32ffad2ddb9a6ea03891a7fddbd,4451476,1509277892,0x9f4562c9be26c7020909b50ccde3447f1b8c4b21,0xf982113d7d7d37e2bc931bd183406efa529e52fd,0.007540000000000000,NULL,0x353630362878e3,0
4,0x446d240f597f51b3589b990fbcad92dc3a5584ad0fa5c7da902d2a028319ef19,4515663,1510171838,0x9f4562c9be26c7020909b50ccde3447f1b8c4b21,0x98525b5c266b40b6e8781d132a2f8da26461681a,0.073000000000000000,NULL,0x,0
5,0x961bdd066e91ccfae239d15ab953cdedee9f00377435feed4297e34050842901,4515762,1510173140,0xea674fdde714fd979de3edf0f56aa9716b898ec8,0x9f4562c9be26c7020909b50ccde3447f1b8c4b21,0.070142062542973696,NULL,0x,0
6,0xd4fc8bec1ee3fda4871c477eedb0aaa54adf6a31fad2d5ca681e79a22c6ea505,4515778,1510173417,0x9f4562c9be26c7020909b50ccde3447f1b8c4b21,0x98525b5c266b40b6e8781d132a2f8da26461681a,0.070500000000000000,NULL,0x,0
7,0x9c3f6ab036b70d995bf41c16bfacdac933a2c1fcebf943936bdd661fb5bd0c12,4661403,1512206106,0xea674fdde714fd979de3edf0f56aa9716b898ec8,0x9f4562c9be26c7020909b50ccde3447f1b8c4b21,0.150019483155254300,NULL,0x,0
8,0xf00f8e4af1a4b5d126d540d9d3eada4e374b65cba42899002648afd63ff608fd,4664256,1512246712,0x9f4562c9be26c7020909b50ccde3447f1b8c4b21,0x48721cd590adfa3952fd230831c9821fd48c71cc,0.010000000000000000,NULL,0x,0
9,0x633cc8361ae48486b64d9d74b590c68887759f607c0c9e62615003299698a80c,4682128,1512514368,0x9f4562c9be26c7020909b50ccde3447f1b8c4b21,0x48721cd590adfa3952fd230831c9821fd48c71cc,0.022500000000000000,NULL,0x,0
10,0xc26139a478ceb4be58c026d14a0b30870a67d23e32a88d49ebb2791c7c7a779d,4693421,1512687894,0x9f4562c9be26c7020909b50ccde3447f1b8c4b21,0x7fe78c054fa6dbadf1492e719b0260a3adb7205d,0.020000000000000000,NULL,0x,1
11,0xa2c297a6ffba48a34cf039347c59d5c49da533323d788a1739b4ef137054dcd2,4699150,1512773018,0x9f4562c9be26c7020909b50ccde3447f1b8c4b21,0x5b2f4ce55f7909f60cb0688aaeec2b9db33a4a19,0.025000000000000000,NULL,0x,0
12,0xe8808dfbbbba173a265a43292c266f44ea02bd85b42a89e87b67a1c67f626132,4713745,1512990976,0xea674fdde714fd979de3edf0f56aa9716b898ec8,0x9f4562c9be26c7020909b50ccde3447f1b8c4b21,0.059664944954052017,NULL,0x,0
13,0x8b505e56915bd1c00bf16b5da90dfc080669b635ad84f7289b9fdb6810cd94ec,4716123,1513026707,0x9f4562c9be26c7020909b50ccde3447f1b8c4b21,0x3520824a944653b76122cec6549a205afa841cc9,0.050000000000000000,NULL,0x,0
14,0xf6adf06bbb3feb85f32e866df4430ea0e407584d041e1057861091f3618839fa,4754076,1513595937,0xea674fdde714fd979de3edf0f56aa9716b898ec8,0x9f4562c9be26c7020909b50ccde3447f1b8c4b21,0.041632185166593337,NULL,0x,0
15,0x36a436319dc64f2c6a72e62c449e1f8b87071959d559cfc706713dfc5b7c08fa,4794220,1514201272,0xea674fdde714fd979de3edf0f56aa9716b898ec8,0x9f4562c9be26c7020909b50ccde3447f1b8c4b21,0.038100551883188511,NULL,0x,0
16,0x682ab35d1329c246bb9770e2d220b1586f29bc5285781a08f79db2b2246c192a,4813334,1514477195,0x9f4562c9be26c7020909b50ccde3447f1b8c4b21,0xc24ca8eb66abd0ced005a9e3f25c725dfe704be4,0.007000000000000000,NULL,0x,0
17,0x87c818e91a4ad6f1d5f7399fc69ff4686c751294377931a2e6aaf5faed267849,4813352,1514477486,0x9f4562c9be26c7020909b50ccde3447f1b8c4b21,0xc24ca8eb66abd0ced005a9e3f25c725dfe704be4,0.000400000000000000,NULL,0x,0
18,0x39ec6d8cbc9069af4cfb5a9bf354279d70f0a310b3965a09062c42fd219ed5c4,4813667,1514482573,0x9f4562c9be26c7020909b50ccde3447f1b8c4b21,0xc24ca8eb66abd0ced005a9e3f25c725dfe704be4,0.005000000000000000,NULL,0x,0
19,0xb265aabfc2d5ef09bda876b726d2647a9959bb7dd2cb86d8371c02f00122b201,4819158,1514564104,0xfaa6ac1484fc64bfbd9dd8a1626b5c3680326a41,0x9f4562c9be26c7020909b50ccde3447f1b8c4b21,0.000002460500000000,NULL,0x,0
20,0xaaff4ac170f5fc7f0195f51c1846d908ee8def7af0d456733416a7b49215de89,4832941,1514768450,0x9f4562c9be26c7020909b50ccde3447f1b8c4b21,0x72dd4b6bd852a3aa172be4d6c5a6dbec588cf131,0E-18,NULL,0xa9059cbb0000000000000000000000006fa1428476229cc5b20157c464d34b3e308e61710000000000000000000000000000000000000000000000009fd5ef89b20806a0,0
21,0xe4a5ee921b15fc945afa37072d167bd48e6af5ba899aff1647abd1a2f5c0f6ea,4835605,1514806500,0xea674fdde714fd979de3edf0f56aa9716b898ec8,0x9f4562c9be26c7020909b50ccde3447f1b8c4b21,0.034132813655309527,NULL,0x,0
22,0x690a59d143af891c6ec71670726720a2f89c5e7d8997f245eb43e49ab9847f0a,4836670,1514822490,0x4c34ae54dc716808e94af3d1d638b8ea3a23fa9b,0x9f4562c9be26c7020909b50ccde3447f1b8c4b21,0.037574710000000000,NULL,0x,0
23,0x101070e3bc0a2c6857dba2ebff669fb1adefe26974336b8707267c9581ddfe05,4874424,1515413770,0xea674fdde714fd979de3edf0f56aa9716b898ec8,0x9f4562c9be26c7020909b50ccde3447f1b8c4b21,0.037407538515552978,NULL,0x,0
24,0x7b41849787e077aaa9aec7bd6d3585fba27d8307af205b7abcd9a5bc76659d02,4892786,1515707788,0xa41b7a46bc48a7dde5ff723e66591a5e99939920,0x9f4562c9be26c7020909b50ccde3447f1b8c4b21,0.005000000000000000,NULL,0x,0
25,0xeed9bf68161730b6958d6841617bc03f89e36bab2f6e84df19ac6766d502eaf5,4907960,1515947383,0x4ca82f7002c2fd4d4724215f3cd67074dd9e1fe4,0x9f4562c9be26c7020909b50ccde3447f1b8c4b21,0.100420000000000000,NULL,0x,0
26,0xea51d5d5804e3ec2242875a550bf1a31535a24512123b34fd34d9953ee286a04,4909173,1515966197,0x76014d6896c138ebcb8db307c4ea8ce639aa1005,0x9f4562c9be26c7020909b50ccde3447f1b8c4b21,0.030000000000000000,NULL,0x,0
27,0x7873b02184676b570b92e857e935a2f53b477a232304a04719dc59855e27aa2f,4912491,1516018772,0xea674fdde714fd979de3edf0f56aa9716b898ec8,0x9f4562c9be26c7020909b50ccde3447f1b8c4b21,0.033797912146331734,NULL,0x,0
28,0xe760eef24c7c46168d1b7a1c26870d862ec2698bcd58e9cbcdef1a53efb44456,4912890,1516025027,0x7ed1e469fcb3ee19c0366d829e291451be638e59,0x9f4562c9be26c7020909b50ccde3447f1b8c4b21,0.008520000000000000,NULL,0x,0
29,0x9042c5df2ffe223fb578767d482b4d5e7ee7dde4e018fd9c8d65ac5e7db60d3d,4914447,1516049938,0x76014d6896c138ebcb8db307c4ea8ce639aa1005,0x9f4562c9be26c7020909b50ccde3447f1b8c4b21,0.011220000000000000,NULL,0x,0
30,0xa139c1f5740a3c2f21138dea8654efeb4dcc27254d0055c14b49f64c2ba0bce5,4923052,1516184333,0x90eb568809e4e0750e0efd702cc44cf0cf06129e,0x9f4562c9be26c7020909b50ccde3447f1b8c4b21,0.006630000000000000,NULL,0x,0
31,0x0e7035fd6093c06a6fce5349fc0ec5f39f266980c500ba256a71e8a066028416,4923733,1516194806,0x9f4562c9be26c7020909b50ccde3447f1b8c4b21,0xbd9f36b1e0096de25e4c06e530277690cdbb8c74,0.023000000000000000,NULL,0x,0
32,0x874764b27c1b3c32bf9995f22166b6790e606a8f9d21e0c40deeeee668d0043e,4924002,1516198870,0x9f4562c9be26c7020909b50ccde3447f1b8c4b21,0xbd9f36b1e0096de25e4c06e530277690cdbb8c74,0.016000000000000000,NULL,0x,0
33,0x0f0475c61afa4bcec9bb5bdabba5f5ad11a90a7cc1afdbd5a05f4b85ed64eb5c,4924344,1516204121,0x9f4562c9be26c7020909b50ccde3447f1b8c4b21,0x662abcad0b7f345ab7ffb1b1fbb9df7894f18e66,0E-18,NULL,0xa9059cbb00000000000000000000000090eb568809e4e0750e0efd702cc44cf0cf06129e0000000000000000000000000000000000000000000000002cf6cad570440000,1
34,0x6fa88df3b0b96d7daf48b1712b96c082a24f482e68154926e4a8583070e8c6ea,4924752,1516210342,0x9f4562c9be26c7020909b50ccde3447f1b8c4b21,0x662abcad0b7f345ab7ffb1b1fbb9df7894f18e66,0E-18,NULL,0xa9059cbb0000000000000000000000004ca82f7002c2fd4d4724215f3cd67074dd9e1fe4000000000000000000000000000000000000000000000003ad7818917a800000,0
35,0x3787b922af05feb934d7679f7089be63e743ff8dd43f343b8c8f28fed6f7fb8f,4931838,1516320774,0x95473fd3a3b63ad7148983640af602157ef440e3,0x9f4562c9be26c7020909b50ccde3447f1b8c4b21,0.060000000000000000,NULL,0x,0
36,0x28d4d18263043f0eeaf579420157445abf1c717b5294a58d0444cb62e0f268e3,4936996,1516398894,0x81b7ee727aa2a444a0bf4b8401503342cdbf7f98,0x9f4562c9be26c7020909b50ccde3447f1b8c4b21,0.020000000000000000,NULL,0x,0
37,0xec6c8abd77e3b35a4ad08050f001d7a86ab45c244366478ed523429cb617298c,4937153,1516401402,0x9f4562c9be26c7020909b50ccde3447f1b8c4b21,0x932571ce39bd572c0cf7621ae4612cd7c4395561,0.004000000000000000,NULL,0x,0
38,0xb6c5fda823e0ff4fe81f92c430b644ddf636af91f22696d8829d33cbd06f4794,4940947,1516457503,0x9f4562c9be26c7020909b50ccde3447f1b8c4b21,0x662abcad0b7f345ab7ffb1b1fbb9df7894f18e66,0E-18,NULL,0xa9059cbb00000000000000000000000081b7ee727aa2a444a0bf4b8401503342cdbf7f98000000000000000000000000000000000000000000000000bf3c64fd8ce20000,1
39,0xed453591c70127dbc771a951010bb89284b3626dd106b75a004b8e76fa863a8b,4940955,1516457623,0x9f4562c9be26c7020909b50ccde3447f1b8c4b21,0x662abcad0b7f345ab7ffb1b1fbb9df7894f18e66,0E-18,NULL,0xa9059cbb00000000000000000000000081b7ee727aa2a444a0bf4b8401503342cdbf7f98000000000000000000000000000000000000000000000000bf3c64fd8ce20000,1
40,0xe5f80133288de35dc27cdcdad87925e5b1099c1435fc0eec5338c0819a9b7865,4941298,1516462266,0x9f4562c9be26c7020909b50ccde3447f1b8c4b21,0xc8a5a5d9b445f0e310d38c064288c88314c46cac,0.007620000000000000,NULL,0x,0
41,0x29a83dcd566587ccdb56e5018e831f5149242e27d2d7dbb7803ca1200e96a327,4941834,1516469927,0x9f4562c9be26c7020909b50ccde3447f1b8c4b21,0x662abcad0b7f345ab7ffb1b1fbb9df7894f18e66,0E-18,NULL,0xa9059cbb00000000000000000000000081b7ee727aa2a444a0bf4b8401503342cdbf7f98000000000000000000000000000000000000000000000000bdd91f852f580000,0
42,0x363d7069f118a308f30c51f110570ce1d40d341fbba5ef1e0d9181158a9917a4,4942389,1516478520,0x9f4562c9be26c7020909b50ccde3447f1b8c4b21,0xcadf09e1dd75ab9f1b25b18ff81026e447e27e48,0.021370000000000000,NULL,0x,0
43,0x0b7e24302f4e5240063d0a325cc6027f055df74bf7c9db3f129ac4682e0fd883,4952214,1516623622,0xea674fdde714fd979de3edf0f56aa9716b898ec8,0x9f4562c9be26c7020909b50ccde3447f1b8c4b21,0.030297806460840026,NULL,0x,0
44,0x451d5b12efd95b0b049e2e985f6dbc73f1228c49fc7fc666dbe1de36e377574b,4965811,1516823168,0x9f4562c9be26c7020909b50ccde3447f1b8c4b21,0x932571ce39bd572c0cf7621ae4612cd7c4395561,0.056405000000000000,NULL,0x,0
45,0xa447f1d73b03b1afe4aa5f87ade376aaba64072ec09bc1b90b2ea4acaf544c82,4993819,1517228481,0xea674fdde714fd979de3edf0f56aa9716b898ec8,0x9f4562c9be26c7020909b50ccde3447f1b8c4b21,0.025670410411394426,NULL,0x,0
46,0x33ae5bab6cf9d8515fe98ff36d0881b52ba9a945e53a58d8d53532424fee3885,5035167,1517833707,0xea674fdde714fd979de3edf0f56aa9716b898ec8,0x9f4562c9be26c7020909b50ccde3447f1b8c4b21,0.025243615532961204,NULL,0x,0
47,0x9bf3ac141d006c5bfeedd185cd32d4ebf35bc27225dc34d4a56a8dc1fd420606,5076894,1518438529,0xea674fdde714fd979de3edf0f56aa9716b898ec8,0x9f4562c9be26c7020909b50ccde3447f1b8c4b21,0.023185449538698620,NULL,0x,0
48,0x488062647292b74779adaf82a2046a30b68277a70485ff16b53fba05f279eebb,5118596,1519043571,0xea674fdde714fd979de3edf0f56aa9716b898ec8,0x9f4562c9be26c7020909b50ccde3447f1b8c4b21,0.023239703266641183,NULL,0x,0
49,0xa121698e407da990e7f2552b3389f6bdadbbd4c556af7b892bfe64b2596cb9d7,5159624,1519649131,0xea674fdde714fd979de3edf0f56aa9716b898ec8,0x9f4562c9be26c7020909b50ccde3447f1b8c4b21,0.022096415505006050,NULL,0x,0
50,0xea8ae423db8ae59e9e4ffd0bec944e2b5b5e3828b9f9539c20b42b824374bf77,5200887,1520254055,0xea674fdde714fd979de3edf0f56aa9716b898ec8,0x9f4562c9be26c7020909b50ccde3447f1b8c4b21,0.021135572901117466,NULL,0x,0
51,0x73eb7403dba5cddce1bb00f401f22cbde81e2060526c349c0f44c7b0eeabc523,5242139,1520859374,0xea674fdde714fd979de3edf0f56aa9716b898ec8,0x9f4562c9be26c7020909b50ccde3447f1b8c4b21,0.021053074916615841,NULL,0x,0
52,0x0f6d13f5f173bc07644d62adb2c31ca73a8eebc7a131d1e05ceb76ee7b878f42,5283374,1521464458,0xea674fdde714fd979de3edf0f56aa9716b898ec8,0x9f4562c9be26c7020909b50ccde3447f1b8c4b21,0.020538847313722775,NULL,0x,0
53,0x997c518ab509e5bbe3b6f58152c95750afd6522c963b7e8422b0d998d021ffe0,5325120,1522065934,0xea674fdde714fd979de3edf0f56aa9716b898ec8,0x9f4562c9be26c7020909b50ccde3447f1b8c4b21,0.020567838761699993,NULL,0x,0
54,0x5907c5433b629e23ef8f22751c2de8811b4b651de1b70168122364902355a4ac,5366941,1522671047,0xea674fdde714fd979de3edf0f56aa9716b898ec8,0x9f4562c9be26c7020909b50ccde3447f1b8c4b21,0.019076863804937346,NULL,0x,0
55,0x1607ff5d8fb8432fd98193c1fead28aef4d4e19801e9c7723223218742bf8823,6308730,1536621581,0x9f4562c9be26c7020909b50ccde3447f1b8c4b21,0xb1499bdc9798507a41efab42a76b1de37ee0b7c8,0E-18,NULL,0xa9059cbb000000000000000000000000fc4cf0a577e7a49f30d7785e3bf1950e7cf026810000000000000000000000000000000000000000000000000000000000000005,0
56,0xd5300d4afbd42c1442e5b32c2cd4ee28a42fb4df28079d408284d53b57347585,6308809,1536622596,0x9f4562c9be26c7020909b50ccde3447f1b8c4b21,0x1846349d593c964b001dc564fe38fc2099bb3b14,0.002000000000000000,NULL,0x,0
