,TxHash,BlockHeight,TimeStamp,From,To,Value,ContractAddress,Input,isError
0,0x13c24782c73fd3fee4a732ff2662ff7c94eb0ed792017a6b1476b32a37b4ab5d,4627327,1511724567,0xc8d78a818dd9996490f01701f8dba6d8c632d6a5,0xa2a3a8e4a1877da1c913df7591ac0d72f27d4510,1.000000000000000000,NULL,0x,0
1,0x80a7949ae98eee7674ac2e2c24727787d8e336a54690effa521b3646b14ca854,4631481,1511783173,0x777c9137d8bd3c072d80dbaed560837dc9629f78,0xa2a3a8e4a1877da1c913df7591ac0d72f27d4510,0.200000000000000000,NULL,0x,0
2,0x99967fea58a8ea768608eae10dc8a1bede8307e1d9eb0f15666b80100d712c76,4637182,1511863996,0x7d5bf9eca764196a0c54227f44c4c6cf02248e6e,0xa2a3a8e4a1877da1c913df7591ac0d72f27d4510,0.009559000000000000,NULL,0x,0
3,0xa11c1119b4e14043c3d82629deeb22665d79846ba581d191d0de2c04c5ead816,4637601,1511869982,0xa2a3a8e4a1877da1c913df7591ac0d72f27d4510,0x3f697edb5876b7afbff07d58397497e864e36948,0.200000000000000000,NULL,0x,0
4,0xe1b8f57b83c0da2e3e04a20b350335559e352801ea9ede705439afe48c3aad3b,4649744,1512041652,0xa2a3a8e4a1877da1c913df7591ac0d72f27d4510,0x02de5350da6afef679949a433878596bc20b5a4f,0.100000000000000000,NULL,0x,0
5,0xca08658e695e9d1628da1b7bd5568c2d7e823afa93fa6bcbf66bd5feba9e7991,4660524,1512194001,0xa2a3a8e4a1877da1c913df7591ac0d72f27d4510,0x53f7380dcacc00b4852c98c0de8bec457703bf25,0.300000000000000000,NULL,0x,0
6,0x5428289f313d8ebdee86e63162f5dd2379c5e05de7afdbdeb4b58fbf15a98d8f,4675990,1512419103,0xa2a3a8e4a1877da1c913df7591ac0d72f27d4510,0xc931c135ad82e9139bddda72f1d9dda9411c07ec,0.200000000000000000,NULL,0x,0
7,0xebd2716056947fbb2218e65e5097f7539355dd69c7a6b599eefc1b0dc3137657,4676510,1512427128,0xa2a3a8e4a1877da1c913df7591ac0d72f27d4510,0x62c4e20800844e39eb473604b6ae00cf043bc556,0.200000000000000000,NULL,0x,0
8,0x1c153868b1d1765f89c02cb6a0e1235773252c535a8bf8a33400f520ba309749,4678173,1512453484,0xa2a3a8e4a1877da1c913df7591ac0d72f27d4510,0x796e8c9fa6559dc43f82683f0225f30906d2699c,0.150000000000000000,NULL,0x,0
9,0x7f4e12db111c4e516b5fbfe38ccdb9c99f78a119df5403504f03a5448d719a35,4678886,1512464492,0xa2a3a8e4a1877da1c913df7591ac0d72f27d4510,0xc01873f70cbb68141cef7f0b5188b05e887ff390,0.057442200000000000,NULL,0x,0
