,TxHash,BlockHeight,TimeStamp,From,To,Value,ContractAddress,Input,isError
0,0x2a22a8c9b2ecd6e4e8ff7e2b5c2e2241937dcdaaa154c2d37183e3db91b56e23,5859192,1530041919,0x450b33b4e551605eb0e179df27d19dfc70c7093c,0xa2280ddc79183a0de9d3d90c63c0e7646874d9e0,0.400000000000000000,NULL,0x,0
1,0x6ee28103868ed97deeb50030dd8e090330aeec4e3a601a74a90ef8dfe17feb95,5888381,1530475855,0x196f305ad3231329664a310a051e1fa1d24d55d6,0xa2280ddc79183a0de9d3d90c63c0e7646874d9e0,0.500000000000000000,NULL,0x,0
2,0x13c2a616fe2db758f5bf2695b12608062175e0a56e2fdfa6424892adad8f399d,5888446,1530476738,0x4d72dd30ca78a90b67adb969ad2cfce1af651e2c,0xa2280ddc79183a0de9d3d90c63c0e7646874d9e0,0.500000000000000000,NULL,0x,0
3,0xcc18a6507fb78041761774e4bb685a358ac7a966f136f9685ed7aa9a9f989c35,5893420,1530549130,0x6252bd7de379853f70d98bf18301a3a4a261e7ea,0xa2280ddc79183a0de9d3d90c63c0e7646874d9e0,0.100000000000000000,NULL,0x,0
4,0x2c7e19140448c92673c8aac22664aff3713abcb80e2c0808dd3aab15bf16eb32,5894186,1530560379,0xb2a61d81c45db29d13959cbda39b843051d9def9,0xa2280ddc79183a0de9d3d90c63c0e7646874d9e0,0.100000000000000000,NULL,0x,0
5,0x38f3334b595a50d2971bb49e3063458de8a204b5cb992e0b4d45f5cdb476e715,5896082,1530588302,0x59fcecba218527186f72b5416a68cb164ee60388,0xa2280ddc79183a0de9d3d90c63c0e7646874d9e0,0.613996440000000000,NULL,0x,0
0,0xcdf66b042de6ce68dacc3281a547a4ff2c2b66cf437194fc514e9da618d38666,5897065,1530602965,0x1522900b6dafac587d499a862861c0869be6e428,0xa2280ddc79183a0de9d3d90c63c0e7646874d9e0,0.700000000000000000,NULL,NULL,0
6,0xb3a8ad2c0aa50ac518df05dae05bb73921ff82d884dad36a856b73f6e2b48518,5897355,1530607327,0x167a9333bf582556f35bd4d16a7e80e191aa6476,0xa2280ddc79183a0de9d3d90c63c0e7646874d9e0,0.500000000000000000,NULL,0x,0
7,0x66cce2695c072eae1027acfb91de665ff95d7e006c7f451224a7d89b815cdac6,5898749,1530627850,0xcde9e882206f2237621d2bc592d73a1654ec0018,0xa2280ddc79183a0de9d3d90c63c0e7646874d9e0,0.500000000000000000,NULL,0x,0
8,0xa2ea04bfee7b79093ece45bbef0f330ac43e2dac4472aabf1da8eb4cedf3d096,5904296,1530710532,0x3f35216d39c3edcf21cf89541036955597852090,0xa2280ddc79183a0de9d3d90c63c0e7646874d9e0,0.500000000000000000,NULL,0x,0
