,TxHash,BlockHeight,TimeStamp,From,To,Value,ContractAddress,Input,isError
0,0x19a93582fd91c125d71aa9d408204d78a36fd1df2b284f3683a551e10d97949f,5450806,1523880166,0x913d9a4bed39a8b8c465dd004418f008eb1e4a5a,0xa4fe2874a4ad464a50cb72a8c0b1a6ab221a7c17,2.003000000000000000,NULL,0x,0
1,0xde8bea63984d5242bb2dc811d2d07a716ed8d43b2cc60f5fa35c94dbd7e0429d,5450954,1523882469,0x390de26d772d2e2005c6d1d24afc902bae37a4bb,0xa4fe2874a4ad464a50cb72a8c0b1a6ab221a7c17,0.491767290000000000,NULL,0x,0
2,0xba4aec46a2f45e38712907ca20180c74b12ce7cacbece5624555c85734659584,5451722,1523893847,0x3272f018cdb5660d2a707b17df4a4e922d0c3ea8,0xa4fe2874a4ad464a50cb72a8c0b1a6ab221a7c17,5.489000000000000000,NULL,0x,0
3,0xddc1c1a66d9e026a3821f157a26a986fe9b2e225bf4b0fff42d0ca89681035e8,5453353,1523917668,0x53c6ac3c21b04811af038c342e129606cf2f7dd3,0xa4fe2874a4ad464a50cb72a8c0b1a6ab221a7c17,1.000000000000000000,NULL,0x,0
4,0x754fe054edb202a07f7fef64c14fb1edaf13a35c33a6273fd074e5cbad160b30,5509187,1524747528,0x4b01721f0244e7c5b5f63c20942850e447f5a5ee,0xa4fe2874a4ad464a50cb72a8c0b1a6ab221a7c17,0.541723660000000000,NULL,0x,0
5,0x2006e0cea690750b51a9191da9ab8ce07fe4d04c907e0bff9fb136999fc32714,5509511,1524752361,0x6cc5f688a315f3dc28a7781717a9a798a59fda7b,0xa4fe2874a4ad464a50cb72a8c0b1a6ab221a7c17,0.512000000000000000,NULL,0x,0
6,0x7873f356a3a3d0521bcf104737affc3909a9e5c4f267088f2f766fc9ba7f70b2,5509580,1524753280,0xc3d9c17d7f6988c0fe7ebe929c47efccbd92be13,0xa4fe2874a4ad464a50cb72a8c0b1a6ab221a7c17,3.000000000000000000,NULL,0x,0
7,0xe02bcba5d8f7be47012b5858be1569e42839622ced737bce85ea4e942d73b303,5509777,1524756166,0xffd7a9a0c3a5ad55ef6cfcc37fb394d986d0fb57,0xa4fe2874a4ad464a50cb72a8c0b1a6ab221a7c17,2.700000000000000000,NULL,0x,0
8,0xc24be5bd9e6d6636982eb463980fb9c3f4ce59a6a6dd82622b52261184a39991,5510240,1524763098,0x1fd6267f0d86f62d88172b998390afee2a1f54b6,0xa4fe2874a4ad464a50cb72a8c0b1a6ab221a7c17,0.990000000000000000,NULL,0x0000000000000000000000000000000000000000,0
9,0xacf28e7dae0aca96c98c12542ebbd6c254081278a27a4cc92c7f3125640ec7ab,5510517,1524767358,0xe89943ec20d856f064a87349a00ef6ab00aed042,0xa4fe2874a4ad464a50cb72a8c0b1a6ab221a7c17,1.200000000000000000,NULL,0x,0
10,0xc8242f3023befd41b0715a6b981e74d07ff5c46b5ccab13d6cfed4f415ec50f2,5510655,1524769319,0x3f79b806392cfacb68d898e6955f577a05bfeb11,0xa4fe2874a4ad464a50cb72a8c0b1a6ab221a7c17,0.500000000000000000,NULL,0x,0
11,0xc6d75eeed8f8cb0b17f32009ca11c5946be63c3c55ed8faa2d9392c341869d1b,5510828,1524772104,0x620a3e5cddd2748e111a11810757f419d10b1aac,0xa4fe2874a4ad464a50cb72a8c0b1a6ab221a7c17,0.500000000000000000,NULL,0x,0
12,0xbe3b7b9d35c5d46f4010589321c25dbf90a9cc151d621f0f0e8ff18f0c074c2a,5510860,1524772542,0x564286362092d8e7936f0549571a803b203aaced,0xa4fe2874a4ad464a50cb72a8c0b1a6ab221a7c17,0.507987330000000000,NULL,0x,0
13,0x31aae02e3a25df623213fb7aa335610f4d338427a82d48159512eef30fb48564,5510906,1524773194,0xf74b248dd75b060a668da4283be1739e5f8cbc8e,0xa4fe2874a4ad464a50cb72a8c0b1a6ab221a7c17,0.500000000000000000,NULL,0x,0
14,0xabb88f75a9af4c77e9adf0f895edef1165820cb5afdd0eddf5627b39a2f03b4d,5510969,1524774119,0x564286362092d8e7936f0549571a803b203aaced,0xa4fe2874a4ad464a50cb72a8c0b1a6ab221a7c17,0.537249920000000000,NULL,0x,0
15,0xde20e5a510110105f06e76855b8652207926add0fe64376e95d2276196bece3a,5511028,1524775098,0xa43dcd14939811a0853bdbb49c00b6a999dea1e2,0xa4fe2874a4ad464a50cb72a8c0b1a6ab221a7c17,0.999059000000000000,NULL,0x,0
16,0xe8bd8b507a1e17fe0da4a49082c27663b2b8767379b80a9ca93d4c445795263f,5511106,1524776212,0x3f5ce5fbfe3e9af3971dd833d26ba9b5c936f0be,0xa4fe2874a4ad464a50cb72a8c0b1a6ab221a7c17,1.558435700000000000,NULL,0x,0
17,0xf52396c02a41fa0f442211f553e0f42583123c1ff2dc81a5b9338f62fc4871a1,5511128,1524776586,0x3f5ce5fbfe3e9af3971dd833d26ba9b5c936f0be,0xa4fe2874a4ad464a50cb72a8c0b1a6ab221a7c17,0.989000000000000000,NULL,0x,0
18,0xd360b38a22f0c74906558b10281b5e8e48a571a1f941802624c0a2d820940b98,5511231,1524778164,0x0681d8db095565fe8a346fa0277bffde9c0edbbf,0xa4fe2874a4ad464a50cb72a8c0b1a6ab221a7c17,0.689182120000000000,NULL,0x,0
19,0x3298338f89a661494f768c67675d3037bd77f3eef782f0000f91b13db1a4f64b,5511303,1524779157,0x32be343b94f860124dc4fee278fdcbd38c102d88,0xa4fe2874a4ad464a50cb72a8c0b1a6ab221a7c17,10.000000000000000000,NULL,0x,0
20,0x81f5476b455805daac490431754788c3b376659710a85290a519c5b2577b2975,5511633,1524783949,0x7dc9cdaf4afca32aa3e568025e1131b60266d5dc,0xa4fe2874a4ad464a50cb72a8c0b1a6ab221a7c17,0.000400000000000000,NULL,0x,0
0,0x7718ae16dc28491adc35ff2a3437ad871f3d3e38651725be7b07ccc698dd468b,5511641,1524784061,0xd6a062cae6123c158768a5c444ca0896cc60d6b1,0xa4fe2874a4ad464a50cb72a8c0b1a6ab221a7c17,0.500000000000000000,NULL,NULL,0
21,0x7cdc86b27abef7223a50b1032851f7919590a235ce8e5abbf90b9b9f406992b3,5511862,1524786971,0xd551234ae421e3bcba99a0da6d736074f22192ff,0xa4fe2874a4ad464a50cb72a8c0b1a6ab221a7c17,0.125721420000000000,NULL,0x,0
22,0xd1e441a52e50542d715edfac01902d610fdf42f68643cf5efd33008602aa439c,5511898,1524787412,0x78788baf51ca0548fb9a06edbcf58ce1d6223f5e,0xa4fe2874a4ad464a50cb72a8c0b1a6ab221a7c17,0.500000000000000000,NULL,0x,0
23,0x6f7ef0a640a96405e76fe725af353a6081986a21f9f9042ca58ab3141b8f9d5b,5512030,1524789380,0x0681d8db095565fe8a346fa0277bffde9c0edbbf,0xa4fe2874a4ad464a50cb72a8c0b1a6ab221a7c17,0.990000000000000000,NULL,0x,0
24,0x1e0de6df705cffe4a1d1c37598193251a8b229ef8dcfedc0a7c2063f8bfdc125,5512150,1524791373,0xc4c7b33e4b51cf016862ecd80506643758137e00,0xa4fe2874a4ad464a50cb72a8c0b1a6ab221a7c17,0.003000000000000000,NULL,0x,0
25,0x0feb37e19917fc5f35f171a33dc77f1082aa3e25fb109a5b5532044790edb48c,5512707,1524800213,0xe90b3fd58d075bdba7fe8caabb454c744c55a768,0xa4fe2874a4ad464a50cb72a8c0b1a6ab221a7c17,0.000800000000000000,NULL,0x,0
26,0xace69792f55c72ff198d794e15fd318589bcb192ec2ffcd11b087da8c88d137a,5512789,1524801406,0x0d0707963952f2fba59dd06f2b425ace40b492fe,0xa4fe2874a4ad464a50cb72a8c0b1a6ab221a7c17,0.507000000000000000,NULL,0x,0
27,0xf3e5c7654903d224e49b64d2967a83b3b4029d08492ae72b38d54e4e367b932c,5513252,1524808618,0x75e7f640bf6968b6f32c47a3cd82c3c2c9dcae68,0xa4fe2874a4ad464a50cb72a8c0b1a6ab221a7c17,0.703437000000000000,NULL,0x,0
28,0x186f67520187737ce1e3d70a5c9f841539a75e0408ed62e7c45d5d6e4545e1e6,5518477,1524886740,0xc83fcfffa51cdb18b7690aa2db424b1d4fad3539,0xa4fe2874a4ad464a50cb72a8c0b1a6ab221a7c17,0.516000000000000000,NULL,0x,0
29,0xcda54f4d806797dcd66a80445e5b4aaf17238a67500090c303d971c2ade162ed,5521197,1524928087,0xc112227660f80cda978c72bede28bd78825f529f,0xa4fe2874a4ad464a50cb72a8c0b1a6ab221a7c17,0.400000000000000000,NULL,0x,0
30,0x235d75fd607312828cfb1a6cac5c988abf4ba4b8fc342edabbf39483ef1f3d2d,5646987,1526832012,0xa4fe2874a4ad464a50cb72a8c0b1a6ab221a7c17,0x6dec1a70ced6a2697bc8f02de902988fa75a2eec,1.000000000000000000,NULL,0x,0
31,0x19b23f2a7701315564c599f7d566b950161faabffafc6ec38283151fd96a4e0a,5647040,1526832698,0xa4fe2874a4ad464a50cb72a8c0b1a6ab221a7c17,0x6dec1a70ced6a2697bc8f02de902988fa75a2eec,37.953041440000000000,NULL,0x,0
