,TxHash,BlockHeight,TimeStamp,From,To,Value,ContractAddress,Input,isError
0,0xfb50ca3e1f6f7da82f21ad2decbb92270e0fe7ae1dd33f7c2c65c9ce639e1f0e,5850769,1529914573,0x3f5ce5fbfe3e9af3971dd833d26ba9b5c936f0be,0xa5712afa19d70bb5dd57b91c43fffcaaf077dc3d,2.088667110000000000,NULL,0x,0
1,0x7a291ecf80056658c04265bfb62ea8d3ba13ec268a18cb9d499a8d640acd060d,5850891,1529916589,0xa5712afa19d70bb5dd57b91c43fffcaaf077dc3d,0x254404cec5dde4f563bd2493c037228fc6e55172,0.411000000000000000,NULL,0x,0
2,0x11d4523c5652f7918508ae4d6f9a59ce90f7d5f6505bf557cdead2c9ccda7510,5854483,1529970807,0xa5712afa19d70bb5dd57b91c43fffcaaf077dc3d,0x6311c296cad3b9a5726f4748f284370a028a0f2b,1.120000000000000000,NULL,0x,0
3,0xba8f0602ee159de4f813b7739802b34937c81be033d567940981a3b0a9cf96dd,5855675,1529989402,0xe4b3dd9839ed1780351dc5412925cf05f07a1939,0xa5712afa19d70bb5dd57b91c43fffcaaf077dc3d,0.503000000000000000,NULL,0x,0
0,0x7419b5aa045b0587080cf827d6e62d7a8a89ac7a3f5096377be5fbcfb95dfe4c,5856117,1529996059,0xd9f61a4a96f66afe09c6f55b72aeaf1590ac8495,0xa5712afa19d70bb5dd57b91c43fffcaaf077dc3d,0.500000000000000000,NULL,NULL,0
4,0x5868a0f6fc2c6f7fb2217e3acd231efd315fa527aa1752e92ed7b3a01e638cbd,5856515,1530002046,0x390de26d772d2e2005c6d1d24afc902bae37a4bb,0xa5712afa19d70bb5dd57b91c43fffcaaf077dc3d,0.500000000000000000,NULL,0x,0
5,0xe7752c1a99ddd2affa5465b885a2c484f4b060745330346b9a8a19614429676d,5861644,1530079007,0xa5712afa19d70bb5dd57b91c43fffcaaf077dc3d,0x4bf108f4d685f8c10df0ab8c8a6dcd2416964008,0.240000000000000000,NULL,0x,0
6,0xe31a0fab39399d74c4dadc1134c14ebe99c9c4dda665b552e75a6521270b5bf7,5862704,1530094922,0x4733b24c1485c23df7962f877b0de2874bed1820,0xa5712afa19d70bb5dd57b91c43fffcaaf077dc3d,0.599832000000000000,NULL,0x,0
7,0x4a378f9969213288dd553fb9d109948d46cb8b1e6d57eddb140b88ed2180636e,5864160,1530116135,0xfbb1b73c4f0bda4f67dca266ce6ef42f520fbb98,0xa5712afa19d70bb5dd57b91c43fffcaaf077dc3d,0.994000000000000000,NULL,0x,0
8,0x9aec2825f35c1ae6e45cdb7518ca4fb1c8d7343dcc1e500d63b15dc4203aa956,5864783,1530125157,0xfbb1b73c4f0bda4f67dca266ce6ef42f520fbb98,0xa5712afa19d70bb5dd57b91c43fffcaaf077dc3d,1.227000000000000000,NULL,0x,0
9,0xfe6c238db2a41f47eb1924d82fa2edf38750dd318f318b1031c8e1a9d2bc9f2a,5866987,1530158479,0xa5712afa19d70bb5dd57b91c43fffcaaf077dc3d,0x6311c296cad3b9a5726f4748f284370a028a0f2b,1.149400000000000000,NULL,0x,0
10,0xe0f94fe9e3bec45afa9180cf53abaf0eb6f017ec19d818bd3f651c42159dcbcc,5867768,1530170117,0x4a5a12273012afd4add12e47dcc2b483f7df0b5a,0xa5712afa19d70bb5dd57b91c43fffcaaf077dc3d,0.500000000000000000,NULL,0x,0
11,0xff39aa5e109cdcad660d2948b57d04d7f6d834cb02a46b53999072af4e4be7fa,5868413,1530179100,0xd33577609f71eeb9e72b8b077590f50f9cbbce0a,0xa5712afa19d70bb5dd57b91c43fffcaaf077dc3d,0.050000000000000000,NULL,0x,0
12,0xc3c241af69a9be21abf788dcc83f99cde868ce79dda178c352f06ad4f0f8552f,5869451,1530194984,0xacdc44a6a6a7c2b79d3d631e98ced3fc5ab093b4,0xa5712afa19d70bb5dd57b91c43fffcaaf077dc3d,0.006292236000000000,NULL,0x,0
13,0x3434871e1eae2accfa0346efda2393287f03bf00de6a4027f43d4254e212ee64,5877457,1530314280,0xa5712afa19d70bb5dd57b91c43fffcaaf077dc3d,0xa7189475be7fcf81a22043a11175969bf486e593,2.780000000000000000,NULL,0x,0
14,0x735958413c6141cc25078d8b4fc5ecd0d9cd9a8994bf82f95b5a4a653ab034eb,5884195,1530413895,0xa5712afa19d70bb5dd57b91c43fffcaaf077dc3d,0x32e2ce2b59a0a8ee383ad8d2bd18231d93022a43,0.140000000000000000,NULL,0x,0
15,0x5b01a3072ace0b0f0475baa15c586b3de0833b4649b410cdba66d11d93ab2202,5884277,1530415174,0xa5712afa19d70bb5dd57b91c43fffcaaf077dc3d,0x909b77c1d9c9ea87051126250fd0e41131f795b9,0.135000000000000000,NULL,0x,0
16,0x2c9d453828ce39ebc52130cc473bfdda02d27b72a011535a8ac03ec21fa98796,5890606,1530507799,0xd9ef0697e2456028dd83b828bdc61286dad39226,0xa5712afa19d70bb5dd57b91c43fffcaaf077dc3d,0.580000000000000000,NULL,0x,0
17,0x227efaaabad03459cfb83e292831bb76ca59b39fb68216b88e112774ec3b1ba9,5896663,1530597121,0x3f5ce5fbfe3e9af3971dd833d26ba9b5c936f0be,0xa5712afa19d70bb5dd57b91c43fffcaaf077dc3d,0.500000000000000000,NULL,0x,0
18,0x637884380f41f09f5b2bfb28e1fc21ac49e360391149d24d892f3dc16973bdfb,5899994,1530646579,0xa5712afa19d70bb5dd57b91c43fffcaaf077dc3d,0xac72aff4743a97b1a130bb6d3bb7b6432cd61e57,0.044802480000000000,NULL,0x,0
19,0xa7a2e1fae1ff769b4595cd84055b40ada88d55f15c13245e51f9769aeeffaddf,5901265,1530665341,0xa5712afa19d70bb5dd57b91c43fffcaaf077dc3d,0xfdcc233d25d5600cb91eaa122192e127ce361ed7,0.333217610000000000,NULL,0x,0
20,0x7ffcb3de262d02cb368a73016de751b29deab30ff2517ca845832e37c171125d,5902896,1530689260,0xa5712afa19d70bb5dd57b91c43fffcaaf077dc3d,0xada3eff227777372a9af088d7502e8328403e8e0,0.331597650000000000,NULL,0x,0
21,0xb5b77f543f21aaa841fe4b3c80123f9e44da29246a252f2bb488800362af2df1,5902978,1530690467,0xa5712afa19d70bb5dd57b91c43fffcaaf077dc3d,0xe5c40722a7e825ce60ae4c528df57c2b0a361287,0.220000000000000000,NULL,0x,0
22,0x4481f1c408b835898f294cf3a5dddd38828c0aeb1f3525a9732f6d30764179f7,5902988,1530690618,0xa5712afa19d70bb5dd57b91c43fffcaaf077dc3d,0xe5c40722a7e825ce60ae4c528df57c2b0a361287,0.022000000000000000,NULL,0x,0
23,0x266cdc3ee7b05b388f58d7dd7adb7e93cf2c1166d2170baf26ba617d778deebe,5908315,1530770238,0xa5712afa19d70bb5dd57b91c43fffcaaf077dc3d,0xa7189475be7fcf81a22043a11175969bf486e593,0.640000000000000000,NULL,0x,0
24,0x5b2deb5d44d769d20757bfaee607f61a218cc6c3e70fb4efb316e9d951d9c74f,5909059,1530781178,0x5f011df84c19dc79365ba23d9af504ce1c34535b,0xa5712afa19d70bb5dd57b91c43fffcaaf077dc3d,0.700000000000000000,NULL,0x,0
25,0x54d190f8ae01623ffb55cb10138433dfbc07a22297062b43453705aa65bf071e,5912635,1530833979,0xa5712afa19d70bb5dd57b91c43fffcaaf077dc3d,0x6ee89644b3b2bd2508d5a9252631d742fa3bbb80,0.011102550000000000,NULL,0x,0
26,0xabbe3cd1b385bd90d0a8f7da4af5fd9ff779a126c5dd6202aaa9cd28b8aaf278,5921579,1530966895,0x4f1c0a49f493745c2d48b21031bdbee5302938d4,0xa5712afa19d70bb5dd57b91c43fffcaaf077dc3d,0.500000000000000000,NULL,0x,0
27,0x86f8f50b53ee4795e1bb96f1208d591b2b4e5f8d86d9035c1d3f37f5c0591298,5922566,1530981075,0x532017b238c7baab39c6b789a27bbca687b66c7b,0xa5712afa19d70bb5dd57b91c43fffcaaf077dc3d,0.490000000000000000,NULL,0x,0
28,0xfcb70f8cac4e40b7c87135cff4b2e3928fcc89456d00706b4f684faeac63e986,5922605,1530981715,0x532017b238c7baab39c6b789a27bbca687b66c7b,0xa5712afa19d70bb5dd57b91c43fffcaaf077dc3d,0.010000000000000000,NULL,0x,0
29,0x04dd04e0b30fcdf0c2c43780103d3f9a281990ba05eb289d4855cdeaaba8f28d,5922839,1530985436,0xe3031c1bfaa7825813c562cbdcc69d96fcad2087,0xa5712afa19d70bb5dd57b91c43fffcaaf077dc3d,1.123111860000000000,NULL,0x,0
30,0xa40c600e1560169358f0e2a801527f82185e9bdba61be57e2c87f705769aa530,5924700,1531013215,0xa5712afa19d70bb5dd57b91c43fffcaaf077dc3d,0xa7189475be7fcf81a22043a11175969bf486e593,0.414000000000000000,NULL,0x,0
31,0x0b0a096cf463233a10a8fecee9848cc8814105d0f6d808e25529383c12269384,5925511,1531025701,0xa5712afa19d70bb5dd57b91c43fffcaaf077dc3d,0x4d5354b1c85e7fce6dea9973e39fed683420d217,0.024630000000000000,NULL,0x,0
32,0x358057ee4a3109e3ac5d54591f061434eea55ee3b2a3e72d08be742de4a81090,5926399,1531039219,0x37b9b94933b987a9259bda59ea70fd7a32683b6f,0xa5712afa19d70bb5dd57b91c43fffcaaf077dc3d,0.506072870000000000,NULL,0x,0
33,0x72038757a51b32d6b5d826ef5b12e2548af7d5ec04bf7811275ef8000decdfcf,5926415,1531039478,0x5c8e292dbe376ddbf76dbae69b08f50b2ed6c4e0,0xa5712afa19d70bb5dd57b91c43fffcaaf077dc3d,0.785041400000000000,NULL,0x,0
34,0x2b2876a5b3ce55ad8d0d1e676060bd166425fbf49247f85a3a078aa918fba91b,5926507,1531040890,0x9261b685c87a38e9f18d3f7941717462ddb17a23,0xa5712afa19d70bb5dd57b91c43fffcaaf077dc3d,0.001284880000000000,NULL,0x,0
35,0xd1da4765daee2c075eb72b79210852449e37a44762928a1588a41fa550a2782d,5926914,1531046974,0xc13216954401170f9b6182caaf33db628302b6fb,0xa5712afa19d70bb5dd57b91c43fffcaaf077dc3d,0.300000000000000000,NULL,0x,0
36,0xe4982dd907c318e25728ba35818f97fa8e39b5b5a1bf092acf45768e1d222c5f,5927134,1531050039,0x311a584f940a54aa4fc663d53939d932b792a69c,0xa5712afa19d70bb5dd57b91c43fffcaaf077dc3d,0.157149640000000000,NULL,0x,0
37,0xd3b9f721e2dcd33dc7c9ac87fdaff376f7104c024e9c2ef68b5afffad0088460,5928597,1531072736,0x15b5e3fbe4e3c35b04efc4e575c26b9e62dc6ff5,0xa5712afa19d70bb5dd57b91c43fffcaaf077dc3d,0.520776200000000000,NULL,0x,0
38,0xa9b0d79900d72b36b29f1f4f91b46c9addd9f077b203f4cc403fb2bcdced1994,5929151,1531080592,0xc414931fea7625667f51483b7b2bf7b6060184a8,0xa5712afa19d70bb5dd57b91c43fffcaaf077dc3d,0.010209200000000000,NULL,0x,0
39,0x1795226382f740642dafdac5020c503142bd65ba432ded26b3fdfd379bb19062,5929413,1531084500,0x914826d7a2bf868f36b18232c713efb4a626ebda,0xa5712afa19d70bb5dd57b91c43fffcaaf077dc3d,1.000000000000000000,NULL,0x,0
40,0x54b957ee1112064ca3453b7d099c6d5d0fb9d99144b107070bf31382b2980495,5929448,1531085094,0xae42514c5738de0681ad905b3d6328b21e6b3c04,0xa5712afa19d70bb5dd57b91c43fffcaaf077dc3d,1.000000000000000000,NULL,0x,0
41,0x6b5c1743c91562e98c2ae8a672d70ea24c88eafe6c4756420f3c1bb295384e62,5929867,1531091148,0xa5712afa19d70bb5dd57b91c43fffcaaf077dc3d,0x69f118705d917f0fb0a538503d51aeb8ecb51abe,0.311830130000000000,NULL,0x,0
42,0xf30bfb09440f16bba4c736908dfe0c9b5ebe749585c54da4df74ef58b74b52d3,5929930,1531092126,0xa5712afa19d70bb5dd57b91c43fffcaaf077dc3d,0xa7189475be7fcf81a22043a11175969bf486e593,0.940000000000000000,NULL,0x,0
43,0x650de62962776273072bb559a3a07f7efdff899353a78fffaabfa83fe48a1ea6,5929974,1531092799,0xa5712afa19d70bb5dd57b91c43fffcaaf077dc3d,0x0d8415be40925d965ade2cd62be5680389d640e4,0.314807710000000000,NULL,0x,0
44,0x75719aa6498632ae58c87bb5aa78be582a52eda9272a24eafc8e42cad9b7b55e,5933073,1531138666,0xa5712afa19d70bb5dd57b91c43fffcaaf077dc3d,0xa7189475be7fcf81a22043a11175969bf486e593,0.420000000000000000,NULL,0x,0
45,0xa24f20e401e52e6744633b389696e299dadfd1b49c82f3ba1f8142ef4a6b52dd,5936928,1531195556,0xa5712afa19d70bb5dd57b91c43fffcaaf077dc3d,0xa7189475be7fcf81a22043a11175969bf486e593,0.766000000000000000,NULL,0x,0
46,0xbe595fc9ccc86515aa3eff74affe7c3f109f0ed99a132af4a4fe1f757ec67986,5938813,1531223902,0xa5712afa19d70bb5dd57b91c43fffcaaf077dc3d,0xa7189475be7fcf81a22043a11175969bf486e593,0.230335000000000000,NULL,0x,0
47,0x331a4748b3e739f06c781c3725f22043fef4a9885d023ba647edffe85af167e5,5938818,1531223954,0xa5712afa19d70bb5dd57b91c43fffcaaf077dc3d,0x08296a76adb9da77c46d68d7291916005bd9f784,0.230840000000000000,NULL,0x,0
48,0x6ac8f3587f7251a2dbdd111df66d6e76f2eb51e8d9850b388198a1596466553a,5938950,1531225883,0xa5712afa19d70bb5dd57b91c43fffcaaf077dc3d,0x909b77c1d9c9ea87051126250fd0e41131f795b9,0.240000000000000000,NULL,0x,0
49,0xc982c299f1f273596ef00835d25ab1d6a5b8727b5311d4832f8bf9370a89ba1a,5946098,1531332014,0xa5712afa19d70bb5dd57b91c43fffcaaf077dc3d,0x909b77c1d9c9ea87051126250fd0e41131f795b9,0.250000000000000000,NULL,0x,0
50,0xe9bc70ea3ca50925828a4361efc580ea4315e5b83572aa6883e0e1c990c01027,5947537,1531352002,0xa5712afa19d70bb5dd57b91c43fffcaaf077dc3d,0x074f471dc1b1ce7c30962c3d5784951934e07335,0.046846850000000000,NULL,0x,0
51,0x664e64e4c0306f12b5f41e52bd5d68b68a072f734489ea0490b98cb8b017f6f3,5953782,1531442394,0xa5712afa19d70bb5dd57b91c43fffcaaf077dc3d,0xe36dbb07ea7e2de50aaa26a82feb7fdfc12f89a0,0.150000000000000000,NULL,0x,0
52,0xbe632b5d2843e5f945eb51f949c3e19563c676f4787942d9114249f0dca2a590,5956603,1531483219,0xa5712afa19d70bb5dd57b91c43fffcaaf077dc3d,0x1dfba2d10ec7c15f329c0c876c3bf40004269a08,0.125700000000000000,NULL,0x,0
53,0x597ef2437b2d237708619e2bded57794f94480a2008a0c26ab8c26863596d182,5960366,1531537272,0xa5712afa19d70bb5dd57b91c43fffcaaf077dc3d,0xe36dbb07ea7e2de50aaa26a82feb7fdfc12f89a0,0.300000000000000000,NULL,0x,0
54,0xf0f96739110d2c1fe5a5af1f9100d5c2fcfd5da54f078fd83eb25030cc408565,5967159,1531635638,0xa5712afa19d70bb5dd57b91c43fffcaaf077dc3d,0x5e60e026b55e49bb9bec49d78233a60044779959,0.023820430000000000,NULL,0x,0
55,0xe11241ed7db6ad70541c64f4a713a635722a1f829813a3c672362f795b54e24a,5967165,1531635776,0xa5712afa19d70bb5dd57b91c43fffcaaf077dc3d,0x42956ef8dbad98bf95a8a3ef2e6e085e8eae22b3,0.028584520000000000,NULL,0x,0
56,0x1e4838be4f0346e5cb41bb87deb7f3f6260c30e18798b76a968b7cf431e8bb59,5973156,1531720958,0xa5712afa19d70bb5dd57b91c43fffcaaf077dc3d,0x23e8dd61996efe2d9d77237f2e984b84010176ae,0.898000000000000000,NULL,0x,0
57,0x434a7104ac1016272f64ebf5e8db1169fb3259afcbf43c95f399b6ece04ca28d,5977804,1531789843,0xa5712afa19d70bb5dd57b91c43fffcaaf077dc3d,0xa1d0f2ef09bc64b0b70716266e3c13722267b724,0.021717790000000000,NULL,0x,0
58,0x00c2f9f16753c04c6227333e74655109f484bb257d338841f43863a657eaff6f,5978843,1531805064,0xa5712afa19d70bb5dd57b91c43fffcaaf077dc3d,0xb45ad76b33624daf715a8d60246548c08977ee91,0.026261520000000000,NULL,0x,0
59,0x028503f942973977ebb0af71b2b60480c0da9ce6fb8d40979f9426285ab46151,5978883,1531805604,0xa5712afa19d70bb5dd57b91c43fffcaaf077dc3d,0x0ee2a690a47baac6c504dd2955b772a2a4463bff,0.043780260000000000,NULL,0x,0
60,0x275bf5d21cff2cf72febc7502248df0711a1392dc0d6b9384dd7f2b96ef85d62,5984802,1531893648,0xa5712afa19d70bb5dd57b91c43fffcaaf077dc3d,0xccedfb0b3d7acc59dd243b038c3ff41380dc2001,0.019860000000000000,NULL,0x,0
61,0x660630f8a7f46b53efe7be74912aa610615db45e161220e4fc3ddab3aeadc7d5,5984922,1531895425,0xa5712afa19d70bb5dd57b91c43fffcaaf077dc3d,0xa0b85303672ce65179eede076ae4e91740499f5d,0.099950000000000000,NULL,0x,0
62,0x5472fab9dfd329ba9a2ffb43c61c80affbfca7c3e99900f140072759a4e19b08,5984962,1531895873,0xa5712afa19d70bb5dd57b91c43fffcaaf077dc3d,0x28dd100c95c7518a1f74ed47fde1cd4be94c081c,0.020639430000000000,NULL,0x,0
63,0xd88c823461bb841339b7f05e9f5116bf6b86e36a7345375ef3b27424ff91a5e7,5985550,1531904852,0xa5712afa19d70bb5dd57b91c43fffcaaf077dc3d,0x6ec0b93aeb4b7db16d7aa75fbbdaf766272c22da,0.106194690000000000,NULL,0x,0
64,0xe94b1752e9978ddbe543f7827fa08a20bb0020f3710f80b398afd88c2ecfa9e5,6002748,1532159505,0xa5712afa19d70bb5dd57b91c43fffcaaf077dc3d,0x52bc543868a049c32bf79300635774009f5e932f,0.045261670000000000,NULL,0x,0
65,0x2e9cd3824309654a603ed308701f6fa0c42ec223b6286a2cfe916192c96d5a3b,6002757,1532159650,0xa5712afa19d70bb5dd57b91c43fffcaaf077dc3d,0xc4946569c6dbcc59e1f8e8868c9ed494e308f3d2,0.045207560000000000,NULL,0x,0
66,0x4afa2ff2ee9a85095b286be96453af47d4a2927185944b42ed62e10e442a0655,6011223,1532282380,0xa5712afa19d70bb5dd57b91c43fffcaaf077dc3d,0xe8d0f0724f6cc4714d835536efe6c5adca17de2f,0.430835000000000000,NULL,0x,0
67,0x344e9e06791411c50b95cfc2f086d02b0fe49dce305114bb0d6e0fd1d09370d1,6011566,1532287261,0xa5712afa19d70bb5dd57b91c43fffcaaf077dc3d,0x7a9f1fcfd2725153cc80c27240a15bcfe0d97f1c,0.022404620000000000,NULL,0x,0
68,0xdea4bd3d0133e40b1c2e7b0a9f1937b8eb3fb075989d5befc6f10cf68911436b,6013494,1532314767,0xa5712afa19d70bb5dd57b91c43fffcaaf077dc3d,0x909b77c1d9c9ea87051126250fd0e41131f795b9,0.065000000000000000,NULL,0x,0
69,0xc106c8f171c0ee5c75a534b8bf80bfe53233ed66285bdce15bbc44a03aa6d39d,6013720,1532318240,0xa5712afa19d70bb5dd57b91c43fffcaaf077dc3d,0x909b77c1d9c9ea87051126250fd0e41131f795b9,0.065000000000000000,NULL,0x,0
70,0x8d406fadad02037e2c3e5ff157d2da0f6636b1890de2983d8fa4ef26a606db8d,6038921,1532690482,0xa5712afa19d70bb5dd57b91c43fffcaaf077dc3d,0xdb428beae591b08841cf3259abd1d4720c7b53e4,0.089000000000000000,NULL,0x,0
71,0x53c35d2eaa931f4f01ebfccbe881208ee24c59e5580733a3582bcf1890bf5353,6045683,1532788471,0xa5712afa19d70bb5dd57b91c43fffcaaf077dc3d,0x653b603c0542017df65c9893280d27b5e8583b1d,0.110000000000000000,NULL,0x,0
72,0x68fb686bb22641e6a02963186b4b4a5696e11793ff3bb718a8abc6e79cddda7e,6046251,1532796531,0xa5712afa19d70bb5dd57b91c43fffcaaf077dc3d,0x653b603c0542017df65c9893280d27b5e8583b1d,0.065000000000000000,NULL,0x,0
73,0x08878ab0cf1b880a4db5170e772b7e1bcc7e693057382b5b24fc37da90059bda,6053067,1532894295,0xa5712afa19d70bb5dd57b91c43fffcaaf077dc3d,0x5d5841292f90d0cf06b7fb69927594e4e9ec00d1,0.133876850000000000,NULL,0x,0
74,0x6897f38f293e68ca416760bd899c2a388eb4616b9458d8690484030396c1fbcd,6053116,1532895051,0xa5712afa19d70bb5dd57b91c43fffcaaf077dc3d,0x67aac703822a11ac8d5e092488c542c4769af680,0.108474000000000000,NULL,0x,0
75,0x96dc45ca16d542e624e36cc6bede4bfca6319bb13f57b5e9b1cb071430477a73,6053542,1532900726,0xa5712afa19d70bb5dd57b91c43fffcaaf077dc3d,0x2b1c266e2a39a7a30aed472fad47d6b6ab953f7e,0.000100000000000000,NULL,0x,0
76,0x74a30cb6d7a8b9280858cdcf8e0445ba731b4ea642cf91e8f1ab1aa28fa66a63,6054982,1532921597,0xa5712afa19d70bb5dd57b91c43fffcaaf077dc3d,0x482a33e85861967ad81d00140938eef5a09a1ea4,0.022358860000000000,NULL,0x,0
77,0x148b7023d7733faa7e25558fa789e5a3bbd0f882c5464f3110c8ee06816d5d1a,6058434,1532971388,0xa5712afa19d70bb5dd57b91c43fffcaaf077dc3d,0x653b603c0542017df65c9893280d27b5e8583b1d,0.089000000000000000,NULL,0x,0
