,TxHash,BlockHeight,TimeStamp,From,To,Value,ContractAddress,Input,isError
0,0x3ffe85611a7a2e1548dedeee1b71ccd02f47a2594610ea0ece37081e5b11b6b4,5799346,1529157341,0xb962171a14cb24a4d95bef1631a25dbf2826e9aa,0xa61a87497e6553e3b1cf66c8b02fa392a0eff1e3,0.990000000000000000,NULL,0x,0
1,0xa802b610d1f42d4d540daded9a51990de009b9c7f5463079029801271323d1a1,5799359,1529157570,0x88e81c838ddcda997efd49f58b82c9118956f84a,0xa61a87497e6553e3b1cf66c8b02fa392a0eff1e3,0.100000000000000000,NULL,0x,0
2,0x9c4cdceb0fe253f6a70b4c7e1ec3083618a886200de913d261fe9a528c8ae678,5799540,1529160015,0xbea2907da200c0c32f30d06e1d07673a13911571,0xa61a87497e6553e3b1cf66c8b02fa392a0eff1e3,1.000000000000000000,NULL,0x,0
3,0x04f9c3af2cf950fdbd5304eb8465a7537977e26436f3293e0b89aa452473f713,5799731,1529162720,0x6a2bf7040bd851f3e609e62bdab54328420f18a1,0xa61a87497e6553e3b1cf66c8b02fa392a0eff1e3,0.510250000000000000,NULL,0x,0
4,0xa9ef6b28442877a860c962a8dd4419a6ca346e8f9eb12ad1c5bf6aae1e93cf32,5799758,1529163104,0x4759fa184f8a00f130bbfc7d69cc59faf00c10a4,0xa61a87497e6553e3b1cf66c8b02fa392a0eff1e3,0.710197580000000000,NULL,0x,0
5,0xd94670315dc446c6714a0b46938a9ce626a0f29eb8b98b39b59cc585a631d107,5799813,1529163906,0x6f1db3451a1247fa0e527e5eb599fe1e71e4c869,0xa61a87497e6553e3b1cf66c8b02fa392a0eff1e3,1.660000000000000000,NULL,0x,0
6,0x764c86c8f2a2b246ce274dfb545df2c3dc362c3519287ce56241d059f8e4c39b,5799999,1529166452,0x96a2363845aabbc89e03d3d493ac83524f14feb6,0xa61a87497e6553e3b1cf66c8b02fa392a0eff1e3,0.188964610000000000,NULL,0x,0
7,0x27180882cfc605a5d11c35b0d667eefa3644333ba9b93b0488142c0dd692bf26,5800009,1529166592,0x3f2ef9d8b1310803b771e194585cc833d35ba83c,0xa61a87497e6553e3b1cf66c8b02fa392a0eff1e3,0.500000000000000000,NULL,0x,0
8,0x4c9614f9f4c9abc1eec75a5d16aea430ad860e780676aea461e5b6e54e9ba082,5800018,1529166835,0xf11d0e2553c9a58fa4959504648b6728d35d5ef3,0xa61a87497e6553e3b1cf66c8b02fa392a0eff1e3,0.622749670000000000,NULL,0x,0
9,0x955a62baceec2e7ed077c561cc52130530d721f2cadea0c0a7bfc527919c5f74,5800018,1529166835,0xc8cb5d19dd201a9f0e517b388d7baea4f7f17711,0xa61a87497e6553e3b1cf66c8b02fa392a0eff1e3,0.200000000000000000,NULL,0x,0
10,0xe00352c2f5c6a53fadc632070f5c2aaccf99d7db6b10fde3eea1876c195e1c2e,5801127,1529182929,0xe118e87934e657ce43f495e8b5c5ee02c3977254,0xa61a87497e6553e3b1cf66c8b02fa392a0eff1e3,0E-18,NULL,0x,0
11,0x74f1daeee9758443d94e4c92b79d2a3a544caa8fd3fda4f8c8f292908a3731b5,5801128,1529182941,0xe118e87934e657ce43f495e8b5c5ee02c3977254,0xa61a87497e6553e3b1cf66c8b02fa392a0eff1e3,0.100000000000000000,NULL,0x,0
12,0x574085eed16c8184e41ccae2451f7a840787f35a125825ed60d77b25999ce620,5804572,1529233677,0xe118e87934e657ce43f495e8b5c5ee02c3977254,0xa61a87497e6553e3b1cf66c8b02fa392a0eff1e3,0E-18,NULL,0x,0
13,0xbcee2c9bfa200831bca09f61dfbebafdfa5d65662bcb894b2db5357428aa6272,5806448,1529261296,0x08ff736af2aaa7ad244b26431f40b4ba386624b1,0xa61a87497e6553e3b1cf66c8b02fa392a0eff1e3,5.000000000000000000,NULL,0x,0
14,0xcc592dc8fbf11f99e5675bbc72ddbf4892bcb4eec0f368eacc15f77bcfc62166,5811038,1529327835,0xa61a87497e6553e3b1cf66c8b02fa392a0eff1e3,0x13f674c399a868feeca37cc4710f81a74ef60309,11.581111860000000000,NULL,0x,0
