,TxHash,BlockHeight,TimeStamp,From,To,Value,ContractAddress,Input,isError
0,0x53961e973d998b5420812ba672ce61b6a7d5b6f2254c926b20cfa0f121d0f162,5557192,1525473499,0x77729b483b94003a2b13c225dda5ae08099140af,0xa62cb4bd9e69e9170a2d973aa3aece5a1215d41c,0.500000000000000000,NULL,0x,0
1,0x4b191f0087c63dc946fcc917204f435194707fcb3f7b2ba10f6bbd049f5dac42,5557772,1525482721,0xc7f559bdfb54af61210def8abf6954b1bac6e94f,0xa62cb4bd9e69e9170a2d973aa3aece5a1215d41c,0.507471400000000000,NULL,0x,0
2,0x9d7f33828140d3b16778e1bf5cb0f7dd69ab780c0ca318a22503b20a3a4c5487,5557948,1525485494,0x2a2c14e6840699fc8758184db9e1a6668a4f51c5,0xa62cb4bd9e69e9170a2d973aa3aece5a1215d41c,0.500000000000000000,NULL,0x,0
3,0x30285337143665cfee49bd2a1b1d42f45db1558c3d627250f25e83b8f6aac95a,5558188,1525488852,0x390de26d772d2e2005c6d1d24afc902bae37a4bb,0xa62cb4bd9e69e9170a2d973aa3aece5a1215d41c,0.510000000000000000,NULL,0x,0
4,0x7bc7d711bd4353133c61247ecd89c41c6c251347ea3c0fc5f800705b6603f16a,5558310,1525490764,0x2b5634c42055806a59e9107ed44d43c426e58258,0xa62cb4bd9e69e9170a2d973aa3aece5a1215d41c,0.447900000000000000,NULL,0x,0
5,0x294e5d7a9b2d87540f45c0c115be10ea5996275aed9b168d2f691b2f3f3fdb84,5562269,1525550424,0x636973275ee21c807460dffec232101ea6dc22ea,0xa62cb4bd9e69e9170a2d973aa3aece5a1215d41c,0.500000000000000000,NULL,0x,0
6,0xded8604e10d765048f8d97eb78a18e1981985384e4206d1cecf8e7b7e6ddcc91,5563014,1525561495,0x86ddab699a51ad96d7b27036783403a4f04ae1de,0xa62cb4bd9e69e9170a2d973aa3aece5a1215d41c,1.000000000000000000,NULL,0x,0
7,0x21e94a38df3dc6ffe6854bd7437920862b19f9bccfc343519d60f840b1a5c81b,5563687,1525571396,0x959e95e2dc69ab56b9fa0d4bfe4f6269e48c2185,0xa62cb4bd9e69e9170a2d973aa3aece5a1215d41c,0.520000000000000000,NULL,0x,0
8,0x55866ac1f2f1332f829e2593fae1c2b5e90b1f44fcd4690863039be16a5860ed,5584452,1525882285,0xa62cb4bd9e69e9170a2d973aa3aece5a1215d41c,0x696778a810e546123746e4e499ba2b23348aa8c6,0.100000000000000000,NULL,0x,0
9,0x8c78fa5230d9df0108499351ee2c5adf741906dc25d08e463125af1141085ba7,5589294,1525955424,0xa62cb4bd9e69e9170a2d973aa3aece5a1215d41c,0x03e60be80e46e58952c0f45ae025ff9701a40d53,4.383649400000000000,NULL,0x,0
