,TxHash,BlockHeight,TimeStamp,From,To,Value,ContractAddress,Input,isError
0,0xe7ae234e4ce2c1e6462cb8eac1117737046352180e72bb5b4bbe33d6c88e19a0,4911652,1516005436,0x96fc4553a00c117c5b0bed950dd625d1c16dc894,0xa6bbad92bc79be531bf1198c1240f2d3d77d2290,0.082304240640000000,NULL,0x,0
1,0x26bd518d92d8dc892c5efa7a032c62ecba24e46628269b493f24af353de5e850,4914357,1516048651,0x9ebf443dd58091014556db41fc498a5e2f2341b2,0xa6bbad92bc79be531bf1198c1240f2d3d77d2290,0.110773910000000000,NULL,0x,0
2,0x3b2a4e4c03e7f996c7bd92b4de4665423a5af553e26f9c4c2f65d89b18742f88,4915926,1516073206,0x2ecdf6f0949c47e89c6ea92ce1de50c4f0fd7b20,0xa6bbad92bc79be531bf1198c1240f2d3d77d2290,0.362905730000000000,NULL,0x,0
3,0x40dc4c02f80968aef2cc003b2d99b09c2090a630b04704272b719236d447a4d9,4927552,1516254558,0x2ecdf6f0949c47e89c6ea92ce1de50c4f0fd7b20,0xa6bbad92bc79be531bf1198c1240f2d3d77d2290,0.254073190000000000,NULL,0x,0
4,0x1018123589e51f53c1ea4bfd9374d6260833c126ed8c31376cd7cd51bb73be56,4931276,1516312234,0x2ecdf6f0949c47e89c6ea92ce1de50c4f0fd7b20,0xa6bbad92bc79be531bf1198c1240f2d3d77d2290,0.360011870000000000,NULL,0x,0
5,0x8ee9749615be63e1cf29f1b44f6484d50799a388cd04e215bf62ce8f451cde3c,5166657,1519753038,0xa6bbad92bc79be531bf1198c1240f2d3d77d2290,0xd231b823ac63193c9f76251e37abe4988e291057,1.160000000000000000,NULL,0x,0
