,TxHash,BlockHeight,TimeStamp,From,To,Value,ContractAddress,Input,isError
0,0x24ec04d4517b3b6aa46a8c106d34105c7dcf641500b691035dd72b4c9697ba88,6055860,1532934224,0x564286362092d8e7936f0549571a803b203aaced,0xa69ea6ab7707c551eeae1d443e179318a9dc73ee,1.500000000000000000,NULL,0x,0
1,0xa9b32cdf98255113dea59ca47980fc2daeb18a8a63604f34a1ff6d278f12b1ee,6057721,1532961214,0x14d4b05da1c6c350006b7711bc526f3940a60c7e,0xa69ea6ab7707c551eeae1d443e179318a9dc73ee,0.500000000000000000,NULL,0x,0
2,0xdaa71c1c2602a55b27c2e953181066eada8ddc2854426d781c9b419f7909ca72,6057934,1532964261,0x27367506eb5b0842a82c9ea102770177bfd222dd,0xa69ea6ab7707c551eeae1d443e179318a9dc73ee,0.747748840000000000,NULL,0x,0
3,0xbb1f5bf146fe36b5abd11db0a63c53e2f2f0f7fa71fc01678c649b1b2eb345ed,6058473,1532971926,0x0aaf1809a5b93ed2848a23c928c66e6545337664,0xa69ea6ab7707c551eeae1d443e179318a9dc73ee,1.000000000000000000,NULL,0x,0
4,0xa242dc0789a141fde7f1e794607c7aa3cc56926f8dec15776b51d274bd3f5e30,6058570,1532973488,0x3b2b209d87cecb6c86c057578941424523c10be7,0xa69ea6ab7707c551eeae1d443e179318a9dc73ee,1.001970000000000000,NULL,0x,0
5,0xe5c50d05b332f3069c279cceff9a02231e9ca5f655be0b0c4668abb47a0de107,6058624,1532974214,0x564286362092d8e7936f0549571a803b203aaced,0xa69ea6ab7707c551eeae1d443e179318a9dc73ee,0.500000000000000000,NULL,0x,0
6,0x74e08aab6e7f490ef4111fd3a705f47d775b4671d437f4c479b235fc9a3777c5,6058849,1532977369,0x3f5ce5fbfe3e9af3971dd833d26ba9b5c936f0be,0xa69ea6ab7707c551eeae1d443e179318a9dc73ee,0.490000000000000000,NULL,0x,0
7,0x6045ed40ea21b9f9bee62d962d59bf48feb5b50eb82e90e851f36a13ed7c6d53,6059015,1532979747,0xd551234ae421e3bcba99a0da6d736074f22192ff,0xa69ea6ab7707c551eeae1d443e179318a9dc73ee,1.490000000000000000,NULL,0x,0
8,0x22c8011eba794646158d6c81bfed1d7b57bb720b1883b7b8db9f5b61cb3d95a6,6059069,1532980490,0x3f5ce5fbfe3e9af3971dd833d26ba9b5c936f0be,0xa69ea6ab7707c551eeae1d443e179318a9dc73ee,0.989992000000000000,NULL,0x,0
9,0x6e229569ae2abc1c0ade9d38e3a8aa053bc77e43aa31a01d3e22d4998c6acdc6,6059187,1532982148,0xfda4d3cf3151af45f83fc00d2f615cb6acb0f8e5,0xa69ea6ab7707c551eeae1d443e179318a9dc73ee,0.950000000000000000,NULL,0x,0
10,0xd9ef0eaf587615a84b43c97c75624a3d75b71adaa1340f0a269f572ff16ade57,6059195,1532982297,0xba9744c82569a22bb276ea874d69e0f5add101c1,0xa69ea6ab7707c551eeae1d443e179318a9dc73ee,0.837411180000000000,NULL,0x,0
11,0xaf309902445949c25b2dede3c31a5029689b2b0894c3866ca61516e21fd0d26d,6059196,1532982332,0x8b08238f1a637be3da795fef8604321613d75471,0xa69ea6ab7707c551eeae1d443e179318a9dc73ee,0.473526000000000000,NULL,0x,0
12,0xf2a34c387a5578ad7c0d291292577c86a076403474b0217be5a3915369517fdd,6059197,1532982349,0x7af73f1e432a77d65f8acdadb9f24f0574725486,0xa69ea6ab7707c551eeae1d443e179318a9dc73ee,1.698436000000000000,NULL,0x,0
13,0xece9b836d1167ae210d8ba0812e08c84f57ea8e7921b2391a0399455697e7192,6060344,1532999324,0xe89943ec20d856f064a87349a00ef6ab00aed042,0xa69ea6ab7707c551eeae1d443e179318a9dc73ee,1.800000000000000000,NULL,0x,0
14,0x15c97dd3c8da9b66d31e851ac72a2ed78d220ebbaa41f34dd36e0a84aed74a60,6060424,1533000535,0xe89943ec20d856f064a87349a00ef6ab00aed042,0xa69ea6ab7707c551eeae1d443e179318a9dc73ee,1.773514700000000000,NULL,0x,0
15,0xd7e729c1311d197b2e2cc03ce749ad5186810fb30633a6bc970445744e748b8d,6060456,1533000882,0xa69ea6ab7707c551eeae1d443e179318a9dc73ee,0xedb1766c61f7677f4f4f1ea7099dcdcfb693e470,0.045855380000000000,NULL,0x,0
16,0xfb765eaa7a61c53c2b9505fd6a228a51f6c7adb3140815ceaab4a0e5bd0669f0,6061912,1533022867,0x3f5ce5fbfe3e9af3971dd833d26ba9b5c936f0be,0xa69ea6ab7707c551eeae1d443e179318a9dc73ee,0.667489320000000000,NULL,0x,0
17,0xdb24d8d47babf2d628f42e56618f6ce090b1cbf9d4d4fe8d5e2d8c2ea8876daf,6067985,1533111865,0xa69ea6ab7707c551eeae1d443e179318a9dc73ee,0xe55996c55e188fbcf95ed6ca96fa933171c05fa0,5.000000000000000000,NULL,0x,0
18,0x378d3bd70e24e7cf3e43c66b76b62ee68e52c8e2e7a643bfbace8f1110ad1aa0,6068645,1533121809,0xa69ea6ab7707c551eeae1d443e179318a9dc73ee,0x3cc304bf5da75578275e9913ea7b98f849b99235,0.077770000000000000,NULL,0x,0
19,0x765a0ac9c92f6c8c45a77b13ae508bde811329b3e5540aed22f82c9146cdc4c0,6068985,1533126617,0xa69ea6ab7707c551eeae1d443e179318a9dc73ee,0x670414ad8a68b1e1b390b58e36024849fe2be5dd,1.000000000000000000,NULL,0x,0
20,0x9bd80cdd24ea266986659522237f8e2cbf05259604c06389d15a7b2fd38c4c05,6079206,1533276198,0xa69ea6ab7707c551eeae1d443e179318a9dc73ee,0xdf6f22871a19b80f69eb428581734995d49e07cc,0.015710000000000000,NULL,0x,0
21,0x6303dec0dc1b0cf4333931cb20c4e19e7b02b6b009d85fc0d30799fc2b2294ff,6082959,1533332022,0xa69ea6ab7707c551eeae1d443e179318a9dc73ee,0x73c035eb380f9c89886a94b99e104b37bef15cdd,0.059860000000000000,NULL,0x,0
22,0xc0645c1b4cb916087770619c4082133b2976fa47baa579a61d179172d52b5ed1,6083378,1533337813,0xa69ea6ab7707c551eeae1d443e179318a9dc73ee,0x3e3269377699eb8f160ef479a176cb88c170934f,0.007510000000000000,NULL,0x,0
23,0xf922c50f48a5ca60f6f9cf4774b5281c811bca23ce198d9b92b192c3eff1c2e1,6083384,1533337936,0xa69ea6ab7707c551eeae1d443e179318a9dc73ee,0xa09857e8748496a9d0f7a058b3f4a9e0aec135a8,0.007510000000000000,NULL,0x,0
24,0xc525d603a2a1bd0d0c1a402e5f68883b79f2a798d892b1d7ec4eb88502cea168,6083387,1533337979,0xa69ea6ab7707c551eeae1d443e179318a9dc73ee,0x4898a6ef9a0672690a2f3cd37f93b19787382af0,0.007510000000000000,NULL,0x,0
25,0x057f20ce3c6d0d07fdbf0ca7b157111f749185223487039c05b04bd41346418f,6083399,1533338104,0xa69ea6ab7707c551eeae1d443e179318a9dc73ee,0x55f87c502d072bede8ad03884739b99dbe6d223f,0.006320000000000000,NULL,0x,0
