,TxHash,BlockHeight,TimeStamp,From,To,Value,ContractAddress,Input,isError
0,0x4c94c4c6f177cc6c54d8d1c58a49f7ad59e6554579da7f5c8fb01e8b3067abf3,5235582,1520763691,0x3f5ce5fbfe3e9af3971dd833d26ba9b5c936f0be,0xa7ce02b8195fe8e3116a7e1248f2725eaac86fec,0.529095000000000000,NULL,0x,0
1,0x7a6ca76d1e9e75f299d19c7e12df11184f0c44db8da63ad22e478d4eb2e358a3,5235623,1520764316,0x3f5ce5fbfe3e9af3971dd833d26ba9b5c936f0be,0xa7ce02b8195fe8e3116a7e1248f2725eaac86fec,0.598593420000000000,NULL,0x,0
2,0xbc478d22454cc57dc2e667751e11c7245d4b4d7862cc5bb110efd2cf6a43650d,5235715,1520765465,0x455d39b4632e66a685d22011339723ca509ed39c,0xa7ce02b8195fe8e3116a7e1248f2725eaac86fec,0.500000000000000000,NULL,0x,0
3,0x05698f345e8fe56bbf594b2ff74b8cf54d0e19f457b5e6fe0dabb774212427f2,5235727,1520765676,0x564286362092d8e7936f0549571a803b203aaced,0xa7ce02b8195fe8e3116a7e1248f2725eaac86fec,0.090000000000000000,NULL,0x,0
4,0xf88c6026c31661a5ee61900512e51776b64da578b0e590fd14f8205ae29d106e,5235791,1520766522,0x564286362092d8e7936f0549571a803b203aaced,0xa7ce02b8195fe8e3116a7e1248f2725eaac86fec,0.541234090000000000,NULL,0x,0
5,0x69dea509ab10177d1ae7f736edd324be987328d185c8ea3a40b07ab53d18282f,5235798,1520766607,0xa165644c3300ff53ef67ae74e5c0208774750a65,0xa7ce02b8195fe8e3116a7e1248f2725eaac86fec,0.500000000000000000,NULL,0x,0
6,0x645f360447e87ee15781cc8b7305a086fd4193785e613f13fe79489797a8bbef,5235814,1520766795,0x564286362092d8e7936f0549571a803b203aaced,0xa7ce02b8195fe8e3116a7e1248f2725eaac86fec,0.555621350000000000,NULL,0x,0
7,0xd8f75eefa543114558437ddb08b09b5a0a7870ab7f24f489be873a17cf7b9c00,5235935,1520768765,0xd551234ae421e3bcba99a0da6d736074f22192ff,0xa7ce02b8195fe8e3116a7e1248f2725eaac86fec,0.540000000000000000,NULL,0x,0
8,0xe79d054f2c38d097eb7cc4c19d4021d8ae78e20a3464c320f92e7a5350a71ad9,5235998,1520769591,0xd9a289b890bdcc6136e0894316276801c2ebb938,0xa7ce02b8195fe8e3116a7e1248f2725eaac86fec,0.166000000000000000,NULL,0x,0
9,0x65c838ec5b19f1361e73e24b4e1ff8668fb5e07c0d246b767669f0178bf03111,5236095,1520771041,0x4a53ea352be430b9f22514ec6a22ec4327dfa6e5,0xa7ce02b8195fe8e3116a7e1248f2725eaac86fec,0.510000000000000000,NULL,0x,0
10,0xb2086287c7b4da8fa769b09bee0680fc2cb71a11306f6f82dd3f692df2e45d31,5236695,1520779899,0xb01cb49fe0d6d6e47edf3a072d15dfe73155331c,0xa7ce02b8195fe8e3116a7e1248f2725eaac86fec,0.500000000000000000,NULL,0x,0
11,0xcbf2bfb06a6034de9e418e363f918f5e18c047bb18bf891b6084f487bb5249c2,5236697,1520779910,0xc007badb3a0790d0e3382add974baf2b0b103340,0xa7ce02b8195fe8e3116a7e1248f2725eaac86fec,0.111339840000000000,NULL,0x,0
12,0x69f7242dcf3f64ed4ff97278a0baa4e9394b375801be7b0a7e1d3a4a7e254a10,5236976,1520783669,0xb01cb49fe0d6d6e47edf3a072d15dfe73155331c,0xa7ce02b8195fe8e3116a7e1248f2725eaac86fec,0.800000000000000000,NULL,0x,0
13,0x32bf3db002be3b004a860bb1d4823f98d034da03dfb95b3736fd2c8a366bb537,5237010,1520784085,0x564286362092d8e7936f0549571a803b203aaced,0xa7ce02b8195fe8e3116a7e1248f2725eaac86fec,4.990000000000000000,NULL,0x,0
14,0xc09ba8a297a2f209124931a5bbe576c5bdb868376155e9e32e824c180bbba7cd,5237285,1520788003,0x0681d8db095565fe8a346fa0277bffde9c0edbbf,0xa7ce02b8195fe8e3116a7e1248f2725eaac86fec,5.490000000000000000,NULL,0x,0
15,0xbb8d54dcdfd6c7a6fc8b0abe4d297a70614c1f4b8bf5c556ec921f47a3e8a645,5237793,1520795316,0xfbb1b73c4f0bda4f67dca266ce6ef42f520fbb98,0xa7ce02b8195fe8e3116a7e1248f2725eaac86fec,0.507608840000000000,NULL,0x,0
16,0x1a17f57563537b830f70565e98f582d5c3efe6c611e81060710bdd6eac70e279,5237861,1520796398,0xd551234ae421e3bcba99a0da6d736074f22192ff,0xa7ce02b8195fe8e3116a7e1248f2725eaac86fec,0.812000000000000000,NULL,0x,0
17,0xb6d89f635f3b363d66afa62dced645aa01d8149bc50d0498ac7fe33ae7b0defb,5238859,1520810404,0x6da3866762cac05349d5c099e9e578300b7a8c8e,0xa7ce02b8195fe8e3116a7e1248f2725eaac86fec,0.006963850000000000,NULL,0x,0
18,0x94f886a6664fad5760b13ac225656738f5d9183df2d8696f3fee2a00bd889539,5238879,1520810688,0x41aae2e061b87405eef065bc9be42be2669f1480,0xa7ce02b8195fe8e3116a7e1248f2725eaac86fec,0.557108000000000000,NULL,0x,0
19,0x85a286b5b629781f2b08df95c67f54c3edc1b2e6fcd19dfa95e5a6808051aaab,5239137,1520814551,0x1c39f35f86e9acde26746e6f80a1d7abcc46bc7d,0xa7ce02b8195fe8e3116a7e1248f2725eaac86fec,0.600000000000000000,NULL,0x,0
20,0x0f88ccd77ff180f15d56daab1f42e9f8ba619743f0d9902378ce0da6ed217345,5239569,1520821162,0x19fa09d230314a7545a98fb0a2094184d35c526d,0xa7ce02b8195fe8e3116a7e1248f2725eaac86fec,1.000000000000000000,NULL,0x,0
21,0x0513e9e0400074c6300b4eeb09194dc699e6bb6909c5447d2afed924d55319f9,5240647,1520836905,0xb31877f9df9a98a3a2b4062a3b4728b3ec1e9c8e,0xa7ce02b8195fe8e3116a7e1248f2725eaac86fec,5.000000000000000000,NULL,0x,0
22,0x88609b6299551a604bbc82d52c10e060b146bb8d266e8064ff2209da8d7e5144,5241028,1520842840,0x3f5ce5fbfe3e9af3971dd833d26ba9b5c936f0be,0xa7ce02b8195fe8e3116a7e1248f2725eaac86fec,0.989000000000000000,NULL,0x,0
23,0x568f22c97a3c2dc8f9c35f7f868db568ef7f32d9041016b8708fbfbd6137e80f,5241250,1520845899,0xb63d41016c6727e63213a8fc3241d95b3a438dcf,0xa7ce02b8195fe8e3116a7e1248f2725eaac86fec,0.002000000000000000,NULL,0x,0
24,0xc955a7c65466cc25ebe7bcdc4087262af298fde1ba2c138f7ae238ef82cb738d,5241472,1520848993,0x6912259d644bcf71fed7102686577000bb1b2b14,0xa7ce02b8195fe8e3116a7e1248f2725eaac86fec,0.050000000000000000,NULL,0x,0
25,0x0951998c89a1fd319174c09f6578da4bbe990555382ec714a95ed0b8d02b3298,5241580,1520850806,0x5b4476f1d399a4be6357bde4b692da0be9594767,0xa7ce02b8195fe8e3116a7e1248f2725eaac86fec,0.120000000000000000,NULL,0x,0
26,0x6fc9d67feea67e04b6d37a79d9a6e4cd889994bbf4c4c67780286f0f0db9d57c,5241999,1520857151,0xa7ce02b8195fe8e3116a7e1248f2725eaac86fec,0xbfcae99b6fdc18b9081b975d0023da867d02b01e,1.000000000000000000,NULL,0x,0
27,0x8a8590caa66239fd075644cb87f08918da113941dd25d7ac37a18c8780956938,5242177,1520860070,0xa7ce02b8195fe8e3116a7e1248f2725eaac86fec,0xb6cecebea26d4f02c801edb160a58c92f64895fd,25.000000000000000000,NULL,0x,0
28,0xae4d6709012e47977d63f3583662bf676e1ea71f9794e1c346d46601fb754c3d,5242381,1520863067,0xa7ce02b8195fe8e3116a7e1248f2725eaac86fec,0x9587cc0cc78cc7acc9dc099617db5cfaf6ec432d,0.059999810000000000,NULL,0x,0
29,0x86979ef0347d3fd01b6fe5c7ba4d5b0a71f7d5927c353ca2f679970300ce17c9,5281435,1521436282,0x48496f318104a0e18e843ac160720bc4d953c7f4,0xa7ce02b8195fe8e3116a7e1248f2725eaac86fec,1.400000000000000000,NULL,0x,0
0,0xc5cb7a5493a2d0aaed989bf1a69627ef6fcd3d956cf8303435030e67ce3c51f1,5430708,1523587043,0x31a240648e2baf4f9f17225987f6f53fceb1699a,0xa7ce02b8195fe8e3116a7e1248f2725eaac86fec,7.777777777E-9,NULL,NULL,0
30,0x5ae9577944f39a99f1c9e687e5ce5d386de414acb881459d08a44f707168441b,5546232,1525306299,0x564286362092d8e7936f0549571a803b203aaced,0xa7ce02b8195fe8e3116a7e1248f2725eaac86fec,0.434007090000000000,NULL,0x,0
