,TxHash,BlockHeight,TimeStamp,From,To,Value,ContractAddress,Input,isError
0,0xc73b5f90aef111283468f8f19804702e6721f82fdcede24a9a324d9d54a84c36,5569650,1525660640,0xd1b0c31824fa88bfee44b3c1ea25d7df43e327d0,0xa7b8edb0583b478e2b7c431feb4bc6629a6cd1e5,0.014014255000000000,NULL,0x,0
1,0xbbab5bdeef14e06ef610caddb58320b9a8a63fda5db248abceb083e79f64ffa5,5571274,1525685183,0x9d7a19c9389c9b57854ac8bb2f219c440e1a9f7b,0xa7b8edb0583b478e2b7c431feb4bc6629a6cd1e5,0.081714175000000000,NULL,0x,0
2,0xaeb5c77e704687776938c4004fbb6a38079ebaf3b6023b1ae6f0ec87063bb272,5576031,1525755280,0xd2328f893e724c1b619a09f2bd49b52fe6d377b1,0xa7b8edb0583b478e2b7c431feb4bc6629a6cd1e5,0.065284177999990000,NULL,0x,0
3,0xb285115a4104fa82ea979e726696a7f0b1f6d7fb168dd59b3cbea2bec320fceb,5576507,1525762212,0x1f8bd84e01a53e19c6c267988dd7300f3faff378,0xa7b8edb0583b478e2b7c431feb4bc6629a6cd1e5,0.037141059000000000,NULL,0x,0
4,0x8086aa5054e1ea6e24ce4b62617c9c0b1b7f0445a38d4d138c28adece49831f2,5576634,1525764339,0x7b44d6a5f08e392e3830f1da58319146eb6556f6,0xa7b8edb0583b478e2b7c431feb4bc6629a6cd1e5,0.007157914000000000,NULL,0x,0
5,0x0412b063bd32c88a534a39678f7614bd1d7f96549784697a2a6b971a6ac2befb,5583722,1525871752,0x2a90a73497cc7b166ebb317ea57a28ca3bebb39d,0xa7b8edb0583b478e2b7c431feb4bc6629a6cd1e5,0.009500000000000000,NULL,0x,0
6,0x3fc801e3296363dc88797266173b8379a9659c3cceb0bc8471539e0f8def89f1,5584772,1525887526,0x161651382e8ab891da9a2ea09a2d07ea5259120e,0xa7b8edb0583b478e2b7c431feb4bc6629a6cd1e5,0.139765473000000000,NULL,0x,0
7,0x794dc62faac2cbbaf43dc091f2d3af60cbd5334c9641555f4f239b95f710895c,5586336,1525910744,0xa7b8edb0583b478e2b7c431feb4bc6629a6cd1e5,0x982eeecc797e31d780d1726168f3863e007600a9,0.007000000000000000,NULL,0x,0
8,0x2d505394d2ea043892c871232b6a32621fb01962c8816dc348309894a89aa42d,5588599,1525945221,0x386759f8d8878442471e30a2e50dc7b279a0b1e8,0xa7b8edb0583b478e2b7c431feb4bc6629a6cd1e5,0.183473439131631137,NULL,0x,0
9,0x7775ac451fc1fca81043fd783c83b676149d09d66d7cafd9524fec4600a2a9f6,5589887,1525964855,0xa7b8edb0583b478e2b7c431feb4bc6629a6cd1e5,0x1dbf006caf9349e54f9d7f4c85e24986502bac98,0.520000000000000000,NULL,0x,0
10,0x7853d270306b82aa84eb6e6b6ccca68806e1721e44dd823a4b9eb3e850aee3a7,5597769,1526083501,0xdc47f08e15a2bce7c8d96de0da4fd9cd7167bf12,0xa7b8edb0583b478e2b7c431feb4bc6629a6cd1e5,0.537328981463909904,NULL,0x,0
11,0xaee21003f185efdf669b7fd444fbb03a128da895d83e0c5a3471c393dbf79a17,5597819,1526084179,0x987fa30d70cd1e33289f9e6caa7cccebfc060bc5,0xa7b8edb0583b478e2b7c431feb4bc6629a6cd1e5,0.040000000000000000,NULL,0x,0
12,0x681a38fb4933adf8d178abd711aeeb7cc373d55a6b5171498c4b345810372476,5600144,1526119250,0xd90bf97ed041ce91680c731815655a585a70bc34,0xa7b8edb0583b478e2b7c431feb4bc6629a6cd1e5,0.200000000000000000,NULL,0x,0
13,0xcaea35ca99f935e3a368f917c262cd0f5de6ca2092d79f4f40e76441e3549424,5600606,1526126269,0x9e31b77e86f287fc8462434cdab47c08e4685324,0xa7b8edb0583b478e2b7c431feb4bc6629a6cd1e5,0.021755352000000000,NULL,0x,0
14,0x2829f65ba802ea95fd7fd7b3af9f35ab587d1a2fb1a03f1377f9f5b6455e0ca2,5601568,1526140894,0xd792c5e24f83d5100c8b2d67c251e1baa2789676,0xa7b8edb0583b478e2b7c431feb4bc6629a6cd1e5,0.006281739781399207,NULL,0x,0
15,0xdb690a6af97064e5de5e3c2645fe05712526fe8f04a712caccef23e84ac98c2b,5601832,1526144971,0x65a74a230e7c5432cd5360cf8f61a85dddae2e75,0xa7b8edb0583b478e2b7c431feb4bc6629a6cd1e5,0.091541763000000000,NULL,0x,0
16,0x7d2b9a52dc8b2283de593fb5a416b8fb6c52e4c8c17a8bff06b2bf9b0a43f0a5,5601887,1526146021,0x4d6f50d3faafe85fe9120ef55b798529a01d09d5,0xa7b8edb0583b478e2b7c431feb4bc6629a6cd1e5,0.100000000000000000,NULL,0x,0
17,0x129eb2bc158f4f7f2fdb29db21a6e790382513854c2fc56861d5be5b7393b034,5601905,1526146245,0x7424eea7ec500f162d087e4974abbe3f22136086,0xa7b8edb0583b478e2b7c431feb4bc6629a6cd1e5,0.157503080000000000,NULL,0x,0
18,0xe21c7d78a14bab66e2d3cb2046c33cb39b119d6e92a85e5bb3361cb154276b88,5602329,1526152833,0xa7b8edb0583b478e2b7c431feb4bc6629a6cd1e5,0xc1f9c01602043fcef642cc8601bda13ca29b7a9c,0.007000000000000000,NULL,0x,0
19,0x3d7fb5e2761292f9c5f2921e8f387f24c59f5716b61180a13083355174bfe3c4,5602378,1526153597,0xa7b8edb0583b478e2b7c431feb4bc6629a6cd1e5,0x33c056619ca65a885030ded21caf71b69bcfd7eb,0.007000000000000000,NULL,0x,0
20,0x711fb16f987e85af66ec947c02513852096aea5eecc78ebdd05839783e17a5f6,5608716,1526248164,0xa7b8edb0583b478e2b7c431feb4bc6629a6cd1e5,0xcaa20e42d1b32a2227289f46ca70124bb606e032,0.007000000000000000,NULL,0x,0
21,0x7d7ce3ab788cb36f84cbad2162346ffddcb71f21cde70bba16a96bc7815f64df,5623723,1526476212,0xa7b8edb0583b478e2b7c431feb4bc6629a6cd1e5,0x32e758cc832dbbd54ae5fa893c95bf718b70ed7b,0.007000000000000000,NULL,0x,0
22,0x92844143bdda48f7f83e945629465a1f0f03441c9778db83e7dd51f4fb0b69c8,5623762,1526476876,0xa7b8edb0583b478e2b7c431feb4bc6629a6cd1e5,0x9586b961dff9ef72ab1256e7e82c9dc4fb1f5d7a,0.007000000000000000,NULL,0x,0
23,0xb5bad3fd8c59606193d9158240a617945dca88c9be0abe177f0ce19097d5b977,5623777,1526477045,0xa7b8edb0583b478e2b7c431feb4bc6629a6cd1e5,0xc61fdfdd94c602f8cab9b6fb51bad8fbb706a9d4,0.007000000000000000,NULL,0x,0
24,0x632e3f0a05bec7162424e599ae8c1013404d54122f0ccf77a346c93bf1e84ce3,5623792,1526477268,0xa7b8edb0583b478e2b7c431feb4bc6629a6cd1e5,0x2ff778d9d06e2b9fa431b5dfedbf9075055542d6,0.007000000000000000,NULL,0x,0
25,0xe3a19c667c47c5e3c2bb127310a76586bbf1e04448619945c5bd514ac63935ec,5624104,1526482621,0xa7b8edb0583b478e2b7c431feb4bc6629a6cd1e5,0xebbdf302c940c6bfd49c6b165f457fdb324649bc,0E-18,NULL,0xa9059cbb0000000000000000000000006a672286b931d2af9f56d3351e1805388742198500000000000000000000000000000000000000000000a1925018ecbe86e00000,0
26,0x3b69b45d359eeb707d18fd66f4c394f4f3053df304521a3e5a6d3e98d7294087,5645357,1526807302,0xa7b8edb0583b478e2b7c431feb4bc6629a6cd1e5,0xebbdf302c940c6bfd49c6b165f457fdb324649bc,0E-18,NULL,0xa9059cbb0000000000000000000000006a672286b931d2af9f56d3351e18053887421985000000000000000000000000000000000000000000013da329b6336471800000,0
27,0xbead740481fdf48c29c778be0c492d341819a9a48f862ea94e481277ad3f03ad,5645362,1526807421,0xa7b8edb0583b478e2b7c431feb4bc6629a6cd1e5,0xa15c7ebe1f07caf6bff097d8a589fb8ac49ae5b3,0E-18,NULL,0xa9059cbb0000000000000000000000006a672286b931d2af9f56d3351e1805388742198500000000000000000000000000000000000000000000322fcbb5e02f1a200000,0
28,0x7d635e59028be5ebf2143adb18b9a2bc5ede2810da3e158fb5b4f1efc20ac411,5645372,1526807614,0xa7b8edb0583b478e2b7c431feb4bc6629a6cd1e5,0x47dd62d4d075dead71d0e00299fc56a2d747bebb,0E-18,NULL,0xa9059cbb0000000000000000000000006a672286b931d2af9f56d3351e18053887421985000000000000000000000000000000000000000000000079f905c6fd34e80000,0
29,0xe35e5379181299bdabb364f163c8a7126b33a70bd5174bc2afc47e7ee41cb315,5645391,1526807848,0xa7b8edb0583b478e2b7c431feb4bc6629a6cd1e5,0xda6cb58a0d0c01610a29c5a65c303e13e885887c,0E-18,NULL,0xa9059cbb0000000000000000000000006a672286b931d2af9f56d3351e1805388742198500000000000000000000000000000000000000000000152d02c7e14af6800000,0
30,0x807e8a1b61a7de45fc5e43f5d9586f3f7c14872e3b496f0b07737a3e1392d8a3,5645396,1526807921,0xa7b8edb0583b478e2b7c431feb4bc6629a6cd1e5,0x9992ec3cf6a55b00978cddf2b27bc6882d88d1ec,0E-18,NULL,0xa9059cbb0000000000000000000000006a672286b931d2af9f56d3351e1805388742198500000000000000000000000000000000000000000000000ad78ebc5ac6200000,0
31,0x1a312d2004c54fad1049c4121f8d4fd8aaaf5069e317e4112091a96f32318329,5645409,1526808099,0xa7b8edb0583b478e2b7c431feb4bc6629a6cd1e5,0x1961b3331969ed52770751fc718ef530838b6dee,0E-18,NULL,0xa9059cbb0000000000000000000000006a672286b931d2af9f56d3351e180538874219850000000000000000000000000000000000000000000001dfc26c0eb0bf080000,0
32,0xa62bc8b03649ed060c52eefd49a61c1d27e8a62ef54664a9c3d8d30cfbed4bfe,5645416,1526808201,0xa7b8edb0583b478e2b7c431feb4bc6629a6cd1e5,0x47bc01597798dcd7506dcca36ac4302fc93a8cfb,0E-18,NULL,0xa9059cbb0000000000000000000000006a672286b931d2af9f56d3351e1805388742198500000000000000000000000000000000000000000000000000000029e8d60800,0
33,0x4d7c5df67b45c14b53b62074352c01b7f2a132cc1498e885f7d75bfc4baa6a8e,5645418,1526808241,0xa7b8edb0583b478e2b7c431feb4bc6629a6cd1e5,0x5f53f7a8075614b699baad0bc2c899f4bad8fbbf,0E-18,NULL,0xa9059cbb0000000000000000000000006a672286b931d2af9f56d3351e180538874219850000000000000000000000000000000000000000000000a2a15d09519be00000,0
34,0x04f7bcb239e6dbcb61a7f54b7cbf5f25c6974ca78db92cac124c5294a7e69e4b,5645461,1526808786,0xa7b8edb0583b478e2b7c431feb4bc6629a6cd1e5,0xe2fb6529ef566a080e6d23de0bd351311087d567,0E-18,NULL,0xa9059cbb0000000000000000000000006a672286b931d2af9f56d3351e180538874219850000000000000000000000000000000000000000000000126e72a69a50d00000,0
35,0xfa0a242412c6c5419aa23cac6a8899e6e5c70dcc65354b92731dc6b90f7aad39,5645471,1526808932,0xa7b8edb0583b478e2b7c431feb4bc6629a6cd1e5,0x2c82c73d5b34aa015989462b2948cd616a37641f,0E-18,NULL,0xa9059cbb0000000000000000000000006a672286b931d2af9f56d3351e180538874219850000000000000000000000000000000000000000000000410d586a20a4c00000,0
36,0xd464ae6cffdb0c18f916d156048c6d2b684edc2346ba0e5c871a747335f6818d,5645487,1526809146,0xa7b8edb0583b478e2b7c431feb4bc6629a6cd1e5,0x9af2c6b1a28d3d6bc084bd267f70e90d49741d5b,0E-18,NULL,0xa9059cbb0000000000000000000000006a672286b931d2af9f56d3351e1805388742198500000000000000000000000000000000000000000000000000000045d964b800,0
37,0xb12016ed2c56fe72eec357499bbaf86b3bae55c151d73e11faa05bc74ab00a1b,5645504,1526809483,0xa7b8edb0583b478e2b7c431feb4bc6629a6cd1e5,0xe34e1944e776f39b9252790a0527ebda647ae668,0E-18,NULL,0xa9059cbb0000000000000000000000006a672286b931d2af9f56d3351e1805388742198500000000000000000000000000000000000000000000010f0cf064dd59200000,0
38,0xe0a7492346e9ae67729994e8f720874959f8ef743144e0872644fc89993995f0,5645511,1526809623,0xa7b8edb0583b478e2b7c431feb4bc6629a6cd1e5,0x82b0e50478eeafde392d45d1259ed1071b6fda81,0E-18,NULL,0xa9059cbb0000000000000000000000006a672286b931d2af9f56d3351e18053887421985000000000000000000000000000000000000000000000018650127cc3dc80000,0
39,0x5bee1c45981ebd7473d037ad22906fb0eeacd97beb3d0e7c0d3f724c3644fa05,5645520,1526809807,0xa7b8edb0583b478e2b7c431feb4bc6629a6cd1e5,0x9c23d67aea7b95d80942e3836bcdf7e708a747c2,0E-18,NULL,0xa9059cbb0000000000000000000000006a672286b931d2af9f56d3351e180538874219850000000000000000000000000000000000000000000000233c8fe42703e80000,0
40,0xa813ffefb71345de0489501f445607d7aeb736d1bd1215508e2b45d420075df5,5645568,1526810464,0xa7b8edb0583b478e2b7c431feb4bc6629a6cd1e5,0xe5dada80aa6477e85d09747f2842f7993d0df71c,0E-18,NULL,0xa9059cbb0000000000000000000000006a672286b931d2af9f56d3351e180538874219850000000000000000000000000000000000000000000000233c8fe42703e80000,0
41,0xad0e1cd9a4002a78b96a28586fe11e8a28bcb2073446115b7853f53a734bd52a,5645586,1526810768,0xa7b8edb0583b478e2b7c431feb4bc6629a6cd1e5,0xe469c4473af82217b30cf17b10bcdb6c8c796e75,0E-18,NULL,0xa9059cbb0000000000000000000000006a672286b931d2af9f56d3351e1805388742198500000000000000000000000000000000000000000000000000000000000c3500,0
42,0xf0504a5d2b2f96261cfae76b42609dd2eef55759b495cfd62fbd5e66e697891f,5645611,1526811206,0xa7b8edb0583b478e2b7c431feb4bc6629a6cd1e5,0xea11755ae41d889ceec39a63e6ff75a02bc1c00d,0E-18,NULL,0xa9059cbb0000000000000000000000006a672286b931d2af9f56d3351e18053887421985000000000000000000000000000000000000000000000001e5b8fa8fe2ac0000,0
43,0x48a7b2e1537bae888d7abc8494e56b94f12e51bcb9f2723be9a0749da1ec8610,5645674,1526812167,0xa7b8edb0583b478e2b7c431feb4bc6629a6cd1e5,0x5c3a228510d246b78a3765c20221cbf3082b44a4,0E-18,NULL,0xa9059cbb0000000000000000000000006a672286b931d2af9f56d3351e1805388742198500000000000000000000000000000000000000000000015af1d78b58c4000000,0
44,0x9df204ddb270fe79708879f89ca19d98f230870bf51fae84e67143b78535f5d9,5645676,1526812220,0xa7b8edb0583b478e2b7c431feb4bc6629a6cd1e5,0xd0929d411954c47438dc1d871dd6081f5c5e149c,0E-18,NULL,0xa9059cbb0000000000000000000000006a672286b931d2af9f56d3351e18053887421985000000000000000000000000000000000000000000000000000000000112a880,0
45,0xb727e6c0b6065f463d1095a93020f51e5560eb2f781312f85acaa46e3f40996d,5645691,1526812477,0xa7b8edb0583b478e2b7c431feb4bc6629a6cd1e5,0x3618516f45cd3c913f81f9987af41077932bc40d,0E-18,NULL,0xa9059cbb0000000000000000000000006a672286b931d2af9f56d3351e180538874219850000000000000000000000000000000000000000000000000000005d21dba000,0
46,0x0091d6f1d5fcdec3bcefe19f5ff5858c78b3935c2bbfcd511b897e6c60d24355,5645697,1526812551,0xa7b8edb0583b478e2b7c431feb4bc6629a6cd1e5,0x0947b0e6d821378805c9598291385ce7c791a6b2,0E-18,NULL,0xa9059cbb0000000000000000000000006a672286b931d2af9f56d3351e1805388742198500000000000000000000000000000000000000000000006c6b935b8bbd400000,0
47,0x0266133bbb1577fe6da3c2058920d26ac67821e1fb54d09ac82ffcafb9f3132d,5645706,1526812690,0xa7b8edb0583b478e2b7c431feb4bc6629a6cd1e5,0x80a7e048f37a50500351c204cb407766fa3bae7f,0E-18,NULL,0xa9059cbb0000000000000000000000006a672286b931d2af9f56d3351e18053887421985000000000000000000000000000000000000000000000003cb71f51fc5580000,0
48,0x32d6a3a070ff7e2d3f62530620fd8a2870485ba0e805a116bfd3cfdfb05296c5,5645740,1526813375,0xa7b8edb0583b478e2b7c431feb4bc6629a6cd1e5,0x6a672286b931d2af9f56d3351e18053887421985,0.400000000000000000,NULL,0x,0
49,0x3031944f44b0cfa66ca72ad0c1604d91dd73ea208a673056a4add24a9dd5009e,5645761,1526813707,0xa7b8edb0583b478e2b7c431feb4bc6629a6cd1e5,0x2022260484af0795305d21db215d9c35934e709b,0.400000000000000000,NULL,0x,0
50,0x2b6e8f6c5fb1fbc0a3fd73f1dc47e908b81ef47a25bc0501b35aa24ef2112bc1,5648306,1526851856,0xa7b8edb0583b478e2b7c431feb4bc6629a6cd1e5,0x5f53f7a8075614b699baad0bc2c899f4bad8fbbf,0E-18,NULL,0xa9059cbb0000000000000000000000006a672286b931d2af9f56d3351e180538874219850000000000000000000000000000000000000000000000a5536351b1ed0f8463,0
51,0x4236b0c68aef3ba0078292c8577e6667afbbccef6fedbddf13ad3991fc0573c1,6050639,1532859087,0x3002c4d2f9b18f213a45c9445eef949f6f6d49e2,0xa7b8edb0583b478e2b7c431feb4bc6629a6cd1e5,0.074419661597008790,NULL,0x,0
52,0x0791d7c56fbd68216c8b0b49ff139b067c867711ae69372005e07fa00e37738a,6050939,1532863025,0xa7b8edb0583b478e2b7c431feb4bc6629a6cd1e5,0x475d5edafb0db0f78902c4e49da49fa1ce2d65cc,0.200000000000000000,NULL,0x,0
53,0x47e3e2085640bf50e3f9c64461759a7e33296efe44ff449f7427a091939d89f6,6440824,1538501532,0xa7b8edb0583b478e2b7c431feb4bc6629a6cd1e5,0xebbdf302c940c6bfd49c6b165f457fdb324649bc,0E-18,NULL,0xa9059cbb0000000000000000000000004986c962e302bc6c272084bce31440e92baebc4b000000000000000000000000000000000000000000009ed194db19b238c00000,0
