,TxHash,BlockHeight,TimeStamp,From,To,Value,ContractAddress,Input,isError
0,0x00cbf2def1b215acd49b9e4545401591abcb8449d477419742ea88b3ce714b28,4927766,1516257947,0x3f5ce5fbfe3e9af3971dd833d26ba9b5c936f0be,0xa88f16b7288736bb5913d2b4848d26e112658726,2.000000000000000000,NULL,0x,0
1,0xb1b2acc1e4fbd735873bfb7bed7ab78d301d6e96e63a1aed27d329054cb4d605,4927960,1516260973,0xa88f16b7288736bb5913d2b4848d26e112658726,0x7c9f1ce5527a23585306dea93107f8c454a438ad,1.990000000000000000,NULL,0x,0
2,0x796e147dd706174c9d52ea3a8e491735c6829c1c6b6a43903e2cee4b578627ef,5032095,1517790288,0x8e66d434683f039f01e42280d873421f488cb159,0xa88f16b7288736bb5913d2b4848d26e112658726,1.093820810000000000,NULL,0x,0
3,0x0cad0476e0b050822afa9db5faf7b9a523fda8454f8c0931a11e7b42bbc0f949,5032272,1517792550,0x8e66d434683f039f01e42280d873421f488cb159,0xa88f16b7288736bb5913d2b4848d26e112658726,0.348158560000000000,NULL,0x,0
4,0x88cbb2448e2aa1da4da473fcca4e3750de039a7dc6adcc3ca8f1328c4730ad80,5070605,1518347894,0xa88f16b7288736bb5913d2b4848d26e112658726,0x4f9d4098e08801e649fa680bf6b0ddef9682d639,1.450276243093922700,NULL,0x,0
