,TxHash,BlockHeight,TimeStamp,From,To,Value,ContractAddress,Input,isError
0,0x5516dc46012534843456358646e59d236a5b5e0d024607e04292354308e127cf,5584633,1525885262,0x69915d2c33052e2fc96b0fcc2550f7c4de6b5359,0xa8afa9a714e06b9eb1b500617494ac213f2d428a,0.004004730000000000,NULL,0x,0
1,0x1f48a2a1b3ac9d3744b47f15b99fb04fda82dd0f450b0b015084b19c699e4c1d,5589137,1525953191,0x0681d8db095565fe8a346fa0277bffde9c0edbbf,0xa8afa9a714e06b9eb1b500617494ac213f2d428a,0.590000000000000000,NULL,0x,0
2,0x74c41f0444c8c012e1f76fd01ad8d45dd6dd5ab1d2f685d7e3ba2b7584b8f449,5594206,1526030164,0xa8afa9a714e06b9eb1b500617494ac213f2d428a,0x3969ca8c6a3bd35520c0c67dfbc90f7d735c536d,0.029864460000000000,NULL,0x,0
3,0x7a0fcaa8a3d327593ad40d406909a143f7cef09ff89397b06b9f905d97e63dec,5594295,1526031648,0xa8afa9a714e06b9eb1b500617494ac213f2d428a,0x4b20d97811bf3d5b55f6b24cd27cfea0aa4a3674,0.304200300000000000,NULL,0x,0
4,0xcb4f868b9059207263398f7aef1e06423fe74907e919219189117a7cb9e72972,5596093,1526058981,0x0681d8db095565fe8a346fa0277bffde9c0edbbf,0xa8afa9a714e06b9eb1b500617494ac213f2d428a,0.721303290000000000,NULL,0x,0
5,0x20a3e9bff5545c8cdd43240cff113412f188989c1580620b3967a73b7f5ce370,5596761,1526068554,0xa8afa9a714e06b9eb1b500617494ac213f2d428a,0x04cb5b369b9ef0a0ab9c8b32b45db180daf1a698,0.018071240000000000,NULL,0x,0
