,TxHash,BlockHeight,TimeStamp,From,To,Value,ContractAddress,Input,isError
0,0xfeaab86c9b5d8859d9ed1cd00d0a759796308a093cbc1a055590088f043b2008,4984398,1517092690,0x9fb1d69b671c58c8d87352d778b963701e8a9219,0xa82c7c0ef05080463e4ac55db8b8531007f3a66c,0.100000000000000000,NULL,0x,0
1,0xe3a82c3b5de250efff37e733efaacc1410686af8ede860d0094cfc8e310c3d99,4984743,1517097862,0xeb04d0a36343f80b46ba5925a2e1700a85c9fc79,0xa82c7c0ef05080463e4ac55db8b8531007f3a66c,0.100000000000000000,NULL,0x,0
2,0x6877ee18d7fe103e326a410724ba1b8b1d52ac7ddec2dcf204016fb8653a0a1d,4987260,1517134312,0x6a8b62c3d4d6b92bc6524bbc1792415ab64806f3,0xa82c7c0ef05080463e4ac55db8b8531007f3a66c,0.004260310000000001,NULL,0x,0
3,0x7eeb2d28796886acb5569485510f1c9847b5b9e79c0873dbe04e75ac4da2ad0d,4987328,1517135083,0xeed16856d551569d134530ee3967ec79995e2051,0xa82c7c0ef05080463e4ac55db8b8531007f3a66c,0.009061050000000000,NULL,0x,0
4,0x1c56e13e6ba75b4bb7249ba68bb90b33928485cccf441d3324f50be9bd573783,4987395,1517136006,0xa82c7c0ef05080463e4ac55db8b8531007f3a66c,0xadfe3cca1e5058e7837a70ef742453e422b47242,0.212594070000000000,NULL,0x,0
5,0x016be882a05b53961479e52141c644d532cc1bcf7b35439fb9bb4a316d0945ba,4998325,1517294797,0x2d8e6408ff9c1e93efbed6b32e7dfb9c7bcf0b56,0xa82c7c0ef05080463e4ac55db8b8531007f3a66c,0.100000000000000000,NULL,0x,0
6,0x21a368bc4f2d487103cfdbe44448169ec9f7279a2ad0ba6108e0f5b53a5ddfb6,4999612,1517313875,0xa82c7c0ef05080463e4ac55db8b8531007f3a66c,0xadfe3cca1e5058e7837a70ef742453e422b47242,0.099887290000000001,NULL,0x,0
7,0x2cba70b95269e644ffc83892a7e6848b26e1f947eaf0a9b59c2b3d7894660dc8,5007584,1517430829,0xfb52401f77bcf46b263029822dee8e7063617a1a,0xa82c7c0ef05080463e4ac55db8b8531007f3a66c,0.100000000000000000,NULL,0x,0
8,0x11388e2fa2160bc13c4dff1874f397af6c0b52fd1845abb46e6e6ca40cd315e2,5007644,1517431873,0x93cc5ab8633dc2f987ee8062e63d852f0925c867,0xa82c7c0ef05080463e4ac55db8b8531007f3a66c,0.100000000000000000,NULL,0x,0
9,0x520fcdb14dd7e60cad4a7541f25afc019fed6a94d72c40ec6601b4bb03e5fb66,5012599,1517505641,0xc929b1257f07eb9a827c5f14d86a1246ccff848b,0xa82c7c0ef05080463e4ac55db8b8531007f3a66c,0.200000000000000000,NULL,0x,0
10,0x1db84a9944d1ff3617f96f2358661459efba951a8d0d4849f45b1563b233d281,5012602,1517505696,0xa82c7c0ef05080463e4ac55db8b8531007f3a66c,0xadfe3cca1e5058e7837a70ef742453e422b47242,0.198761000000000000,NULL,0x,0
11,0xfd65c4bae9490ddd811280a94a26882e05565d3ad4005398a74c4c396645f528,5012618,1517505881,0xa82c7c0ef05080463e4ac55db8b8531007f3a66c,0xadfe3cca1e5058e7837a70ef742453e422b47242,0.199118000000000000,NULL,0x,0
