,TxHash,BlockHeight,TimeStamp,From,To,Value,ContractAddress,Input,isError
0,0xb956e0a87615b2aa34f84ba27cfcd6c54dcb1a94083c5ff928e8a4ea9a089d9d,5421402,1523451281,0x4800dca78541d61e8fdf54f6da019ca0a68bd49a,0xaa60f2b7e7cd32cc31620c3a5d10a79e6f2f5cf6,3.611334550000000000,NULL,0x,0
1,0x75b86729e93cb6ba998e1a03b002bd033e3b26ad991b86e46ce7a9773619c9bd,5421638,1523454716,0xaa60f2b7e7cd32cc31620c3a5d10a79e6f2f5cf6,0x3a3d05a2b8910a22cdb3758679d36935e8c1cf22,3.600000000000000000,NULL,0x,0
2,0x8c0ff075203667c6100fa9b892b8bff51af9362a9b5757b3331c114971e61f1f,5432112,1523607378,0xd551234ae421e3bcba99a0da6d736074f22192ff,0xaa60f2b7e7cd32cc31620c3a5d10a79e6f2f5cf6,0.540816720000000000,NULL,0x,0
3,0xeb6f55e5a20187969eab75f31f5e2831389218ce3b042277304c678e00b3cc07,5434059,1523636022,0xf726dc178d1a4d9292a8d63f01e0fa0a1235e65c,0xaa60f2b7e7cd32cc31620c3a5d10a79e6f2f5cf6,0.503876300000000000,NULL,0x,0
4,0x2e6ac953d51261d5f7f8875deef7eddf82df2fe683882cdaacde93f7b0fb971a,5434633,1523644542,0x0681d8db095565fe8a346fa0277bffde9c0edbbf,0xaa60f2b7e7cd32cc31620c3a5d10a79e6f2f5cf6,0.494910000000000000,NULL,0x,0
5,0x4894c209a5810c2eed85e12cd17dca40445a58c4a0f2a2ba43ae33a5aac010d9,5434688,1523645433,0xb6aac3b56ff818496b747ea57fcbe42a9aae6218,0xaa60f2b7e7cd32cc31620c3a5d10a79e6f2f5cf6,0.500000000000000000,NULL,0x,0
6,0xc8911b7092271e863dddc2f67d800791f57c3513530ee50fd0f6e099c36d4f51,5435793,1523661629,0x4800dca78541d61e8fdf54f6da019ca0a68bd49a,0xaa60f2b7e7cd32cc31620c3a5d10a79e6f2f5cf6,0.080327619400000000,NULL,0x,0
7,0xcce2468f36abb1bc1bd3b76ba3048a74230512d025ca031428cd4c9996afafea,5435856,1523662419,0xaa60f2b7e7cd32cc31620c3a5d10a79e6f2f5cf6,0xaa60f2b7e7cd32cc31620c3a5d10a79e6f2f5cf6,0.484000000000000000,NULL,0x,0
8,0xcce2468f36abb1bc1bd3b76ba3048a74230512d025ca031428cd4c9996afafea,5435856,1523662419,0xaa60f2b7e7cd32cc31620c3a5d10a79e6f2f5cf6,0xaa60f2b7e7cd32cc31620c3a5d10a79e6f2f5cf6,0.484000000000000000,NULL,0x,0
9,0xa8f6efeb310492c909888c6b65063d3209acf254ce68f04f281425294ccdab09,5435864,1523662518,0xaa60f2b7e7cd32cc31620c3a5d10a79e6f2f5cf6,0x70a9ff4dadb5100b2a91f17defdd2ac9aad517d7,0.484000000000000000,NULL,0x,0
10,0x6a6e0a372ca1a2e532d6cb823524d1cb59ea1163a312dbe7ab51e461620ee258,5436133,1523666380,0x69de9450c2305bab62f32a2a6989af876a6fcadd,0xaa60f2b7e7cd32cc31620c3a5d10a79e6f2f5cf6,0.511147500000000000,NULL,0x,0
11,0xbd6527f8c67d94f2d1b2b8e198df71b4885935f9267a3e92bd3a172be35a6d29,5436240,1523667774,0x564286362092d8e7936f0549571a803b203aaced,0xaa60f2b7e7cd32cc31620c3a5d10a79e6f2f5cf6,3.198618140000000000,NULL,0x,0
12,0xc1687dfbf00211feaa34d2d11d76287584f3ea0760672485e07a8ea81ca42e09,5437704,1523689105,0x248f98c6ceee0e2bc27fd12ac5f0d511d3a6e576,0xaa60f2b7e7cd32cc31620c3a5d10a79e6f2f5cf6,0.700000000000000000,NULL,0x,0
13,0xcb91431431fd7b3e8923fde8eb2ed2914601adab6d4b5799e99ab8dbc05a6b10,5438769,1523704875,0x4b01721f0244e7c5b5f63c20942850e447f5a5ee,0xaa60f2b7e7cd32cc31620c3a5d10a79e6f2f5cf6,1.086560240000000000,NULL,0x,0
14,0x01e85cc0a66cf123f3f2f6264a69894ab43ed60a65e4a52f8f5c1cac13dea837,5439166,1523710339,0xf6e8c5048a80af21cb1e94d99cd4d0d294696575,0xaa60f2b7e7cd32cc31620c3a5d10a79e6f2f5cf6,1.210000000000000000,NULL,0x,0
15,0x0149f3413bc708ddc391c017291c415148eaa70ebefa1df061dbb52c9ce8dbed,5440551,1523730561,0x73154b885da00f3a0381e07ac0276764ed4848cf,0xaa60f2b7e7cd32cc31620c3a5d10a79e6f2f5cf6,0.834581250000000000,NULL,0x,0
16,0x46d777a7889ff0c385d5b0624ae0b5e8a0040ab012300a093b6e88c410cf88ba,5443951,1523780414,0xe13467e36561606a821fb7ecd72bfce8f70648f9,0xaa60f2b7e7cd32cc31620c3a5d10a79e6f2f5cf6,0.595000000000000000,NULL,0x,0
17,0xea4222587adcd8550383ffa90c15c2d740226e03648afe08942969bf3ae13387,5445504,1523803145,0x3d932235bf428d8fd4811d77b06f5b669432e7b0,0xaa60f2b7e7cd32cc31620c3a5d10a79e6f2f5cf6,0.000050000000000000,NULL,0x,0
18,0x1a5230550680cd33d5d9c931cd3e12d310d9b81aa432da426f3aa470f12dea31,5447246,1523828236,0xaa60f2b7e7cd32cc31620c3a5d10a79e6f2f5cf6,0x70a9ff4dadb5100b2a91f17defdd2ac9aad517d7,0.292000000000000000,NULL,0x,0
19,0x06df84d703099afa0014816f23d2d3f140ecf3dbb7af695ee34a219053ab2784,5447263,1523828546,0xaa60f2b7e7cd32cc31620c3a5d10a79e6f2f5cf6,0x3b72e7a10824734c9a503cc719901827e9d59a12,9.488807319400000000,NULL,0x,0
0,0x55354d19c12482899eb81c0d98de0a7ea7f05f1f5cab6f8791439c8836507838,5448884,1523852224,0xd4f5bf184bebfd53ac276ec6e091d051d0ed459e,0xaa60f2b7e7cd32cc31620c3a5d10a79e6f2f5cf6,0.358800000000000000,NULL,NULL,0
1,0xfd40ac180eb0ffe3c56b9e937616fa9905e7280d72500a2a312c39f0594ce9d7,5448884,1523852224,0xd4f5bf184bebfd53ac276ec6e091d051d0ed459e,0xaa60f2b7e7cd32cc31620c3a5d10a79e6f2f5cf6,0.673600000000000000,NULL,NULL,0
20,0x08c0774398b3f5c36af393e901fb291bb89fdc209f98b2bde878fb398c1dbb64,5449328,1523858512,0xed8e7ad3f3a5b17428472bdc14aace4de14ef7c4,0xaa60f2b7e7cd32cc31620c3a5d10a79e6f2f5cf6,0.550000000000000000,NULL,0x,0
21,0xf5db33fb5d484777eb64910a95b1299d1ed47f1005f6ea93691ee5b850a4dbb3,5457804,1523983860,0xaa60f2b7e7cd32cc31620c3a5d10a79e6f2f5cf6,0xe85acf1ee25cec9e59ddee9ceb790cf75b16619f,0.112000000000000000,NULL,0x,0
22,0x9bdefaf1ffa41fe98f6e9012969b3da55109abf6c756e9b5a21402703c6d23c2,5462509,1524053346,0xaa60f2b7e7cd32cc31620c3a5d10a79e6f2f5cf6,0x7c40d8d00a89ce3550410c6bc5c2935b4ab5e078,0.296000000000000000,NULL,0x,0
23,0xca17d514b165eb55d8ebb7aca3a7b9a60f68d02cc56a6c20f02db15bd276b946,5465408,1524096247,0xaa60f2b7e7cd32cc31620c3a5d10a79e6f2f5cf6,0x3b72e7a10824734c9a503cc719901827e9d59a12,1.172951000000000000,NULL,0x,0
