,TxHash,BlockHeight,TimeStamp,From,To,Value,ContractAddress,Input,isError
0,0xc76ab5d4a8bec26481adf82a4edf5357fd3ffd05ea3c726214dd97066321e292,5867691,1530168807,0xdfd2699d19afcd229dc17971b33f1019ec2ba501,0xaab92ead3017703f7f9f3f7ff71f623cd7a8d164,0.970000000000000000,NULL,0x,0
1,0x6e1680e3f36e49a627a18194d8c0db34357aa59bae047dfa309b34c67720a2fd,5868287,1530177205,0xb1b19658aea11f0ea80b5ea10b1c2322859cfa69,0xaab92ead3017703f7f9f3f7ff71f623cd7a8d164,0.999685000000000000,NULL,0x,0
2,0x6cc67d45a50a26bec688dbf6e5995a005c415916e8194fe8792fc961cf6e4686,5868298,1530177348,0x88ad34b89cd75c0034490757619b7a32e2762095,0xaab92ead3017703f7f9f3f7ff71f623cd7a8d164,0.599685000000000000,NULL,0x,0
3,0xf51b188af213709c1bd6d277649a5af0ceb4d64f8029a0600c7bc078469b4da2,5868310,1530177542,0x11052e896e69172bd4ae779b712123a60b00ccf2,0xaab92ead3017703f7f9f3f7ff71f623cd7a8d164,2.098711000000000000,NULL,0x,0
4,0xeade715df69f333b1cd09aaa73d9dfb251f373223da4534f27e973b06a1d1b55,5868318,1530177673,0x9948e895ed2532d4ccde912291dd84b9e4571e56,0xaab92ead3017703f7f9f3f7ff71f623cd7a8d164,0.499811000000000000,NULL,0x,0
5,0x636e4ee5339d2d81f049590e50572cc25e90a3e9fad0a3105fa5b0c351e51f0c,5868326,1530177760,0x3a48e6bf0d7291f4133473c7bc8229a98e8d8664,0xaab92ead3017703f7f9f3f7ff71f623cd7a8d164,0.274811000000000000,NULL,0x,0
6,0x681fdbd3490ae0bb9f078e542e1f278a57f7c3517e6a8776c9520a34c86d5759,5868335,1530177932,0x9ccd2700501a76f3a2b8e1fe892f4cf9738c84c2,0xaab92ead3017703f7f9f3f7ff71f623cd7a8d164,4.249811000000000000,NULL,0x,0
7,0xe0c4e2c2d1b563961ea1d4a635d9dd0145da189f5616396f9e4ce7ade0112cf6,5868355,1530178261,0xe27538f67676eacaa2410930475a8e58a29fede9,0xaab92ead3017703f7f9f3f7ff71f623cd7a8d164,0.711898688512499700,NULL,0x,0
8,0x0ea72ca999356094ed7b6eab8f5b1a790ef103576d0eea651a89fb1e90eb87d2,5868364,1530178412,0x2d920df688cc6dcbf6c8a4015f035168ede8419f,0xaab92ead3017703f7f9f3f7ff71f623cd7a8d164,11.350799030000000000,NULL,0x,0
9,0x14dbd6b8a6765e4340bf6a77e5a034bd52a70d75a55850bc8434d4ae6f517d9e,5870911,1530216631,0x2f72be87d6a874f1763306c7c1c3d31c5fa8f0ef,0xaab92ead3017703f7f9f3f7ff71f623cd7a8d164,3.780229230000000000,NULL,0x,0
10,0xb8002cad46677640116c55fd7f077c59682a758ac48afb2d9714bfdd5b9e9057,5978765,1531803912,0xaab92ead3017703f7f9f3f7ff71f623cd7a8d164,0x6cdf85397a1c0b983d52c99f809ae4fad6941b5f,25.535041948512499700,NULL,0x,0
