,TxHash,BlockHeight,TimeStamp,From,To,Value,ContractAddress,Input,isError
0,0xb37b1cbaf2c2bc5ab628f1a03659688030ee2cdc94115a038c8638250a31dad5,5914340,1530858795,0x51836a753e344257b361519e948ffcaf5fb8d521,0xab5fd091c56a9b801e945a902e986e894e4f407d,0.500000000000000000,NULL,0x,0
1,0xf2889cb7198f80acba929d9db429a1d49eff90b12a9f160b0c1faf5d1c6e64d0,5920174,1530945591,0x59a5208b32e627891c389ebafc644145224006e8,0xab5fd091c56a9b801e945a902e986e894e4f407d,4.418364110000000000,NULL,0x,0
2,0x4b66294b97a80f5ce81734861bc72b753ffff55af7ce6d93f02389d51c93c222,5921298,1530962699,0x503247c6074dd9f3023f4310949837f9ac279fc5,0xab5fd091c56a9b801e945a902e986e894e4f407d,0.000060000000000000,NULL,0x,0
3,0xb3ce02f4a2addcdd0384d3f486d3904a38be61227f0b65525d3638ec1c77307b,5932888,1531136157,0xfbb1b73c4f0bda4f67dca266ce6ef42f520fbb98,0xab5fd091c56a9b801e945a902e986e894e4f407d,2.570534030000000000,NULL,0x,0
4,0xe14f7016c239ed37bd7bc15e46158ea9b75892315301f5d041554d983f942998,5934002,1531152665,0x3f5ce5fbfe3e9af3971dd833d26ba9b5c936f0be,0xab5fd091c56a9b801e945a902e986e894e4f407d,0.486412610000000000,NULL,0x,0
5,0x15f71ba138f748bfcf09f27e86b08f3a58bd4af98f4e48e42bbd50ed3ff4952f,5936470,1531188698,0x876f6b17b51599a40c2faf49deee3894eb9fedf8,0xab5fd091c56a9b801e945a902e986e894e4f407d,0.500000000000000000,NULL,0x,0
6,0x47428a4ad3011716af724d861552f5d38d84bfdb4d5a6e9a3414ed6538930978,5936532,1531189692,0x876f6b17b51599a40c2faf49deee3894eb9fedf8,0xab5fd091c56a9b801e945a902e986e894e4f407d,0.733514557000614700,NULL,0x,0
7,0xdc0d17b37faf1e0d19ef9a7d3ce78028016eb9c7d4b79ee1371f9d1ac564bf9e,5944941,1531315476,0xab5fd091c56a9b801e945a902e986e894e4f407d,0xe892875b87b94c44edf0e91ee9f49d0525fadd83,9.206806307000000000,NULL,0x,0
