,TxHash,BlockHeight,TimeStamp,From,To,Value,ContractAddress,Input,isError
0,0x38588f7dcc910e4fb072f853cfaa71bd3a350989b3041e928072fa37ae321a78,4790675,1514150541,0x828497e4b8fef3f3534ab100c8b8cefa8a1db203,0xacba705c4e619cd687a1d6cf35c83e5c4e268f0b,0.004700000000000000,NULL,0x,0
1,0x9f82a8f629251212f270a6b46e072c338155e949e489462d074981d0407ddd9a,5497652,1524576741,0xd43e527ff6e9d9152c53b2dc79b4985f354cbc3a,0xacba705c4e619cd687a1d6cf35c83e5c4e268f0b,1.500000000000000000,NULL,0x,0
2,0x6eeb887facfb1df05b80b4f70b825c0f337e29ff2d4901c1eb812aecf6b288b5,5497738,1524577934,0x6a220a59bf8f1ac741b768868b2c78118db2d3ce,0xacba705c4e619cd687a1d6cf35c83e5c4e268f0b,0.990000000000000000,NULL,0x,0
3,0xd0ac133972bf8f0b92d79df5c55317978ec906bdcd74e3c35066ab628e636f27,5497789,1524578634,0x785d5cb2085ec0a10f50e453440977bc7121e023,0xacba705c4e619cd687a1d6cf35c83e5c4e268f0b,0.100000000000000000,NULL,0x,0
4,0x70cb2d536699d08dac0496ae9b8a3e230a283f219643dc512b0b19faf0bc039e,5514188,1524822950,0xacba705c4e619cd687a1d6cf35c83e5c4e268f0b,0xf337f9f7673a8c415aaecf88bda649de6281f7df,1.260000000000000000,NULL,0x,0
5,0x49fe6468d26cc97da0750a7e7a48ecdd728d1bc31a073fcd72412040a6925c30,5549432,1525355521,0xacba705c4e619cd687a1d6cf35c83e5c4e268f0b,0x93d905328a1f220179cedb89a4964218678693b3,1.332978000000000000,NULL,0x,0
