,TxHash,BlockHeight,TimeStamp,From,To,Value,ContractAddress,Input,isError
0,0xae5f29d3e3ba747703ef634e06d49fe8ca82448de1cae2af33b0d1eaf9b9467d,4247561,1504775655,0x59666eaaf6a8d93ef7709b6029569ba42e187a21,0xacba5dd5b9ebe3c64ac95144c235dbc8bc713963,12.839019405310475200,NULL,0x,0
1,0xc85d2cafa21fc20624e01b6cab956c5e2808386722917fc07a19fc8dec706604,4247568,1504775776,0xbd9b6fe4bee17a242d0ce3e0f4f5211a3177bcab,0xacba5dd5b9ebe3c64ac95144c235dbc8bc713963,10.000000000000000000,NULL,0x,0
2,0x0b471090a57f17e90faa28c1ef3dc6160384cd07116d14207bbda5ee40b07263,4247572,1504775879,0xfb13845443f258f44fe802992dabf8ee4137ab6e,0xacba5dd5b9ebe3c64ac95144c235dbc8bc713963,47.000000000000000000,NULL,0x,0
3,0x437a35a4c75af5da741fd3dcf17485d71fbc05f00dd8dfdb53e3d79e68d60b9f,4247616,1504777109,0xfb13845443f258f44fe802992dabf8ee4137ab6e,0xacba5dd5b9ebe3c64ac95144c235dbc8bc713963,0.850000000000000000,NULL,0x,0
4,0x8dbca7b905bf22ff93e01ccc27a16a4515b9797908f667be6a6575ec12c0140b,4247714,1504779533,0xf75fbe30a1adbdbd6491054e3ef2b435151a86e7,0xacba5dd5b9ebe3c64ac95144c235dbc8bc713963,8.000000000000000000,NULL,0x,0
5,0x4aeabc18af1423e9e951aeed7dfcb85b9b129110638124239715927a054b5f38,4247715,1504779578,0xf75fbe30a1adbdbd6491054e3ef2b435151a86e7,0xacba5dd5b9ebe3c64ac95144c235dbc8bc713963,0.436042771567958174,NULL,0x,0
6,0x2a1a0d24a8b09365e172a9c0936c7e52412410be8bb43ef2156864cc09b41dcb,4247815,1504781785,0xacba5dd5b9ebe3c64ac95144c235dbc8bc713963,0x1639d9d0fa9c149546ec76aef7dbb4b60be540c7,0.121930000000000000,NULL,0x,0
7,0x1af4a54dc713d940de2b0f1cb2e4828f81a6ad71813f17080ca0d9df9ead50d4,4247990,1504786064,0xacba5dd5b9ebe3c64ac95144c235dbc8bc713963,0x32cd777d935ab34e324e9e4da1edf11465c70f59,0.100000000000000000,NULL,0x,0
8,0xcc5b0f86c4aed20b009540c983d488396fcb2720f8cdc9885ca626bc8495d01c,4248157,1504790219,0xacba5dd5b9ebe3c64ac95144c235dbc8bc713963,0xfb13845443f258f44fe802992dabf8ee4137ab6e,0.100000000000000000,NULL,0x,0
9,0x845fd39652808cd3fcb748d41ca5076b9fd739e7b7a734b83ec7aaed4985b5a9,4248281,1504793249,0x578aea83a2e26e5b0ef396402ae9b6d8350e25ab,0xacba5dd5b9ebe3c64ac95144c235dbc8bc713963,12.000000000000000000,NULL,0x,0
10,0x9cc7640074387b7c7cca9bafa2d1ad795a7c77f9807a57ff416cbed901d0a9eb,4248316,1504793915,0x578aea83a2e26e5b0ef396402ae9b6d8350e25ab,0xacba5dd5b9ebe3c64ac95144c235dbc8bc713963,0.400000000000000000,NULL,0x,0
11,0xad11571ee9b388e8fe2e3a7bc47b2d0c08cbf0c6b603e6e26c587c2444a4dc47,4255274,1504961305,0xacba5dd5b9ebe3c64ac95144c235dbc8bc713963,0xb5971e83e14a2feaecea082c76cccdce94b8bace,0.100000000000000000,NULL,0x,0
12,0x4588156b7bfd7d031ab1efada00d753ab451607db6e56d46be4a95835c39de0e,4255276,1504961333,0xacba5dd5b9ebe3c64ac95144c235dbc8bc713963,0xb5971e83e14a2feaecea082c76cccdce94b8bace,0.100000000000000000,NULL,0x,0
13,0x2c9d6b3e105c1a24098cb12e960649f94146e19ac5f158800b8b1a18ca010463,4255286,1504961616,0xb5971e83e14a2feaecea082c76cccdce94b8bace,0xacba5dd5b9ebe3c64ac95144c235dbc8bc713963,0.199094018000000000,NULL,0x,0
14,0xa6a8c1f8026bd38dbc9256b334646c8f73d9eb4e690b38b4960e0d997837a211,4255287,1504961686,0xaa5a36536261f409c106a4e4862554772a4daad0,0xacba5dd5b9ebe3c64ac95144c235dbc8bc713963,7.384421460000000000,NULL,0x,0
15,0x9efba9efe3e812aafc689da78d08e6a5d15a4f22fd97f6c67498e885349c8178,4255573,1504969184,0x30c1b0ad01da4f227a6378cded0116c7a5040ccd,0xacba5dd5b9ebe3c64ac95144c235dbc8bc713963,4.487582438000000000,NULL,0x,0
16,0x78afbc199b84d7ee8a57a820f90d2887c25bf921c0a055ba96a73c4568f7410e,4255614,1504970316,0x447e55eb2a2ec3640d245ec5b576b5a7d6cbe96f,0xacba5dd5b9ebe3c64ac95144c235dbc8bc713963,3.191323100000000000,NULL,0x,0
17,0xe4eeb7deee14a7e65e006d7111628e1ddff7f78bbb593e296246723bcd3687b7,4255668,1504971401,0x6ec45839733af7bcd5afa79e92d97e1c82da4fd6,0xacba5dd5b9ebe3c64ac95144c235dbc8bc713963,1.370537529000000000,NULL,0x,0
18,0x08bc13bf4ab5777e306528e9fb2733f4ae37030255e0017a14a0479be91a00f8,4255699,1504972040,0x3f945ea69f0bee2a8257c1f2f51d39920c8506ea,0xacba5dd5b9ebe3c64ac95144c235dbc8bc713963,0.991984610000000000,NULL,0x,0
19,0x2c76409ee46a27ea4c3252f7123b1cc93066b136c959ffbdca7db38386fc1eec,4259100,1505055224,0x586ebb8637024436b1b483cbc0910546c9ed6306,0xacba5dd5b9ebe3c64ac95144c235dbc8bc713963,1.147498790000000000,NULL,0x,0
20,0x2c2dca295d7d6bfdf5f5447564ef1ba3d75501a9e1585a674c8fcf0d04f31151,4259114,1505055426,0xf75fbe30a1adbdbd6491054e3ef2b435151a86e7,0xacba5dd5b9ebe3c64ac95144c235dbc8bc713963,4.978461674000000000,NULL,0x,0
21,0x71b6afea0e7e5ff0b56d7bd51bb12e6ac189be31348bec994c25215232ce8afc,4261837,1505121721,0xe66b865c79d480226853ecea12f206f4e001fb52,0xacba5dd5b9ebe3c64ac95144c235dbc8bc713963,29.997459000000000000,NULL,0x,0
22,0x9c3feaf916c957c6cbd233131be50b82c4eb9e6ae8edd35a3fe493bddb946009,4261848,1505122093,0x1f39670855f3a9cf9c9b5db6bd551020ce0b5f9d,0xacba5dd5b9ebe3c64ac95144c235dbc8bc713963,14.989337400000000000,NULL,0x,0
23,0x277101ab5f44312bc74469f715e736a38bc13528370c19e1e78b52c11e35f19e,4262081,1505127761,0xacba5dd5b9ebe3c64ac95144c235dbc8bc713963,0xe3818504c1b32bf1557b16c238b2e01fd3149c17,0E-18,NULL,0xa9059cbb000000000000000000000000c0036b2d5e11021af7a129f3cb2a5577dccf2b6800000000000000000000000000000000000000000000006e4d16d2d3d44530ff,0
24,0x51b1731cef554f88a67cd44dbc90ade847e5bffda64842386d58b5e2e2623310,4262272,1505132167,0xacba5dd5b9ebe3c64ac95144c235dbc8bc713963,0xa77d92583966aa5cba1877ee55a94efeb136db79,0.100000000000000000,NULL,0x,0
25,0x085f1f1d3f24b20746151b904b5a0bf1da2291907ab820282520c417746afdee,4263095,1505151224,0x71d5a7581352fa8a5be315ff8a05a9c4c6730ebe,0xacba5dd5b9ebe3c64ac95144c235dbc8bc713963,10.004368000000000000,NULL,0x,0
26,0xaeabf5987cb5e1d496501c2acd8d64b45141440836a4ffe7a5a826b98fc2b068,4263100,1505151351,0x6ec45839733af7bcd5afa79e92d97e1c82da4fd6,0xacba5dd5b9ebe3c64ac95144c235dbc8bc713963,5.001659000000000000,NULL,0x,0
27,0x73de5f4444a2218cd37c4d1052c4a72c6c8b5cd22499d629883fa8c1f70387e5,4263124,1505151975,0xacba5dd5b9ebe3c64ac95144c235dbc8bc713963,0x41e5560054824ea6b0732e656e3ad64e20e94e45,0E-18,NULL,0xa9059cbb000000000000000000000000d8fcf9de1cf44796180afd9775bbca985835bfd800000000000000000000000000000000000000000000000000000013d609b37d,0
28,0x679a790d0e98ee43786c68964730b012885c22c0770724a189844b63438c5655,4263177,1505153359,0xacba5dd5b9ebe3c64ac95144c235dbc8bc713963,0xe41d2489571d322189246dafa5ebde1f4699f498,0E-18,NULL,0xa9059cbb000000000000000000000000d8fcf9de1cf44796180afd9775bbca985835bfd800000000000000000000000000000000000000000000027a956252f432a80000,0
29,0x7d9e9556a21dec2d56db2f379aad0c05922d96c8b041bdf31e2994639ebda544,4263282,1505155614,0xacba5dd5b9ebe3c64ac95144c235dbc8bc713963,0xd8fcf9de1cf44796180afd9775bbca985835bfd8,124.640722675878433374,NULL,0x,0
30,0x68c9ad2a4984750cbaffff8f9d939c8400256766964e71025d7100ba47a433ba,4263319,1505156440,0xdbd9abff9d38c9eb88817b85db55225c860f122f,0xacba5dd5b9ebe3c64ac95144c235dbc8bc713963,10.315309000000000000,NULL,0x,0
31,0xb982412041a4d70527346215450fff03bf6629df047d9f7345687146395c2240,4263345,1505157210,0xacba5dd5b9ebe3c64ac95144c235dbc8bc713963,0xd8fcf9de1cf44796180afd9775bbca985835bfd8,9.000000000000000000,NULL,0x,0
32,0x09721f8941a7cc9c51b44b2c9328ebe75d60c09c37481d0e1fc2c151a745c1a5,4263366,1505157740,0x5ab4d9da3dc19011eefa2bc3397af104a736cf07,0xacba5dd5b9ebe3c64ac95144c235dbc8bc713963,40.000000000000000000,NULL,0x,0
33,0x507c6e66b688dbb48a5ac0ebbb40920714f10f4f0b3d420824a4b38945f1bd3e,4270892,1505339986,0xef2c32d478aeb258dcdfbb3172fefa4a2ef9d721,0xacba5dd5b9ebe3c64ac95144c235dbc8bc713963,150.501909000000000000,NULL,0x,0
34,0x3d125fe96a606f3becd3077c881c3aec72038d6320d11ce2973870828ab1eb90,4270894,1505340127,0x6ec45839733af7bcd5afa79e92d97e1c82da4fd6,0xacba5dd5b9ebe3c64ac95144c235dbc8bc713963,18.999559000000000000,NULL,0x,0
35,0xfacaadee3be674a11800af512ade3f9eeed7c6740bbe03b6be7aadc9181658c2,4273875,1505411538,0x9c291f27305dee30ab6e96e94e50c6e5c21caaa0,0xacba5dd5b9ebe3c64ac95144c235dbc8bc713963,4.059049458000000000,NULL,0x,0
36,0x0712f5e903a8ac2bd6408cc1de2ee21498fb22f286f4232d14292964a76cc486,4273878,1505411636,0x7a77b3ff81abdce01392bb6888bc4ae7b9d24aad,0xacba5dd5b9ebe3c64ac95144c235dbc8bc713963,1.115634600000000000,NULL,0x,0
37,0x7a117be68422ee3224bbcd069191b78816ecea16214956c62d8f15dc1dfd557e,4273937,1505412922,0xb994780324494d9f22314648a3a195493b2bad2a,0xacba5dd5b9ebe3c64ac95144c235dbc8bc713963,2.053235850000000000,NULL,0x,0
38,0xc5abfdc0711f2fe3e7c9ce823b21f62a56c7fbcf42af5a8353f45a64869d8760,4273947,1505413129,0xef2c32d478aeb258dcdfbb3172fefa4a2ef9d721,0xacba5dd5b9ebe3c64ac95144c235dbc8bc713963,0.994428000000000000,NULL,0x,0
39,0xcc866ddc2bf1339398ecc6ef7a4834fae280f9dbb3d2952df9387053463e7d7b,4276608,1505477006,0xacba5dd5b9ebe3c64ac95144c235dbc8bc713963,0x725803315519de78d232265a8f1040f054e70b98,0E-18,NULL,0xa9059cbb00000000000000000000000068b517c64d38316a6bbf895b3ba3e8c4bae283420000000000000000000000000000000000000000000003cfc82e37e9a7400000,0
40,0x01739b6fba0f3d567e8ae189c342d9e1e7b0eb786d21f374ceaf82154c82f60e,4276609,1505477010,0xacba5dd5b9ebe3c64ac95144c235dbc8bc713963,0x5af2be193a6abca9c8817001f45744777db30756,0E-18,NULL,0xa9059cbb00000000000000000000000068b517c64d38316a6bbf895b3ba3e8c4bae283420000000000000000000000000000000000000000000000000000001866b0903d,0
41,0xfe7026479bcb9d2803e7bfafb05bbe5ce6fd54d70777bfd541539763a60095c4,4276611,1505477080,0xacba5dd5b9ebe3c64ac95144c235dbc8bc713963,0x4e0603e2a27a30480e5e3a4fe548e29ef12f64be,0E-18,NULL,0xa9059cbb00000000000000000000000068b517c64d38316a6bbf895b3ba3e8c4bae28342000000000000000000000000000000000000000000000b33e3624ad565000000,0
42,0xd0d3c20ff753f4c3dd9f0d946785bad4f7e8cae4f9dc3600e68ed81f5d273ffa,4276612,1505477093,0xacba5dd5b9ebe3c64ac95144c235dbc8bc713963,0x86fa049857e0209aa7d9e616f7eb3b3b78ecfdb0,0E-18,NULL,0xa9059cbb00000000000000000000000068b517c64d38316a6bbf895b3ba3e8c4bae28342000000000000000000000000000000000000000000000039712f2880e7252409,0
43,0xa14dfd873ab7d7d8195fee313352a7f160590bb64ef0268244ec643cec283dc5,4276616,1505477252,0xacba5dd5b9ebe3c64ac95144c235dbc8bc713963,0xfca47962d45adfdfd1ab2d972315db4ce7ccf094,0E-18,NULL,0xa9059cbb00000000000000000000000068b517c64d38316a6bbf895b3ba3e8c4bae28342000000000000000000000000000000000000000000000000000000b4c50bd400,0
44,0x1bf171e27257cb3eaefc4f7404a20d011daf4e45d7dfd04ea935428930020b4a,4276618,1505477287,0xacba5dd5b9ebe3c64ac95144c235dbc8bc713963,0xef68e7c694f40c8202821edf525de3782458639f,0E-18,NULL,0xa9059cbb00000000000000000000000068b517c64d38316a6bbf895b3ba3e8c4bae28342000000000000000000000000000000000000000000000f6ec74c32825d5c0000,0
45,0xe0645e0291ed9d0e58c9e7640d10f2edcab85955b9c19edad92999b10736bbdd,4276618,1505477287,0xacba5dd5b9ebe3c64ac95144c235dbc8bc713963,0xd26114cd6ee289accf82350c8d8487fedb8a0c07,0E-18,NULL,0xa9059cbb00000000000000000000000068b517c64d38316a6bbf895b3ba3e8c4bae28342000000000000000000000000000000000000000000000002d3280b0642474400,0
46,0xda6cd44344b738d15d4847b935a6ad12dbd79d332465d8f4f108664c8d545342,4276621,1505477313,0xacba5dd5b9ebe3c64ac95144c235dbc8bc713963,0xb97048628db6b661d4c2aa833e95dbe1a905b280,0E-18,NULL,0xa9059cbb00000000000000000000000068b517c64d38316a6bbf895b3ba3e8c4bae28342000000000000000000000000000000000000000000000008c81016bd7d870000,0
47,0x4015d19516af27da41fac538635e6ea7f3302bfd098f3825f7b4d85b8dd4ab8f,4276623,1505477331,0xacba5dd5b9ebe3c64ac95144c235dbc8bc713963,0x4355fc160f74328f9b383df2ec589bb3dfd82ba0,0E-18,NULL,0xa9059cbb00000000000000000000000068b517c64d38316a6bbf895b3ba3e8c4bae28342000000000000000000000000000000000000000000000a92708e6a0370f40000,0
48,0x10631542e219d795a90b7e6da4f8a07153a709e95fc849aec7dc0b6a9997ebb5,4276634,1505477561,0xacba5dd5b9ebe3c64ac95144c235dbc8bc713963,0xf4134146af2d511dd5ea8cdb1c4ac88c57d60404,0E-18,NULL,0xa9059cbb00000000000000000000000068b517c64d38316a6bbf895b3ba3e8c4bae28342000000000000000000000000000000000000000000000cc8ef705b8a60fc0000,0
49,0x75cc6100140535b22e235291e294799927da41143e0bcea4bb15ae3a42acfbaa,4276635,1505477587,0xacba5dd5b9ebe3c64ac95144c235dbc8bc713963,0x12480e24eb5bec1a9d4369cab6a80cad3c0a377a,0E-18,NULL,0xa9059cbb00000000000000000000000068b517c64d38316a6bbf895b3ba3e8c4bae283420000000000000000000000000000000000000000000000000000000000501d21,0
50,0xcc348a96451bae8ae1a81627f805d05ecf642438fd29ceedd485bd8968e5398f,4276636,1505477654,0xacba5dd5b9ebe3c64ac95144c235dbc8bc713963,0xc0eb85285d83217cd7c891702bcbc0fc401e2d9d,0E-18,NULL,0xa9059cbb00000000000000000000000068b517c64d38316a6bbf895b3ba3e8c4bae28342000000000000000000000000000000000000000000000000000007b00ad76546,0
51,0x2ca6485001386695f9061031a25ad38c0b76cf366474bb4e84c2ae4c2159cfef,4276648,1505477985,0xacba5dd5b9ebe3c64ac95144c235dbc8bc713963,0xa33e729bf4fdeb868b534e1f20523463d9c46bee,0E-18,NULL,0xa9059cbb00000000000000000000000068b517c64d38316a6bbf895b3ba3e8c4bae2834200000000000000000000000000000000000000000000000000005af1e67e6408,0
52,0x21836d04c3d8ef58b6fd2abacf3323bfe54b9411cd07e02f917dbed9f52b2bbc,4276653,1505478079,0xacba5dd5b9ebe3c64ac95144c235dbc8bc713963,0x8a99ed8a1b204903ee46e733f2c1286f6d20b177,0E-18,NULL,0xa9059cbb00000000000000000000000068b517c64d38316a6bbf895b3ba3e8c4bae28342000000000000000000000000000000000000000000000bb065e311dd9a800000,0
53,0xf3a9d38fe9bf78731c5eeeeb383c5a3d4da866cbc9f130e3c675d894be3b28ce,4276655,1505478107,0xacba5dd5b9ebe3c64ac95144c235dbc8bc713963,0x3079a6e12b813d5156cde41c5da7489d7139af68,0E-18,NULL,0xa9059cbb00000000000000000000000068b517c64d38316a6bbf895b3ba3e8c4bae283420000000000000000000000000000000000000000000007f421b5c69757e00000,0
54,0xa946f123ab7b9bccbef3ceb04df0acf4b868e92f2a25848b99e01f6fdc6fd062,4276655,1505478107,0xacba5dd5b9ebe3c64ac95144c235dbc8bc713963,0xba54621876dfca50d15705201a5c3b12949b2a79,0E-18,NULL,0xa9059cbb00000000000000000000000068b517c64d38316a6bbf895b3ba3e8c4bae28342000000000000000000000000000000000000000000000000000009184e72a000,0
55,0xdb01c5e7caef130217159e018bc9eca2323618c77b05623d0bf9d02723be0c62,4276655,1505478107,0xacba5dd5b9ebe3c64ac95144c235dbc8bc713963,0x8aa33a7899fcc8ea5fbe6a608a109c3893a1b8b2,0E-18,NULL,0xa9059cbb00000000000000000000000068b517c64d38316a6bbf895b3ba3e8c4bae283420000000000000000000000000000000000000000000003cfc82e37e9a7400000,0
56,0x87e288851841d94e48a3ecec9318d7db494b96035ac20d0d16a7ac756588fd18,4277334,1505494232,0xacba5dd5b9ebe3c64ac95144c235dbc8bc713963,0x4abe6ee5a0ecbf573789a28f79cae33c39197aba,269.015103428000000000,NULL,0x,0
