,TxHash,BlockHeight,TimeStamp,From,To,Value,ContractAddress,Input,isError
0,0x35b9a2ee1cbf8f4731ce457e9d4ab2cc7188e6d7f6f413d1daeb608d85164db9,5703099,1527691017,0x580c7a8295df7035174c68a9c897e9ccaaf3d546,0xada33957e96a59265345c75e9d4151dad5665270,1.000000000000000000,NULL,0x,0
1,0x4146c4380a3d789e601eb9d233e6ed03dfbdd8ced0d8ff591e354c82ff3e389b,5703227,1527693024,0xf573dc6bbcc217c8bdaf31fe582b445f0de8b5e8,0xada33957e96a59265345c75e9d4151dad5665270,0.033818980000000000,NULL,0x,0
2,0x3a576c03062abfb7008053a33463f0f725c823623fa4b6da41286c527ba2e96b,5710672,1527806525,0x5da66f72136bc4500b46b962b54a11cfcfd6f809,0xada33957e96a59265345c75e9d4151dad5665270,0.500000000000000000,NULL,0x,0
3,0x6cca711b5312df464e0bc451ad8962896588fd64ee198939d76ed9b9749a487c,5718837,1527932425,0xe3314bbf3334228b257779e28228cfb86fa4261b,0xada33957e96a59265345c75e9d4151dad5665270,0.771465140000000000,NULL,0x,0
4,0x2e3e39a69f19f1a0d5a5ae13d6ca4006f4dcf0856f252776374e77dfad8d3a21,5740368,1528262593,0x6abdbe8ccb40135356f1c74f3635fd367a3c91b0,0xada33957e96a59265345c75e9d4151dad5665270,3.655119350000000000,NULL,0x,0
5,0x5156d60194b4650911e34ae4e9cd7eafc924ea332c0c6e8dc206d5b71177659c,5741507,1528279808,0xada33957e96a59265345c75e9d4151dad5665270,0x0427b56cb41149d51cb88a946f05c5ca9417cd78,5.959353470000000000,NULL,0x,0
