,TxHash,BlockHeight,TimeStamp,From,To,Value,ContractAddress,Input,isError
0,0xb061eec04993b91d741dd7e8059b9a90dea5a16ab2b842451b39a3b8b610f685,5847849,1529870329,0x8bc6338af780d2e65b379a44fc185db2ce5f1673,0xaec2cc8986bb14c0c604d5adf725ba33920102bc,0.506144900000000000,NULL,0x,0
1,0xb9c9ce18ee27af1c821f679e2ab7a0322c4637e7709aebacc0ebf1baf94550cd,5847871,1529870697,0x68568e55638f24d4c738dcb3b58ee1d63aca8703,0xaec2cc8986bb14c0c604d5adf725ba33920102bc,0.500000000000000000,NULL,0x,0
2,0x401194872dbed31c41d102fe79dd0bee6a752c7df2a1dffc4b313767cba1acd9,5847874,1529870728,0xdf38b57e3fbd6c891d80dca84d97f5e0ebcbe694,0xaec2cc8986bb14c0c604d5adf725ba33920102bc,1.000000000000000000,NULL,0x,0
3,0x625f079a7a855c1cae33f8c8f2560025bfbe035bce8f24a8335df19c0ad5f2bd,5847877,1529870836,0xaec2cc8986bb14c0c604d5adf725ba33920102bc,0xbd0e268d552a574d44c56324b6ce69464e408654,0.219830000000000000,NULL,0x,0
4,0x30f34fbb37d4fdd22578bd2da1405aa52efd58618e62d91a17f7e44d848465c9,5847887,1529870949,0xf735413a742ac7d7334d57d3b6a5163e8ca8c773,0xaec2cc8986bb14c0c604d5adf725ba33920102bc,0.022034900000000000,NULL,0x,0
5,0x07caf9aee4c33da2fce27e35a14a64fd97858d97888a1fc4aa0ce2fb5a5598c3,5847933,1529871478,0x8b7150de79fde34b4971830ee96576b00b2a3ae8,0xaec2cc8986bb14c0c604d5adf725ba33920102bc,0.500000000000000000,NULL,0x,0
6,0x8587fcbaa46678efd608d78676d44b4a34216b3aecd81c2ff3dc33b5d7312049,5847933,1529871478,0x32be343b94f860124dc4fee278fdcbd38c102d88,0xaec2cc8986bb14c0c604d5adf725ba33920102bc,0.510000000000000000,NULL,0x,0
7,0x43745be63739f1ec7876bb4fb06ca6de2253948831db02540d89bda434ba3b41,5847990,1529872358,0x791e35dce41d06d0eea088261993eeaa79d1cc7e,0xaec2cc8986bb14c0c604d5adf725ba33920102bc,0.001540542584305226,NULL,0x,0
8,0x9c1492b657776a8c1a2de0f0e1b6040b500de4e15abf710027aa22107aa3e688,5848015,1529872758,0xdc949afd445bef8c607c2f29369865fded78c4d6,0xaec2cc8986bb14c0c604d5adf725ba33920102bc,0.080133280000000000,NULL,0x,0
9,0x8dac7d8f428ad994c1f2167e49fdb8d9793d4894cf04a3dbc515d44fc9cec7ac,5848019,1529872806,0xdb9cf09478e296dc3e75cb64512d5704733608ce,0xaec2cc8986bb14c0c604d5adf725ba33920102bc,0.550539530000000000,NULL,0x,0
10,0x723abcb13219cf186ce2fde15521251902c8883581899b4aa4979b7a00dd8ab7,5848031,1529873063,0xaac6def7c82a84ef1f97df1fb19ca4d476b76da3,0xaec2cc8986bb14c0c604d5adf725ba33920102bc,0.001000000000000000,NULL,0x,0
11,0xc17e2e3f86fbe74604a2e3c49b6a9143c2cd3f93d3a6d1aaf0bfdc43a95ece5b,5848031,1529873063,0x59b8f838b39970b93392ef668c0a7485aa18889d,0xaec2cc8986bb14c0c604d5adf725ba33920102bc,0.500000000000000000,NULL,0x,0
12,0xcb6935baa8ec92bdfec9710256f4dda76af518cd44e5e1a8b0258a87078a2993,5848055,1529873431,0xb6aac3b56ff818496b747ea57fcbe42a9aae6218,0xaec2cc8986bb14c0c604d5adf725ba33920102bc,0.159592580000000000,NULL,0x,0
13,0x4c3c4c2e4e11474c0bdb28c1b9e898db05cf5e042ebbb4e6bfa76ce25f01c37e,5848130,1529874415,0xe20f3cc9f9491a0daf19a655207aa199d3c376f9,0xaec2cc8986bb14c0c604d5adf725ba33920102bc,0.502952110000000000,NULL,0x,0
14,0x3760587d82ef14def847286104d8c2d6253ff8879235af04acea8a5dab895a9b,5848193,1529875354,0x88df4840ee79df52b84c1cd3677a462d862975aa,0xaec2cc8986bb14c0c604d5adf725ba33920102bc,0.500000000000000000,NULL,0x,0
15,0x0fb9f458b38864a45754fdbcee00b01c94d27b55a9a2bdd38271b1d6519011cd,5848225,1529875851,0x029e5e0ae30fccba59fbb985611693aa480e067b,0xaec2cc8986bb14c0c604d5adf725ba33920102bc,0.500000000000000000,NULL,0x,0
16,0xc6a68a3dd7972b9135f1f8b66248521931f51d23c51ebfc509d428fcd4589295,5848356,1529877760,0x2c75a8afdadbe734e6caa6c2e6b3ccd8e30dc40c,0xaec2cc8986bb14c0c604d5adf725ba33920102bc,5.574564000000000000,NULL,0x,0
17,0x8e1656eabd103d7583e3eecaa54792f5b774a16cde764bbc6d0b49216a1e85ed,5848404,1529878501,0xaec2cc8986bb14c0c604d5adf725ba33920102bc,0x00789b1c3d583e3057c264888afc2c38e4aff5b7,0.219830000000000000,NULL,0x,0
0,0xd7482bb114b891146677294ae90f751f80d258cb869127a0e04a1530520ae3b8,5848426,1529878886,0xd4f5bf184bebfd53ac276ec6e091d051d0ed459e,0xaec2cc8986bb14c0c604d5adf725ba33920102bc,1.000000000000000000,NULL,NULL,0
18,0x5540714566b66980b05020272cc7e7928352702fc54f0341998b626bca47cdc5,5848585,1529881353,0xad7d0b4cd4bba9fb4083e29c1c0446db3b8501de,0xaec2cc8986bb14c0c604d5adf725ba33920102bc,0.500000000000000000,NULL,0x,0
19,0x95da811c95ac7952d4937a73c1c11b74fb13c908d7e137424e5281ea0e24c1a1,5848692,1529882811,0xf4d6449f6b8e35e1cb213af24fc24448c0d445a2,0xaec2cc8986bb14c0c604d5adf725ba33920102bc,0.001107140000000000,NULL,0x,0
20,0x1669d0f8e1a463bb85588116d87990b2ec438f79c80a67bcba33a56ac9eecfaa,5848695,1529882853,0x107784ce5fed2ab711df5314ef026c827d6bfaef,0xaec2cc8986bb14c0c604d5adf725ba33920102bc,0.553570000000000000,NULL,0x,0
21,0x8fa4c180fd09ed55373ad9302d56306ed090881f84c021016a1dc310fe1f1337,5848783,1529884069,0xaec2cc8986bb14c0c604d5adf725ba33920102bc,0x00789b1c3d583e3057c264888afc2c38e4aff5b7,3.000000000000000000,NULL,0x,0
22,0x850ddac851189c97bb96d8bb0ccfb7b2d205605f00127afdcfbfe36954281097,5848789,1529884112,0xd24400ae8bfebb18ca49be86258a3c749cf46853,0xaec2cc8986bb14c0c604d5adf725ba33920102bc,1.102156420000000000,NULL,0x,0
23,0x344cfcf49d306fba4ffb493bf50ff080b7acff93152a01f3bc9f915385e2eb34,5848807,1529884376,0xd99ae155a8d4c533606fa71765ee8281c99bd63a,0xaec2cc8986bb14c0c604d5adf725ba33920102bc,0.500000000000000000,NULL,0x,0
24,0xb6e729beba3cbbd1f0c699554dfc4d06c43425a076ba0a573c629d2e6d069e74,5848853,1529885126,0x06f8a19f75bbb72618210dd335997eb486a25e26,0xaec2cc8986bb14c0c604d5adf725ba33920102bc,1.000000000000000000,NULL,0x,0
25,0x56ed4c95710a05476c727945cd7c9c5c9b4cbeed1557a799a085974abc0839e0,5848887,1529885613,0x5455c9b9405594f1d44752207184dce50c5a8ab2,0xaec2cc8986bb14c0c604d5adf725ba33920102bc,0.950705360000000000,NULL,0x,0
26,0x1a877d1985d0359ca638a2f3350ea4d636b52d9e9c9e7397209bee5bf739c461,5848914,1529886023,0x7eee1ec1ebfca72baef8c6b5a2ea112f752def4a,0xaec2cc8986bb14c0c604d5adf725ba33920102bc,0.502983610000000000,NULL,0x,0
27,0xbcd911e5f65716e824116c92592e1ae5343408af59018de127d6db9bad4eea48,5848964,1529886651,0xad5b0f2a289f603cf0fa6463137b534f5e61f1f8,0xaec2cc8986bb14c0c604d5adf725ba33920102bc,0.520988320000000000,NULL,0x,0
28,0x77745759d271039a46fa08e6d67fa27a01ee975d5074baba22dcb0f391513a6b,5848988,1529886935,0xaec2cc8986bb14c0c604d5adf725ba33920102bc,0x00789b1c3d583e3057c264888afc2c38e4aff5b7,3.500000000000000000,NULL,0x,0
29,0x5b6e6eba5c78c685db24ef8ea0cae41a4ad1e52aca68a32aa2a7c636d4ea3c9b,5848993,1529887011,0x8529946bd8c2bc8e4d89cb5a8aa2cffa74d7a75b,0xaec2cc8986bb14c0c604d5adf725ba33920102bc,0.999937000000000000,NULL,0x,0
30,0x2f0ad391adaf54e091237360ec8ab4debe1df26611d78a3554857763b0a1d588,5849026,1529887455,0xa4c68411d6cd6c321b2d7ef2c0127daa58795f05,0xaec2cc8986bb14c0c604d5adf725ba33920102bc,0.510417000000000000,NULL,0x,0
31,0x89f114106747385df566bbdd1f436365d0302a607db13b8139a6750d78838611,5849071,1529888154,0x19fb2996c87a29ba150115245a94b73ec8c55ff7,0xaec2cc8986bb14c0c604d5adf725ba33920102bc,0.570000000000000000,NULL,0x,0
32,0x0e68e6b18cd4f237f102a3f9c8992e3cbd61d97174d2221357536acb6beb467f,5849080,1529888260,0xf72c907d7c7b3ab00c46ae8103d8eb5ec1ba199e,0xaec2cc8986bb14c0c604d5adf725ba33920102bc,0.500000000000000000,NULL,0x,0
33,0x89d9562d43c348ab4799f6d02a470f63a8f8edf34ed7217203a4db98afe18d4e,5849126,1529888825,0xcbb15fa6f8a14bcb5bce2521c85917fcfca0b8b1,0xaec2cc8986bb14c0c604d5adf725ba33920102bc,0.547189630000000000,NULL,0x,0
34,0xdc4de9c81c8711aa107832a4380faa03561cffed47237f623cb37a3987c83463,5849129,1529888856,0x0b1f692550321806ab7168ee32f3c03c64b93d4b,0xaec2cc8986bb14c0c604d5adf725ba33920102bc,0.108000000000000000,NULL,0x,0
35,0x03e59c348bdbd0086e3f28c67874ea3739d20bd70e897e3c4a18bebc9530dbaa,5849143,1529889108,0x3f5ce5fbfe3e9af3971dd833d26ba9b5c936f0be,0xaec2cc8986bb14c0c604d5adf725ba33920102bc,0.651884650000000000,NULL,0x,0
36,0x258763991e5b6b0cc25bb84bc1f137158a6233e4bb58e3078970407a24fff17c,5849154,1529889291,0xee4b0e38d55457a05b178872fbfbd6e4e08a9090,0xaec2cc8986bb14c0c604d5adf725ba33920102bc,0.000010000000000000,NULL,0x,0
37,0xfbcf16a41d485267216c234fd03a334ce04275c0eda17fcfd1cca0119a2b8346,5849212,1529890007,0x1fd44d44a2a26ff01559a19c0d9846e95d3dc306,0xaec2cc8986bb14c0c604d5adf725ba33920102bc,0.050000000000000000,NULL,0x,0
38,0x1bfc0e1c9f5d8a0257aa91ac0234254fd88dc7b7c765e65279b38bd083269381,5849216,1529890068,0xa17eb027c9b98477b0bc2741fa820b162df3081f,0xaec2cc8986bb14c0c604d5adf725ba33920102bc,0.500000000000000000,NULL,0x,0
39,0xa54801593c88ca0f85ab9204f939163c18a3fa0ab9583c87d1539f859d4bd60f,5849217,1529890088,0x267be1c1d684f78cb4f6a176c4911b741e4ffdc0,0xaec2cc8986bb14c0c604d5adf725ba33920102bc,0.495000000000000000,NULL,0x,0
40,0xac934d47bb299a0fa7e9e7a60d9cb0150e2e72407e9283fc66dfe487fdb0f030,5849229,1529890266,0xb881152f9eee29fb1b48c3d1e7c811e3aba2d333,0xaec2cc8986bb14c0c604d5adf725ba33920102bc,0.497300000000000000,NULL,0x,0
41,0x0cfc4f70e8c4bb961c6110d8c04310062969fe007a105b0bfdbd63935a22f95d,5849277,1529890840,0x52e8aa04ccb00cd80edd5d5fb2831dd63a9015cb,0xaec2cc8986bb14c0c604d5adf725ba33920102bc,0.090000000000000000,NULL,0x,0
42,0x887e68b5da9f3aa89b5e6b0d036bbc920b534979206dcc245691817d308b6bf5,5849307,1529891239,0x31dc82a3b91272d6d45868252c3436725760c88c,0xaec2cc8986bb14c0c604d5adf725ba33920102bc,0.500000000000000000,NULL,0x,0
43,0x899a5e1d4bc8780b97f7e89d3a4e181de4579b2f37ef92df8fe0aac532a77cb1,5849315,1529891316,0xc235591aac18978398e08d52770f0be05679db71,0xaec2cc8986bb14c0c604d5adf725ba33920102bc,0.010987931713605623,NULL,0x,0
44,0x199c049b8abb4ff24347cf262f464c3773e936d926c9ef6f96f5bc10c88ea94a,5849333,1529891619,0x7b7c8971bb8d415ea114485719074159f73437b8,0xaec2cc8986bb14c0c604d5adf725ba33920102bc,0.500000000000000000,NULL,0x,0
45,0x5b36b42037962c4d0020812940c23a0ff1aeb370bebf501c2e01785d53741109,5849339,1529891679,0xaec2cc8986bb14c0c604d5adf725ba33920102bc,0x00789b1c3d583e3057c264888afc2c38e4aff5b7,3.000000000000000000,NULL,0x,0
46,0xf168531a8aedc33f978533fd24afb1253dd9230dba2fb1c3d29c4220942c8357,5849351,1529891834,0x787bea6ff6c9edfdcc4e67e6e101d3ec9399ebfb,0xaec2cc8986bb14c0c604d5adf725ba33920102bc,2.000000000000000000,NULL,0x,0
47,0x53368f848a3cfe17ec9cd2ef73f9166db8cfd6160e0880141c290d1982134115,5849374,1529892162,0xaec2cc8986bb14c0c604d5adf725ba33920102bc,0x00789b1c3d583e3057c264888afc2c38e4aff5b7,2.500000000000000000,NULL,0x,0
48,0xd6c5cc95b906370f4ffd9dcdcf5c06df78cd68eeb16bc436a185aba02736c4f8,5849387,1529892342,0xf2ea3ac13cd218154cfe30fa2904fcf14b4015e8,0xaec2cc8986bb14c0c604d5adf725ba33920102bc,0.500000000000000000,NULL,0x,0
49,0x0369247ab7dc98ad3831b25a2ef4611e1b0823d99c2d7dbb01020a2cdbdbeb95,5849394,1529892483,0xaec2cc8986bb14c0c604d5adf725ba33920102bc,0x00789b1c3d583e3057c264888afc2c38e4aff5b7,2.700000000000000000,NULL,0x,0
50,0x5f5bcf0fc405276ced869dd2862a48e3ddba63c78597f20430a8937bc7116f32,5849396,1529892501,0x32329cc68fa752c00f07597961044b340a037798,0xaec2cc8986bb14c0c604d5adf725ba33920102bc,0.508107630000000000,NULL,0x,0
51,0xdb181c32bd8792ad000faef1ce2dd62139a4d43ed8dff7e88466f57d1bc462d8,5849402,1529892624,0xaec2cc8986bb14c0c604d5adf725ba33920102bc,0x00789b1c3d583e3057c264888afc2c38e4aff5b7,2.670000000000000000,NULL,0x,0
52,0x9ab2765ed0858aca5ed89a890708dec6e10e90bd3a83520a0710afa70ee0cced,5849428,1529892991,0x3c2fd61d8b43e0e6f6a54f8934e5e8217aac2e9b,0xaec2cc8986bb14c0c604d5adf725ba33920102bc,0.510000000000000000,NULL,0x,0
53,0xa6fea80cdc7819a72a909b3fc8805a4d9b48c99f9afb6c099ecfb580376f29bc,5849430,1529893021,0x564286362092d8e7936f0549571a803b203aaced,0xaec2cc8986bb14c0c604d5adf725ba33920102bc,0.500000000000000000,NULL,0x,0
54,0x1e4ec2e1ee89bcb6e8303ae1dae7e58f14ca4ae71baa6a45ca673556862ca631,5849471,1529893698,0xaec2cc8986bb14c0c604d5adf725ba33920102bc,0x00789b1c3d583e3057c264888afc2c38e4aff5b7,3.000000000000000000,NULL,0x,0
55,0xb47fce95e070da77e866779f965890d448f0349a6dcb2b82d7631655b49bc694,5849479,1529893848,0xfac8a43e711a927a317d3147d0688862313c8e17,0xaec2cc8986bb14c0c604d5adf725ba33920102bc,0.504070480000000000,NULL,0x,0
56,0x3892b517256ce878ab436519527c8bf34f29d325c1afe71e9dc43a25e550124f,5849504,1529894238,0x29d5527caa78f1946a409fa6acaf14a0a4a0274b,0xaec2cc8986bb14c0c604d5adf725ba33920102bc,0.500000000000000000,NULL,0x,0
57,0xac5014e82e2bf84210e5163a398311390fac115526023adf3fdb66c6c46c82f6,5849507,1529894294,0xaec2cc8986bb14c0c604d5adf725ba33920102bc,0x00789b1c3d583e3057c264888afc2c38e4aff5b7,2.000000000000000000,NULL,0x,0
58,0x5a0bcd81f948f4bef65fc9e42fa3d696b3ab48e5f3f6b956f33bb4f2522453b4,5849638,1529896569,0x1ae07a5c8a5b279cdce75a57f076fc89d22113dd,0xaec2cc8986bb14c0c604d5adf725ba33920102bc,0.500000000000000000,NULL,0x,0
59,0x519f0cc06e3b4ea6b6eb43285acfa2bfac0e80fdff0decfc1eeb44ea93b229de,5849671,1529897188,0x0681d8db095565fe8a346fa0277bffde9c0edbbf,0xaec2cc8986bb14c0c604d5adf725ba33920102bc,0.110000000000000000,NULL,0x,0
60,0x3ab9a3f56570806d926d7c0313b49b4d57bdbbf000d2b1637c19000e44261ccf,5849676,1529897265,0x564286362092d8e7936f0549571a803b203aaced,0xaec2cc8986bb14c0c604d5adf725ba33920102bc,0.490000000000000000,NULL,0x,0
61,0x7ef34a1f75be0cc6869a260f53bd35c7f9853a113071ca0245e16c33c6bb0813,5849680,1529897387,0x59a5208b32e627891c389ebafc644145224006e8,0xaec2cc8986bb14c0c604d5adf725ba33920102bc,0.500420000000000000,NULL,0x,0
62,0xfe34ce33bfbcdcfaba41958c279f3837cb3f21082f6e50296efd744d4922e33f,5849712,1529897824,0xefba4470fbb2288fd57ad87c20cf061492dd5626,0xaec2cc8986bb14c0c604d5adf725ba33920102bc,0.550000000000000000,NULL,0x,0
63,0x3b5794937fc19828add78a689290eec42cf7ce29c8cb6ff4c95d9a8d5fdf43c8,5849750,1529898328,0x3f5ce5fbfe3e9af3971dd833d26ba9b5c936f0be,0xaec2cc8986bb14c0c604d5adf725ba33920102bc,0.513199250000000000,NULL,0x,0
64,0x0787610dec033b229b6a4f8601540e9492444671e97affa3cc818b97d4da501e,5849757,1529898447,0x3f5ce5fbfe3e9af3971dd833d26ba9b5c936f0be,0xaec2cc8986bb14c0c604d5adf725ba33920102bc,0.615751890000000000,NULL,0x,0
65,0x4a14050d0a1d2847b35b34ed9ac8fef9abcaaec9ca4e1717129627b9643c8637,5849767,1529898618,0x2e4ab3599e790465223924a8f8faf615a3a043cb,0xaec2cc8986bb14c0c604d5adf725ba33920102bc,0.510000000000000000,NULL,0x,0
66,0x6e761791c46f4b97d7857737bce34b304a99f1043bbd4afa1d3da8b121246806,5849784,1529898865,0x59a5208b32e627891c389ebafc644145224006e8,0xaec2cc8986bb14c0c604d5adf725ba33920102bc,0.555420000000000000,NULL,0x,0
67,0xd7083cae6c9719d7c74edd8f729435ee86aa94f1a36667e64b5baa9bb1f2db47,5849872,1529900286,0x7ede32584060e82f56e21ec95f6835dd19f329dd,0xaec2cc8986bb14c0c604d5adf725ba33920102bc,1.000000000000000000,NULL,0x,0
68,0xc30844239d6c7b54fa11aa5262fb66b66c33bae35463ec35048eb86ee99f2140,5849923,1529901061,0xb0eff7b05ab718121fced77dc9a1c76758386ece,0xaec2cc8986bb14c0c604d5adf725ba33920102bc,3.000000000000000000,NULL,0x,0
69,0xf7c9881c59706be6070921dd83f56826bfb04cc9571e96aaa5eae11c2882cdc3,5849944,1529901454,0x53be21af6f48c8ca8297835ceed3b52f6a573b18,0xaec2cc8986bb14c0c604d5adf725ba33920102bc,0.999849970000000000,NULL,0x,0
70,0x957eb5233545e4043623f4c1b78af87150c2e91436267ba311f1e7a339eb135c,5849990,1529902215,0x891601813123711811718e40ff0f4d1bee1443a3,0xaec2cc8986bb14c0c604d5adf725ba33920102bc,0.190000000000000000,NULL,0x,0
71,0xd530bbc359f4c27c0bb78b8f795d0c431c372d1f0dbec373261be620b9acf064,5850062,1529903385,0xa2bebe975fde04c9ce34eedaaf2e349e60bb719f,0xaec2cc8986bb14c0c604d5adf725ba33920102bc,0.500000000000000000,NULL,0x,0
72,0xef299dfb75512217c0e52b751beff76aad1d03798759d7f59eccaf6a91ef5707,5850087,1529903775,0xf230c5e1e0182fd0996e9c652fc028ad7fbceec2,0xaec2cc8986bb14c0c604d5adf725ba33920102bc,0.500000000000000000,NULL,0x,0
73,0x3592b70a0a35530681226af0fc49bf088c96958c9a6b48bc0288eb56c9e64b13,5850125,1529904292,0x54ee790284cf9092e3af0297f4d39f53d76a9f24,0xaec2cc8986bb14c0c604d5adf725ba33920102bc,1.716287130000000000,NULL,0x,0
74,0x52bbccf52097b47d3280d1cf310706ff7810d3ac5e4ebc08777b08a2f6c601d5,5850195,1529905290,0x721a627efd528a778285b5fc77c6080d03732bb1,0xaec2cc8986bb14c0c604d5adf725ba33920102bc,0.008123609000000000,NULL,0x,0
75,0x4565e1255be82a735dc99b8531d4fb679fb0d1ec9c8da476b7fb6e10b1c42640,5850196,1529905299,0xd4224dfa5e4efd43c266fc9832825c7538e8b33a,0xaec2cc8986bb14c0c604d5adf725ba33920102bc,1.000000000000000000,NULL,0x,0
76,0x2e8ea897d20ef1583ba3f434cab6f18dc64caf06366841a3a6a765b6653406fa,5850209,1529905552,0x239686a96eb050304c7c0a8d1b7bfc849cddde48,0xaec2cc8986bb14c0c604d5adf725ba33920102bc,3.000000000000000000,NULL,0x,0
77,0xf2c81aa7d2a0c163028276b972d9c84a247f34cef98a642fb144dba94b4b7086,5850215,1529905620,0xf646cbe3b030fb6c2569215f0117dba58badb95e,0xaec2cc8986bb14c0c604d5adf725ba33920102bc,1.500000000000000000,NULL,0x,0
78,0xf277664a3cb27c76104b0f9567ca162ded4dbb6d4a6aea25f7eaa04799e2f6b5,5850220,1529905722,0xf50417bd6d6d8277d3c9bcb6f84edfa1f46cc909,0xaec2cc8986bb14c0c604d5adf725ba33920102bc,1.000000000000000000,NULL,0x,0
79,0x0eafd9f2a7d8ecf3a4f66691cb73d395a8fccca6964af7cbac377d6b1d35865e,5850232,1529905869,0x3f5ce5fbfe3e9af3971dd833d26ba9b5c936f0be,0xaec2cc8986bb14c0c604d5adf725ba33920102bc,0.541551250000000000,NULL,0x,0
80,0x1e795fbbf8469b6333abde364daca2237762c204ee07d9d033d786b650c67b57,5850248,1529906042,0x3640178e35353861f24c5729fb10eec6b4905f0e,0xaec2cc8986bb14c0c604d5adf725ba33920102bc,0.529505210000000000,NULL,0x,0
81,0x616c85b55943cd38c1c1e19b5204f057d45f78628b5a04d152a06df8374a43d9,5850259,1529906158,0xaec2cc8986bb14c0c604d5adf725ba33920102bc,0x00789b1c3d583e3057c264888afc2c38e4aff5b7,3.000000000000000000,NULL,0x,0
82,0xa461787e2df1d55a11d1953e8d791af1cc778a19d8d149d8fe09fef0c6151615,5850264,1529906230,0xaec2cc8986bb14c0c604d5adf725ba33920102bc,0x00789b1c3d583e3057c264888afc2c38e4aff5b7,3.600000000000000000,NULL,0x,0
83,0xcfd1cd53b76825dccff887b58b35abda3062a0a8bb0767594125a35237f52fa1,5850271,1529906343,0xaec2cc8986bb14c0c604d5adf725ba33920102bc,0x00789b1c3d583e3057c264888afc2c38e4aff5b7,2.700000000000000000,NULL,0x,0
84,0xd5f0886d91094377a6d4de750c5bb83e93e944eceadb632c942a999dd9e0643c,5850279,1529906505,0xaec2cc8986bb14c0c604d5adf725ba33920102bc,0x00789b1c3d583e3057c264888afc2c38e4aff5b7,3.141500000000000000,NULL,0x,0
85,0x7ff999072fa29208e7011bb07c637683cd2d075d027ded1084af38edf2c06c3a,5850283,1529906628,0xaec2cc8986bb14c0c604d5adf725ba33920102bc,0x00789b1c3d583e3057c264888afc2c38e4aff5b7,2.000000000000000000,NULL,0x,0
86,0xb40659f415fac463a07a6e5a2a51cd2003e4a5215c5964c8ce64577ad889c02d,5850433,1529908956,0xf5d4517430c3efab1c3fc7bb3a677417a7b7bcd5,0xaec2cc8986bb14c0c604d5adf725ba33920102bc,0.500000000000000000,NULL,0x,0
87,0xd132b5f61067fb38d569d0bc5df3cfa337301f38845bc8984344d80854881167,5850437,1529908989,0xaec2cc8986bb14c0c604d5adf725ba33920102bc,0x00789b1c3d583e3057c264888afc2c38e4aff5b7,2.500000000000000000,NULL,0x,0
88,0x04dc426f9b4a6349d104c96598b3d979f6dffcc08c6d9221fe32a2ea251e3ff0,5850439,1529909050,0x838ce4e192fde4611d882b84da05f744d067359c,0xaec2cc8986bb14c0c604d5adf725ba33920102bc,0.510000000000000000,NULL,0x,0
89,0xa46f5add53c44874c6f80d2e5ec15b6faf094acee00f8d27a50f725df374b7da,5850454,1529909309,0xaec2cc8986bb14c0c604d5adf725ba33920102bc,0x00789b1c3d583e3057c264888afc2c38e4aff5b7,2.700000000000000000,NULL,0x,0
90,0x998f3a5b533a8225824443a20e02643f5be32e032918f2343ce9277c3e567323,5850460,1529909459,0xaec2cc8986bb14c0c604d5adf725ba33920102bc,0x00789b1c3d583e3057c264888afc2c38e4aff5b7,3.050000000000000000,NULL,0x,0
91,0xbbaff6cde3917eb20cf73f691a8fb745dba95723b6c0192d5b5d588e7d42099c,5850476,1529909715,0x7e055f201a362bcc517fcc02212d20220469b468,0xaec2cc8986bb14c0c604d5adf725ba33920102bc,0.050000000000000000,NULL,0x,0
92,0xb7c5fcd9b47188c1d01bcf6fe2eb0ad7f504086199ed5eb7fc14841ab468b42f,5850506,1529910273,0xaec2cc8986bb14c0c604d5adf725ba33920102bc,0x00789b1c3d583e3057c264888afc2c38e4aff5b7,2.420000000000000000,NULL,0x,0
93,0x50a747929c5bcd5bdd186e2922a7b17aa1366124d21e29967e04b007d1c5d7cf,5850528,1529910581,0xdc71cbdcdbec5b58a4a33b30e85d8f0d76be3cfd,0xaec2cc8986bb14c0c604d5adf725ba33920102bc,0.004000000000000000,NULL,0x,0
94,0xca19ed4bea742c20db10c4cdf86291d839e38b4c5fd9fd627be8267233508730,5850549,1529910887,0x4650692e53a6ed6d65c2c556c939c5e422000750,0xaec2cc8986bb14c0c604d5adf725ba33920102bc,0.500000000000000000,NULL,0x,0
1,0x93b3940db6d2b1d887174f91e98b81236c996dd1e6bab10c5dfea712a4660548,5850555,1529910943,0x1522900b6dafac587d499a862861c0869be6e428,0xaec2cc8986bb14c0c604d5adf725ba33920102bc,0.500000000000000000,NULL,NULL,0
95,0x79ecf21ab0178e413f2bda2a86373aba0674a0c814500e87e8296ad73f936a93,5850789,1529914942,0x0681d8db095565fe8a346fa0277bffde9c0edbbf,0xaec2cc8986bb14c0c604d5adf725ba33920102bc,1.741695030000000000,NULL,0x,0
96,0xcb4b75ec555e3d652f07b41e74760266b3393be548f0b38e28c1eb7ea19b970f,5850818,1529915402,0x5baeac0a0417a05733884852aa068b706967e790,0xaec2cc8986bb14c0c604d5adf725ba33920102bc,0.547500000000000000,NULL,0x,0
97,0x2a55ee6cd4214796589938d341f7dc8259459734f62424266f4cd50f1eb01ba4,5850827,1529915563,0x0681d8db095565fe8a346fa0277bffde9c0edbbf,0xaec2cc8986bb14c0c604d5adf725ba33920102bc,0.790000000000000000,NULL,0x,0
98,0x6e21c06c93013f64e3924c3c93af39f6566d6cc296bc9d348550292b39ff2dc2,5850880,1529916427,0x267be1c1d684f78cb4f6a176c4911b741e4ffdc0,0xaec2cc8986bb14c0c604d5adf725ba33920102bc,0.595000000000000000,NULL,0x,0
99,0xca05df082436eb950335fa2bc67a1fb143341b2aae61fc4d24e608dd11d3911a,5851183,1529921187,0x0681d8db095565fe8a346fa0277bffde9c0edbbf,0xaec2cc8986bb14c0c604d5adf725ba33920102bc,0.490000000000000000,NULL,0x,0
100,0x8bdffe31e35886f77606a89b9ce32715554c2fa276ae22c74dc221f5bf9a3972,5851232,1529921920,0x59601086529d540a422963a624b08f4b7dd749f2,0xaec2cc8986bb14c0c604d5adf725ba33920102bc,0.100000000000000000,NULL,0x,0
101,0x5618a33dba5d316b03d84e4718e1bfa72e6ce68665dbf6f06f3ae07d15a32101,5851318,1529923121,0xb9bdb302aba5949360df5a5ddec5b202b062f862,0xaec2cc8986bb14c0c604d5adf725ba33920102bc,0.500000000000000000,NULL,0x,0
102,0x66d76d10f93dae34846246d33c10117bb4e2795b1d417a4f1c5610e89bfd3fd8,5851486,1529925493,0x2038c8655087f23b322217e80cf5a83fefcf16a1,0xaec2cc8986bb14c0c604d5adf725ba33920102bc,0.730707270000000000,NULL,0x,0
103,0x60f875895915d58d73ebcf9a11d02cc579bd9d216c00988a4576c902b29875b3,5851715,1529929142,0xfbb1b73c4f0bda4f67dca266ce6ef42f520fbb98,0xaec2cc8986bb14c0c604d5adf725ba33920102bc,0.994000000000000000,NULL,0x,0
104,0x0044462f1ac5f94a8f9fe8458eb02b495f7588d968c85f437f76527480d69ab5,5851805,1529930560,0x0b1aebca348aa63ececd528f8fa10ddf4a1d4375,0xaec2cc8986bb14c0c604d5adf725ba33920102bc,0.000416990000000000,NULL,0x,0
105,0x4cec7411a28062a1083dc3c2d3765588648d67bcad5ce8f92c929cd225d04e6a,5852017,1529933709,0x053653da3bff5685e921ab5b7d42e4b36f69a1c7,0xaec2cc8986bb14c0c604d5adf725ba33920102bc,0.500000000000000000,NULL,0x,0
106,0xa6d5716ae7b9c015f926cb19ae7b163b259718c0c3439d3bae4213d785e2d487,5852025,1529933820,0xaec2cc8986bb14c0c604d5adf725ba33920102bc,0x00789b1c3d583e3057c264888afc2c38e4aff5b7,2.100000000000000000,NULL,0x,0
107,0xc988b86d3ae772346c94723cdc90b1aa2c20044e9fa7d9256628cc87a83c1a3e,5852128,1529935161,0x78f5aa659fb30600974c4424142bafd45c8b9e37,0xaec2cc8986bb14c0c604d5adf725ba33920102bc,0.100000000000000000,NULL,0x,0
108,0x1d27b104bde93928c2e4f5e9053d5585d687dec271c4f1e96abbb908e7306ae6,5852212,1529936423,0x03525954b9a91404715a8fced180d683afd62048,0xaec2cc8986bb14c0c604d5adf725ba33920102bc,0.500000000000000000,NULL,0x,0
109,0xa93a27e004ed7ab5b48189f194540c1388a4bc3ccd7f0be080b13cfa167e478e,5852291,1529937528,0xf71cb9157861ea0a931a027ac5dcc7c162960e51,0xaec2cc8986bb14c0c604d5adf725ba33920102bc,0.533915000000000000,NULL,0x,0
110,0xe6b93b979dcb59b85165f23f7a09201aeea35e21286e64b0b45f0550939009b2,5852298,1529937625,0xd53238645ac1bea986b852df206af885560c3a48,0xaec2cc8986bb14c0c604d5adf725ba33920102bc,0.049824950000000000,NULL,0x,0
111,0xef9ce15498a613bf86b792be9f9d194a1fd5bedfae54572a084f5600224f5936,5852336,1529938102,0x3fb1f283eed73a7646662f46962e8051fbb4a84b,0xaec2cc8986bb14c0c604d5adf725ba33920102bc,0.573258900000000000,NULL,0x,0
112,0x69ad1305f3006907880c4b6d721866e9a51b2322da48c328830f79432d292e31,5852402,1529939166,0x456eda9b8d486a6a427785d3898b065071170023,0xaec2cc8986bb14c0c604d5adf725ba33920102bc,0.001062890000000000,NULL,0x,0
113,0xa899b3027e69007b2a40f72867e679761cb9b04c8418b886ab9ae6519d5398e3,5852468,1529940052,0x26fbd0f7a3164da3cba20235bec4850e25017e0a,0xaec2cc8986bb14c0c604d5adf725ba33920102bc,0.500000000000000000,NULL,0x,0
114,0x90d8cb13f387e644d34594600ebf15ffb3fed3c84a81cb2dfd338503311d8758,5852758,1529944575,0xb1934afe0424d31f5615abfba3ee4ac44ca53ab6,0xaec2cc8986bb14c0c604d5adf725ba33920102bc,5.190210000000000000,NULL,0x,0
115,0xbe14588574415d9a088b78438d7bead20f9d40c75edeb030e28b3130e9133392,5852776,1529944874,0x41d57e163b6c64fca2cd6535fcaa199b1fedd98b,0xaec2cc8986bb14c0c604d5adf725ba33920102bc,0.949994300000000000,NULL,0x,0
116,0x65b0e03ad16446340b812ca06da82cd192663b82d3160270e33ea13b16105104,5852794,1529945069,0xaec2cc8986bb14c0c604d5adf725ba33920102bc,0x00789b1c3d583e3057c264888afc2c38e4aff5b7,2.500000000000000000,NULL,0x,0
117,0x705ccb44baf64ba70e47ed6dd10f3448fffca750f7d6762246b232e7ffdc5fe0,5852803,1529945217,0xaec2cc8986bb14c0c604d5adf725ba33920102bc,0x00789b1c3d583e3057c264888afc2c38e4aff5b7,3.100000000000000000,NULL,0x,0
118,0xc82cfc64ae77b7d336cb1c81acb10080091f1d2cef9e90137424448dccd43f6c,5852814,1529945320,0xaec2cc8986bb14c0c604d5adf725ba33920102bc,0x00789b1c3d583e3057c264888afc2c38e4aff5b7,2.800000000000000000,NULL,0x,0
119,0x5448e9fb3cbec80053520659dfe903cc9dd180e62d54c7e1df8ae82d444417cd,5852875,1529946149,0xa756008b97e3f002785f6c072697564e57f39163,0xaec2cc8986bb14c0c604d5adf725ba33920102bc,0.220000000000000000,NULL,0x,0
120,0xb285dabebcd0162617fc9965661eded2f366dde859f87d1a65a4c4a22dcc584b,5852894,1529946492,0xaceda257bd41fbf10e63d7f2edbc0fd6508b046b,0xaec2cc8986bb14c0c604d5adf725ba33920102bc,0.600000000000000000,NULL,0x,0
121,0x8014365a15e01558c4d07255c3fbe29f76eec3a2322f290a53885057cfe3b02c,5852948,1529947374,0x3f5ce5fbfe3e9af3971dd833d26ba9b5c936f0be,0xaec2cc8986bb14c0c604d5adf725ba33920102bc,2.490000000000000000,NULL,0x,0
122,0x69f0c5f620fd31adb35a5e9305a5007e17323f20b72345be177284e035f65aa8,5852972,1529947831,0xaec2cc8986bb14c0c604d5adf725ba33920102bc,0x00789b1c3d583e3057c264888afc2c38e4aff5b7,3.040000000000000000,NULL,0x,0
123,0xe533d790826a4e76bcb4482f356597ab3ef23fadf5c62b0e69e4e44858820c71,5852985,1529948070,0xaec2cc8986bb14c0c604d5adf725ba33920102bc,0x00789b1c3d583e3057c264888afc2c38e4aff5b7,4.000000000000000000,NULL,0x,0
124,0x4bab23f0b9fcf8fb5914e64ec63c11704664fefec60cab1a952b5c4f31c76f83,5852995,1529948237,0x564286362092d8e7936f0549571a803b203aaced,0xaec2cc8986bb14c0c604d5adf725ba33920102bc,0.500530000000000000,NULL,0x,0
125,0x94f2fb359369ddd81f885e2471e3a4477e3b4367091c4b2b2b1f12e60adfa092,5853354,1529953361,0xb8fbe39fc6f455daa409b301ea82dbb605673c30,0xaec2cc8986bb14c0c604d5adf725ba33920102bc,1.000000000000000000,NULL,0x,0
126,0x6cd761bffc6289366ba9d042273bc592322bdac9cdc86f393b086f9e823d94d9,5853376,1529953702,0x3cbd5785f00c065456f5e97a1b747f96c28feace,0xaec2cc8986bb14c0c604d5adf725ba33920102bc,1.078748650000000000,NULL,0x,0
127,0x3259ec8a5d6672b0376adac33e08e758c4deacd3da743e892bc38c625a6e9d73,5853969,1529963014,0xfa260274a424f949c23e724fc9ca82ab034bed84,0xaec2cc8986bb14c0c604d5adf725ba33920102bc,8.000000000000000000,NULL,0x,0
128,0x2951bdcab17f1a6a4a6b8a6130f8e0aa05094eaf0b0ff9cba59ba1aa1380b129,5854178,1529966201,0x84e874f4db4d0e2ec0af65ba1868c060dd9c6944,0xaec2cc8986bb14c0c604d5adf725ba33920102bc,0.500000000000000000,NULL,0x,0
129,0x18cfed663ca31d8398a725188893d6dab71ce09c85fc2b6171cb050225629478,5854357,1529968870,0x379fb3e5c3ba36c99da91ee3c48e174e02e4e53a,0xaec2cc8986bb14c0c604d5adf725ba33920102bc,0.501694030000000000,NULL,0x,0
130,0x828aa52496608c376e71625c85fb7165d00378e40bf02c3ff8a02584b6f34b32,5854572,1529972176,0xe83ac2998509ceef6f962bcce5f4330d8f376911,0xaec2cc8986bb14c0c604d5adf725ba33920102bc,0.200000000000000000,NULL,0x,0
131,0x3a78e0bad9f6914710a4f3bebad6d0fc17cebe59ed6d17181ed1f120a4e7f766,5854591,1529972444,0x2b79d20c5d9298b5fbddc1cf3ada2814f2f79b59,0xaec2cc8986bb14c0c604d5adf725ba33920102bc,0.500000000000000000,NULL,0x,0
132,0x6ccc8906d41af305862591a1c8928964107d3a6a1bdf2b2d6c43d1eb1f670e2b,5854651,1529973670,0xf80e4106ab6f68f7886509ef4702e0796b9dbfc8,0xaec2cc8986bb14c0c604d5adf725ba33920102bc,0.001097070000000000,NULL,0x,0
133,0xa539d0195dac4ca34a10aa110f34435c96c9ee228cf3eb0b1a6c0981982e55be,5854708,1529974555,0x6ecbf47b36b9b336e6318eb2b00600d3ee120c18,0xaec2cc8986bb14c0c604d5adf725ba33920102bc,0.500000000000000000,NULL,0x,0
134,0x7c39685026323dd5eb7a014f093da874c64ca1a3a1510267dc1f836a93897c5e,5854739,1529975057,0x759249cfab4d835639dcfe53987dfa115d827872,0xaec2cc8986bb14c0c604d5adf725ba33920102bc,0.001098360000000000,NULL,0x,0
135,0x0060ca72cd30cb7d0d178d83f9576a93ae7f0852f306c6c01939885ef86e26f2,5855020,1529979339,0xae911a7f8e624334c816cffd3f22a781d30ef3bb,0xaec2cc8986bb14c0c604d5adf725ba33920102bc,2.361073440000000000,NULL,0x,0
136,0x6190ec21b3d922b8929de292e56842244481e2d41d65b5997a1954fd4921579c,5855214,1529982458,0xaec2cc8986bb14c0c604d5adf725ba33920102bc,0x00789b1c3d583e3057c264888afc2c38e4aff5b7,2.000000000000000000,NULL,0x,0
137,0x66cde181812b9a534c290d9c25035900ecd7b3d35bae8296c1a0ebd52c65aa37,5855220,1529982530,0xaec2cc8986bb14c0c604d5adf725ba33920102bc,0x00789b1c3d583e3057c264888afc2c38e4aff5b7,3.000000000000000000,NULL,0x,0
138,0xf508b26b1af6f90a5ba03498071c88a546d8472da3c3c710d7db8a4041627c64,5855280,1529983367,0xaec2cc8986bb14c0c604d5adf725ba33920102bc,0x00789b1c3d583e3057c264888afc2c38e4aff5b7,2.800000000000000000,NULL,0x,0
139,0xd341ad48aceca54f15d4fea64faa6bfc6b600a95170ec2f29760706a64501e3b,5855286,1529983445,0xe4b3dd9839ed1780351dc5412925cf05f07a1939,0xaec2cc8986bb14c0c604d5adf725ba33920102bc,6.003000000000000000,NULL,0x,0
140,0x5f00ffe6222a67eb1e37bf001bdb8e0d864cc86587d2def0bdcbd5be63a14214,5855321,1529984116,0xaec2cc8986bb14c0c604d5adf725ba33920102bc,0x00789b1c3d583e3057c264888afc2c38e4aff5b7,3.000000000000000000,NULL,0x,0
141,0xa1b6e68c22550e31f20325b409e216d0d860adf652e0bf6355780a26ee6bdd28,5855342,1529984410,0xaec2cc8986bb14c0c604d5adf725ba33920102bc,0x00789b1c3d583e3057c264888afc2c38e4aff5b7,3.500000000000000000,NULL,0x,0
142,0xb82934e3eca3bbb31a04b3ef61ef38a2402159fe2d77829d969d63b4d0ad0dd3,5855374,1529984787,0xb779a5565462fbd314fef76d3fba133bb3b86b1e,0xaec2cc8986bb14c0c604d5adf725ba33920102bc,0.500000000000000000,NULL,0x,0
143,0x8fa94904b3f92a8531f97b50c746fab9b8d153b7a6717d972f89b8f0f1ae3ec6,5855390,1529984968,0x1cb774b802f34913d45ccf199620dbf9aea8ac99,0xaec2cc8986bb14c0c604d5adf725ba33920102bc,2.184646310000000000,NULL,0x,0
144,0xba27c84442f745c99c17b594a0973f27f3579eb936a4de62a2ed744312dcaeae,5855413,1529985339,0x2ef3eaae1fcb03511fea922d1de770d102ffee40,0xaec2cc8986bb14c0c604d5adf725ba33920102bc,0.080000000000000000,NULL,0x,0
145,0xaba1f2a660f72413c85d624e6781d20f05e105371428c4db32099400cb0f454c,5855446,1529985747,0x318b3c4bdf350a77bc257d1b9e5705d9ffcde309,0xaec2cc8986bb14c0c604d5adf725ba33920102bc,0.500000000000000000,NULL,0x,0
146,0x87c5f49f0be12fb457807bb00de42c7d82aeab5feb62a648744419d26406b278,5855551,1529987482,0xaec2cc8986bb14c0c604d5adf725ba33920102bc,0x00789b1c3d583e3057c264888afc2c38e4aff5b7,3.200000000000000000,NULL,0x,0
147,0xd954adaf679d02c5cccdec13f3ce4f7007eba61d2bc7831710a93423291cad01,5855572,1529987839,0xaec2cc8986bb14c0c604d5adf725ba33920102bc,0x00789b1c3d583e3057c264888afc2c38e4aff5b7,4.000000000000000000,NULL,0x,0
148,0x0cd088a0c8b329f13359866ca7f5177a6e5fbf3c70fe5b90c6210a6d4171b41d,5855608,1529988464,0xaec2cc8986bb14c0c604d5adf725ba33920102bc,0x00789b1c3d583e3057c264888afc2c38e4aff5b7,2.000000000000000000,NULL,0x,0
149,0x134b7e741314f98c86131bd4ad0b450185f3cdd6a6a9ce873e8dbfb60e065a94,5855756,1529990667,0x62979835525169711df8ce18bf7b265eb1547ce7,0xaec2cc8986bb14c0c604d5adf725ba33920102bc,0.500000000000000000,NULL,0x,0
150,0x39a9a0ce81099b3647c089edb2a9ded860226e9bd6340065687ee5494f0f77a0,5855806,1529991450,0x5afe59f1b7314c5073d9319677ab93144497cd15,0xaec2cc8986bb14c0c604d5adf725ba33920102bc,0.500000000000000000,NULL,0x,0
151,0xe5f66229cc835dac0f024be8574cdcce59adedcd07e8f7f322553bed1f72b0e2,5855902,1529993157,0x9fcafcca8aec0367abb35fbd161c241f7b79891b,0xaec2cc8986bb14c0c604d5adf725ba33920102bc,1.000000000000000000,NULL,0x,0
152,0x44422deefb591b2ddb1a429645a7566842c15db381c0bb2cdaff3d80360e3568,5855907,1529993201,0xb934e6e6cfe8a12a4227e7a6c94b268e1414b5b5,0xaec2cc8986bb14c0c604d5adf725ba33920102bc,0.500000000000000000,NULL,0x,0
153,0x3b5a0b6ccf3093751d511b9243b444ee44937de4bc6cb6f8a59212c67b5379a1,5855936,1529993617,0x813ccdc81f6ce5f9b494c50bf2859a9612b76b48,0xaec2cc8986bb14c0c604d5adf725ba33920102bc,1.500000000000000000,NULL,0x,0
154,0xb2ed0ec20600343675b15e8d60ff581019e357e3e9c58fc9d75ab7962cdeda05,5856017,1529994637,0xd33577609f71eeb9e72b8b077590f50f9cbbce0a,0xaec2cc8986bb14c0c604d5adf725ba33920102bc,0.500000000000000000,NULL,0x,0
155,0x913989bae6dd6ec16ca3df4968723c719d2508ed2c5e852cbc6f1ed043929dec,5856103,1529995924,0xa1d977fe0b9e5a4548c11cb9cd997273d5f89272,0xaec2cc8986bb14c0c604d5adf725ba33920102bc,0.500000000000000000,NULL,0x,0
156,0xd1091c38554ff8be0d87026b2f83c7d3ffcf27a2466cb60a8f51fde7466ab414,5856170,1529996987,0xc20e042eb49671d31716a6f7cb2b86295105a096,0xaec2cc8986bb14c0c604d5adf725ba33920102bc,0.474895000000000000,NULL,0x,0
157,0x964a4a0b4de2614c23c1c80c7c86b1d883f1df13690758cfe7634d299ea58759,5856209,1529997558,0x92af67cc6a14e17a73688c5c60dde3d9321d0a2a,0xaec2cc8986bb14c0c604d5adf725ba33920102bc,1.000000000000000000,NULL,0x,0
158,0x7e40a2afcd675cf7013936844c9b5f9780d24253075328d4f57e8fc676127e38,5856213,1529997614,0xa7c0e51e898ecec41823251d917edcf1a79bc92c,0xaec2cc8986bb14c0c604d5adf725ba33920102bc,0.999895000000000000,NULL,0x,0
159,0xeb5b913b75d79c1ff189dd9f6e22ace747a180b0307b78aaa047e4ddb4cd04b7,5856296,1529998742,0xaec2cc8986bb14c0c604d5adf725ba33920102bc,0x00789b1c3d583e3057c264888afc2c38e4aff5b7,2.500000000000000000,NULL,0x,0
160,0xcc4b025cbb35eed0d453683756ec58fec20edeacc62c4a06e2ea6ba455b35d20,5856322,1529999185,0xc418969d5f8948d9a40465f0a432d510b7e80b36,0xaec2cc8986bb14c0c604d5adf725ba33920102bc,0.007000000000000000,NULL,0x,0
161,0xd46913f1ae5affe8942e57a8f589e48f30bc4eadb2a9b9486be53b371ce88d85,5856338,1529999351,0xaec2cc8986bb14c0c604d5adf725ba33920102bc,0x00789b1c3d583e3057c264888afc2c38e4aff5b7,3.000000000000000000,NULL,0x,0
162,0xa73388bc399c284681bad4078a9c9f9813b9c013278314c3affb32bccc18b354,5856348,1529999537,0xd33577609f71eeb9e72b8b077590f50f9cbbce0a,0xaec2cc8986bb14c0c604d5adf725ba33920102bc,0.500000000000000000,NULL,0x,0
163,0x74d50ce21b85d4a6ab8c1cdbf12b29290eb19019be9c4dd5493163ee185a2aa1,5856349,1529999561,0x7cfefd01a580f86af257a0309921cd9f729317f7,0xaec2cc8986bb14c0c604d5adf725ba33920102bc,5.000000000000000000,NULL,0x,0
164,0x154431486ad10ba07cbf71f23a186abe054a8d4e1deaeb76d2e0ef7c473f0b3b,5856400,1530000311,0xaec2cc8986bb14c0c604d5adf725ba33920102bc,0x9cf70eb07bfe39a925ffb62abdda7075028bb030,0.200000000000000000,NULL,0x,0
165,0xecd9ea1588f28c426211ab06830c34d7cecd5190ce43c74d0cf0071e47494632,5856421,1530000598,0xaec2cc8986bb14c0c604d5adf725ba33920102bc,0x00789b1c3d583e3057c264888afc2c38e4aff5b7,1.000000000000000000,NULL,0x,0
166,0xd56e099f3ae0a9f8062bf551ebb64c1a8aafe5e21bfda257d44a99d61ed9a757,5856440,1530000935,0xaec2cc8986bb14c0c604d5adf725ba33920102bc,0x00789b1c3d583e3057c264888afc2c38e4aff5b7,3.000000000000000000,NULL,0x,0
167,0x42cb92e9e437df5f8cadcd7b197f98f52b430d0d1cc88591264c7a1468a5e7e6,5856448,1530001091,0xaec2cc8986bb14c0c604d5adf725ba33920102bc,0x00789b1c3d583e3057c264888afc2c38e4aff5b7,4.000000000000000000,NULL,0x,0
168,0xa13a726072da8f7ac2e9184b9e31336cd66aa86fb870da7fd83eb6af47131221,5856480,1530001570,0xaec2cc8986bb14c0c604d5adf725ba33920102bc,0x00789b1c3d583e3057c264888afc2c38e4aff5b7,2.800000000000000000,NULL,0x,0
169,0x0279410acdae229819588886a6a6ef912d4b57dd7040b6f83578ae627405f566,5856717,1530004879,0xa8fc49704032073e6048a71ede0c3586a08aa98b,0xaec2cc8986bb14c0c604d5adf725ba33920102bc,5.450000000000000000,NULL,0x,0
170,0x37bc072f600146b9910fa6661c2662e66797bd8413db6c6cbc8c7c95f5e72749,5856881,1530007311,0x231494cf3e4412c030b0fd84adda483e1527d98b,0xaec2cc8986bb14c0c604d5adf725ba33920102bc,0.001128620000000000,NULL,0x,0
171,0x44e83431b01c326bbb9ac04b9f6f59013a29463f9aa2ba620e977a49ad250dcd,5857034,1530009939,0xaec2cc8986bb14c0c604d5adf725ba33920102bc,0x00789b1c3d583e3057c264888afc2c38e4aff5b7,2.000000000000000000,NULL,0x,0
172,0xc19a46976c85ac70bbdb07362cf99f81ffe76254137d929ffe2ec17e135e06b1,5857062,1530010217,0xaec2cc8986bb14c0c604d5adf725ba33920102bc,0x00789b1c3d583e3057c264888afc2c38e4aff5b7,3.000000000000000000,NULL,0x,0
173,0x82d5e0032b58f8ea97f58575ff4f98ffae3d0444750cfe245fa509700f3c40b1,5857065,1530010304,0xaec2cc8986bb14c0c604d5adf725ba33920102bc,0x00789b1c3d583e3057c264888afc2c38e4aff5b7,1.500000000000000000,NULL,0x,0
174,0x8f90f9f8a41ca909aabbc38c79be88f20a354fc99f7afc7ad8f888d798278737,5857111,1530011029,0x1d3fbb63c64fb60f041bd43b17705111ed1d80be,0xaec2cc8986bb14c0c604d5adf725ba33920102bc,0.532081950000000000,NULL,0x,0
175,0x0b28f4ef3483bfadadf5a75ae5d30a1e5eb0ba829a8762f6cb1ff505f2983886,5857624,1530018673,0x3126f529782b60c85c6a5efda5e08a2f2fa435a1,0xaec2cc8986bb14c0c604d5adf725ba33920102bc,0.500000000000000000,NULL,0x,0
176,0xa9acb4821bc8ce353c82beab32a9988bc6740d99c805494cdb6cdea4c1672bc7,5857766,1530021120,0x390de26d772d2e2005c6d1d24afc902bae37a4bb,0xaec2cc8986bb14c0c604d5adf725ba33920102bc,10.000000000000000000,NULL,0x,0
177,0xef7bed6df5c5f6744b5d3fcfa0aaaa7587dabd34fee3dbfe6ee71e0c6ba6dac5,5857768,1530021140,0x390de26d772d2e2005c6d1d24afc902bae37a4bb,0xaec2cc8986bb14c0c604d5adf725ba33920102bc,5.000000000000000000,NULL,0x,0
178,0xb0f74d18a2a52a7ff5fb4e8d3820aa9df324a7c4e2df9fbc5e6d64e1e926ddab,5858066,1530025326,0xcf2aa4de8a3280a6aba982b3be1234d98f5df9d2,0xaec2cc8986bb14c0c604d5adf725ba33920102bc,0.001000000000000000,NULL,0x,0
179,0x1b4baac7ba68bb9985b83fc7a60c3ecf7ceebf4db04f83ca0929b7a459f6e2e7,5858163,1530026821,0x32be343b94f860124dc4fee278fdcbd38c102d88,0xaec2cc8986bb14c0c604d5adf725ba33920102bc,0.420900000000000000,NULL,0x,0
180,0x60c06d9bcf738c3f4592928a1d2bdc81cd6389e867975c5ce1f4ced0c9fe3a71,5858163,1530026821,0xf5bec430576ff1b82e44ddb5a1c93f6f9d0884f3,0xaec2cc8986bb14c0c604d5adf725ba33920102bc,0.500000000000000000,NULL,0x,0
181,0xe90c29b8690811edf075de3cd54e1c3b369a6a2b3b9b9940a51f4aea6a00b468,5858181,1530027065,0xf5bec430576ff1b82e44ddb5a1c93f6f9d0884f3,0xaec2cc8986bb14c0c604d5adf725ba33920102bc,0.041817280000000000,NULL,0x,0
182,0x42c3416189adaa10911ad4900ab2f920fa465333258393f05dfc0639d9a2914d,5858197,1530027325,0xf5bec430576ff1b82e44ddb5a1c93f6f9d0884f3,0xaec2cc8986bb14c0c604d5adf725ba33920102bc,2.995000000000000000,NULL,0x,0
183,0xff63d9f6054d08b1873d801a596afd70e94c0c704dae33462518fc4ab1f4b1b0,5858294,1530028690,0xaec2cc8986bb14c0c604d5adf725ba33920102bc,0x00789b1c3d583e3057c264888afc2c38e4aff5b7,2.000000000000000000,NULL,0x,0
184,0x81fdc4fc4f7b00bdca66cfb773b9622a086154524a0ce5c77bccd8411464fad1,5858328,1530029232,0x6643e44691e6654d0ca25c0d7e6dd5bb059de270,0xaec2cc8986bb14c0c604d5adf725ba33920102bc,1.000000000000000000,NULL,0x,0
185,0xc5c68896b477fe1b6ad8a0566b08f0fbad26cb34f1896c30040b22c8ae2388fc,5858376,1530029974,0xf5bec430576ff1b82e44ddb5a1c93f6f9d0884f3,0xaec2cc8986bb14c0c604d5adf725ba33920102bc,0.505000000000000000,NULL,0x,0
186,0x6535bc4fb5020977b9749b2bd48e01522089d25196c504174d546cd8b9beed47,5858421,1530030706,0x71858d28b1fa59f47603d93ba9f42db4845e37f3,0xaec2cc8986bb14c0c604d5adf725ba33920102bc,0.000400000000000000,NULL,0x,0
187,0xbd3c3d56a2bdf4dc60ea368226b7751bc8c98f47804153451f77e090bcbef636,5858429,1530030858,0xaec2cc8986bb14c0c604d5adf725ba33920102bc,0x00789b1c3d583e3057c264888afc2c38e4aff5b7,3.000000000000000000,NULL,0x,0
188,0x3dcbafde9ed7e3e4e538dc994c88abee453ffedfa527dffaec7f58fce3c730f7,5858433,1530030931,0xaec2cc8986bb14c0c604d5adf725ba33920102bc,0x00789b1c3d583e3057c264888afc2c38e4aff5b7,4.000000000000000000,NULL,0x,0
189,0x57f379c95882a2bf2996444e493590abd472aef70df989c7ce124259c5c0de32,5858440,1530031039,0xaec2cc8986bb14c0c604d5adf725ba33920102bc,0x00789b1c3d583e3057c264888afc2c38e4aff5b7,3.700000000000000000,NULL,0x,0
190,0xd501f0159d41afc7233231209dbc67b27862ff90c1d30c02664b244ff13e5680,5858459,1530031298,0xaec2cc8986bb14c0c604d5adf725ba33920102bc,0x00789b1c3d583e3057c264888afc2c38e4aff5b7,3.300000000000000000,NULL,0x,0
191,0x8b9123e5a0dc3cea7400b005fb2a2b5e27cf9e58f1ceed44b3f1b3c2485ef43e,5858460,1530031320,0x052a0d805103bf6028be7319932fa57234f44427,0xaec2cc8986bb14c0c604d5adf725ba33920102bc,0.500000000000000000,NULL,0x,0
192,0x2acf4a26b39c82a022c9ff78796a9fa1d7fc59d2c671869bac55e0bbb157bd11,5858471,1530031481,0xf5bec430576ff1b82e44ddb5a1c93f6f9d0884f3,0xaec2cc8986bb14c0c604d5adf725ba33920102bc,0.874079320000000000,NULL,0x,0
193,0x15ea1dee672548bcc1f86b4d83275e0e03da0e32fee61eaef95f925b7ae15499,5858486,1530031722,0xaec2cc8986bb14c0c604d5adf725ba33920102bc,0x00789b1c3d583e3057c264888afc2c38e4aff5b7,3.110000000000000000,NULL,0x,0
194,0x7eadd89f4d3449390b8921c6048ce4e938715c1710b330b50b1a90e1e10eccae,5858494,1530031837,0xaec2cc8986bb14c0c604d5adf725ba33920102bc,0x00789b1c3d583e3057c264888afc2c38e4aff5b7,2.500000000000000000,NULL,0x,0
195,0xb2be00f794e3c13bd1d713eb10ad12f73c4166b49e819b31292a51502306618e,5858517,1530032152,0xc633d5e912a41ae4fdeb70fee46dc40cfcdb370d,0xaec2cc8986bb14c0c604d5adf725ba33920102bc,0.500000000000000000,NULL,0x,0
196,0xb84bbd7c8de90c45582e486753b427b6192dd0ba89404bc45787eb02fa9dd430,5858738,1530035266,0xf025a21c972f08846bf380743dfb8ce1d75cf6bd,0xaec2cc8986bb14c0c604d5adf725ba33920102bc,0.500000000000000000,NULL,0x,0
197,0x973f4ea2a96acda749740aece2b206611353a6021ba754e10d405bb38bab92d4,5858839,1530036691,0x59a5208b32e627891c389ebafc644145224006e8,0xaec2cc8986bb14c0c604d5adf725ba33920102bc,0.722896080000000000,NULL,0x,0
198,0x1bf3e9ca4c68ff3ee52b24f5f7da9229a184996fb70abdc7497c6699359735a0,5858870,1530037119,0x868f89bf2787b3f459d54f660ab8aec6faf6a2f1,0xaec2cc8986bb14c0c604d5adf725ba33920102bc,0.500000000000000000,NULL,0x,0
199,0xf24e0e626473c86757989bbe2ba1744e3d3e038004c3f1c9633fa0f3107e3307,5859221,1530042422,0x7c06b7fce17aca04ffe07fb6a9e6f33f2b0f9b3e,0xaec2cc8986bb14c0c604d5adf725ba33920102bc,1.500000000000000000,NULL,0x,0
200,0x5a4dc3cc5a0f2195dede26ccdb0153d0fa81aa5b9953cd29dc97ff3e9ef252c1,5859278,1530043443,0x5401d9a27aca36abbefe243a1b665f5fb676c29c,0xaec2cc8986bb14c0c604d5adf725ba33920102bc,0.200000000000000000,NULL,0x,0
201,0xec09e326a7a84baa470fe83a4741d2b31ba6153c010da8318592c59894d395a4,5859476,1530046463,0xc764215d5a6e12074251e6d3b5ef32314aff13aa,0xaec2cc8986bb14c0c604d5adf725ba33920102bc,4.999958000000000000,NULL,0x,0
202,0xd83011aba4a6cd47faa7c9de65ece65ef8e73c94b5bdd2f01aaacfd80f76baa7,5859565,1530047899,0x620a3e5cddd2748e111a11810757f419d10b1aac,0xaec2cc8986bb14c0c604d5adf725ba33920102bc,0.057300000000000000,NULL,0x,0
203,0xfcfff76622ec606e8c457c1c5ee96807bf2c67ee756bf50e0a8fbe94b4d5d5b3,5859843,1530052059,0xaec2cc8986bb14c0c604d5adf725ba33920102bc,0x24a825df48cd4522adf53b677beda2e39d7fcb80,0.040830000000000000,NULL,0x,0
204,0xe74d0e880c968630bf440ed3406ed55ad47fe16f23c9fdef14f80c74234ea89e,5863132,1530101250,0xaec2cc8986bb14c0c604d5adf725ba33920102bc,0x00789b1c3d583e3057c264888afc2c38e4aff5b7,0.500000000000000000,NULL,0x,0
205,0xd8b750d104348d8962609570197b23b670c497f44706b532d71358a9ba1b6dc0,5863144,1530101405,0xaec2cc8986bb14c0c604d5adf725ba33920102bc,0x00789b1c3d583e3057c264888afc2c38e4aff5b7,3.000000000000000000,NULL,0x,0
206,0x49487b121f105e451e10e0e614d916c2ea03753235e9c769c68b2a61e8adbc90,5863149,1530101545,0xaec2cc8986bb14c0c604d5adf725ba33920102bc,0x00789b1c3d583e3057c264888afc2c38e4aff5b7,4.000000000000000000,NULL,0x,0
207,0x2dfb0b0510b6f0191f815e089b31b6f55da59f25056059b70f3579d7973c8e3f,5863153,1530101626,0xaec2cc8986bb14c0c604d5adf725ba33920102bc,0x00789b1c3d583e3057c264888afc2c38e4aff5b7,2.000000000000000000,NULL,0x,0
208,0x8943858e50ecf37c8892b38729c963bbe431c104a07a09b3549a95a9b039e231,5866820,1530155796,0xa70a543e6c41c55195d990a55d533c77c538b1f1,0xaec2cc8986bb14c0c604d5adf725ba33920102bc,0.500000000000000000,NULL,0x,0
209,0x9403ca04a7f1c1a25240edbb813e22d276f268f600e85c1a19ab9c425eeadf54,5870703,1530213711,0x5d71249bb1cb22c2b008a0e917900fe3ed01a3ff,0xaec2cc8986bb14c0c604d5adf725ba33920102bc,0E-18,NULL,0x,0
210,0xc62393ceae85b725ff6c2ebe894a24e2d3688787c45e41ff53c05cc0b2eed9ae,5870704,1530213739,0x5d71249bb1cb22c2b008a0e917900fe3ed01a3ff,0xaec2cc8986bb14c0c604d5adf725ba33920102bc,0E-18,NULL,0x,0
211,0x13afc41f4a99f317b0378daa87580e85f842b159ba006178c66f1cd8940fa030,5898160,1530619304,0xaec2cc8986bb14c0c604d5adf725ba33920102bc,0x00789b1c3d583e3057c264888afc2c38e4aff5b7,0.500000000000000000,NULL,0x,0
212,0xbec6b71c15236504f3991401c3aa5631849eb321df9b7abaa670b07900d953e1,5900469,1530653577,0xaec2cc8986bb14c0c604d5adf725ba33920102bc,0xbfeadd1b2e1c82648b868f142563b9ae076205a4,0.319140000000000000,NULL,0x,0
213,0x89edbb8a8c893dbd619b4471437fc646e21d10a328984f49ea9c019256f7a1d4,5914861,1530866870,0xaec2cc8986bb14c0c604d5adf725ba33920102bc,0x4316f0bfbef22d10062f20f88dc7f3abfa89e560,0.262030000000000000,NULL,0x,0
214,0x1313db24c4b6364335f2fc870ee2d3aea3aae489c4e199c738db41072c6acfd1,5916413,1530890082,0xaec2cc8986bb14c0c604d5adf725ba33920102bc,0x00789b1c3d583e3057c264888afc2c38e4aff5b7,0.200000000000000000,NULL,0x,0
215,0x0eb6f01a8b8ba2ab03a61e493f2264860f5eb205eff211e57b65232f0816a419,5919058,1530929172,0xaec2cc8986bb14c0c604d5adf725ba33920102bc,0x73fa72116fd590d72839c2ecaf1f1177da42942d,0.044493340000000000,NULL,0x,0
216,0x845ddb8d33b9704faa2823afd710f94ee0797b3f41629cfe7aba9d6f7b1a93c7,5924379,1531008142,0xaec2cc8986bb14c0c604d5adf725ba33920102bc,0x5bc1966601ca9c07a8eb6780a81b5c5632c2c4de,0.155460000000000000,NULL,0x,0
217,0x0c102e87031f4f0b3b105a12cec630b802968e18dd97430aeebc8938517c93f4,5961738,1531556853,0xaec2cc8986bb14c0c604d5adf725ba33920102bc,0x736d23d398e3c39ddd75c96e1e8c773aca7433aa,0.254580000000000000,NULL,0x,0
218,0xe8b3d4fb8fd2de37d71246c18ff834517bd25fb29e02755851d3bed158215591,5967981,1531646892,0xaec2cc8986bb14c0c604d5adf725ba33920102bc,0xd06f78bb1d25433dee9d275936bf91612bc10909,0.136410000000000000,NULL,0x,0
219,0xc8a28fef11709ee9e8edda94a9eb853d0c8ad2504297d4bdc89df5fa4a08d491,5968680,1531656474,0xaec2cc8986bb14c0c604d5adf725ba33920102bc,0xa91c655581235d40c0116c81a333898ab33b34c6,0.156110000000000000,NULL,0x,0
220,0xfd2e1efbfc7eeb575b3516e5f4c678ddd808a54b25bd243723a6abb96cbe5575,6066643,1533091253,0xaec2cc8986bb14c0c604d5adf725ba33920102bc,0x10d631960c5e1abcc8981ee56ffbbaa22b431a61,0.110000000000000000,NULL,0x,0
