,TxHash,BlockHeight,TimeStamp,From,To,Value,ContractAddress,Input,isError
0,0xfe0c2dcd4ed0b3af055efc5723d3186308d51275a823086bcac147bb6b869922,5718638,1527929329,0x43209c8d335934186b3f33f119c6e4b120fe35d6,0xaf5bda8f8b954b03474305fd148c8361cad4d2cd,0.101306014400000000,NULL,0x,0
1,0xa9a7748d36e4d26b75e51202b956b17d0dbd94252ea9d1b425d000e7d9c31985,5719038,1527935157,0x1dc90ceda6123fc81942e05fd9d5506d83faf494,0xaf5bda8f8b954b03474305fd148c8361cad4d2cd,0.002202664000000000,NULL,0x,0
2,0xe871a77ec8af05ee2de28dcf133358a7d9dede2fadb16d0a80b0073e3d42b4d2,5719089,1527935891,0x59cd852a675aeb47e49fab7f1cb5c6f31b891ef2,0xaf5bda8f8b954b03474305fd148c8361cad4d2cd,0.015620799000000000,NULL,0x,0
3,0x0cd6846a8556cf9712514e4f2c2752b0faeec62f89164fa2d0736101b7c2dbc1,5719092,1527935946,0xbbdea6ee31588ea6dbbbcb3092e3adf781c57471,0xaf5bda8f8b954b03474305fd148c8361cad4d2cd,0.012097140808055570,NULL,0x,0
4,0xa832f315f0a430f0a6ecbd6bdaa0e686b942ddc57c674348b020e22b2c0a5f72,5719384,1527940493,0x0d53dff8ead102aa16c1c5264bf1f67ca085159a,0xaf5bda8f8b954b03474305fd148c8361cad4d2cd,0.100000000000000000,NULL,0x,0
5,0xd8e5ca20be2615f6cbcbc694f41ebc6a5938f686999e9904553b89ce71611d20,5719423,1527941019,0x0d53dff8ead102aa16c1c5264bf1f67ca085159a,0xaf5bda8f8b954b03474305fd148c8361cad4d2cd,0.034392981000000000,NULL,0x,0
6,0x8695c6f00a893008ef17a91a9a337050b38dc0eb11738245c8ff1882fe19c76f,5719691,1527945047,0x03ef7d7fdfdcc69a764da62f8dbdc928dcb95136,0xaf5bda8f8b954b03474305fd148c8361cad4d2cd,0.007631280577654794,NULL,0x,0
7,0xbfb5055e489d51e575cad2c7f9795421095953c8e3bb0227e83d7a35705d76fa,5719911,1527948370,0xe02f8cdb85915d40c3945629248a4b788d2426cc,0xaf5bda8f8b954b03474305fd148c8361cad4d2cd,0.000789866560000000,NULL,0x,0
8,0xb550a2249b48c7f92ec348e9deeab24dc4ec220fc6c856ef18c843c32342c366,5719914,1527948446,0x044fdf83245e7427c4bcc0c00659a8d159770e06,0xaf5bda8f8b954b03474305fd148c8361cad4d2cd,0.001376560000000000,NULL,0x,0
9,0xddbc96811251dcf2f8ab0d79dd4da538bc2727a6846f2c8ea82055aa6823fd53,5759737,1528559086,0x0c967cb9799e8fd65dc395b1d2ab2736b29b2e19,0xaf5bda8f8b954b03474305fd148c8361cad4d2cd,0.186195280000000000,NULL,0x,0
10,0xc846fb8f677db69e69ef08a7aa5a51bd9af186a81376985251a9637f85d4d007,5769020,1528701893,0xba11180f087d880bf7379ac359969e685f7043f4,0xaf5bda8f8b954b03474305fd148c8361cad4d2cd,0.067488197147631620,NULL,0x,0
11,0xddfc394035a17eb87f04532d3acad43d5db406fb2d6f2ff763b3ab9eee2fd00e,5778170,1528840580,0xe913d49f72a7a54a84b56b909c2d1d43106c7eba,0xaf5bda8f8b954b03474305fd148c8361cad4d2cd,0.013702299050650527,NULL,0x,0
12,0x7d86d7f513bd39dca6cd19695fe0e7187f56fb45dd3b3ee4ac23b8e941623f7e,5779526,1528861383,0x6f5895306f61a5417a88b9407e8c3a4714fffd77,0xaf5bda8f8b954b03474305fd148c8361cad4d2cd,0.012517000000000000,NULL,0x,0
13,0x59f59ee4ce4cc5b5d4c220d925c7f0d69d98eb3da51f94b2c26d97b68b520763,5779564,1528861904,0xd8d7bd6f2bd45ee450236254cb723bb6bf8f5919,0xaf5bda8f8b954b03474305fd148c8361cad4d2cd,0.004067952469799644,NULL,0x,0
14,0x5ff9df500e3bb24003cc7149dd10a86d9edfea83c99671bde03e14e3ea10233b,5781033,1528884147,0xe729c22d27a760218475dbd7f19ebfbc446e374f,0xaf5bda8f8b954b03474305fd148c8361cad4d2cd,0.011308236000000000,NULL,0x,0
15,0x01dfac1a0efdfa87add6a4abe3a6b3714b3b02e8e9550f5731288f2e056cc733,5792871,1529061160,0xf619bc623c1d8e1be1e2d4edc4cb3d6fcd15608f,0xaf5bda8f8b954b03474305fd148c8361cad4d2cd,0.085190059258401033,NULL,0x,0
16,0x1b07186c293261934f32421c2600d799ca7a07eccb8b9b5f9afb88edb7fa6f72,5801829,1529193385,0x690db7737ce072c30c08e302534b8e9474b09e4f,0xaf5bda8f8b954b03474305fd148c8361cad4d2cd,0.004549330484211200,NULL,0x,0
17,0x0997156d388013874a589e7d3da02f37223dcaea352931a5afeb9a2828014be2,5801944,1529195072,0xaf5bda8f8b954b03474305fd148c8361cad4d2cd,0x58145bc72d8a0c21cfa64821900ca7361efd49c7,0.050000000000000000,NULL,0x,0
18,0x185672dde1640e4c9d72b585bafdfa112fd84445ef04bdd09df526df884f9218,5812442,1529348415,0x73bec2d5c98bc4cace92c72c5ab55eea1bc39acc,0xaf5bda8f8b954b03474305fd148c8361cad4d2cd,0.137583842180163721,NULL,0x,0
19,0x1999bde102a1bf7774af4631c909719308149d1b129f1d09f13a4213eb74a6f3,5819851,1529457696,0xe192eac41034e710f1d346a2a06a5495fe2bf38e,0xaf5bda8f8b954b03474305fd148c8361cad4d2cd,0.029922904000000000,NULL,0x,0
20,0x12cbc1f9edfebfedee7a0a5034ce3a96d387789ebf2dabeba21bef9c8d46527c,5821634,1529484405,0x2b3b3338f01aa90012c6903f652eae21a87cc056,0xaf5bda8f8b954b03474305fd148c8361cad4d2cd,0.035979569150000000,NULL,0x,0
21,0xf20ed18ee8aa42a95d5ee140dac9a8d33ae1c6680cf02410d65cbec6f5b23688,5821659,1529484883,0x1c8136536ec29d804f2de7e7390befff262329b8,0xaf5bda8f8b954b03474305fd148c8361cad4d2cd,0.023496064000000000,NULL,0x,0
22,0x916dc6543761e25640a0fad73dafb44be621814c8682cdd200fdaadb7cac0ebb,5821673,1529485035,0x0c9a5f4898497d34158882adff1f82846f1539bc,0xaf5bda8f8b954b03474305fd148c8361cad4d2cd,0.006042221221895000,NULL,0x,0
23,0x56e617b84a7202dca88db5edcb0b6b3a6c55cd8f6545dd3aefd5afc72c8c9a4d,5821893,1529488644,0x6282869d89dfba0f4ab24dc30dd0816fef34e5f5,0xaf5bda8f8b954b03474305fd148c8361cad4d2cd,0.011248706250000000,NULL,0x,0
24,0x4e7b90f13d74d35c04924a27c6fc843bdb408c67dd7cc722b9fe99ffad38386a,5821981,1529489962,0xcaa0ce5c6e725d93d8e6fbf5cb5ccf0a02c6a9d9,0xaf5bda8f8b954b03474305fd148c8361cad4d2cd,0.039258690000000000,NULL,0x,0
25,0x5a28febe72a6ecf5161fe501f185e14951d19bc774c3637a1dce87ae92d0bb3f,5824660,1529529467,0xa7e081c56cdb208461ba9e7ca83aaaab252201da,0xaf5bda8f8b954b03474305fd148c8361cad4d2cd,0.019101136000000000,NULL,0x,0
26,0x8abad860ce6f3b48cd94242f02545cca93daf2519d3e8c1aa435022833a672bc,5833552,1529660821,0x6525321b1b58fa4b4d15603d7e6ec6ee368f291a,0xaf5bda8f8b954b03474305fd148c8361cad4d2cd,0.200000000000000000,NULL,0x,0
27,0x7fe7b547ba1ad2295cf18ed976f4d10c21b703c7ef426d322a25e33ea443506c,5858551,1530032762,0x54cb0f61b7df1a04266bd0607e2fbf386db38c13,0xaf5bda8f8b954b03474305fd148c8361cad4d2cd,0.001130255000000000,NULL,0x,0
28,0xf6a96e1a0572acf9c3295339cfe9e0e45ca342389d9f662de0673bf642622ee7,5863989,1530113494,0xee27cba5dbb7b35327fa288c784032ffb0c0aed8,0xaf5bda8f8b954b03474305fd148c8361cad4d2cd,0E-18,NULL,0x,0
29,0xe04febdb32e6f32661f121db7d83ab3968ca517dc12543dcf074d9271be6f108,5863994,1530113593,0x6b2a232cb1ee928fa2bd1334beb61eed3ea4fb2f,0xaf5bda8f8b954b03474305fd148c8361cad4d2cd,0E-18,NULL,0x,0
30,0x702e64e2af4d79eac3364e271d50c2cbcde6c78117e6ca73338b75ba007e4a27,5864047,1530114397,0x82fb888d27151ff5ac637aa92589eac6b52f21ff,0xaf5bda8f8b954b03474305fd148c8361cad4d2cd,0.001000000000000000,NULL,0x,0
31,0x736e0b6689789dc89bd90d5dd883eb8a71021f8ed6af7a88c5ec287ea00e90a3,5864111,1530115226,0x5d8d44ff92554fff101bc06a3fa36bc207cd4e3f,0xaf5bda8f8b954b03474305fd148c8361cad4d2cd,0.001000000000000000,NULL,0x,0
32,0xef19206a3c64f3a4b44f58b8646a21e020a3eed70e643429e45e12c7eb7c859e,5864127,1530115568,0x76f1336a7ee37a27e7b34382cb5a85769320f7f3,0xaf5bda8f8b954b03474305fd148c8361cad4d2cd,0.100000000000000000,NULL,0x,0
33,0xed0c41657cf81bdb7c5670cb64143b3334d11904e8ea63a07d2f9ab4df593f2a,5864138,1530115733,0xb083cf096ec2ed11a30adbad20a0130413509469,0xaf5bda8f8b954b03474305fd148c8361cad4d2cd,0.140000000000000000,NULL,0x,0
34,0xa9c22ca5c6459b865b50c93509a0568a3f3b817ba0f90566c3d33b24d6136a4c,5864150,1530115937,0x016633bcad54b076a15aa1293dbd5a8360477697,0xaf5bda8f8b954b03474305fd148c8361cad4d2cd,0E-18,NULL,0x,0
35,0x0b252ca7b0e4c3bcd1885c9d073530052a5451244e337b7aaabcc13eb7cb5eb5,5864150,1530115937,0x016633bcad54b076a15aa1293dbd5a8360477697,0xaf5bda8f8b954b03474305fd148c8361cad4d2cd,0.100000000000000000,NULL,0x,0
36,0x914c372bf18bd4a8b3130d8f1a7a66e5209a2984d529b4483c7bca8d5e803baf,5864163,1530116208,0x76f1336a7ee37a27e7b34382cb5a85769320f7f3,0xaf5bda8f8b954b03474305fd148c8361cad4d2cd,0.100000000000000000,NULL,0x,0
37,0x665a1df0b36aa53e51f825496ae2a5b9a88a293213b0a94c3651bc85e312a291,5864299,1530118190,0x0681d8db095565fe8a346fa0277bffde9c0edbbf,0xaf5bda8f8b954b03474305fd148c8361cad4d2cd,0.140000000000000000,NULL,0x,0
38,0xb209c3b8ab6d3ea49eafe1cfa979f1afa66d37b7a42d4d7f58288363d7b5ca45,5864433,1530120324,0x9b65dad0cdeba4a82bbccdf72a1d7bf7e4c55f6b,0xaf5bda8f8b954b03474305fd148c8361cad4d2cd,0.001000000000000000,NULL,0x,0
39,0x05ee0dc5d7dee357bbee79e4acd0c5ac2cbca9dc0a852ac9c910918a8eba825d,5864442,1530120431,0x9b65dad0cdeba4a82bbccdf72a1d7bf7e4c55f6b,0xaf5bda8f8b954b03474305fd148c8361cad4d2cd,0.002147450000000000,NULL,0x,0
40,0x5ee81cca47537c18cd62d79d086e5680b4b1744c2fe18acfeb0f54c83b8dce86,5865187,1530130911,0x8e5fc36c64883c63530d3c905ff4fc777da46738,0xaf5bda8f8b954b03474305fd148c8361cad4d2cd,0.002659419581412996,NULL,0x,0
41,0x1ad2343056b56528a5d4cead55f70bb5299eb8e9cea379481a8b747e8e3cd889,5865283,1530132339,0x72abd76d77b91e6bbe1bebaa9948089aebe00879,0xaf5bda8f8b954b03474305fd148c8361cad4d2cd,0E-18,NULL,0x,0
42,0xaf6ebd01263d48a3efa41d2b858739031306cafd41c1b1ebddb79c413ead8b15,5865544,1530136024,0x06352039149fdec3f87eae92e2dd5b5f8e927e4f,0xaf5bda8f8b954b03474305fd148c8361cad4d2cd,0.004939554765074401,NULL,0x,0
43,0x2ff142ed59cf423981241656734c00a783f11a64316112a5f585960b2510d0cc,5866542,1530151476,0xe6fb42753b90b485efc244d0f316a0b51b6a9f23,0xaf5bda8f8b954b03474305fd148c8361cad4d2cd,0.500000000000000000,NULL,0x,0
44,0x342453a1445a63421b3ce7ee9a66ba3c0cd148c43d551ceb68b72ba72abc947f,5867064,1530159593,0x1c0e457691f3c91ae25f50f7b359c5c33da92b63,0xaf5bda8f8b954b03474305fd148c8361cad4d2cd,0.001000000000000000,NULL,0x,0
45,0x7613a02aac4ca738fd04eb7a1db9aad1970f35f5f29eb36c41d1c8140e0d537b,5867089,1530160013,0x095a766fbf13e6406f009ab35e4c91e9ebe1eefe,0xaf5bda8f8b954b03474305fd148c8361cad4d2cd,0.001000000000000000,NULL,0x,0
46,0x558904b093e38b6d7c2c425092316c0e30b269291c3f355654b426ffd8a4cfab,5867093,1530160059,0x1c0e457691f3c91ae25f50f7b359c5c33da92b63,0xaf5bda8f8b954b03474305fd148c8361cad4d2cd,0.001000000000000000,NULL,0x,0
47,0x372b0f6644d1fc4db8f21691f80bdd39a092669f4afc28909fba8849765d5e6a,5876188,1530295088,0x9fd9fc2471fccd055fc3fc08962a26f770f0de59,0xaf5bda8f8b954b03474305fd148c8361cad4d2cd,0.000010000000000000,NULL,0x,0
48,0xb5f05533d3aed6e1933ed14abfe46b339848c8287d6779d2cc8efc54663f0870,5884651,1530420920,0x942b8c723aad6c299bce062088bc0bbb8f159e0c,0xaf5bda8f8b954b03474305fd148c8361cad4d2cd,0.009778000000000000,NULL,0x,0
49,0xf873d809244f832e2d2f0bf497c782929169ee710aca90cf373f36a6d1f90dc4,5884808,1530423253,0xeeeddfb4c437dc0fb6c40e66383e2e8eba47670c,0xaf5bda8f8b954b03474305fd148c8361cad4d2cd,0.000100000000000000,NULL,0x,0
50,0xd895c8eee37c12404caf8f7f0643e94f57ad2a32b55e919b15a7c31e3e4dd4a3,5884874,1530424143,0x1a8051908f918890d89dd1d0839bfaf3fdc473d6,0xaf5bda8f8b954b03474305fd148c8361cad4d2cd,0E-18,NULL,0x,0
51,0xfa3874ff55c68a0d54c497447b2a27f1bc32659578b5d6a8c288f2ecd05367d3,5885275,1530430166,0x9fd9fc2471fccd055fc3fc08962a26f770f0de59,0xaf5bda8f8b954b03474305fd148c8361cad4d2cd,0.000100000000000000,NULL,0x,0
52,0x8a8dbafeff0e8a9be13c8fd264c806d21206b48df215d616d18c282470d7e4fd,5903842,1530703366,0xaf5bda8f8b954b03474305fd148c8361cad4d2cd,0x2e5b99eebade01bc6c04077df87d56ecd518ed41,2.000000000000000000,NULL,0x,0
53,0x2a9cb055c7e914c45f6664abc3e9cd9cbc999f9f7dcfe79471807c99dd063256,5941822,1531268810,0x08489b0cc71e8d12da6f2e0f5903435c531aecda,0xaf5bda8f8b954b03474305fd148c8361cad4d2cd,0E-18,NULL,0x,0
54,0x1d0d6eb055cc4ed9ef1757994035558455016228a11df1049332374f56217c16,6006879,1532219064,0x068d9359222426af29f45e2e33a73850793b8b4e,0xaf5bda8f8b954b03474305fd148c8361cad4d2cd,0.024115844498022400,NULL,0x,0
55,0x29a1bd9f4e2d64c4add8bdbb6fce3ab9a64b8edee075c89ff062cc4d5f0c481a,6016418,1532358244,0x6525321b1b58fa4b4d15603d7e6ec6ee368f291a,0xaf5bda8f8b954b03474305fd148c8361cad4d2cd,1.300000000000000000,NULL,0x,0
56,0x1ebcfd67ef41450b1fbf52f9f756d7c6fd616763d80b24d31063a16d7df90a0b,6059607,1532988659,0xaf5bda8f8b954b03474305fd148c8361cad4d2cd,0xafbec4d65bc7b116d85107fd05d912491029bf46,0E-18,NULL,0xa9059cbb0000000000000000000000006f9be76e9a1c30eefca329418f7e128bf0ff179400000000000000000000000000000000000000000000003635c9adc5dea00000,0
57,0x00da37011df80fff998f03c0437f204961c2aadc42a0d144921bf7b8a5898b19,6059760,1532990903,0xaf5bda8f8b954b03474305fd148c8361cad4d2cd,0xafbec4d65bc7b116d85107fd05d912491029bf46,0E-18,NULL,0xa9059cbb0000000000000000000000006f9be76e9a1c30eefca329418f7e128bf0ff1794000000000000000000000000000000000000000000000046791fc84e07d00000,0
58,0x0768fe85ec62788b8d31b6fbf803de11c98c7a018fc91801f61dbfb42324d315,6061941,1533023240,0xaf5bda8f8b954b03474305fd148c8361cad4d2cd,0xafbec4d65bc7b116d85107fd05d912491029bf46,0E-18,NULL,0xa9059cbb0000000000000000000000006f9be76e9a1c30eefca329418f7e128bf0ff17940000000000000000000000000000000000000000000000a2a15d09519be00000,0
59,0xe6fdc273494dd4eb2b60720d2008efd73e7b3b9714613ab9a034215120ef2491,6062631,1533033655,0xaf5bda8f8b954b03474305fd148c8361cad4d2cd,0xafbec4d65bc7b116d85107fd05d912491029bf46,0E-18,NULL,0xa9059cbb0000000000000000000000006f9be76e9a1c30eefca329418f7e128bf0ff17940000000000000000000000000000000000000000000000ad78ebc5ac62000000,0
60,0x89f79337fbd6402ea80e31023f3242f457cf6212937fdc9073eab6ec7f1201d2,6062733,1533035042,0xaf5bda8f8b954b03474305fd148c8361cad4d2cd,0xafbec4d65bc7b116d85107fd05d912491029bf46,0E-18,NULL,0xa9059cbb0000000000000000000000006f9be76e9a1c30eefca329418f7e128bf0ff17940000000000000000000000000000000000000000000000f0175a3b0675bf4000,0
61,0x7c01e70b2566ad4530e4cec10f0cb35cb1b7135aef2fa67653bf1daa77ebbc0f,6086190,1533377408,0xbc9a2646984af8635b760db555152777dc6378c2,0xaf5bda8f8b954b03474305fd148c8361cad4d2cd,0.030864441000000000,NULL,0x,0
62,0x9cac7afd6c0894b7f618eefdafdadcf72108d75bb426b91dab0eb1305714d965,6095121,1533507451,0xaf5bda8f8b954b03474305fd148c8361cad4d2cd,0xf7714ec487b318f1d92eecab526ba45d764326d5,1.000000000000000000,NULL,0x,0
63,0xd55c70cac0bf024197f9dfa447a0c0e27fb5368d71944337e14129ef002a3cb6,6117783,1533838569,0xf619bc623c1d8e1be1e2d4edc4cb3d6fcd15608f,0xaf5bda8f8b954b03474305fd148c8361cad4d2cd,0.000318870848481439,NULL,0x,0
64,0x288eff07b2dfedaac015367d7030a94503bb908802b1c7a6c0f76740e719d279,6420828,1538218499,0xaf5bda8f8b954b03474305fd148c8361cad4d2cd,0x248e6a6dd6090c329a4d0fb479213a6697c44424,0.500000000000000000,NULL,0x,0
65,0x06f7d501fe7742ef68780f0cd1ad2a1ee1e9d83f396e28645aa5a16c04b8f7fe,6485425,1539126437,0xaf5bda8f8b954b03474305fd148c8361cad4d2cd,0xe15107b93db5fe00c1b5337ca965300adb93ecd2,0.001000000000000000,NULL,0x,1
