,TxHash,BlockHeight,TimeStamp,From,To,Value,ContractAddress,Input,isError
0,0x2b3cea197b72ed14b4fa566c3314865c5b6fa7d64182eaac8a9ceb51284e52fd,5397643,1523110930,0x2cb4c81a19c46e428b0de1fdfd3f71b13e6c4afa,0xb1faca3ef83134815c3e28899cb132e019eb6616,5.000000000000000000,NULL,0x,0
1,0x016ea7b9642e03a9a7bacbec4925a2b9f13a6043c30199c8e22f297c6eb5c48b,5398562,1523123712,0x2d96b51ef3bd0ca15ca28f23af6dddb1c3050e6f,0xb1faca3ef83134815c3e28899cb132e019eb6616,0.500000000000000000,NULL,0x,0
2,0x0c32a6f937fa1f281dde3cae15a08cc038ca2fc3532a331cdadc2516a9cb92bb,5398581,1523124047,0x3f5ce5fbfe3e9af3971dd833d26ba9b5c936f0be,0xb1faca3ef83134815c3e28899cb132e019eb6616,0.190000000000000000,NULL,0x,0
3,0x434cf535e4b509ce182f72508ed08ec23de5937425ffce75423739a539e4a953,5398660,1523125176,0x251f7ac8f3042205e0755e4f05dd53b1fb2878ec,0xb1faca3ef83134815c3e28899cb132e019eb6616,2.015854400000000000,NULL,0x,0
4,0x5ba5fb37e1b13d49679e9ae1678fb0fb40ff6dc9d73048f9cfc433dea8464934,5399536,1523138420,0x297a8ccdaa85db6c995695cb25895b8c24f17eb8,0xb1faca3ef83134815c3e28899cb132e019eb6616,0.020000000000000000,NULL,0x,0
5,0x05878439be53bce5614b00d261f478e0a7620ac3777bf4385488eb72f9252cdd,5399755,1523141176,0x2b5634c42055806a59e9107ed44d43c426e58258,0xb1faca3ef83134815c3e28899cb132e019eb6616,0.540000000000000000,NULL,0x,0
6,0x8591683f3a3b9aa9dfcfe93adc4d033aa95dc880f8d34f501be103fbc60f6895,5400008,1523144844,0x8030a27be0102ddff98ef80691618b3566f9402e,0xb1faca3ef83134815c3e28899cb132e019eb6616,0.500000000000000000,NULL,0x,0
7,0x45de321bc56bbfba818bbf7abeaa3647bb3fb30a6afce83ca7fad25a411e874c,5400052,1523145502,0x8030a27be0102ddff98ef80691618b3566f9402e,0xb1faca3ef83134815c3e28899cb132e019eb6616,0.600000000000000000,NULL,0x,0
8,0xcef152731ba217c92377ad72fb418431ecacacdf22a54d31ce52cb9a77218f69,5400164,1523147265,0xd551234ae421e3bcba99a0da6d736074f22192ff,0xb1faca3ef83134815c3e28899cb132e019eb6616,3.880511680000000000,NULL,0x,0
9,0x5f582744f16c2f19e68bd0be8eb39bb338189d341ab0fe8971c7dfc318179049,5442230,1523755313,0xb1faca3ef83134815c3e28899cb132e019eb6616,0xf097cca386c543e1ff18097a069d44a5baf87509,13.245505080000000000,NULL,0x,0
