,TxHash,BlockHeight,TimeStamp,From,To,Value,ContractAddress,Input,isError
0,0x50b2d84b70773bb27417bfd29222871a8432c54c2b1ce050b95721db27d5dac1,4992600,1517210784,0x3c8f5ee8fb32d82d978905b711eb33b40a929b7c,0xb2172027cb233198a3945a2c864f1ec5b7e3b3da,0.001000000000000000,NULL,0x,0
1,0xdad0262dfc03c9d183a17e2da421509e71412a37a493baf8d2f5c20caa625dae,4993922,1517230290,0x33da33f3dd0aa993d804bf940b7d7def197e9439,0xb2172027cb233198a3945a2c864f1ec5b7e3b3da,0.020000000000000000,NULL,0x,0
2,0x834083f96e1df1d8d970c57dc9536b9b1d8be433a34f9d15c5dbf19e3aea1fb0,4994086,1517232997,0x0d160ed6a9f5f7514ce9cd2559b9f290dba3c6d0,0xb2172027cb233198a3945a2c864f1ec5b7e3b3da,0.100000000000000000,NULL,0x,0
3,0xb056dcdac21269b4bef54a8c02b85551653d4e53d6499584c97f857897c5195a,4995057,1517246850,0x1d8f83e745b555a3111f285e65210ad56b7fc276,0xb2172027cb233198a3945a2c864f1ec5b7e3b3da,0.081600000000000000,NULL,0x,0
4,0xffdbb787d21c0a373e2520ea6fef2e80a7e3ea33e97b3d1359fc59bfe1b2200c,4995969,1517260243,0xda5b0e0eca150ff53c1e8f5b7bc0e180a0debf6b,0xb2172027cb233198a3945a2c864f1ec5b7e3b3da,0.009000000000000000,NULL,0x,0
5,0x496cbbc1ba4ce2f49197ccbcd6c5f9822e43f67955355908248f5d42af8157d2,4996770,1517271537,0x37d59c2eefcc455fd149b072a965d0ee5313ead6,0xb2172027cb233198a3945a2c864f1ec5b7e3b3da,0.987000000000000000,NULL,0x,0
6,0x0f5354e643de732b43603f1c5878dd86a1c907a5dfaf932dbf50d31df78cce57,4999423,1517310841,0xb2172027cb233198a3945a2c864f1ec5b7e3b3da,0x0c5b48d0de95575cb039d8927a1cf93b9bcefe14,0.060241000000000000,NULL,0x,0
7,0x40849e3c54dc54b69e37d0ed49d8a83bd9b962b7d47e145cfcc8737b49575f2f,4999725,1517315517,0xb2172027cb233198a3945a2c864f1ec5b7e3b3da,0x58640e809a2e4a175bfb0e843a698197c06dc7e1,0.022384000000000000,NULL,0x,0
8,0x064f2554a943ccdc7bf0c8c400d371059260be721cb4727c7a5fdafd882557cb,5001003,1517335067,0xb2172027cb233198a3945a2c864f1ec5b7e3b3da,0x3a0514ffe4716dd2f4c277987315be2d5f002b94,0.100000000000000000,NULL,0x,0
9,0xf7d0c31ac4d76f0c830d8e8ba65db2995d6ab612abb7c9201a7f86f4743e8985,5001068,1517336078,0xb2172027cb233198a3945a2c864f1ec5b7e3b3da,0x0ed7c408b7b0984051f4abc90c510c5accc2462e,0.400000000000000000,NULL,0x,0
10,0x3febb7f1f532ce640cf4f00f72b26507191510c4ebf909a733c4577bcf979631,5001386,1517340530,0xb2172027cb233198a3945a2c864f1ec5b7e3b3da,0xbdfc1e9237081858ba1660ba56d5bc1e95c5d3c2,0.035736250000000000,NULL,0x,0
11,0xf9e4f33d0ec4952a37df75345984fdc9b0c128da7fadb0ede307cee67f096dbd,5160648,1519664963,0xb2172027cb233198a3945a2c864f1ec5b7e3b3da,0x86594b4dc3d8e51478540771e48e6510e8145e10,0.004000000000000000,NULL,0x,0
12,0x4efed0dc8c6ad740faf144901219cb5906933b369704ec94290d6a9f849678ea,5160666,1519665215,0x86594b4dc3d8e51478540771e48e6510e8145e10,0xb2172027cb233198a3945a2c864f1ec5b7e3b3da,0.003000000000000000,NULL,0x,0
13,0x2fb4dbd9c373e6cf3cf93e27ded9b0183a95899e32cbdd7217c0c71995163afc,5230130,1520683526,0xb2172027cb233198a3945a2c864f1ec5b7e3b3da,0x240c344c297ea7cb6b07e407022c7d14bae9d892,0.573211750000000000,NULL,0x,0
