,TxHash,BlockHeight,TimeStamp,From,To,Value,ContractAddress,Input,isError
0,0xc491a7aab48e19d94a7729d124355aebb6ea43ea5f4d87322289d821a7ce804d,5542752,1525253634,0x724c104cae8c00f35b30fd577baf6d263da06bd8,0xb29a0b9b4d32c9cd39c02d0f19a6a8bbb3047ceb,0.600000000000000000,NULL,0x,0
1,0x40c4ea603b0d5378e6f4a20933c57e53f3c23c72a6cfe62afeff1da4a6c9fa5e,5542807,1525254269,0x148f77c36c2e22045d64a4063ee4d245290a2bba,0xb29a0b9b4d32c9cd39c02d0f19a6a8bbb3047ceb,0.300000000000000000,NULL,0x,0
2,0x7f08a09aac92e74e3917bbb72313762ca55c3476c1bc68d2351fb7c9a082f49c,5542899,1525255576,0x13e3edc4eb075e31c49ffd6f137f73b8af29d7ef,0xb29a0b9b4d32c9cd39c02d0f19a6a8bbb3047ceb,1.900000000000000000,NULL,0x,0
3,0x1bd62dc98f1b6e29f646897da1b4bad0fe5949f9c7240a881c0917ee7f67e070,5542964,1525256667,0x0c9dda6bc87b97c2f7eb0347667e54c570f06dc6,0xb29a0b9b4d32c9cd39c02d0f19a6a8bbb3047ceb,2.000000000000000000,NULL,0x,0
4,0xf20d34546bea1e90d18e26b47c0e281af154219902c164d2bb97b23f2e90781a,5543062,1525257954,0x159d6cb8cd42df8ca995040eff7def9c702d02fd,0xb29a0b9b4d32c9cd39c02d0f19a6a8bbb3047ceb,0.900000000000000000,NULL,0x,0
5,0xa0ca9323ab904629121cacc2ab72508d331d80e3b3a7147b6cbe5f258088ae0a,5543082,1525258236,0x8b1bb50702d4fa4637c7dc6578fbd577e154b4e2,0xb29a0b9b4d32c9cd39c02d0f19a6a8bbb3047ceb,0.200000000000000000,NULL,0x,0
6,0xc34d6ba6a7aa05cef0e0de4ddc774dae9e7275812403efdd970ca7763537ca9a,5543089,1525258367,0x47d8cda8d75d3a480846df48bbc29ba1874cde3c,0xb29a0b9b4d32c9cd39c02d0f19a6a8bbb3047ceb,2.002940000000000000,NULL,0x,0
7,0x26a1a4a3a21b95fb7eddd3ff1a5405b01fd2eff70c9fd973cf8ce6f382cd1fc6,5543293,1525261694,0x126119d58996c57640edd932e907b1ab9adba346,0xb29a0b9b4d32c9cd39c02d0f19a6a8bbb3047ceb,0.860000000000000000,NULL,0x,0
8,0x9a0915c8a76d864f474eaf0205e96fb9f7389586301a6d178c6656bd820a0c92,5543343,1525262402,0xd1c57e70854a1185adcec5211f12fe0c5e9c35cf,0xb29a0b9b4d32c9cd39c02d0f19a6a8bbb3047ceb,0.565000000000000000,NULL,0x,0
9,0xd83405fe6b3edd5e17be70d21d32796e790ede47c38be1205f9bd422cd34626a,5554887,1525438416,0xb29a0b9b4d32c9cd39c02d0f19a6a8bbb3047ceb,0x590eab5a80eb54f78e53d70d3479ca7e018015f4,5.000000000000000000,NULL,0x,0
10,0x762855d1acf7fa7a7ba094fdb3f57d65580ed435d42880b7882e72a407652049,5554957,1525439480,0xb29a0b9b4d32c9cd39c02d0f19a6a8bbb3047ceb,0x590eab5a80eb54f78e53d70d3479ca7e018015f4,4.327583000000000000,NULL,0x,0
