,TxHash,BlockHeight,TimeStamp,From,To,Value,ContractAddress,Input,isError
0,0x320691cccf11259a73442fc976b7ce1e76ded338a691456d2f03e4b2e9fc883f,4990625,1517182152,0x16a9c0550d67836f9655fe52c8f2815f83481fb8,0xb3944101efe4164981bba21e0d3725f1fae1bea9,0.999700000000000000,NULL,0x,0
1,0xcdaebe0add581c6e9e31d1e4cefddc6665bc9446bf4faa7083a1d89b136f5ef6,4990657,1517182616,0xb3944101efe4164981bba21e0d3725f1fae1bea9,0x6aa36553f97d5965566697bafcfda5d69a5bc6d7,0.998860000000000000,NULL,0x,0
2,0x6ec7f7a6ff14701eafcf55be2cb623b90a92fb0ebfad34d3bd76b25d1c4a4a65,5045271,1517980772,0x2794f67b22967cd5da53af379913efd568e14265,0xb3944101efe4164981bba21e0d3725f1fae1bea9,0.624000000000000000,NULL,0x,0
3,0x26b13ecad82a3c3ef67192c8ee5d16d1fc02133476fa7dce4a52d43fb8a2d179,5045291,1517981109,0xb3944101efe4164981bba21e0d3725f1fae1bea9,0xb8cf411b956b3f9013c1d0ac8c909b086218207c,0.623160000000000000,NULL,0x,0
4,0x6d78153843de45476ef2ad108c8f420e42518bd3354a04fa187919fad9edd91c,5050192,1518052521,0x4fe83237432c710a38708d07c40007e6e550ba26,0xb3944101efe4164981bba21e0d3725f1fae1bea9,1.376000000000000000,NULL,0x,0
5,0xd73fabc0d3225ec606458fc72e022e59f5dafedd163c1e77815577be4bfb2f3a,5050228,1518053081,0xb3944101efe4164981bba21e0d3725f1fae1bea9,0xe13467e36561606a821fb7ecd72bfce8f70648f9,1.375160000000000000,NULL,0x,0
6,0xf847c2f32eabee53209da7833dff872997987327bb62ac9b3ea81efde83a850e,5200914,1520254444,0x55a1b629b144bc067f33c8cb5052d8d688e0e7cb,0xb3944101efe4164981bba21e0d3725f1fae1bea9,0.005000000000000000,NULL,0x,0
7,0x000f0b705355ad4c5431fa1341841e68f910a7ca12d5ede802a24ac7f16b9cc6,5200948,1520254944,0xb3944101efe4164981bba21e0d3725f1fae1bea9,0xb89dd647788c54a03ba290a6320ba53566afb57d,0.004160000000000000,NULL,0x,0
8,0xcd9fe5e57585f638b3169825b50d18430624684b679f2ed17d0ab49d5572030f,5201434,1520262626,0x1aef6c426ab50d8b360877fe65048441d63ef931,0xb3944101efe4164981bba21e0d3725f1fae1bea9,0.170000000000000000,NULL,0x,0
9,0x82d6d022f53cc5d69ec5dc80774c972d945a696fc6aa4420455f85b8730fc7d7,5201436,1520262658,0x1aef6c426ab50d8b360877fe65048441d63ef931,0xb3944101efe4164981bba21e0d3725f1fae1bea9,0.009000000000000000,NULL,0x,0
10,0x0d58df32d8968c7c577942749055fa1b6606aae36a803c1c96ca4d7aad8829f5,5201476,1520263349,0xb3944101efe4164981bba21e0d3725f1fae1bea9,0xaa28552dedd0223d0ff59eaa389c2547f34081a0,0.008160000000000000,NULL,0x,0
11,0x6b1412819e0f8b166df014fc86c80c47719720e1872db593453d8ab00494b0f2,5201477,1520263359,0xb3944101efe4164981bba21e0d3725f1fae1bea9,0x7ae17a0f6f8f02b5b6e76b327db15f91306194e6,0.169160000000000000,NULL,0x,0
12,0xdd29339f91834884d4b7bcb1eca2a7f37ee53e775af265e58629f7a5421691a4,5211308,1520406930,0xc34f284de50c2ed2a7d7c1d52dbcdf4da0285364,0xb3944101efe4164981bba21e0d3725f1fae1bea9,0.980000000000000000,NULL,0x,0
13,0x084d0cbfe3523a12931caffa34fe70b30058d965bc1d16bb959012f0b4f40885,5211337,1520407329,0xb3944101efe4164981bba21e0d3725f1fae1bea9,0xcc83dc5a37d49de4562019560307ce724a975d5c,0.979160000000000000,NULL,0x,0
14,0x13d9f70d851cbc61e16af934076d5034f805845a3edfbb66ce866688aa4e30bc,5215007,1520461213,0x620a3e5cddd2748e111a11810757f419d10b1aac,0xb3944101efe4164981bba21e0d3725f1fae1bea9,1.000000000000000000,NULL,0x,0
15,0xcf4cf6a98835ec0920bf199e38ba2ebaed243c194c05c64a9c1a9b0139ecc1c6,5215048,1520461912,0xb3944101efe4164981bba21e0d3725f1fae1bea9,0x7ae17a0f6f8f02b5b6e76b327db15f91306194e6,0.999160000000000000,NULL,0x,0
16,0xc7ec41f752c4c82b3b1708d0e705d428303e992ec787a1ff395676f2f9b7690a,5224345,1520598127,0x42833621285525cd1a9194a9451f9331dcbc3cd3,0xb3944101efe4164981bba21e0d3725f1fae1bea9,0.150000000000000000,NULL,0x,0
17,0x8abaac1ae9f9721f3f177df8e2d6b36026946bda67c0c861a0801e6feabfa6a9,5224360,1520598407,0xb3944101efe4164981bba21e0d3725f1fae1bea9,0xe13467e36561606a821fb7ecd72bfce8f70648f9,0.149160000000000000,NULL,0x,0
18,0xb75f2d91f0c25a536c4f167832356b6a63189d5168b86662661afbdbfbc57792,5295032,1521633994,0x275420d9da7ae301dc0895531b8536715b9dbe70,0xb3944101efe4164981bba21e0d3725f1fae1bea9,3.488278000000000000,NULL,0x,0
19,0xecd3726199e015d0708d52b3b7f328bd8583d46c218703a5ed4bf9c61607f977,5295077,1521634520,0xb3944101efe4164981bba21e0d3725f1fae1bea9,0xef10a5d898c21aa95865b447be6491380859a307,3.487438000000000000,NULL,0x,0
20,0x93d67073b399aa628f69ebfb4f215bc173fe51898750f7124ddfb5f12fb8f22f,5295613,1521642554,0x275420d9da7ae301dc0895531b8536715b9dbe70,0xb3944101efe4164981bba21e0d3725f1fae1bea9,10.944818370000000000,NULL,0x,0
21,0x1564971334a6f6b8b72407a3eb3c0816d14c119813393931a5309e4bddbf7782,5295638,1521642921,0xb3944101efe4164981bba21e0d3725f1fae1bea9,0xaa28552dedd0223d0ff59eaa389c2547f34081a0,10.943978370000000000,NULL,0x,0
22,0xd22d6348657b55132d85f5ecaf9b1cb15f550cd7d79579a37b1c65ce6799c927,5324661,1522059522,0xe6ade6805c9df0f02974fff1ce4763deb6ce49d2,0xb3944101efe4164981bba21e0d3725f1fae1bea9,3.719783000000000000,NULL,0x,0
23,0xef5c15e064929b54898751ef0895dc83d5c04e38f023cc0ff33b0bd296e3b79d,5324703,1522060078,0xb3944101efe4164981bba21e0d3725f1fae1bea9,0xb8cf411b956b3f9013c1d0ac8c909b086218207c,3.718943000000000000,NULL,0x,0
24,0x9473cedba43340a3781565f2c2930bcbb40ec03b5758f0c20aae0b88eaa493ad,5446059,1523811082,0xb89ff318c003cbf862d884a24572ceed15387d35,0xb3944101efe4164981bba21e0d3725f1fae1bea9,0.499986350000000000,NULL,0x,0
25,0xaca10291487c4936ad7d05d6b6c51cbe6d3f40fe14a84115b8816945fab69adf,5446059,1523811082,0x1aef6c426ab50d8b360877fe65048441d63ef931,0xb3944101efe4164981bba21e0d3725f1fae1bea9,0.000513650000000000,NULL,0x,0
26,0x26ea91343d5ff3b954582627048db96152ed7390e1923aa56eab28f14ced33f7,5446251,1523814045,0x1aef6c426ab50d8b360877fe65048441d63ef931,0xb3944101efe4164981bba21e0d3725f1fae1bea9,0.000227000000000000,NULL,0x,0
27,0x0a0f4ae55d60f9089904e9979c831749a8bdb68ded6009748b422dcc93052519,5446265,1523814249,0xb3944101efe4164981bba21e0d3725f1fae1bea9,0x87ad3f8573e96308eaef597dde8d9dcfb19202d2,0.499146350000000000,NULL,0x,0
28,0x9f997ca44cd5d7c7a166112f43f740ef0c8429a2156e2041387cb94db41721fa,5453789,1523923779,0x027fe4db3ffa16bd31a1a6fc602261e8840b2c26,0xb3944101efe4164981bba21e0d3725f1fae1bea9,0.099986350000000000,NULL,0x,0
29,0xd488b941b8f41521ab47440c3f1eedfa21de5fa25125fafe891c6f94e4348350,5453819,1523924166,0xb3944101efe4164981bba21e0d3725f1fae1bea9,0x87ad3f8573e96308eaef597dde8d9dcfb19202d2,0.099146350000000000,NULL,0x,0
30,0x785c842adac16f814ebb9bf2b30a989cba8e1cdc87a6eed3eb6086e2081313b3,5538371,1525187066,0xddd5531fac4684e19321a39441452dea6e2b6c34,0xb3944101efe4164981bba21e0d3725f1fae1bea9,2.299911800000000000,NULL,0x,0
31,0x7bb624eadf6b3622458712c3585f3925767efab83c733e30e7fb3e8b37d39980,5538390,1525187421,0xb3944101efe4164981bba21e0d3725f1fae1bea9,0x7ae17a0f6f8f02b5b6e76b327db15f91306194e6,2.299701800000000000,NULL,0x,0
32,0x5928cb39e54d410f63a38fd5c727505410197b09426263d7abd9066e768deea4,5582688,1525856266,0xa1373bcd6597f2e23754aba6eb81b236f4626fa6,0xb3944101efe4164981bba21e0d3725f1fae1bea9,0.799853000000000000,NULL,0x,0
33,0xb82e984b01224cd7686ae358381ac510d27fce3b3eba6f178d438013763f2917,5582718,1525856727,0xb3944101efe4164981bba21e0d3725f1fae1bea9,0x7ae17a0f6f8f02b5b6e76b327db15f91306194e6,0.799643000000000000,NULL,0x,0
34,0x05f61f34ff5c484aa113f12c25173694f538a09b18a1ade974911c6bf9b2ee6c,5712257,1527831615,0x232cd11b27b9a83a4f51689987f6b1d92805ca79,0xb3944101efe4164981bba21e0d3725f1fae1bea9,2.746500000000000000,NULL,0x,0
35,0x67b1a3140a7c5c3922a3de2f9870c8213bf45c61738cd6d6ba75eff6da053d73,5712268,1527831817,0x232cd11b27b9a83a4f51689987f6b1d92805ca79,0xb3944101efe4164981bba21e0d3725f1fae1bea9,9.999132547004409010,NULL,0x,0
36,0x388402e6aef4c503254b51e913fc144025b94ff376a9a7eb6beb6dde5908cc46,5712286,1527832143,0xb3944101efe4164981bba21e0d3725f1fae1bea9,0xb7cabd1e6598209ec21a5a7ad72cc76b4ce4fc85,2.746080000000000000,NULL,0x,0
37,0x19d9fa0ef7bf8addcfc9b250786595c5a656fcc4b66a1bcb5a4dac5703ed3286,5712288,1527832197,0xb3944101efe4164981bba21e0d3725f1fae1bea9,0xe13467e36561606a821fb7ecd72bfce8f70648f9,9.998712547004409010,NULL,0x,0
38,0x600ffa3c962b875648fe5d2b34d8ab073bfcd8968dc6a8a4e886c5fe04ed130f,5803872,1529223712,0x232cd11b27b9a83a4f51689987f6b1d92805ca79,0xb3944101efe4164981bba21e0d3725f1fae1bea9,0.021323733809997621,NULL,0x,0
39,0xdf191c900587361f742ee099911aa02def1552871c294718f3ebc2f67b0da353,5803905,1529224265,0xb3944101efe4164981bba21e0d3725f1fae1bea9,0xb8cf411b956b3f9013c1d0ac8c909b086218207c,0.021113733809997621,NULL,0x,0
