,TxHash,BlockHeight,TimeStamp,From,To,Value,ContractAddress,Input,isError
0,0x54f555cd53d5b2aee8c738f7da6951f9363e5f5d023705fa583ccc9d6ea2c6e9,5077124,1518442072,0xf9beb3bc984fabd38674e8386fe868ff8bc0119a,0xb467ca6b266edfec39441e82c7dd3b2021da4846,0.200000000000000000,NULL,0x,0
1,0x805e31bd243ad2623e97328a6e76c26f0eab6273ac2fe54c88d7c4a20dbb88e8,5082011,1518512960,0xb467ca6b266edfec39441e82c7dd3b2021da4846,0xfbc874270b7d66f0978d41c4eed0c38ac7b283fd,0.199559000000000000,NULL,0x,0
2,0x90e34fa88b30f1f33daeda29c821c329074a6e2a4076c9de20c4cde3e2922230,5182461,1519985303,0x65e2c5175e2e618f48e70343b14c31b280e42d90,0xb467ca6b266edfec39441e82c7dd3b2021da4846,0.934979230000000000,NULL,0x,0
3,0xcf1a4885bfd03805ae94d992c616b44b0c7aabc70dbe043b21562496d38e5def,5182479,1519985576,0xb467ca6b266edfec39441e82c7dd3b2021da4846,0xf230b790e05390fc8295f4d3f60332c93bed42e2,0E-18,NULL,0xa9059cbb000000000000000000000000fbc874270b7d66f0978d41c4eed0c38ac7b283fd000000000000000000000000000000000000000000000000000000003b9aca00,0
4,0xc71a316554cc2f6097048c70939a1c683f41defb9a1f9a8fa821a6eb5e4a95e7,5188429,1520072564,0xb467ca6b266edfec39441e82c7dd3b2021da4846,0x09c6628e02fffd0d0a6c3a0ceb9d622d00547526,0.933668520000000000,NULL,0x,0
