,TxHash,BlockHeight,TimeStamp,From,To,Value,ContractAddress,Input,isError
0,0x13fa4561dce11128bf8ce949c9c1cea02ecf2e26cc44978b38393dd2513f9ec5,5572569,1525704615,0x564286362092d8e7936f0549571a803b203aaced,0xb48c99c37b7cf4ac0a1c2dca518782c1feb4f066,0.490000000000000000,NULL,0x,0
1,0xdeb4c0b7a309460c23e2e2ceb7f56346275ae10451de3b267398fbe013187bdf,5572591,1525704958,0x10d0e06d82dd727e570ba11b73e5c816ab67c482,0xb48c99c37b7cf4ac0a1c2dca518782c1feb4f066,0.127146988745883210,NULL,0x,0
2,0xea7d9e8556edb4625c9cabc2649964cceaaeff38474d86081580bf7855279e5c,5572630,1525705557,0x29d5527caa78f1946a409fa6acaf14a0a4a0274b,0xb48c99c37b7cf4ac0a1c2dca518782c1feb4f066,0.550000000000000000,NULL,0x,0
3,0x28611b540694692f2a0ac2bdc106a9cde75799aa4515dd510eaac49c5725234c,5572880,1525709322,0xfbb1b73c4f0bda4f67dca266ce6ef42f520fbb98,0xb48c99c37b7cf4ac0a1c2dca518782c1feb4f066,1.674000000000000000,NULL,0x,0
4,0x64dd236fb78fffceface573bbf9bf4dc361cddb86bdc1fe09356973643daa04c,5572906,1525709536,0x564286362092d8e7936f0549571a803b203aaced,0xb48c99c37b7cf4ac0a1c2dca518782c1feb4f066,0.994994000000000000,NULL,0x,0
5,0xbf71e1665d608acfdeda76e56e48eaf91a1c20701ba418d2dbae281f78edb43d,5573085,1525712102,0x4e7330b3e7a01afd8a8e6ded7ac943711502de5d,0xb48c99c37b7cf4ac0a1c2dca518782c1feb4f066,0.500000000000000000,NULL,0x,0
6,0x433bdc198dee1e171486ece650266cf81c893d6c4f2b45364e1a2ef88fb3cf41,5573107,1525712389,0xda73e966e247b43d512043ae812fbfdf47a691d3,0xb48c99c37b7cf4ac0a1c2dca518782c1feb4f066,0.500000000000000000,NULL,0x,0
7,0xab4447f4a09ee2767396305a4d8fc7b12ed168366669f92efd704ecf7f8c263f,5573114,1525712497,0x435cb336d7ee08b918b28f1a646de01b5a52d663,0xb48c99c37b7cf4ac0a1c2dca518782c1feb4f066,0.500000000000000000,NULL,0x,0
8,0xc920ab96ba27b4891d297095a8cae3fe77ec9d088e9eb1a500ce3dddc20d30b3,5573118,1525712587,0xbdb222fd17250bb108ccf773ebfb15b1705703e6,0xb48c99c37b7cf4ac0a1c2dca518782c1feb4f066,0.700000000000000000,NULL,0x,0
9,0xdb5eb9d78858ff4f3712bac930ca866413b1a8c727410b0be2fe0219a21d8e62,5573255,1525714770,0xcf67362501e2803511973694adcdbae2c5a1e611,0xb48c99c37b7cf4ac0a1c2dca518782c1feb4f066,1.100000000000000000,NULL,0x,0
10,0x603fca0db06c63abd03b114ca2a245eb21c0337c3327300c3dcbaf1c00034080,5573286,1525715209,0xd055d03e59be3d136705c34131e83e56e600cecc,0xb48c99c37b7cf4ac0a1c2dca518782c1feb4f066,0.500000000000000000,NULL,0x,0
11,0x20353e431672d4c45142b3ae1ad43a7fc20e4d440331baf5930fc7b9a26ea4b9,5573534,1525719059,0xb6aac3b56ff818496b747ea57fcbe42a9aae6218,0xb48c99c37b7cf4ac0a1c2dca518782c1feb4f066,0.100000000000000000,NULL,0x,0
13,0xb14b037bd3d1f3e4dc17f5ce7650d978413bca3ce0e836061938815adf7fc10e,5573551,1525719293,0x7eee1ec1ebfca72baef8c6b5a2ea112f752def4a,0xb48c99c37b7cf4ac0a1c2dca518782c1feb4f066,0.515000000000000000,NULL,0x,0
12,0x038b366f61e4efa7aa7028bb942797fc19243968942a7c9770aebffea71e932d,5573551,1525719293,0xd551234ae421e3bcba99a0da6d736074f22192ff,0xb48c99c37b7cf4ac0a1c2dca518782c1feb4f066,1.465420050000000000,NULL,0x,0
14,0x17fae0b4eb7dd911dad5253705e8866ebf6c38b29ef0d3b6ac99b2d8aa059ce0,5573584,1525719733,0x9c95e540d8755310c7367f94589b3e546630374b,0xb48c99c37b7cf4ac0a1c2dca518782c1feb4f066,0.500000000000000000,NULL,0x,0
15,0x40bae482781b07ef9bb50a40f103ba9e58dfec81410f4925aa77a2258d3cf694,5573706,1525721322,0x267be1c1d684f78cb4f6a176c4911b741e4ffdc0,0xb48c99c37b7cf4ac0a1c2dca518782c1feb4f066,5.995000000000000000,NULL,0x,0
16,0x6e4b77d49bc373887b5ad79afefdb0f8b09f2b12d2dd65e8d794df2340658781,5573864,1525723688,0x0681d8db095565fe8a346fa0277bffde9c0edbbf,0xb48c99c37b7cf4ac0a1c2dca518782c1feb4f066,0.590000000000000000,NULL,0x,0
17,0x90272dedb7ffdd18be9638904f490d3b54fc217eea18bc26a7c5ec4cf5c6ebe6,5575107,1525741465,0x1bd9e1b27d6793eaa0eb341168b4a3a97c23b490,0xb48c99c37b7cf4ac0a1c2dca518782c1feb4f066,0.977739460000000000,NULL,0x,0
18,0x341613a0c9e5f980915ac72bcd75ae86b20159584020b6e4ba5ac7f195744998,5576063,1525755672,0xf99f051e30b5ce6a5f5e8943820b40bb769a0f0d,0xb48c99c37b7cf4ac0a1c2dca518782c1feb4f066,0.600000000000000000,NULL,0x,0
19,0x37dda5f5f5887f7bfa27d4708ee34796118faedd6fbccf21bb9cf47e3b48bfb2,5576246,1525758475,0x5521a68d4f8253fc44bfb1490249369b3e299a4a,0xb48c99c37b7cf4ac0a1c2dca518782c1feb4f066,0.500000000000000000,NULL,0x,0
20,0xf0a653487d3cb2976526b127dd0ece217e10897625095183e947f8526bef21a3,5577406,1525776099,0x9e1bb2e99f2cdd6ad1067103b7e93b3af8da3be8,0xb48c99c37b7cf4ac0a1c2dca518782c1feb4f066,0.599874000000000000,NULL,0x,0
21,0xc104b74e1c0e03217c2279d062a9e339f060be7cb87007f7e8991369c9a353c7,5577971,1525784367,0xcea694cecded062b61358c307727397509d81305,0xb48c99c37b7cf4ac0a1c2dca518782c1feb4f066,0.001358344992461185,NULL,0x,0
22,0x22e9a15f4d3f239075e9ac8861a19f25aa9ce41eb032aed68bb3b320b2b8dca4,5590799,1525978377,0x942ae9a9916700d3f3db72d3b8e0f6363c40eb90,0xb48c99c37b7cf4ac0a1c2dca518782c1feb4f066,5.000000000000000000,NULL,0x,0
23,0x19a02e0b421b6f92878a62394050f724cf5681089753ce15654d5f4b07bdcd3d,5620159,1526422253,0x0681d8db095565fe8a346fa0277bffde9c0edbbf,0xb48c99c37b7cf4ac0a1c2dca518782c1feb4f066,0.500000000000000000,NULL,0x,0
24,0x522710553576be290d3ae7656bef025334e345c8c9d66b993456b8eb8c1b27fb,5623652,1526475054,0x772088014f20ebb5f548a3be1fef85087dace8fb,0xb48c99c37b7cf4ac0a1c2dca518782c1feb4f066,2.000000000000000000,NULL,0x,0
25,0xc8c73a14ff85da4b4ab2b2adc2a9fac2ae2271ac50f68199fb4b434cbdd6df78,5795805,1529104691,0xb48c99c37b7cf4ac0a1c2dca518782c1feb4f066,0xba7e8b3f050f82eeb8bef0b4c0d6311e0e838bd6,26.979671843738344395,NULL,0x,0
