,TxHash,BlockHeight,TimeStamp,From,To,Value,ContractAddress,Input,isError
0,0xa6f7592930a7d06e9de238eeba2033853c05019d02c02e0cc312d1b1e57cace8,5721917,1527979297,0x804845b20f6a43a7b9e3433fcc44127946b1af86,0xb51734e8a270c2e7b31c6dd692bbe480353a985b,0.693000000000000000,NULL,0x,0
1,0xd3ca56ecf5fc25a4a21e077363754d3105db4de56042671c983cac096f9075f1,5722060,1527981533,0xb51734e8a270c2e7b31c6dd692bbe480353a985b,0xf4d5819ac50f1e5396a5ce92a857829585becc99,0.692517000000000000,NULL,0x,0
2,0x984e4eabb24511b6e4ac7ce43f4f63830c422f5fca549ec0ae0366a6d939058e,5722187,1527983413,0x5bf70773e4fc95f21038a780075caeaa7794f428,0xb51734e8a270c2e7b31c6dd692bbe480353a985b,0.693000000000000000,NULL,0x,0
3,0xcdabe1bc53519358f2090511b129ed8fa176f4ef63851ae375d5f946ec290fa3,5722260,1527984632,0xb51734e8a270c2e7b31c6dd692bbe480353a985b,0xf4d5819ac50f1e5396a5ce92a857829585becc99,0.692517000000000000,NULL,0x,0
4,0xdb38f764b450eecc341dd9c865e256878a2a6f01adabc75da858ae9bf38a6374,5723820,1528008614,0xad3f77a17ac76572156fbae21f35657254a01e7e,0xb51734e8a270c2e7b31c6dd692bbe480353a985b,0.693000000000000000,NULL,0x,0
5,0xaa744374eec09f34f9bb569471fddd29b6717b6bb9f58e85b0cd1318eed64aaa,5724149,1528013644,0xb51734e8a270c2e7b31c6dd692bbe480353a985b,0xf4d5819ac50f1e5396a5ce92a857829585becc99,0.692517000000000000,NULL,0x,0
