,TxHash,BlockHeight,TimeStamp,From,To,Value,ContractAddress,Input,isError
0,0x359b295e6d8c2a9f5e59709d18125dd929aa04387eb0ca61a8ecb2bcdc6483e2,5892343,1530533338,0x3f5ce5fbfe3e9af3971dd833d26ba9b5c936f0be,0xb6ecd180f5cbb9167147394841d31f94eff77dbf,2.251736000000000000,NULL,0x,0
1,0x6db207a4d68be0023ccc1bae1f8538b93c514ec133992e47f8dd900c269cd3ba,5892818,1530540624,0x876eabf441b2ee5b5b0554fd502a8e0600950cfa,0xb6ecd180f5cbb9167147394841d31f94eff77dbf,3.333605500000000000,NULL,0x00,0
2,0x1c9aaf44e4d148a79978c784c6112e56fb589f3dd85d39ffb00e5712e4e54cb9,5892834,1530540865,0x1aacffebed4309436cb69123e0bb0881feeb29e5,0xb6ecd180f5cbb9167147394841d31f94eff77dbf,0.500000000000000000,NULL,0x,0
3,0x01de20e26fb0ee4da896a3db01528ea28ed6dc18e27322c033f4567b054fa358,5893510,1530550570,0xf3e3bf17193ce9d21a772bc98d3869dc498e3104,0xb6ecd180f5cbb9167147394841d31f94eff77dbf,1.000000000000000000,NULL,0x,0
4,0xe27d5cd5a983971a13f0f17d3cf80c4b56e1c3dab51648364494e04177f17263,5893523,1530550774,0x9bbf9034b4952606d0d2187d2256372eb9b289c7,0xb6ecd180f5cbb9167147394841d31f94eff77dbf,0.500000000000000000,NULL,0x,0
5,0x1fb2857132a0e338c3ca1587ab1b184eb5c2967e74bf302f4767c6dd59ca5159,5893595,1530551827,0x53a8c4695fee274db06a203aea20f4fca4745d52,0xb6ecd180f5cbb9167147394841d31f94eff77dbf,0.020000000000000000,NULL,0x,0
6,0xc33b3511d349478cac2e6fa41f54eebb8dfa9463146c07576a7c62aff39b1983,5894107,1530559184,0xfbb1b73c4f0bda4f67dca266ce6ef42f520fbb98,0xb6ecd180f5cbb9167147394841d31f94eff77dbf,0.969263500000000000,NULL,0x,0
7,0x7163c430c4cec5ca687df9450aff2f26c4bb3782017cc8c2712a658a2d4b93f0,5895208,1530575258,0xdd6ec9f00a15a151e8b0f582930cf850a1d075ec,0xb6ecd180f5cbb9167147394841d31f94eff77dbf,0.500500000000000000,NULL,0x,0
8,0x2c39de66da513e616a88acd5ad563f84811ab034e9a07a6bed856116abe03611,5895398,1530577987,0x51836a753e344257b361519e948ffcaf5fb8d521,0xb6ecd180f5cbb9167147394841d31f94eff77dbf,0.996366130000000000,NULL,0x,0
9,0x3be5bb69426bc74e684fbac5c3a4d507c66c7aefd0cd76abb6f86af1b1856f04,5895773,1530583527,0x3f5ce5fbfe3e9af3971dd833d26ba9b5c936f0be,0xb6ecd180f5cbb9167147394841d31f94eff77dbf,0.989835440000000000,NULL,0x,0
10,0x27c40eca12fa164b90810c64ebd45760ab1a96cdb6270ad47c92df485f8be92c,5897610,1530610927,0xc739f1f3c467d69d38940b59bf5f4398a75d8846,0xb6ecd180f5cbb9167147394841d31f94eff77dbf,0.290000000000000000,NULL,0x,0
11,0xc3b10643fd6dd67747a79820d9598ba748e3db5dce948c2b9f2b368977c630d9,5897886,1530615121,0x2b5634c42055806a59e9107ed44d43c426e58258,0xb6ecd180f5cbb9167147394841d31f94eff77dbf,0.632000000000000000,NULL,0x,0
12,0xaafa61f9fa29528e11961e192afc279013ddbb2829e2139f5a629c6d4e0c2e2e,5898338,1530621621,0x0681d8db095565fe8a346fa0277bffde9c0edbbf,0xb6ecd180f5cbb9167147394841d31f94eff77dbf,3.259766390000000000,NULL,0x,0
13,0x69267e9a60d49b1adf32b007fc48eb5a5af47568cd8d42660e4f2f2ab58cd40a,5898339,1530621659,0x89ec887531d85b7433be022a77085677a221e174,0xb6ecd180f5cbb9167147394841d31f94eff77dbf,0.563382740000000000,NULL,0x,0
14,0xd1e5c6eb51f52478cdb8aab2d9e605de032ef24194618d0afbae62549d713725,5898454,1530623535,0x81bea7b6c8bbd50563185454843a77d694268cb1,0xb6ecd180f5cbb9167147394841d31f94eff77dbf,0.010000000000000000,NULL,0x,0
15,0xbb120fb9fcc36b12c8a4bf6658daa0939e9b3a381bbf660c0a21fa523cddb8d0,5898699,1530627132,0x49589c7258ba69bb32aa2d373ea65afaeb2c9e22,0xb6ecd180f5cbb9167147394841d31f94eff77dbf,5.000000000000000000,NULL,0x,0
16,0x023400224dafebea6c7148d2cdb2274b36bc1b69d22ad79cfed1ac6c06294c03,5898715,1530627358,0x564286362092d8e7936f0549571a803b203aaced,0xb6ecd180f5cbb9167147394841d31f94eff77dbf,0.607382000000000000,NULL,0x,0
17,0xe1337b5da72e7a8bd7967f8b8fff864c0544d59dcba3afbfc5b27146633ceaff,5899302,1530636284,0x8dcec827e1d7d5bb3bb99b76f05900d002c946a8,0xb6ecd180f5cbb9167147394841d31f94eff77dbf,1.000000000000000000,NULL,0x,0
18,0x54392ce8c883340cfb8079c2c1db0df3495f18fc8a9a13c5424934d4fb03ae34,5900255,1530650215,0xe064f004317572c09be88909c8cafac2a4b007dc,0xb6ecd180f5cbb9167147394841d31f94eff77dbf,10.000000000000000000,NULL,0x,0
