,TxHash,BlockHeight,TimeStamp,From,To,Value,ContractAddress,Input,isError
0,0xd9cfaa565f761e4266eca2baa46cee1d89e58f91b692d1b28abddbf2e14dee7c,4380540,1508292827,0x88c30110c383e2879933d72ef761162878df32ed,0xb7c4a4341c0a03460b6cec4fa997dd2d748ce281,3.000000000000000000,NULL,0x,0
1,0x364c026d772d808ba7529fcdc976bc965711bfc337cc9f13b0ee053c4e11f0e9,4380570,1508293343,0xa4041c2c155f143c8cbd22289b3f20fec2c155e0,0xb7c4a4341c0a03460b6cec4fa997dd2d748ce281,0.150000000000000000,NULL,0x,0
2,0xa7b672bc0783c8612a81870f0d5b518f6754c7bf2c6fcdfa8d21491859f771fe,4380577,1508293459,0xcae07c63e0e6964f2b188d27f9b61ab9010c7814,0xb7c4a4341c0a03460b6cec4fa997dd2d748ce281,11.700000000000000000,NULL,0x,0
3,0xdc6fcb474cfe6827d21e9857d783ffb38b263257e66ed9bfc4e1fabd8ceb68e7,4380591,1508293612,0x33f9c7f14b7a65cee6d9b7b2f0b274ae0245c0e2,0xb7c4a4341c0a03460b6cec4fa997dd2d748ce281,1.000000000000000000,NULL,0x,0
4,0x3b1d306b68c5ca23b69e798e432ceb7facc4355b32f637b932d758f3595d831e,4380596,1508293718,0x676933ad8668e80518200de10c657f11c6278cec,0xb7c4a4341c0a03460b6cec4fa997dd2d748ce281,0.500000000000000000,NULL,0x,0
5,0xf927c3488252d9c1d890f8db9e82549fa37ed0b911fedbe3bb5720ef301547d9,4380615,1508294073,0xb8f5c2cb80f0b74c920015caaad0e99fcdb3b8ec,0xb7c4a4341c0a03460b6cec4fa997dd2d748ce281,1.950000000000000000,NULL,0x,0
6,0xafa9e747f1d37c05fab9f5b0480907bec7f357659f7391faa24a0ca75dbe8274,4380619,1508294126,0xcda4426b24c8fc126cd895233502b5cc8093a71a,0xb7c4a4341c0a03460b6cec4fa997dd2d748ce281,4.000000000000000000,NULL,0x,0
7,0xe498fa28c89b6a096ebf126900d08cb582ac2e7eaa66ffa937e15fa978da6ab7,4380629,1508294281,0x1552f4d3e5b5d0cffc14009ad28fec9c2e0d768a,0xb7c4a4341c0a03460b6cec4fa997dd2d748ce281,8.000000000000000000,NULL,0x,0
8,0xea0320b6a787aced18bbb95c209ddddf89d161b5da2a151708bb0829a11e292e,4380678,1508295010,0x28b8ca1960e3645bcba4aad446e48b07ca720cc2,0xb7c4a4341c0a03460b6cec4fa997dd2d748ce281,0.920000000000000000,NULL,0x,0
9,0x02ec39cf47840ba917f1af2c6706769b1aa82f3f191fbcb16c958c238caccb4a,4380680,1508295052,0xe1e8e3463c46405e8037063ad718d122a5bda38b,0xb7c4a4341c0a03460b6cec4fa997dd2d748ce281,2.340000000000000000,NULL,0x,0
10,0x7e3cc8c23a9048d532e2bd9f18daa5f0d96940ff0fa1ca639bef8bb9d2abc81f,4380697,1508295384,0x320448e49a0845c0202ca4f695086def06f8dbba,0xb7c4a4341c0a03460b6cec4fa997dd2d748ce281,3.000000000000000000,NULL,0x,0
11,0xe2e15d07033dd7f648447577b70c110f0a6b1448a1589dbc5b675d13b23ed8e3,4380698,1508295449,0x31c2a903bba153e3432620b01e939bf042dba6e4,0xb7c4a4341c0a03460b6cec4fa997dd2d748ce281,0.223060020000000000,NULL,0x,0
12,0x401c2df179379db4d4449735ae0fb03e9dd0643e00c1c693a841423d983a48ad,4380763,1508296230,0x154ad33f47a2083a8c7621aeb72773b22b5e85e0,0xb7c4a4341c0a03460b6cec4fa997dd2d748ce281,0.850000000000000000,NULL,0x,0
13,0x78a732fa4fd5f3da902d3ca12de2e9cad1169c1b22999c09f3d24d2f3006133b,4380767,1508296276,0x664beb8229a471ab0dfbada3750f2267e40b8250,0xb7c4a4341c0a03460b6cec4fa997dd2d748ce281,0.100000000000000000,NULL,0x,0
14,0x9b311561697d16acf7d5eb2dfcb762d1a7e74dab81210aa190507987628ee559,4380770,1508296286,0xce09691de96cd02ce0bc5d6d73831328dc2ea111,0xb7c4a4341c0a03460b6cec4fa997dd2d748ce281,1.000000000000000000,NULL,0x,0
15,0x70848db56dd0c22d475aeea0d519ba543d14d369d5c1ec0285adea56297fc832,4380782,1508296454,0x9296a7198283130b5b8aa09c3fa9fd700fb26895,0xb7c4a4341c0a03460b6cec4fa997dd2d748ce281,7.510000000000000000,NULL,0x,0
16,0x9fadcda905ffa29e1c252938d420989f93a512260ae1de8852137c8943973823,4380790,1508296540,0xeb26a1f312c20dfd7163833442fc52efe13a6980,0xb7c4a4341c0a03460b6cec4fa997dd2d748ce281,0.010000000000000000,NULL,0x,0
17,0xd3fcffd1c17e52342aad301dbb2cbe32cbd17932be95694c2884b715347b90cf,4380865,1508297518,0xa127d95c3381d9b525974d03b99a5bacb40e3a56,0xb7c4a4341c0a03460b6cec4fa997dd2d748ce281,0.339900000000000000,NULL,0x,0
18,0x1327f072dd65266b1345646c706079fb4c9ef7e985bc97a4787460e1e05477da,4381908,1508312101,0xcd6d56a31ab21d9526bba76e2676e2eb73f389e6,0xb7c4a4341c0a03460b6cec4fa997dd2d748ce281,0.475747708000000000,NULL,0x,0
19,0xb8ded1ebbe8d15c5bc20033aafdcc96c7a4fa661c08d78cbf64f2b57a573dbed,4383654,1508336674,0x514bf9c1944de607bbc39701df4739e4422e2187,0xb7c4a4341c0a03460b6cec4fa997dd2d748ce281,1.000000000000000000,NULL,0x,0
20,0x9084bd496a78362247d8634b08747eb25424ed5c55d08419cb0c8b0630c247bb,4384397,1508347338,0xf684bd98b754e32d24c7fb96bc5e8e168e9a9363,0xb7c4a4341c0a03460b6cec4fa997dd2d748ce281,0.500000000000000000,NULL,0x,0
21,0xba9cf854789f96667210bbd4e154145daafe489e60f35955d5430d6ee0f7760f,4384777,1508352496,0xbffd8aaa29274a7460c0952e1e3d3474033d371e,0xb7c4a4341c0a03460b6cec4fa997dd2d748ce281,0.320000000000000000,NULL,0x,0
22,0x0abdb8fd50f50bc084f8c629e6cde1a4ad63e97e932bb6333e1f2590509e967a,4386236,1508372034,0x0bcedaf63d0dab67c953c26ad5adf242eefbff74,0xb7c4a4341c0a03460b6cec4fa997dd2d748ce281,150.000000000000000000,NULL,0x,0
23,0x3d0f0bf06803e986dca11aa9ed8e72215eb4465c09f80385ca0b2eead73300a4,4433919,1509034020,0x41b68340d454f4130269b38f5b16118b011260a4,0xb7c4a4341c0a03460b6cec4fa997dd2d748ce281,11.299559000000000000,NULL,0x,0
24,0x4d5cee7cb3a75d004bf42a192978a09c5fa7523d47d4c381e08af0fc5d3ffc01,4436032,1509063069,0xb7c4a4341c0a03460b6cec4fa997dd2d748ce281,0xdd51937eeb5e34930582a4f9a5401faa3c45ba0d,105.000000000000000000,NULL,0x,0
25,0x117cdc7b680cb17ca8929a18968571662a0e349aac9287f45abc059f320d39fe,4478806,1509660247,0xb7c4a4341c0a03460b6cec4fa997dd2d748ce281,0x9376d132de31df61b16c6c225bc77b391d7965c0,75.000000000000000000,NULL,0x,0
26,0xb1910b1001dcf5ebfc10952f34f25b7d1e1910982adaae1a74bed65c88af8623,4478853,1509660923,0xb7c4a4341c0a03460b6cec4fa997dd2d748ce281,0x8ebfcac83aabfc9e97e6dc6eaf75034abc048126,30.177000000000000000,NULL,0x,0
