,TxHash,BlockHeight,TimeStamp,From,To,Value,ContractAddress,Input,isError
0,0x160a1c28b246936258539924142023ca3bd5bfc43f07a0eb97a3165395121cff,4453302,1509302909,0x50e5b128064ab257b86f6f9f8ee2774c5842c0b4,0xb9088c74b4b7d70a181f2f3a8e1964fb1f6a111c,0.690000000000000000,NULL,0x,0
1,0xa9e8d82c7fbb86f966bf218219edd2c6f4865b9aa95c73cfe1ed1a7961dd1f5a,4453726,1509309157,0x07409bd9de58d1ae06ec18cec93b9eb6bc6e1650,0xb9088c74b4b7d70a181f2f3a8e1964fb1f6a111c,10.000000000000000000,NULL,0x,0
2,0xa6653d8761c73b43db01cfe5e7e05e4ad250a1efb3a682630b8a972f9d45adce,4483249,1509722836,0xb9088c74b4b7d70a181f2f3a8e1964fb1f6a111c,0xcfae5cdec63180e138d87e3a0c715b4236f5606e,5.300000000000000000,NULL,0x,0
3,0xa7bd05c6849a2a56129d8cb696cef66e18de3ec3c82ed7b19c00b1b5ae9fdf49,4737221,1513345670,0xb9088c74b4b7d70a181f2f3a8e1964fb1f6a111c,0xcc76272c4ac40405d99c8071f3ede417a1a4dc18,0.100000000000000000,NULL,0x,0
4,0xf69bd13a19fdf987bfb1030647a33f06b38bd531160f7d83d26b782fc5dae58b,4737239,1513346005,0xb9088c74b4b7d70a181f2f3a8e1964fb1f6a111c,0xcc76272c4ac40405d99c8071f3ede417a1a4dc18,4.900000000000000000,NULL,0x,0
5,0x069a03b8cb56612888ab3b5fb5c828a25cccb721f13e8fbd24bc2ec04e99301b,5509300,1524749298,0xb9088c74b4b7d70a181f2f3a8e1964fb1f6a111c,0x3acec99df7140a74491042a08c8a9a2aa66f9e62,0.374078000000000000,NULL,0x,0
