,TxHash,BlockHeight,TimeStamp,From,To,Value,ContractAddress,Input,isError
0,0xd07ca18387a9f4fb73e45824dbc6590df41ba2c8185b08a73811ab5b55feb6e5,5282029,1521444523,0xbc8d626c5f547388c43cb905abf04aae4293f626,0xba25feffe57126b503c2a313d928ee99e25884b6,0.073411200000000000,NULL,0x,0
1,0x2b25edd6467864b545327d7bc67470791fb7d453634af8a8337e64f6d6f3e29f,5284256,1521477326,0x3f5ce5fbfe3e9af3971dd833d26ba9b5c936f0be,0xba25feffe57126b503c2a313d928ee99e25884b6,0.490000000000000000,NULL,0x,0
2,0x6126fe8915cf4fa77051c860e194c10a88544327d46c6cd905976b3c20c220d2,5284492,1521480979,0xd551234ae421e3bcba99a0da6d736074f22192ff,0xba25feffe57126b503c2a313d928ee99e25884b6,0.351638190000000000,NULL,0x,0
3,0x41b389e27635d7e451ccd58db0ffef335159c0f2ef5b51ca96739bdbd0e6c801,5284917,1521487299,0x29d5527caa78f1946a409fa6acaf14a0a4a0274b,0xba25feffe57126b503c2a313d928ee99e25884b6,0.580957100000000000,NULL,0x,0
4,0x81f066c1777b8fc270ecc61fabea0290509e238614e15ec2561c00d4ac8fd545,5285282,1521492175,0xba25feffe57126b503c2a313d928ee99e25884b6,0xcbda57b8da8d79ff452458a4adde13d0b8894079,1.495145490000000000,NULL,0x,0
5,0xc90f0b7575736fcc7b9eb093995e2ade0ec72bbd0b3a3bb2e6be390eb7de3432,5286111,1521504061,0xfbb1b73c4f0bda4f67dca266ce6ef42f520fbb98,0xba25feffe57126b503c2a313d928ee99e25884b6,0.500000000000000000,NULL,0x,0
6,0x8b4f7c411f1c353e72d9f94add56af45c6f17b3730071a76e817d5e04feb6569,5286632,1521511458,0xba25feffe57126b503c2a313d928ee99e25884b6,0xcbda57b8da8d79ff452458a4adde13d0b8894079,0.499139000000000000,NULL,0x,0
