,TxHash,BlockHeight,TimeStamp,From,To,Value,ContractAddress,Input,isError
0,0x58bb43672bb4c283b9f911297cefeb146033945a8853a4c98cfbcbd00c8afe45,4947200,1516549702,0x6d64486a5c99139b53239297e0b653d196d05777,0xbbdef8b12babd3ab6018566bc17ec3aa302b8348,30.209405090000000000,NULL,0x,0
1,0x27a99a880fd4af650f0ae81dca0bc508aa0fe80b8e94dbf308a7c40864ee8ec6,4947759,1516559187,0xbbdef8b12babd3ab6018566bc17ec3aa302b8348,0xbbdef8b12babd3ab6018566bc17ec3aa302b8348,22.000000000000000000,NULL,0x,0
2,0x27a99a880fd4af650f0ae81dca0bc508aa0fe80b8e94dbf308a7c40864ee8ec6,4947759,1516559187,0xbbdef8b12babd3ab6018566bc17ec3aa302b8348,0xbbdef8b12babd3ab6018566bc17ec3aa302b8348,22.000000000000000000,NULL,0x,0
3,0x8303c220e624130b54fc1388506ad7d14517626f75a36bc6bc4c50cdfa6296ec,4948205,1516565795,0x80da788f682de0b92bc80306950d6c75fb79c032,0xbbdef8b12babd3ab6018566bc17ec3aa302b8348,4.000000000000000000,NULL,0x,0
4,0x096c98f3f80e1b023a8884a6b0ddd1b9d054bbc81b43c6ad96eb7cbe62e7515a,4948442,1516568853,0x9d161cd279a060d8a97def36503d91ca3d2b995d,0xbbdef8b12babd3ab6018566bc17ec3aa302b8348,1.250000000000000000,NULL,0x,0
5,0x8da4260706146e92cca2d1b054c7acbdfe7c541cde60f9de5a8b562cd6f5e13a,4949115,1516578526,0xbbdef8b12babd3ab6018566bc17ec3aa302b8348,0x859a08a0fe64844052a3277b9c75b1556c3373b5,0.040928000000000000,NULL,0x,0
6,0x23466704e5f055846c2a19ae2046506161d75967e4aa19a93b17e67f5b354c11,4949596,1516585530,0x30d5d8fe982d6e186eea1aacbefcbb7d794ace6a,0xbbdef8b12babd3ab6018566bc17ec3aa302b8348,0.500000000000000000,NULL,0x,0
7,0x8c4f47ef27dbc7e1c3e9a927d39ac34b04def65cebbf6db82750a5f5157c50e3,4950042,1516591674,0x139904f30e95d4879a2bb645383cd8708e1c72b3,0xbbdef8b12babd3ab6018566bc17ec3aa302b8348,0.500000000000000000,NULL,0x,0
8,0x656f97cbcf452b34164574aacfddfd6ed7ceafc40816199e79cbc4120790efb2,4950717,1516601519,0xa3ba6027195a994882ba3233d5bbda39c9281df6,0xbbdef8b12babd3ab6018566bc17ec3aa302b8348,1.000000000000000000,NULL,0x,0
9,0xb7d148b65375cd3a431c647f914f46ba05033e3af720b906fd9a2e986bd9c582,4951232,1516609432,0xd551234ae421e3bcba99a0da6d736074f22192ff,0xbbdef8b12babd3ab6018566bc17ec3aa302b8348,2.158000000000000000,NULL,0x,0
10,0x79263879855aea6c080a08d10cfded646ace36d62019074ab6c252cdc84ffae5,4951414,1516611966,0xbbdef8b12babd3ab6018566bc17ec3aa302b8348,0x608d79cf2017856a61441b747995c3905808d973,0.005000000000000000,NULL,0x,0
11,0xd7e6685aff180f8528e4c70c1d1ee574a3d0b833a7a031047ffc91bda5c47e01,4951420,1516612097,0xbbdef8b12babd3ab6018566bc17ec3aa302b8348,0xd754b5bf41b84bcb49cb952f858318640abc60e0,0.005000000000000000,NULL,0x,0
12,0x4eeca4053ffaab5fdd225e91382c9c90e0e0f0f3bb3527e399afd8facc1db37f,4951482,1516613115,0xbbdef8b12babd3ab6018566bc17ec3aa302b8348,0xaa6da59f02ac6335ff0dbb896323181a8431a675,0E-18,NULL,0x,0
13,0x5eebfd1460a40492314ee56bec363962a9415d45caf5159a7bbb2de904ee973f,4951492,1516613269,0xbbdef8b12babd3ab6018566bc17ec3aa302b8348,0x9e77fa33d0606d5a7d9a3712ed99612f8ac76b27,0.002000000000000000,NULL,0x,0
14,0x63896560b3fbc58ce42b066f1c97d4be0b70f7253aeafd089a9a1bf36de2b265,4951492,1516613269,0xbbdef8b12babd3ab6018566bc17ec3aa302b8348,0x7bf6ebe165d6711aa27e514fc3517e35c6098db3,0.005000000000000000,NULL,0x,0
15,0xa483cd4cdfd3fc85c4a4a6be5842067fb4a1ee746afe31db8f8f1e9679ee4abb,4951493,1516613293,0xbbdef8b12babd3ab6018566bc17ec3aa302b8348,0x04a309bb73e27dd692a2c80a9768b605d42c05d9,0.005000000000000000,NULL,0x,0
16,0x05c261f3ce6d77876b8c7b6381f2408f72d4617ee8136bfecca18ccf4b70783c,4951494,1516613300,0xbbdef8b12babd3ab6018566bc17ec3aa302b8348,0xf2644e0f21d9aa8d3e46430bb5407a51de30c49a,0.005000000000000000,NULL,0x,0
17,0x4f9c81c6d12eb6dc517cceaf91dcd300ace03fdc5eabbf3aa9f745d9835168e3,4951496,1516613322,0xbbdef8b12babd3ab6018566bc17ec3aa302b8348,0x449c7a900e022cbe5ac8ba2cf15adc47ac6a1e8f,0.003000000000000000,NULL,0x,0
18,0xc3cbd10e13fb7c0edc91dbc3cf0e4803377e5fb6f1e084a4570397d5ab19793e,4953098,1516636642,0xa6406574cda1c3d218c1bd88f6219fc5fa9a41d6,0xbbdef8b12babd3ab6018566bc17ec3aa302b8348,0.500000000000000000,NULL,0x,0
19,0x6441f73e91b1a7a0e4468048bccaf0b2dbbe06c460046c71e0c581d3a96295e1,4953914,1516649059,0x0f59f45716017f33a633bb2b3d8d37b70d528aec,0xbbdef8b12babd3ab6018566bc17ec3aa302b8348,0.500420000000000000,NULL,0x,0
20,0x1cfb364cc2a33410e464b6730ab7c4ceae21d4480b79f2a9e91235be0eb6e230,4954977,1516664508,0x2f2fa05e2a112a43cab58bbef03cbc772b06ab16,0xbbdef8b12babd3ab6018566bc17ec3aa302b8348,1.050000000000000000,NULL,0x,0
21,0x94b60c8b3eeb2e2c9fc2240f92ff54ded306e16d50baf7415053494ccde5d600,4955185,1516667521,0xc1920dc33c7b9e9c0e3cba5dfdfabaad1969745d,0xbbdef8b12babd3ab6018566bc17ec3aa302b8348,0.590000000000000000,NULL,0x,0
22,0xe68af38e4b744fa97a8cd992e5c52ad5759ad51c1f135a329c58f7d084020eeb,4955657,1516674696,0xbbdef8b12babd3ab6018566bc17ec3aa302b8348,0x2f2fa05e2a112a43cab58bbef03cbc772b06ab16,0.330000000000000000,NULL,0x,0
23,0x3d2a6e117277dcdeb88c889e8def14036463dce78a6ff2c3759cb203695e694d,4956563,1516688016,0x48fb3de753d49ee95c14eb48d665aa47c4c1ec65,0xbbdef8b12babd3ab6018566bc17ec3aa302b8348,0.500000000000000000,NULL,0x,0
24,0x1246fa3b0f433fccd2a5e258921c311d8bc83c6ffd9b463002514d676d157392,4956786,1516690999,0x8d64e69583a4546e02326fc2d94f73a6dd08f8f5,0xbbdef8b12babd3ab6018566bc17ec3aa302b8348,1.500000000000000000,NULL,0x,0
25,0x564784bd451e0af425bb1cbb64f609b0318603b98d63048ee4f640ec9522886d,4958682,1516719230,0x564286362092d8e7936f0549571a803b203aaced,0xbbdef8b12babd3ab6018566bc17ec3aa302b8348,1.990000000000000000,NULL,0x,0
26,0xcd0ffcb48bcc9d4896366866868b0f345a400f372e43d3dadd50f61fd1e59c04,4961869,1516764786,0xbbdef8b12babd3ab6018566bc17ec3aa302b8348,0x2f2fa05e2a112a43cab58bbef03cbc772b06ab16,1.000000000000000000,NULL,0x,0
27,0xb412303321917b4df246b9aa21c5e88ca920c0464b42e638f289e24bf176ac9a,4961960,1516766069,0x0681d8db095565fe8a346fa0277bffde9c0edbbf,0xbbdef8b12babd3ab6018566bc17ec3aa302b8348,3.500000000000000000,NULL,0x,0
28,0x258be90c820e48b291026e747593f4cfbdc4aca145250831b738a20c8e92c3d9,4962855,1516779305,0x78554e166f17a4cc78036ee39ad4231ba4db14cf,0xbbdef8b12babd3ab6018566bc17ec3aa302b8348,0.500000000000000000,NULL,0x,0
29,0x099963ec8920b2b356b7c153329abf443cbac5e144a733c5c3966e5c706b0c4e,4962859,1516779348,0x78554e166f17a4cc78036ee39ad4231ba4db14cf,0xbbdef8b12babd3ab6018566bc17ec3aa302b8348,0.500000000000000000,NULL,0x,0
30,0x5a3d5583694881194bfde3211a6a57ffb79d4e8654f643ff42eff07180072e16,4964136,1516797816,0xb3b59414f3db3bd80009a0a15183d60ddb20c514,0xbbdef8b12babd3ab6018566bc17ec3aa302b8348,0.500000000000000000,NULL,0x,0
31,0x9f7c0c4535d9673e2b0ff07e30fe55a848fba83112dd11ebac0bba0b30b2bdb4,4964204,1516798823,0x98c4033cb657e9da712ddfa5c805297a46829092,0xbbdef8b12babd3ab6018566bc17ec3aa302b8348,1.490000000000000000,NULL,0x,0
32,0xafee8563c6630f90f295aa6a0b36d7200dfbbf414acc72fb4a527cfb873687e5,4964565,1516804540,0x2b5634c42055806a59e9107ed44d43c426e58258,0xbbdef8b12babd3ab6018566bc17ec3aa302b8348,0.990000000000000000,NULL,0x,0
33,0x3fdf36632e2ccb7bf9c9b4dc7f91bf3f65336b806086bfadcf648a7349d61941,4964755,1516807482,0x5549f0c0059eaa60c089db7a640d20fa439fa508,0xbbdef8b12babd3ab6018566bc17ec3aa302b8348,0.500000000000000000,NULL,0x,0
34,0x8cbc4a9d5bd8b8ce2fab200b6a7507a8e03f4ddae7dcae54a77fa7582497d772,4964991,1516810777,0x5ed35c762c911ebb31551746d411a642cc33a389,0xbbdef8b12babd3ab6018566bc17ec3aa302b8348,7.279000000000000000,NULL,0x,0
35,0xf5481e042672ceb0651e0a5e9ecb9e1b871b7ff9379c9f0f2d29e8709445a109,4965123,1516812882,0xf86ab3892979fcfd776159446408a2304be6f158,0xbbdef8b12babd3ab6018566bc17ec3aa302b8348,0.590000000000000000,NULL,0x,0
36,0x9ad83aa5213934e2d7f47ae722ffaf6606d66309af7f7bb9f5025ae4368b62f8,4965259,1516815055,0xbbdef8b12babd3ab6018566bc17ec3aa302b8348,0xdff06e603de64027cf0a6bd602ca0fa0d88855cd,30.000000000000000000,NULL,0x,0
37,0xe74adf651a0892705207d20c1d0e585d33f789b9e929f5d394fee3e3a3b8946f,4965981,1516825688,0x180ba765e7c17f7047a72ac899f76993bcd26b8e,0xbbdef8b12babd3ab6018566bc17ec3aa302b8348,1.000000000000000000,NULL,0x,0
38,0x99cde4d152b8d64ba55dfb7512b0043c52218599de860e455e42cd2afa40ef82,4966744,1516835999,0x3a2c0ff9b6c30752b956a307ea60e7d7f9d37665,0xbbdef8b12babd3ab6018566bc17ec3aa302b8348,0.998176900000000000,NULL,0x,0
39,0x19e61fe9bb4892fa164aac1b06988343bde1763625cd1893676c3a01368d5eef,4967705,1516850130,0xbbdef8b12babd3ab6018566bc17ec3aa302b8348,0xe24cd763a4ded87a7bfe2b5a88c508c55b0bd0fe,32.690896470000000000,NULL,0x,0
40,0x7abb8dae11ef132d2f446e98125dccc7e1b8bc74508f37066a3113cfc869c491,4985305,1517106020,0xd754b5bf41b84bcb49cb952f858318640abc60e0,0xbbdef8b12babd3ab6018566bc17ec3aa302b8348,0.099265820000000000,NULL,0x,0
41,0xc46c64673c92ac2e39fd3dadeb3afff3c70a1f128dccbf13c98830e5e6998aaa,4985397,1517107288,0xbbdef8b12babd3ab6018566bc17ec3aa302b8348,0xaa6da59f02ac6335ff0dbb896323181a8431a675,0E-18,NULL,0xa9059cbb0000000000000000000000009071322185f6ec582fe490485aab21be451713c500000000000000000000000000000000000000000000021e19e0c9bab2400000,0
42,0x112ed3cbc8127497bf054adb3b3e5f86b33abbb7888d0deeb1e138be582e1f53,4985404,1517107371,0xbbdef8b12babd3ab6018566bc17ec3aa302b8348,0x9071322185f6ec582fe490485aab21be451713c5,0.099132365000000000,NULL,0x,0
