,TxHash,BlockHeight,TimeStamp,From,To,Value,ContractAddress,Input,isError
0,0xf5bbe2efa164984ea8dac2ac36666e9a87048f1221c57644445dc28042a0149e,4353610,1507644148,0x1d12025429b06ddf8db5fafc1b215010da05a2ee,0xbd7d88cabcd538cdeaa29af2fc5589dbd619b44e,0.480000000000000000,NULL,0x,0
1,0xf2dfa469a43f8e521c7d6e2abe76d03a3f2ce8f037d94d581609b5b75ea769f6,4353612,1507644263,0xedc05702ccd99f28834491f4e11b2ee81d6d889c,0xbd7d88cabcd538cdeaa29af2fc5589dbd619b44e,0.500000000000000000,NULL,0x,0
2,0x6e1f2b23b1b23d5ba0e8b1eb77fdb2ca62d0fe45b8406da5611c3e60baf1e5cf,4353616,1507644397,0xbf7960c9aab0ff0a5c31fecff7fd60fdd2a9de04,0xbd7d88cabcd538cdeaa29af2fc5589dbd619b44e,3.300000000000000000,NULL,0x,0
3,0xb2ab7c8e60933e5fc3a5bc1b91943f0e87854392246661cd568f0b5d75e2ee42,4353621,1507644506,0x785d2c776d3fe62a4dcdd6eadac006801131fb37,0xbd7d88cabcd538cdeaa29af2fc5589dbd619b44e,3.300000000000000000,NULL,0x,0
4,0x515a3d6007aad1db34a6afa0eb19c45e1f825bc5a01b1bdd5dabb2d973fbfc64,4353649,1507645652,0x02a1da62dca18761b1e0f8a7bb5d0a596f58a815,0xbd7d88cabcd538cdeaa29af2fc5589dbd619b44e,3.300000000000000000,NULL,0x,0
5,0xe3a7b246fb251fbdee16f054ac740438d56d75e9fed686711220909c24891aa8,4353714,1507647518,0x4b4b30a1fad4f99cbb88191ab33145c26376247e,0xbd7d88cabcd538cdeaa29af2fc5589dbd619b44e,3.300000000000000000,NULL,0x,0
6,0xd1b3fb360263abd140cb61284f391814afdb7cde06bc3ec50ec535709a0ac966,4353751,1507648548,0x00a34f151a2c5726e10232c866226a0754a90343,0xbd7d88cabcd538cdeaa29af2fc5589dbd619b44e,3.300000000000000000,NULL,0x,0
7,0x6893588afa614e4b6adc0c3b8b27891b34f9e966d4e9117ee92da738ba1e1b47,4353759,1507648806,0xf3ec68ce18113c20441c4743966d7c3f2a5e4ca9,0xbd7d88cabcd538cdeaa29af2fc5589dbd619b44e,3.300000000000000000,NULL,0x,0
8,0x4e42f80eb3a4ea1d136b3620fc953c3b193b4b6e2f5b641b4dc905099db7f082,4353811,1507650761,0xe4c8dbab452d548acef13a9e7c0e561885a1fad9,0xbd7d88cabcd538cdeaa29af2fc5589dbd619b44e,0.100000000000000000,NULL,0x,0
9,0xd0fdd7653129ec076eee4fe35c010b6d4a9f2b2b62c5557f16b2a2b99b9d95ac,4353828,1507651266,0x04d37419a5f5abd208783008172bbe2cc79f3a2b,0xbd7d88cabcd538cdeaa29af2fc5589dbd619b44e,3.300000000000000000,NULL,0x,0
10,0x125b7da342d754b9fe7ba233999b43f7a8352b9775decc835a0fb8d17887269d,4353947,1507654861,0x627a0a41919727e20b82525d6cb3a5842f4e0a1d,0xbd7d88cabcd538cdeaa29af2fc5589dbd619b44e,0.271000000000000000,NULL,0x,0
11,0x4cdd8cdb89b8ca5fcf61b2a9148d11e6394aba6dc932395850389b09cc6b8b4c,4354346,1507665907,0xbd7d88cabcd538cdeaa29af2fc5589dbd619b44e,0xb206e8baf01153dff30d97702e8e9bd25b2d3c7b,0.010000000000000000,NULL,0x,0
12,0xac091983d685f264def492c8847f6bcb1137a81f83d6912a9cb65875c7625d3c,4538208,1510482920,0xbd7d88cabcd538cdeaa29af2fc5589dbd619b44e,0x07ceb7297413259931f9b66e67c8962110e618da,24.440118000000000000,NULL,0x,0
