,TxHash,BlockHeight,TimeStamp,From,To,Value,ContractAddress,Input,isError
0,0x7449af14d95c03e71159c80ca7f842aea32e680bdb3eb11f2f76ad626468279a,4675366,1512409013,0xa95350d70b18fa29f6b5eb8d627ceeeee499340d,0xc01873f70cbb68141cef7f0b5188b05e887ff390,0.200000000000000000,NULL,0x,0
1,0xfe0f8fbf66d312981d12efb625fd3e384a9fb14eec79ec34624ce14fa5ee3343,4675752,1512415075,0x79b4ceb3b418b5f9913d11f293f38cac0d59c5b3,0xc01873f70cbb68141cef7f0b5188b05e887ff390,0.150000000000000000,NULL,0x,0
2,0x63dd1b26d99ab01a2a4bab573bd92104ac89b60d23426cd060aa38e326634038,4676118,1512421268,0x4580ab54ff0ead5f4ab23b23a0c9872ce5413e85,0xc01873f70cbb68141cef7f0b5188b05e887ff390,0.400000000000000000,NULL,0x,0
3,0x3864805691488ed35c1f5ea135bc228fb7f79d5c2c0aede127edaaff0ab72032,4676215,1512422704,0xb529973f3489445cceb5f941a8c748647da45c5e,0xc01873f70cbb68141cef7f0b5188b05e887ff390,0.536589000000000000,NULL,0x,0
4,0x4abb2165a92c40db0dc7a7fcb579a558a4f31f87ffc85fb2ae9f5de8b8fe3ac6,4677124,1512436680,0xeed16856d551569d134530ee3967ec79995e2051,0xc01873f70cbb68141cef7f0b5188b05e887ff390,0.098805210000000000,NULL,0x,0
5,0xc844cdae605d3fcde6625184c87b4657537987dccbc5ecbd0d7ecaa2d7d958a6,4678302,1512455078,0xd27e236acac3f8db3868c8b489c654c6a2486b06,0xc01873f70cbb68141cef7f0b5188b05e887ff390,0.200000000000000000,NULL,0x,0
6,0x7f4e12db111c4e516b5fbfe38ccdb9c99f78a119df5403504f03a5448d719a35,4678886,1512464492,0xa2a3a8e4a1877da1c913df7591ac0d72f27d4510,0xc01873f70cbb68141cef7f0b5188b05e887ff390,0.057442200000000000,NULL,0x,0
7,0x39472baba8cefee3439785730638628dc48c0dff6fa6bd570dffab24b4b9a695,4679048,1512467031,0xc01873f70cbb68141cef7f0b5188b05e887ff390,0xd53b219c54558c8cd30558a273fc42570214d62a,0.200000000000000000,NULL,0x,0
8,0xde248408ca77d53e8f8e9886de04fb3873d3c6c3bc0988d292ebc5ebb8f32f04,4680238,1512485849,0xc01873f70cbb68141cef7f0b5188b05e887ff390,0xc514e0377f7d1a64ea268c4e4e7bc1242f3d7fa0,0.200000000000000000,NULL,0x,0
9,0x59f1440496b6f17f364fd8a057fc4a092858691031ffb357cb5cce2868ea6339,4681090,1512498915,0xc01873f70cbb68141cef7f0b5188b05e887ff390,0xeb28377635c6c0ea520aace5c6845ad37589c6ef,0.200000000000000000,NULL,0x,0
10,0x923edcbd85063d618f3cf4dce416b2a6a9f5ae3c213906b8acef3482e6c4317b,4684362,1512549681,0xc01873f70cbb68141cef7f0b5188b05e887ff390,0x6cc0a64dedb46f78e33d5b8f6e368e66e7b94cde,0.200000000000000000,NULL,0x,0
11,0x929009d23c1ab356f4a1319f86948636ce7087d62cda5f5a580160cdf40ed4cb,4686199,1512579260,0xc01873f70cbb68141cef7f0b5188b05e887ff390,0x97a81e17e2a54d9fd8260b576e47557d8ec5747c,0.200000000000000000,NULL,0x,0
12,0x890df81e457576d6c271bd5d0d1dad0c67e4f1771c5d8639db13327344884df8,4686654,1512586366,0xc01873f70cbb68141cef7f0b5188b05e887ff390,0x52c5e280597c51c7377c6cb59559dda3915f604c,0.200000000000000000,NULL,0x,0
13,0x57e53d52f552f1c29cf9ce045e63cab1d7856d323dd9927c671a409ea00de3db,4689006,1512622074,0xc01873f70cbb68141cef7f0b5188b05e887ff390,0xd3a00383236be67d62446621b3075b617b8ab694,0.200000000000000000,NULL,0x,0
14,0x961610dca0b4013da6a7dfda1f01788abe587e0b443bd4297b5912886a18de36,4694907,1512709999,0xc01873f70cbb68141cef7f0b5188b05e887ff390,0x2867dca1e9f0253c099b2625cf00d54228166c2a,0.200000000000000000,NULL,0x,0
15,0xffc17cef9c2b8510519b2cfa04261d65fe100eedf45327d420d24538a740baab,4694923,1512710212,0xc01873f70cbb68141cef7f0b5188b05e887ff390,0x82b82481e997046095b90f96238fe2536953e346,0.035364610000000000,NULL,0x,0
