,TxHash,BlockHeight,TimeStamp,From,To,Value,ContractAddress,Input,isError
0,0xc755bc1ac7b45cdd0b9715483249b249dca858d1a4061c7d8f602b4e8bdddfc0,5616991,1526374247,0xd5e846494df899e0d7ea5e628501dfe420d2643b,0xc051b8a7be5928b01b238f8f910a343bf0a7853a,2.364334360340700568,NULL,0x,0
1,0xf8d674ac17e887ffe9f67eea13c3a49b09be451e9b67bfa9d19159b2a9e6fc6b,5617013,1526374585,0xc051b8a7be5928b01b238f8f910a343bf0a7853a,0xf6eb7d25dfb8cd1d8fcb8d1cccab9f6f3e594ea8,2.363473360340700568,NULL,0x,0
2,0x61936b0d047f3a9fd10163b87adcf2d5a73d892a83fdbc4c3c03351e26b8896c,5754467,1528478641,0x997ad34840281d459251abdf9c90d9a8c6a6e01a,0xc051b8a7be5928b01b238f8f910a343bf0a7853a,2.294599680000000000,NULL,0x,0
3,0xa9a5958292ac190d0b4d79a9dea0fb25de890d90a2e17378d08fce69471a3ed5,5754491,1528478955,0xc051b8a7be5928b01b238f8f910a343bf0a7853a,0xfc4909edd91b949e9b16d00088064b0257e5077e,2.292549680000000000,NULL,0x,0
4,0x45b2e120b4e51ec2281c7be3942d1ea49bad2f8247c6f22356fa74809834ea1d,5759208,1528550884,0x50a9a8c8ce2bb0ea10f4d4a586ac2d77257b8247,0xc051b8a7be5928b01b238f8f910a343bf0a7853a,1.843390630000000000,NULL,0x,0
5,0x861e50c2db2eb703526047f1769e56b4e07861ad58157b533b7439a66ea7d3f7,5759247,1528551417,0xc051b8a7be5928b01b238f8f910a343bf0a7853a,0xfc4909edd91b949e9b16d00088064b0257e5077e,1.841709835000000000,NULL,0x,0
