,TxHash,BlockHeight,TimeStamp,From,To,Value,ContractAddress,Input,isError
0,0x6fe4f8b4f938d76d34a6d90c1f744472193f1dd15af1992b67cdc505a7d828ad,5774168,1528780114,0x7e31f522c96aeb9718b9ef3785fae5af73765345,0xc1b861fadb1834d229be4093ecb9d270283b7388,0.002559873500000000,NULL,0x,0
1,0xd210b46017c2c8c515f3f5acbab43c0811c31ec12b2358b7d4f966d7b2c40d94,5940850,1531254007,0xc1b861fadb1834d229be4093ecb9d270283b7388,0x47da42696a866cdc61a4c809a515500a242909c1,0E-18,NULL,0xa9059cbb000000000000000000000000f523a8132288a916d42c68cbb01ae89abe7db86000000000000000000000000000000000000000000000015af1d78b58c4000000,0
2,0x63be1b36ecbe1f3709dde40d7156e6d53d5d50665fb95aedadb31303df233f85,5970526,1531683109,0xc1b861fadb1834d229be4093ecb9d270283b7388,0xc8c6e1c9fb47861c2b4673e4e8c645f67c7d4080,0.000700000000000000,NULL,0x,0
3,0xee8da3ea3d18752fcd352621001a1fd59b03a3e5db441bc6ac58bddb27f44012,5998947,1532103385,0xc1b861fadb1834d229be4093ecb9d270283b7388,0x351d5ea36941861d0c03fdfb24a8c2cb106e068b,0E-18,NULL,0xa9059cbb000000000000000000000000cdaf237e493fc14bf9b0337fc925bf9f73c2fb7000000000000000000000000000000000000000000000003635c9adc5dea00000,0
4,0x4005fb29aa576fe738dbbaf14caa19cabd3afbbe0261bd9dd7a2cb8a19191d99,6017374,1532371744,0xc1b861fadb1834d229be4093ecb9d270283b7388,0xf6276830c265a779a2225b9d2fcbab790cbeb92b,0E-18,NULL,0xa9059cbb0000000000000000000000005c0cfcd70e31e23669660cac905914a2fdeb44d900000000000000000000000000000000000000000000000ad78ebc5ac6200000,0
5,0x1c42a9b08a8afc7134546bd7d84d8f4b889357368f7eb0e95a141b0765db769c,6064959,1533066824,0xf7a8af16acb302351d7ea26ffc380575b741724c,0xc1b861fadb1834d229be4093ecb9d270283b7388,0.029580000000000000,NULL,0x,0
6,0xe1caa001feb7a878c9b09ac5200d052a3d090f0fe0a07fd4e525dbe66dd5aae0,6065047,1533068230,0xc1b861fadb1834d229be4093ecb9d270283b7388,0x290cf62cd573b3291e316a71f21bc242410bce07,0.025000000000000000,NULL,0x,0
7,0x6f54a8af592c27f0b34e5edcf799dae51b362f6de22e64466d34bfa4a3aa325b,6069801,1533138256,0xc1b861fadb1834d229be4093ecb9d270283b7388,0x72217d64845d7d4e63da155e0a887e59ce1f155c,0.000400000000000000,NULL,0x,0
8,0x57840ae2e8ff47b614c17cf35bf3fb9a2216f694dbc8fddcbb46f42bdb4624ba,6070727,1533152761,0xc1b861fadb1834d229be4093ecb9d270283b7388,0x13098fdefba2129b8873bcff5c9ce2de1cf7f32f,0.000050000000000000,NULL,0x,0
9,0x208ace234af7f3b7e55bcdc9c1f55b96670eadf86ed8b7eaf1f9889d696f1694,6070800,1533153837,0xc1b861fadb1834d229be4093ecb9d270283b7388,0xeff42e638209f857e3645abc758c9c50bc4474b8,0.000042000000000000,NULL,0x,0
10,0x34516da3c38fd8c3946a8f3139eca0019c19f7915649d30d93c2a9d8f4785fb0,6073762,1533195776,0xc1b861fadb1834d229be4093ecb9d270283b7388,0x4f08932186ab86fad489e957409771e74484bfbe,0.000200000000000000,NULL,0x,0
11,0xbff5fc5fb6f9b372dd805e9c4eb572140fa54cadf24f27081ce13889fa91ab02,6074609,1533208463,0xc1b861fadb1834d229be4093ecb9d270283b7388,0xccca108ebc5f110d2d1efb455d4d694733bec1ce,0.000200000000000000,NULL,0x,0
12,0xcb5bf38fec5af9c0a29a899ce18516f9fc501623c7e8c0cb8b2f1e40dc18406f,6079287,1533277312,0xc1b861fadb1834d229be4093ecb9d270283b7388,0x72fad72208bf6b87059cff36ce8e50a49ad52264,0.000250000000000000,NULL,0x,0
13,0x9b8c454ffc38ac50d9897f96d6cc3a7ba6424e1d6d1b4856aec97160ce0f87f0,6080111,1533289770,0xc1b861fadb1834d229be4093ecb9d270283b7388,0xf1f453c1b5ac54dc40b066faef2ebc12c7947591,0.000300000000000000,NULL,0x,0
14,0x4d38b8f463401588f08b13ebcdde68999f698f283f0aeeca3a505dd7644c814b,6083253,1533336130,0xc1b861fadb1834d229be4093ecb9d270283b7388,0x2bdc4c4f5d67970466ee26bc8e404aa0f3622a41,0.000250000000000000,NULL,0x,0
15,0xd7552eb5d2de73e8e6b6290365a84068ed1c89420989d85bc774e73dee3fc11c,6094182,1533494040,0xc1b861fadb1834d229be4093ecb9d270283b7388,0x22e12e11c2dbfbda7030792e3744fe3c64fa0699,0.000130000000000000,NULL,0x,0
16,0x140409be1d1b78f53779f6c3e2281b18201731e3e8ed1f71f61d864889ac88d1,6104318,1533642058,0xc1b861fadb1834d229be4093ecb9d270283b7388,0x4bbbc57af270138ef2ff2c50dbfad684e9e0e604,0E-18,NULL,0xa9059cbb000000000000000000000000290cf62cd573b3291e316a71f21bc242410bce0700000000000000000000000000000000000000000000021e19e0c9bab2400000,0
17,0xadb33ac4102820e76bec43b74c9abd4246d81c505f1a1bd294767f07d030438e,6172456,1534637925,0xc1b861fadb1834d229be4093ecb9d270283b7388,0x50e2a76fb4eee4b5f0f2265fcdf7ccc2e043afd2,0.000200000000000000,NULL,0x,0
18,0xe6dc6f83baa3bbb38aaedf96dbf1efe106988c09fd757e90d277fadc3410eb78,6179921,1534746419,0xc1b861fadb1834d229be4093ecb9d270283b7388,0xfc4a2c6729f48216af19d4feec388a620ed252ad,0.000040000000000000,NULL,0x,0
19,0xffca73751608a42ba7a822717c455358e7faefcd8d66fd6f1d6bf787f47806a4,6182321,1534782499,0xc1b861fadb1834d229be4093ecb9d270283b7388,0x5e0ddc16e05b8c4899946ff941a9bdc8e160ef32,0.000110000000000000,NULL,0x,0
20,0x0e7ef83d4ce00606ef96c1f7d6334e5c2209c1e04ea02d094e5b5624851d87a3,6286307,1536295580,0xc1b861fadb1834d229be4093ecb9d270283b7388,0x2a5c5212f399aa04a0ce28dbe48c1a17fca78df4,0E-18,NULL,0xa9059cbb0000000000000000000000008ef7ca5984652915d590240a71b85a1dcee779840000000000000000000000000000000000000000000000492f037764b9580000,0
21,0xe0354fe64e98eacc20bdf62853463f4001050b6516177563ed4f973862e0a927,6290025,1536349350,0xc1b861fadb1834d229be4093ecb9d270283b7388,0x351d5ea36941861d0c03fdfb24a8c2cb106e068b,0E-18,NULL,0xa9059cbb000000000000000000000000cdaf237e493fc14bf9b0337fc925bf9f73c2fb7000000000000000000000000000000000000000000000032d26d12e980b600000,0
22,0xad1cbbdce69ee02acf319707c83a3d6c802dcd87a2762655298e6469633d9698,6405952,1538007509,0xc1b861fadb1834d229be4093ecb9d270283b7388,0xcb266a3a96bf89a554a9814b61a17aa8ec3731bd,0.000700000000000000,NULL,0x,0
23,0xdfbbf118ab727af984286f7b14eb74cccefd163ce57e4f1ca3cfb6e8f3640033,6414518,1538128968,0xc1b861fadb1834d229be4093ecb9d270283b7388,0x402be1ecb7c2a35a12507dd2c4c5659fff18d4d0,0.000650000000000000,NULL,0x,0
24,0xec9ec71a04ef910e60024fafcd2fde8b584762ca2bf5add65bf95218dbe30ce3,6477654,1539017569,0xc1b861fadb1834d229be4093ecb9d270283b7388,0x50cab1210b5ea7411120c6d8e2e8e85ebc7274e9,0.000520000000000000,NULL,0x,0
