,TxHash,BlockHeight,TimeStamp,From,To,Value,ContractAddress,Input,isError
0,0x781f4d8d04a1187f372c4937a40026f788828dc0b3f06d86ac2c2de4a92ab7f1,4919562,1516130292,0xd1c10148e38a5292f5185062e89bc0d606d25210,0xc169a0e826f22fc7d37a48aaa346ffb4521c35cd,1.000000000000000000,NULL,0x,0
1,0xf42781a83763672df5e21d5f648fe357838264e9e5719dd03237e4ef76493bdc,4919620,1516131089,0x825898505edbaecdd25888f4443d9fee6ab8919a,0xc169a0e826f22fc7d37a48aaa346ffb4521c35cd,1.080000000000000000,NULL,0x,0
2,0x89cf435b4c185af75f3ce8737d875bf83c919bd6aadd525795c8d835ea43eece,4919644,1516131457,0x74cc361b49047564decdd3e3b8a5da2899b206a9,0xc169a0e826f22fc7d37a48aaa346ffb4521c35cd,0.272850000000000000,NULL,0x,0
3,0x7be136a030fc1b7ea07f61e0e39ed05364c22a2dee7730f0353618c0ced33205,4919711,1516132450,0xce4c9c5271d33b9d94191c69120f76dd7901ed81,0xc169a0e826f22fc7d37a48aaa346ffb4521c35cd,11.149516118000000000,NULL,0x,0
4,0xec368997e7508fe7ee3e3ccb704442aac4b5512b14d3fa113b0c06af4e840698,4919880,1516135050,0xa5c2242230522cad0df0ecc9ce832280c1a38948,0xc169a0e826f22fc7d37a48aaa346ffb4521c35cd,2.000000000000000000,NULL,0x,0
5,0x48a5d01505f2c585a033c516facbb51b4ac43168fa775e1d53e86295fb9d7915,4920227,1516140270,0x638eac3541f4b614e35d1a9fb876f43769c301df,0xc169a0e826f22fc7d37a48aaa346ffb4521c35cd,0.100000000000000000,NULL,0x,0
6,0x33695be1291fc8ac7850a0df9e44a267d10def9a558a9df43df2cf4f0ac82f9e,4920385,1516142671,0x57038c921990ef4b9c59b75fa08c3b70b04eb8e1,0xc169a0e826f22fc7d37a48aaa346ffb4521c35cd,0.150000000000000000,NULL,0x,0
7,0xc0dd7b8d6c55f091451d216035d65f7300009e2e196aed65fa2fb7ea4e089b24,4922386,1516173896,0xf2a8c6ec5b1b7ec1361dee7dbda95c7b2ff95acb,0xc169a0e826f22fc7d37a48aaa346ffb4521c35cd,0.547008440000000000,NULL,0x,0
8,0x2254527a1805716fd9c414669043ee4d02e189ef4981d3d92bd347e1a2911e90,4923495,1516191509,0x5054481a61d4c469794e0acca268cea87aac5df7,0xc169a0e826f22fc7d37a48aaa346ffb4521c35cd,0.193027020000000000,NULL,0x,0
9,0x4e2c238a7fdf773a874103f958089a246ecc0847371dd5734c3dd13a174f4606,4923723,1516194628,0x0975ca9f986eee35f5cbba2d672ad9bc8d2a0844,0xc169a0e826f22fc7d37a48aaa346ffb4521c35cd,0.177262470000000000,NULL,0x,0
10,0x3b33f8dc3c2ef6cc5227a19ae496a6db91adf2c1cf584445ea18b56ce08d3897,4924321,1516203807,0xce735a5c6feb88dd7d13b5faa7c27894eb4e5ae0,0xc169a0e826f22fc7d37a48aaa346ffb4521c35cd,20.000000000000000000,NULL,0x,0
11,0x820b099d7f150d69a244b90d560e1ff49b2fe6e316953b00a6f43e45578f56f4,5261587,1521146270,0xc169a0e826f22fc7d37a48aaa346ffb4521c35cd,0x174b85710b6b371e472970a9c28a352329a6d39a,36.669223048000000000,NULL,0x,0
