,TxHash,BlockHeight,TimeStamp,From,To,Value,ContractAddress,Input,isError
0,0x1547dcb674a28ddb4a503e798753fa469ec57477048dd588473fc88edf8a786b,5616087,1526360591,0x3087f7ad2d59036be56570ed9fc86aaa99b2c3b8,0xc42bfd4f93b46037888602c3e7e6e57d65e87e73,0.686490000000000000,NULL,0x,0
1,0xb84653dbafd2d32488176228c7f8068fcc590503afcb7c76a1443ddb52fe3d79,5616098,1526360768,0x3f5ce5fbfe3e9af3971dd833d26ba9b5c936f0be,0xc42bfd4f93b46037888602c3e7e6e57d65e87e73,0.490000000000000000,NULL,0x,0
2,0x0ca0ea24fe44141417bddc790bc62b4785f1bcb10d993c190bb50ebd9f822a54,5616119,1526361081,0xd551234ae421e3bcba99a0da6d736074f22192ff,0xc42bfd4f93b46037888602c3e7e6e57d65e87e73,6.597353930000000000,NULL,0x,0
3,0x464461afc44664265e6689b9cf5d3f3310aab0de20eac266395024220b9514b4,5616591,1526368258,0xe21bc8d4f47dbd9e4dd29229333d1999c33d0e87,0xc42bfd4f93b46037888602c3e7e6e57d65e87e73,1.290000000000000000,NULL,0x,0
4,0xca52d7537beddb5d08178d79bf73b9bb1afe5707ff009ecee7b66f0dd061dfcf,5617189,1526377044,0x564286362092d8e7936f0549571a803b203aaced,0xc42bfd4f93b46037888602c3e7e6e57d65e87e73,0.640000000000000000,NULL,0x,0
5,0x46f549c9aa9c9affcbe77fe36a6eb9cbb703715b60ac78bf1d318ef7459fe7b4,5617516,1526382169,0x6ca819955673cc85bdabe6125ae71b87a2ee0455,0xc42bfd4f93b46037888602c3e7e6e57d65e87e73,0.500000000000000000,NULL,0x,0
6,0x163cc61bc1c491d689f552539676b75a7c402659f5fc999e7e7f21772c7eab74,5617599,1526383293,0x0752154e255b85111d9f6e40723e7e815841c198,0xc42bfd4f93b46037888602c3e7e6e57d65e87e73,0.778721410000000000,NULL,0x,0
7,0x8a5b93af4a4ba517190ae79e9737ee774b5926cd64846077a8971ce092e50b7d,5617751,1526385731,0x1d37c990b3874e96e5560d3a5e08d1a3df8d45bb,0xc42bfd4f93b46037888602c3e7e6e57d65e87e73,0.500000000000000000,NULL,0x,0
8,0x5002adb8e0ebe21d8c108f2ca956707381cc2d786aed795ae4899ea37773426a,5617881,1526387889,0x3f5ce5fbfe3e9af3971dd833d26ba9b5c936f0be,0xc42bfd4f93b46037888602c3e7e6e57d65e87e73,0.490000000000000000,NULL,0x,0
9,0x925bf6542c87ce792efde1ac7ffa2188138ccdfe16a2b2ae115f540a377429e6,5618506,1526397041,0xd551234ae421e3bcba99a0da6d736074f22192ff,0xc42bfd4f93b46037888602c3e7e6e57d65e87e73,0.990000000000000000,NULL,0x,0
10,0xe87245e39add8dc73e74e043749ab0278c40bef350a0677e00ff4bdde0ea67a1,5619739,1526416284,0xc5940b7d563932f9a41ed4655fe50184926d5291,0xc42bfd4f93b46037888602c3e7e6e57d65e87e73,1.000000000000000000,NULL,0x,0
11,0x7023a7d2c36ab651c9a65536fa3891539661e7b60dc8e07ee6e9ea96ab18e33b,5619755,1526416479,0x390de26d772d2e2005c6d1d24afc902bae37a4bb,0xc42bfd4f93b46037888602c3e7e6e57d65e87e73,1.290000000000000000,NULL,0x,0
12,0x335e5c852e1cb52f3c391923db8bbdd5caeb7fe0f4d63a9e3e8766c022c6a061,5619806,1526417199,0xe89943ec20d856f064a87349a00ef6ab00aed042,0xc42bfd4f93b46037888602c3e7e6e57d65e87e73,0.990000000000000000,NULL,0x,0
13,0x0db10be37cd98fa163b2ae71721742e50de14261cee511e034e5ed24e08d3405,5621061,1526435501,0x564286362092d8e7936f0549571a803b203aaced,0xc42bfd4f93b46037888602c3e7e6e57d65e87e73,0.759589790000000000,NULL,0x,0
14,0x8d19be1f8536bde13dc91bdb1ce5ef213e182021c589ebabe1891b2c2baa39d6,5623893,1526478848,0x9659693c79a106ecee36f1abc7881ccc35693bae,0xc42bfd4f93b46037888602c3e7e6e57d65e87e73,0.850000000000000000,NULL,0x,0
15,0x6acb78ce4390387f80ad60a84df9541120053b35d1a4d63f0f2d1643791b1471,5800794,1529178076,0xc42bfd4f93b46037888602c3e7e6e57d65e87e73,0xbe02336676dfc8ed2545d2b82d02e966c5b5e1c8,17.851294130000000000,NULL,0x,0
