,TxHash,BlockHeight,TimeStamp,From,To,Value,ContractAddress,Input,isError
0,0xd54e1ad6dd274e29c0927cfdd9b09ab11423dcf5bb8deb0407a36d26027ad5ea,4754795,1513606837,0x22b84d5ffea8b801c0422afe752377a64aa738c2,0xc65ff9f9117da2f4e39e0765a7fa2f8f66952f17,10.000000000000000000,NULL,0x,0
1,0x5204dc5a14544cf9cbd09dcf7e079078173bcc02d223e33694ce7a67dd7c3ad7,4755102,1513611584,0xd35ec18be137d3f85237aae0775efd934f1fda56,0xc65ff9f9117da2f4e39e0765a7fa2f8f66952f17,2.000000000000000000,NULL,0x,0
2,0xc2b9ecc4a409e266445514d82e988781dd30ceb85017f8722894e4ed7e9871b5,4755469,1513617545,0xa6a10858bcb501af256bbb02f7453b0d73ba1070,0xc65ff9f9117da2f4e39e0765a7fa2f8f66952f17,3.988000000000000000,NULL,0x,0
3,0xd05076f93741bd9ff302bcd13bc6e9ddf85a66eb1b2a73af2927590855106130,4755724,1513621398,0xbca763c2a25765e092d1f2ca34c32b00c3848b40,0xc65ff9f9117da2f4e39e0765a7fa2f8f66952f17,4.000000000000000000,NULL,0x,0
4,0xb10305571615dac1d3b86fa26a54e9d6bc647d80a8e38a502b66cc66be76bccd,4755848,1513623432,0x94f2099db6fb90045258b55961eb787157bf8bff,0xc65ff9f9117da2f4e39e0765a7fa2f8f66952f17,0.582500000000000000,NULL,0x,0
5,0xe0644c5e0407c267ff0317bd7204b13042fcfb983a70988e16c97a742a1cafbe,4756252,1513629462,0xff617130bc7786bba15194cd54e9da1eb83b9b42,0xc65ff9f9117da2f4e39e0765a7fa2f8f66952f17,0.710000000000000000,NULL,0x,0
6,0xef96d2c63c88f1bde1bcf8b99dd028ca5a08f48dd5615c333423132f8d446f9f,4757250,1513645156,0x1e7ff1b31586d44b69cbde9bd859ab060e912217,0xc65ff9f9117da2f4e39e0765a7fa2f8f66952f17,1.000000000000000000,NULL,0x,0
7,0x3518f62cb6896807e9848c98934a01eb02e1cd1a5b31e62a738d5d9d33b2bf32,4758332,1513662205,0x604f6ba33efcb0fdb117671e13394bec974a3d35,0xc65ff9f9117da2f4e39e0765a7fa2f8f66952f17,0.491691000000000000,NULL,0x,0
8,0x91b4d27c9293abb61ff4401172252022323389af712b38fde30421c51d7cfea8,4759496,1513680072,0x41e89c01ae1718b18d295d64e9df60ae32f7f2f6,0xc65ff9f9117da2f4e39e0765a7fa2f8f66952f17,1.015011570000000000,NULL,0x,0
9,0x221a04aa18c5cfb117e42cc6a8895d7a1e9ef44c982021eab308ee16b7abb31c,4760491,1513694902,0x2c074e48db34b16324c4c5de81987a0dee6005f8,0xc65ff9f9117da2f4e39e0765a7fa2f8f66952f17,3.000000000000000000,NULL,0x,0
10,0x0a0754f12d6b969c75ce615a83068d30349a056d94f1ffdfa1f559cd696b9373,4760552,1513695891,0x39362c0857b163165411115f21bcc401fb6d93a2,0xc65ff9f9117da2f4e39e0765a7fa2f8f66952f17,2.036026080000000000,NULL,0x,0
11,0x1dedaa4ab1e2bbc43b26a72c061d9545de3d6159e4e632ca2ad64e0f8abb7a4d,4761892,1513716809,0xa1cba2e92b1aab2819dcce71dc7db5aa2e562fac,0xc65ff9f9117da2f4e39e0765a7fa2f8f66952f17,0.654432180000000000,NULL,0x,0
12,0x4b299b0a27f107b601de992df82ab06d3a2a6d9258841b20cba4353a7887ecdf,4762137,1513720582,0xaa44ecee89253c2f422e4b08ed88d149b736157d,0xc65ff9f9117da2f4e39e0765a7fa2f8f66952f17,0.510000000000000000,NULL,0x,0
13,0x0068e59fd1e11ec3732229ed0bd0e9d7f82cd7bfaad76fc5300ba6028e60d843,4762341,1513723862,0xd12ccc1cf2f4d8434350826a111051aceee7e1db,0xc65ff9f9117da2f4e39e0765a7fa2f8f66952f17,0.700000000000000000,NULL,0x,0
14,0x9251b6b1565cf83b02ecd1edb1dac94235710c207ae441106f4920765d16703b,4784200,1514056895,0xc65ff9f9117da2f4e39e0765a7fa2f8f66952f17,0x9548e1a2eb7c8e231bea5d87a0da6addc4c51e2e,0.100000000000000000,NULL,0x,0
15,0x8cf8dbd3957ae614243c4484cf7e1ff7a5a1b08ebea95b025d35d956fc1b12e0,4784390,1514059535,0xc65ff9f9117da2f4e39e0765a7fa2f8f66952f17,0x9548e1a2eb7c8e231bea5d87a0da6addc4c51e2e,0.100000000000000000,NULL,0x,0
16,0xa4ef7adefaae355c23a89baf79f77275f0ae6119e61923a33dbc654dc6b08bcd,4785237,1514071882,0xc65ff9f9117da2f4e39e0765a7fa2f8f66952f17,0x2d6f5969c5becb39c1eacd15bd96f5e718117315,1.000000000000000000,NULL,0x,0
17,0xdfd1644dec030c967392470ebdf363d00118c83c3d602d9123e41482bba9d2b9,4790463,1514147746,0xc65ff9f9117da2f4e39e0765a7fa2f8f66952f17,0x7f19e2084b826ba2bc31e0507669d744191e7ac8,5.500000000000000000,NULL,0x,0
18,0x3fea5a2c451cb0fa91d142bb11f52b571009bb9752e7d2de232e26c51a4c189d,4796284,1514231005,0xc65ff9f9117da2f4e39e0765a7fa2f8f66952f17,0xc6322050c3970ef2c1c577d691c545e6944b003a,4.374367000000000000,NULL,0x,0
19,0xe984e7231a48c4d238b29d84922fa2d1c76a61952e7457fb0daae1b5f359dbb3,4797062,1514241930,0xc65ff9f9117da2f4e39e0765a7fa2f8f66952f17,0x0400eefb2067e19d469f7877a88e8dd63a14dfc1,7.234220000000000000,NULL,0x,0
20,0x42662768b899535d9610e21439f1bc37bf3c569bf344252e4a5cdd75d4f95651,4800514,1514291275,0xc65ff9f9117da2f4e39e0765a7fa2f8f66952f17,0x9cabb33e61fe0cf3eb59055ad0892582f9b15689,12.376133830000000000,NULL,0x,0
