,TxHash,BlockHeight,TimeStamp,From,To,Value,ContractAddress,Input,isError
0,0x9cc648f25a9a86a40a8867acb47de6c4b31a4aa947673df1331deadf6dee1810,5212667,1520427164,0x31307eacaaef9ccb2d08eb6483fb392dd5cbea3b,0xc74bde36961894c53662bee82cdf351f168ceb22,1.991559845000000000,NULL,0x,0
1,0xee029be46e2943cff77a8f5d75d5e5b809eec3ffada617cf21f764a1fc999b29,5212799,1520428934,0x7c98b490bfadb4ae49efeb5ba7f6e07a7babbb59,0xc74bde36961894c53662bee82cdf351f168ceb22,0.629440322000000000,NULL,0x,0
2,0xf77bd4276253734a0b2ecb996fb06585aa9c3971e1f949e315cbc46653b22f28,5212899,1520430640,0xe82e14ff43325fbf2a4394a43a0d1557ca8fd1e8,0xc74bde36961894c53662bee82cdf351f168ceb22,2.290219832427046488,NULL,0x,0
3,0xfaa7903558292aecdfb39fbce11f1d7aba9c5b3b08a9858a296165548eacf3bb,5237818,1520795696,0xc74bde36961894c53662bee82cdf351f168ceb22,0xa12431d0b9db640034b0cdfceef9cce161e62be4,4.911198999427046488,NULL,0x,0
4,0xa8d919bd8bea11f5493a4144d0752f60357ec033b5a29e293b89b62bb6d5361e,5243937,1520885844,0x46ff148a9fb2b2f9fd32c6348e4b8f758dc52d3e,0xc74bde36961894c53662bee82cdf351f168ceb22,3.067605960673875563,NULL,0x,0
5,0x9fd99d1139deb28b2e5114c054105dc2f8ec3d090e459d32d65f7f089cb01612,5273129,1521315566,0xc74bde36961894c53662bee82cdf351f168ceb22,0xa12431d0b9db640034b0cdfceef9cce161e62be4,3.067584960673875563,NULL,0x,0
6,0xdd27df97b7dfd53cd7b9e86095fba46eac61a1347c850bcfd7594168f1d82c4a,5496117,1524552988,0x2cc9c8d64f381379730578d9332fdd8f86a478ce,0xc74bde36961894c53662bee82cdf351f168ceb22,4.400000000000000000,NULL,0x00,0
7,0x83371a85c7f26cd8d3d0a19b3c6acc86a44a18fa49c01a5a2683a0bf1525de57,5497875,1524579982,0x35d1fcdf07504aafce7c17fdc77f7e997a48d1ea,0xc74bde36961894c53662bee82cdf351f168ceb22,2.892158572922039472,NULL,0x,0
8,0xb463066bc5f43c01c70e69d85e7f9cf77fce37d72888d30db96a79a85ee36bd7,5502398,1524647150,0x1bfcf4c4af45c916c3c8d738431c5188512ab7c1,0xc74bde36961894c53662bee82cdf351f168ceb22,3.655382250613853407,NULL,0x,0
9,0xc11401c278310391920a68873c70e7921c5f02e1fe0e09699d976171b55729b7,5511794,1524786128,0xc74bde36961894c53662bee82cdf351f168ceb22,0xa12431d0b9db640034b0cdfceef9cce161e62be4,10.947519823535892879,NULL,0x,0
