,TxHash,BlockHeight,TimeStamp,From,To,Value,ContractAddress,Input,isError
0,0xe72b544ff9d93a37125a41058dc3c6f082325bc5626649dc4364061914e887a2,5147807,1519474501,0xe26a7d758b887da8993e8c59015b908f8e298dd3,0xc77dcad596e1e8277a2c5a6f985c2e21ea905687,0.500000000000000000,NULL,0x,0
1,0x46abac510d3e987eba85958ecae55fd7db2f2791b435b51051208b2d0caaf395,5148607,1519486742,0xd551234ae421e3bcba99a0da6d736074f22192ff,0xc77dcad596e1e8277a2c5a6f985c2e21ea905687,0.376490130000000000,NULL,0x,0
2,0xd9a66e3fd6b416f31801e6f4d314ffc7a4ca3634757b32e511be7660e5ac7d2c,5148778,1519489259,0x3f5ce5fbfe3e9af3971dd833d26ba9b5c936f0be,0xc77dcad596e1e8277a2c5a6f985c2e21ea905687,0.490000000000000000,NULL,0x,0
3,0xaac2c13b9fc961fdf69f6db003b32b91431197b5b60dc4091e8165b778be6224,5149055,1519493206,0x3410092c49fdda1a39014888920625ea08eb74a8,0xc77dcad596e1e8277a2c5a6f985c2e21ea905687,1.500000000000000000,NULL,0x,0
4,0xe8441de0a3e577164497ad895c239f01e4c67d1ffb534d368e799fc99668ca11,5149311,1519496864,0xeed9bf4bdcada1d14a5bb887961dd7736fde4a89,0xc77dcad596e1e8277a2c5a6f985c2e21ea905687,2.000000000000000000,NULL,0x,0
5,0xb5bb09577ac1479cd3f65ee9ebd8975ea96e295711ae68bce4e1e93a9d013184,5149533,1519500133,0xa578684d9fe57035b6ca768ccf408e8f0b1fa1cd,0xc77dcad596e1e8277a2c5a6f985c2e21ea905687,0.500000000000000000,NULL,0x,0
6,0x5964c4a6d9f9ca32dd827c82a2ff50f9bdcca54176cf526ebc9b1dbcdebb5fe8,5149805,1519504281,0x267be1c1d684f78cb4f6a176c4911b741e4ffdc0,0xc77dcad596e1e8277a2c5a6f985c2e21ea905687,0.495000000000000000,NULL,0x,0
7,0x5498951994a5505aac5f0eea9cb1367d32d9e8f6edb4bd52a9a107a012620d2d,5154019,1519565441,0x96678080694299a27726ed1a7caf4b72031e432a,0xc77dcad596e1e8277a2c5a6f985c2e21ea905687,3.000000000000000000,NULL,0x,0
8,0x998344cb6d446e5da363812e15a1cea6bd2923a80a31ed3958c7a24502213caf,5158497,1519632309,0xc77dcad596e1e8277a2c5a6f985c2e21ea905687,0x59e8f2b9c843c7e888e535cc8284ff33ff6c522c,0.300000000000000000,NULL,0x,0
9,0xa5f8bc2da4ea634da6ac25754c870700aa9aaef8a8b14c98074b47284a17511c,5158550,1519633187,0xc77dcad596e1e8277a2c5a6f985c2e21ea905687,0x59e8f2b9c843c7e888e535cc8284ff33ff6c522c,0.200000000000000000,NULL,0x,0
10,0xe41053c870d47b4225d2370f0de232a49a134bf5cfe04ce0f6496d9cd297d3db,5158643,1519634518,0xc77dcad596e1e8277a2c5a6f985c2e21ea905687,0xe58b29090166e1efeb013e7df13d9745883d4a22,0.280000000000000000,NULL,0x,0
11,0x80c988fa290ae12717d52ed1c31d781b3946322e8acef8640a2a1572a0af9ede,5158747,1519636297,0xc77dcad596e1e8277a2c5a6f985c2e21ea905687,0x35042fa3f535826c171419c3061ef407ac0db60f,0.260000000000000000,NULL,0x,0
12,0xd48eda22317ee09ed30ecc77ff804692894978d7166e5ce0c993d911e716eeff,5158856,1519637834,0xc77dcad596e1e8277a2c5a6f985c2e21ea905687,0xe58b29090166e1efeb013e7df13d9745883d4a22,0.210000000000000000,NULL,0x,0
13,0x1235af057ad185d1c2e3756cb797b215a0a8247257530df91193addcfa55d862,5159171,1519642554,0xc77dcad596e1e8277a2c5a6f985c2e21ea905687,0x7a41dabe59bf6ef0f4974b1c4c63c0e51987bfda,0.300000000000000000,NULL,0x,0
14,0x0ecf095367823e1eab8c2c3c683e346a9a560a977a61351204e96535e746af6b,5159955,1519654216,0xc77dcad596e1e8277a2c5a6f985c2e21ea905687,0xe180a3a61f2e944456cff8830a17dedeee8db951,7.304314884000000000,NULL,0x,0
