,TxHash,BlockHeight,TimeStamp,From,To,Value,ContractAddress,Input,isError
0,0xb3c86983d0a96226bc078b77e7c0e195634dc62c524afc476eefba0818a391cc,4667997,1512300789,0x074b0af0b83138f37266a9ce39b2618517f4efad,0xc76be07eba6f759cfef1c369a9c9c493a28208c2,0.250000000000000000,NULL,0x,0
1,0xc4894bbc5f7a7f3b7c69b9417dd26dd138116e896da07d273e19aef79c57df71,4669610,1512323395,0xa45cf0b416067cbac4cd76e71029f53c67520d87,0xc76be07eba6f759cfef1c369a9c9c493a28208c2,9.500000000000000000,NULL,0x,0
2,0x76850ce73bfb74c8bac77afa8216e6d947faeb71092e1e8037feb0c8537d5d3a,4688839,1512619686,0xc76be07eba6f759cfef1c369a9c9c493a28208c2,0x74d273ef16bff96489f22ba04e33ee5d5a9dc942,4.500000000000000000,NULL,0x,0
3,0x516b560cae6e32f76378385f7dbf23e79d2f2bd44c9b7b64dc7963dc57740e2a,4689075,1512622951,0x5a5e2fb8b4057b5712a3f92032172e3d21a8d492,0xc76be07eba6f759cfef1c369a9c9c493a28208c2,0.120000000000000000,NULL,0x,0
4,0xb5eadbaafc07f3aa048b95856dec7655e6e6dc81d2d7a2ae3f140f1ebc82ca42,4723786,1513142140,0xc76be07eba6f759cfef1c369a9c9c493a28208c2,0xd1bb5e49c8881aeb65ffa7c5f124f9ab4fbe0e9e,1.123000000000000000,NULL,0x,0
5,0x39ee84fd7530c92059f871a35fe1565448ed11ab45d1404521d879e3c184efb7,4746912,1513490425,0xc76be07eba6f759cfef1c369a9c9c493a28208c2,0x0900c7564f87f5b2d4aeb3ba6d3077c1fd403da9,4.244291000000000000,NULL,0x,0
