,TxHash,BlockHeight,TimeStamp,From,To,Value,ContractAddress,Input,isError
0,0x81f980c1fb03d955e4b45f4e2b60a6216edbe8b8bc14d62291f3a278b36b8dc3,5332406,1522172323,0x3f5ce5fbfe3e9af3971dd833d26ba9b5c936f0be,0xca25f343893dc646a0f753581f1d8589ec34da7d,0.500000000000000000,NULL,0x,0
1,0xc06181db7c521fdac1013b5a2a87fab013ca481eb71825e6d31afda506cb5b46,5332710,1522176769,0x7a3a64719f15f69fdc7e576cf4d0eb8991081ccb,0xca25f343893dc646a0f753581f1d8589ec34da7d,1.000000000000000000,NULL,0x,0
2,0x2fe2f0d3fa43171714fcd97117a31854dc09b845b6fd1e01354ff2906b78cf1a,5335820,1522222413,0xd551234ae421e3bcba99a0da6d736074f22192ff,0xca25f343893dc646a0f753581f1d8589ec34da7d,0.190000000000000000,NULL,0x,0
3,0x12e940060e7f51961c88886ddab66fffeb11429039c3eb3e3ed57ba1d2336367,5343498,1522334454,0xca25f343893dc646a0f753581f1d8589ec34da7d,0x56dad8e0d55d9a788a9b614441247529d9b3a512,0.189876820000000000,NULL,0x,0
4,0xa550976061bc586246603796245a9284a2e78f7377edc7646a8bb74eedbb047a,5343561,1522335453,0xca25f343893dc646a0f753581f1d8589ec34da7d,0x4640f80cffdc81340cacea979386d5e2d837882c,0.030440000000000000,NULL,0x,0
5,0x4976b9c439a8fec84f535c12f01eef8258f540417a80b2336c026b01b655d604,5354744,1522498365,0xca25f343893dc646a0f753581f1d8589ec34da7d,0x289bd0663217cb8bd02b27ce5dbc2e46be63c160,0.022720000000000000,NULL,0x,0
6,0xf62bc2692a49ddd462ad6f870f2bd4f7c109450303b7e73097a7927b5599b68e,5354889,1522500401,0xca25f343893dc646a0f753581f1d8589ec34da7d,0xf018b68780e68f6daace3a067e53112fe9fab2d9,0.022760000000000000,NULL,0x,0
7,0x51d16a242872e9b5d56b80c7f099bebcb99ff4e8c5de56bfad2b7a759a9c3b7d,5355247,1522505059,0xca25f343893dc646a0f753581f1d8589ec34da7d,0x20b8c993b405b5d214a70f26526a7fc464b2329d,0.061200000000000000,NULL,0x,0
8,0x3fc6afdc8acb64ac060cbcd3805956bc8dfb16c0dd2d41cb88a97100a9154e6a,5355314,1522505779,0xca25f343893dc646a0f753581f1d8589ec34da7d,0x09c9153edac75fa37175fc47c0fe3ef360ecd202,0.700000000000000000,NULL,0x,0
9,0x0859f1d82a89bd183d40dcf167cc3f87da2b2279100d265e6d29c6ca51c77a42,5355804,1522512649,0xca25f343893dc646a0f753581f1d8589ec34da7d,0x1a38b431c8e235d5c70198779f1ecd826fde2cad,0.529831220000000000,NULL,0x,0
10,0xa7958e460640189d466526883f93776651e01370652150eea4f106fa9d5152ba,5495494,1524543392,0xca25f343893dc646a0f753581f1d8589ec34da7d,0x6bb2950e3cdce797f07ce70c952bd41d7563f1be,0.126283960000000000,NULL,0x,0
