,TxHash,BlockHeight,TimeStamp,From,To,Value,ContractAddress,Input,isError
0,0xf657c6c3ad47bfc094e882b1691aa9d6aff4b513c62f3ae9b13937eed0fb6048,5533065,1525106239,0x7071f121c038a98f8a7d485648a27fcd48891ba8,0xcc13856ac5ec565c2ef8770a347a224351163dca,0.500000000000000000,NULL,0x,0
1,0x474a967298546e9c41afbf526eafbce99fe2312c59c1f2e296249e99f67bad68,5537060,1525166652,0x9fcafcca8aec0367abb35fbd161c241f7b79891b,0xcc13856ac5ec565c2ef8770a347a224351163dca,0.545578020000000000,NULL,0x,0
2,0x7b49fd3c236e05e14ef9a03f725fd8b798bed202556883eccddccc65ee928f5f,5544529,1525280963,0x564286362092d8e7936f0549571a803b203aaced,0xcc13856ac5ec565c2ef8770a347a224351163dca,0.510000000000000000,NULL,0x,0
3,0xa293e9cab9c51465a99075540515f0b17303d15312d0f03b32f9a32838fc241f,5544626,1525282213,0x4764ccca430823b8f37187057e1f6dd0e017c5b5,0xcc13856ac5ec565c2ef8770a347a224351163dca,0.000547632012011264,NULL,0x,0
4,0x87699a2339c012ce8a4b9c7269391f8d28afe08df151a697b21afe8dbf2b382c,5545979,1525302328,0xf5613e4da78cee6a1bffdf9c235d56bbf6d01d8d,0xcc13856ac5ec565c2ef8770a347a224351163dca,2.320063950000000000,NULL,0x,0
5,0xd4043f1e4d41764b3db473cfb9f4a3d82d9d7efc1b573cbc88a63d342b5c5209,5548891,1525347207,0xe89943ec20d856f064a87349a00ef6ab00aed042,0xcc13856ac5ec565c2ef8770a347a224351163dca,0.900000000000000000,NULL,0x,0
6,0x0c6a212e4fe65ec5c80df3d56b6628e68b9d9a97348be0b980bcadb09abae42d,5549499,1525356505,0xc5659672f4594dfd2750fea740e5ee8ae45a1738,0xcc13856ac5ec565c2ef8770a347a224351163dca,0.548882470000000000,NULL,0x,0
7,0xe40dfee117cbd30644330b6222f0d8637184c1eb6312b5cc70832d93b45334ac,5551197,1525382039,0xe5c9c8e254898cae913be95ccd3c49cf1a80e796,0xcc13856ac5ec565c2ef8770a347a224351163dca,0.950000000000000000,NULL,0x,0
8,0x0ef290cfe2dd9da0ff13c5bf8ef0f6aaa0d1d2bd3881e8c194ef7c659001e7e6,5553518,1525416838,0x11410499e9ec41fd72b853de717fbdb18d4f5c7c,0xcc13856ac5ec565c2ef8770a347a224351163dca,0.500000000000000000,NULL,0x,0
9,0xb284d2f85d7d2f6619be587d4572933257a1083a0cd1da677f7ca75bab7978e9,5554528,1525432548,0xd33577609f71eeb9e72b8b077590f50f9cbbce0a,0xcc13856ac5ec565c2ef8770a347a224351163dca,0.510000000000000000,NULL,0x,0
10,0xde9e2089b3d4f6cf8750ce15cbb6e02fc73089a9c9de53ad402ef6b21d09c7f1,5557723,1525482059,0xa50334d70b890a8811ca54543d46f7351fb55ac4,0xcc13856ac5ec565c2ef8770a347a224351163dca,0.750000000000000000,NULL,0x,0
11,0x8f2db8ad7b0dea916c96366ba479c061801c0bd6aa036453d11c46da17d4f475,5558071,1525487363,0xfbb1b73c4f0bda4f67dca266ce6ef42f520fbb98,0xcc13856ac5ec565c2ef8770a347a224351163dca,0.994000000000000000,NULL,0x,0
12,0x022a2b8d0630893e88f92b767d3681284586f9de59e865856df4e9864e93c912,5559125,1525502682,0x0681d8db095565fe8a346fa0277bffde9c0edbbf,0xcc13856ac5ec565c2ef8770a347a224351163dca,0.874054520000000000,NULL,0x,0
13,0x535ae5311a3304a29900a4258109b6e54e4765586aac448add76d28f6ca58b11,5559237,1525504484,0xd551234ae421e3bcba99a0da6d736074f22192ff,0xcc13856ac5ec565c2ef8770a347a224351163dca,0.660560570000000000,NULL,0x,0
14,0x0287ae05709ebe685df1980a67ca81f8b10f4f777423f274a226987f888e4db1,5559262,1525504854,0xb6aac3b56ff818496b747ea57fcbe42a9aae6218,0xcc13856ac5ec565c2ef8770a347a224351163dca,0.501000000000000000,NULL,0x,0
15,0x9241f42ddfcd476a7f182fd6374e70306c0d1440415e6f402975de1fd4c948bd,5559409,1525507053,0x41d57e163b6c64fca2cd6535fcaa199b1fedd98b,0xcc13856ac5ec565c2ef8770a347a224351163dca,0.499916000000000000,NULL,0x,0
16,0x46eb42f128d62761c367bc5b54beba9eb3bc7f5f5882ce436a70d75419bdf020,5568053,1525636721,0x390de26d772d2e2005c6d1d24afc902bae37a4bb,0xcc13856ac5ec565c2ef8770a347a224351163dca,0.500000000000000000,NULL,0x,0
17,0xcd4f68e2af82c79cf84907894d2671c7164ac8b4477730e13701366ef6f9db12,5568580,1525644416,0x3f5ce5fbfe3e9af3971dd833d26ba9b5c936f0be,0xcc13856ac5ec565c2ef8770a347a224351163dca,0.500000000000000000,NULL,0x,0
18,0x07bb836f264f55a5fddddc75d6300cfee389635699eedd9a9ab27e1dc39eb8db,5577414,1525776186,0xcc13856ac5ec565c2ef8770a347a224351163dca,0xc3f52d2283e610534ce54110a6f97dbdef2a5999,5.450000000000000000,NULL,0x,0
19,0xf9c4bfed40b05fc5210cdb5d131cfd377feb2e2b3f5ee1c02ef45f435050f591,5577513,1525777661,0xcc13856ac5ec565c2ef8770a347a224351163dca,0xbda9eb117e1a64e2eeb5f307380b5ce25ef7bb86,0.050000000000000000,NULL,0x,0
20,0x07f6e39149620863337232d1faf1f121512c137f7cc523bd6f43ab52f4b43add,5577517,1525777754,0xcc13856ac5ec565c2ef8770a347a224351163dca,0xbfdba84620f36ffbad8a60669ad16515b6c42b29,0.050000000000000000,NULL,0x,0
21,0xd00315871af17655ffca4e2631e7453a9e13ea85cf8d2c7c9c9081f1a588f748,5577598,1525779334,0xcc13856ac5ec565c2ef8770a347a224351163dca,0xa78518024d9c747507725f3f48371352392d2e85,1.360000000000000000,NULL,0x,0
22,0x35427b8fc6f45a15de487887bc9b60629f4cb2a8a15cc4394c1221dd3b99f001,5577642,1525779869,0xcc13856ac5ec565c2ef8770a347a224351163dca,0xbfdba84620f36ffbad8a60669ad16515b6c42b29,5.650298162012011264,NULL,0x,0
