,TxHash,BlockHeight,TimeStamp,From,To,Value,ContractAddress,Input,isError
0,0x748bc6f04b0c2e127fb4d7af0074c4a3e8f210572bb441e6be699daefba425e4,5467665,1524129973,0x8f43a8008b9e50e7215816671163da4ba9d95894,0xceebb2d0cdc85e9774a232bab74c45fc883c15e4,0.675725690000000000,NULL,0x,0
1,0x006d9baaf96d2667c123d2fe19eebbe5c7faafbd93991165adfcd5f14474a38e,5468393,1524141160,0x564286362092d8e7936f0549571a803b203aaced,0xceebb2d0cdc85e9774a232bab74c45fc883c15e4,0.605127000000000000,NULL,0x,0
2,0xd701532abef699194f95b72bd9f80fcf3089a8a610f454ba6d27c907e2538364,5468956,1524149657,0xb9fc5bfe0cd2742399ae24530bd605b914dfce00,0xceebb2d0cdc85e9774a232bab74c45fc883c15e4,0.500000000000000000,NULL,0x,0
3,0xdceeb9c69fa6bc298cc0e7326181c79231ea9d3460e903d5650304a27c07105e,5469175,1524152990,0xfbb1b73c4f0bda4f67dca266ce6ef42f520fbb98,0xceebb2d0cdc85e9774a232bab74c45fc883c15e4,0.501000000000000000,NULL,0x,0
4,0x9241ab84854d5685cfddecc1a2e5e80dd2e5a8718e21d449803885a4bc59ed9d,5469277,1524154544,0x9fcafcca8aec0367abb35fbd161c241f7b79891b,0xceebb2d0cdc85e9774a232bab74c45fc883c15e4,0.012369280000000000,NULL,0x,0
5,0xdedaac24b1df7d2290fc868ade581cc253de078d0d13c2fe48e8fa5d939684f2,5469478,1524157716,0x3ead47a4f62f2384d9066df62c0893716918cdbb,0xceebb2d0cdc85e9774a232bab74c45fc883c15e4,1.150992530000000000,NULL,0x,0
6,0xe13a93d4c5920f82f670f6596ed247e3bc345665c6e45688f5bd94c7ab4c4949,5469545,1524158707,0x4b88b8075e70f72d05e137f81455a5fd710dfbab,0xceebb2d0cdc85e9774a232bab74c45fc883c15e4,0.500000000000000000,NULL,0x,0
7,0x7c8a543ea98486156fd8958bf8fdf68019f918d433787568b7493cbc4787d6d5,5469801,1524162297,0x390de26d772d2e2005c6d1d24afc902bae37a4bb,0xceebb2d0cdc85e9774a232bab74c45fc883c15e4,1.000000000000000000,NULL,0x,0
8,0x9200d6b96512330b01fe0742e925c4a677fddcce83c4b2760ce4c46decfd9bbf,5469889,1524163789,0xfbb1b73c4f0bda4f67dca266ce6ef42f520fbb98,0xceebb2d0cdc85e9774a232bab74c45fc883c15e4,6.966560800000000000,NULL,0x,0
9,0xaa9a1625fd175b4b1bf0e5e6d7bfebc271b1494b99bb19add60d2f9cc78fc186,5470047,1524166121,0x690e717cfc985ac726824acaaa8eadbfcc471481,0xceebb2d0cdc85e9774a232bab74c45fc883c15e4,0.500000000000000000,NULL,0x,0
10,0x3d6e40409092f8ddd5c5def6f60444f0200d698cddd53f0b8414c19dba560632,5470284,1524169614,0x5baeac0a0417a05733884852aa068b706967e790,0xceebb2d0cdc85e9774a232bab74c45fc883c15e4,0.017788000000000000,NULL,0x,0
11,0x52696cdac107cd42bfc588163c0545adca2f6ed24e3ad557e81b5a23c9e1bd9e,5470533,1524172915,0xa98a53e8557314adc34afd17d2e7f884aa574f15,0xceebb2d0cdc85e9774a232bab74c45fc883c15e4,0.498000000000000000,NULL,0x,0
12,0xa111005852aec840271c9cdaae886f4fbc4684f0aabe0a2209166d55b4cde9f4,5470552,1524173151,0xf3d1b1121bba0ce69836f1dc9c2046acc2e1cdf9,0xceebb2d0cdc85e9774a232bab74c45fc883c15e4,0.009034000000000000,NULL,0x,0
13,0x058cadbedd35a33ed629c443d00fe534873d9339269b2c46122b65fac69f7000,5470606,1524173872,0x876eabf441b2ee5b5b0554fd502a8e0600950cfa,0xceebb2d0cdc85e9774a232bab74c45fc883c15e4,0.497300000000000000,NULL,0x00,0
14,0x323ca10e602a9171a5b21f870866b806e068f2ddf71de182d92bff312eee8a40,5470861,1524177423,0x4e1f941274b3729ff8168e1638a5ff85c984c9ac,0xceebb2d0cdc85e9774a232bab74c45fc883c15e4,0.500000000000000000,NULL,0x,0
15,0xcb8de6f3518d0b578475921268f1a115e1d674ee472487e17f3d748956d3d28f,5471633,1524188687,0xf5b998e3b130572bb1932e39112cb4e2a0ad4142,0xceebb2d0cdc85e9774a232bab74c45fc883c15e4,0.500000000000000000,NULL,0x,0
16,0xdf1f470e5594e5bf6af10cb8ca4e1eb91981ced1500bce8e65c64970a7aac7a1,5471754,1524190751,0x390de26d772d2e2005c6d1d24afc902bae37a4bb,0xceebb2d0cdc85e9774a232bab74c45fc883c15e4,1.156269120000000000,NULL,0x,0
17,0x442c40daf8b9e98d71ef2975c08ef41f27e6f56cd1964bf1b075811bbb3075f4,5471887,1524193048,0x22b84d5ffea8b801c0422afe752377a64aa738c2,0xceebb2d0cdc85e9774a232bab74c45fc883c15e4,0.500000000000000000,NULL,0x,0
18,0xa291ffda34e14327ecf621db1bc9e7c71ffaed14a766b229a34747e7a5a47009,5471941,1524193878,0x564286362092d8e7936f0549571a803b203aaced,0xceebb2d0cdc85e9774a232bab74c45fc883c15e4,0.590000000000000000,NULL,0x,0
19,0x8b642292b20a6dc65b6e4d36392fd0984ddbb68ee043930467df011db111fbfe,5472913,1524208722,0xc51ab692d955058e16925220d4fbf3977c7bfeed,0xceebb2d0cdc85e9774a232bab74c45fc883c15e4,0.000100000000000000,NULL,0x,0
20,0x23fed70acb12f2009aa83bbc0df0012758c908b7ad7d86070dc122ec3356ef19,5473003,1524210265,0x51836a753e344257b361519e948ffcaf5fb8d521,0xceebb2d0cdc85e9774a232bab74c45fc883c15e4,0.502415210000000000,NULL,0x,0
21,0x8a76997aa6abf8b68a890afb44e965e03fdb9c5eeb3bb395f6dca9e0f46cddc1,5473054,1524210953,0x51836a753e344257b361519e948ffcaf5fb8d521,0xceebb2d0cdc85e9774a232bab74c45fc883c15e4,1.009873150000000000,NULL,0x,0
22,0xb40a69a19e814db8c3ddaf78945948deb9326516305db6805f90a3e9af129400,5478822,1524296851,0xceebb2d0cdc85e9774a232bab74c45fc883c15e4,0x6d3fb722fc164ea70d2410be769490c6500b9a45,18.191693780000000000,NULL,0x,0
