,TxHash,BlockHeight,TimeStamp,From,To,Value,ContractAddress,Input,isError
0,0x7e1a7df57c5d63b3c62a97a1bbec0024b44d7ebc537e02f0637feabbfe9b4898,5025737,1517698070,0x32be343b94f860124dc4fee278fdcbd38c102d88,0xcfab6ae6d403fe4d1500756b301028162b670355,0.091000000000000000,NULL,0x,0
1,0x74fce8884e1e9018c06e85b4e1b69781010472230578d3157ef38475205f1d87,5026550,1517710340,0xe495b9e8e0e99519613da3d378811b6cb2d3dbc2,0xcfab6ae6d403fe4d1500756b301028162b670355,0.100000000000000000,NULL,0x,0
2,0x85cf446aef2f0de8bd0a917373706a66206e463c457db4b8303f35b50cc1390d,5037675,1517870556,0xcfab6ae6d403fe4d1500756b301028162b670355,0x32d12ad56063d701f0d8ebada3ad6fb58cfe09f6,0.190139000000000000,NULL,0x,0
3,0xec21eb8372554699a95b6bdade20be51958f5198b6dd87034ee31b824b12eda3,5049452,1518041497,0x83a4970418648c06a37951c0c079b8273798923e,0xcfab6ae6d403fe4d1500756b301028162b670355,0.200000000000000000,NULL,0x,0
4,0x68c1715e6f2ddf69f77d403871e1a4e2f7c2f2b8e6d8bcec5ad77c7580c7db97,5049505,1518042422,0xf74547abc8feaaf2bd47e722b8ddf60104c6fe3e,0xcfab6ae6d403fe4d1500756b301028162b670355,0.200000000000000000,NULL,0x,0
5,0xdfa5438b8dc729b39873fc3d564266437a66545f811f9ac84100cfabd719c2bc,5049567,1518043414,0x499c3b3fbd1ff01a1e848691a4f4c67257f12f69,0xcfab6ae6d403fe4d1500756b301028162b670355,0.200000000000000000,NULL,0x,0
6,0x3821ac969b4cb1e94696cab1606c0ab67c2ae5c56448319ea01841bfe50bf071,5051752,1518075497,0xcfab6ae6d403fe4d1500756b301028162b670355,0x32d12ad56063d701f0d8ebada3ad6fb58cfe09f6,0.599139000000000000,NULL,0x,0
