,TxHash,BlockHeight,TimeStamp,From,To,Value,ContractAddress,Input,isError
0,0xe951b3f0cd0026ac9013f4af2e8f479e703f0b828fe8d517c70d44858c05a20d,5426975,1523532191,0xfbb1b73c4f0bda4f67dca266ce6ef42f520fbb98,0xd289bc0a919e75b824f4dfc376e9f24c119ed3f3,1.529742740000000000,NULL,0x,0
1,0x7c5cf477d81e72e0f0c8fdf4bb09bf9d8f25b94578fe4a64a459a1f27d132360,5429389,1523567464,0xd289bc0a919e75b824f4dfc376e9f24c119ed3f3,0x3a3d05a2b8910a22cdb3758679d36935e8c1cf22,1.510000000000000000,NULL,0x,0
2,0x41325f1d6a5e3db1e8383abc6d1526117723875bad598243fd2030680f794576,5472039,1524195384,0xd551234ae421e3bcba99a0da6d736074f22192ff,0xd289bc0a919e75b824f4dfc376e9f24c119ed3f3,0.589454520000000000,NULL,0x,0
3,0xce849997dfc3d1f4c6f2e0898d1188d3d1f28a4596c102764a1b2c2c25fbd9ea,5472616,1524203837,0x876eabf441b2ee5b5b0554fd502a8e0600950cfa,0xd289bc0a919e75b824f4dfc376e9f24c119ed3f3,0.547300000000000000,NULL,0x00,0
4,0x1fd6db2e5c7e2f7f379148e68e87baee2bf5bf810d13cac72f75afbadd1f2bae,5500388,1524617247,0xcdafbd1779decc39cbebc9286d5b4883c6a81be7,0xd289bc0a919e75b824f4dfc376e9f24c119ed3f3,0.500000000000000000,NULL,0x,0
5,0x9eb52e1800e822dc1be144a221f714d6d1cae2e1a7c3ddc9ba93dc5b718d74bb,5501954,1524640617,0xd289bc0a919e75b824f4dfc376e9f24c119ed3f3,0xa8fe5b44dc190a166fa44ce4747efa22bd5b2312,1.655384260000000000,NULL,0x,0
6,0xc20cae215e6a0a81c93963e65d4d77e0b6eb77b7c7c23311e4a095ab96fab4e0,5512853,1524802478,0xf73c3c65bde10bf26c2e1763104e609a41702efe,0xd289bc0a919e75b824f4dfc376e9f24c119ed3f3,0.588600040000000000,NULL,0x,0
7,0xa538ebe2e0777abaefcddb16130aad61e0740419dcf3ad90e1fb9d4dc8d96588,5514327,1524825027,0xd289bc0a919e75b824f4dfc376e9f24c119ed3f3,0xa8fe5b44dc190a166fa44ce4747efa22bd5b2312,0.100000000000000000,NULL,0x,0
8,0x16984008417415fb5d5b88cebb4345763efd094253722930fa1c6f51f13df7e9,5514373,1524825895,0xd289bc0a919e75b824f4dfc376e9f24c119ed3f3,0xa8fe5b44dc190a166fa44ce4747efa22bd5b2312,0.479970040000000000,NULL,0x,0
