,TxHash,BlockHeight,TimeStamp,From,To,Value,ContractAddress,Input,isError
0,0x652ce536f4f30f29be6cca4fb8dd020d2bae4331ce2dfefb7b574e7d6f7f2a71,5215208,1520463994,0x3f5ce5fbfe3e9af3971dd833d26ba9b5c936f0be,0xd33441a44da0c1dcee596abb7ebdcdba77c7ddbd,0.989698040000000000,NULL,0x,0
1,0x32f60d7899077faf2b8613ce15965bd741ba1eae98f0153934be2c049ac446d6,5215216,1520464162,0xa3ebff05597f4e022b8833f43d35611abd8f3c13,0xd33441a44da0c1dcee596abb7ebdcdba77c7ddbd,0.500000000000000000,NULL,0x,0
2,0xe70a96c2d9ce05fe4e3221ceabf1609924ad401ccdb8fe1ed63a0901fdfb0086,5215220,1520464203,0x78355d873a28732875a26cb312f3ef6c601bfd85,0xd33441a44da0c1dcee596abb7ebdcdba77c7ddbd,0.048000000000000000,NULL,0x,0
3,0x0f7a2ec5362cdeefaa8ff58335aee7fe8d52935004d4591ed5dd59d6cdcaff6a,5215229,1520464322,0x0681d8db095565fe8a346fa0277bffde9c0edbbf,0xd33441a44da0c1dcee596abb7ebdcdba77c7ddbd,1.290000000000000000,NULL,0x,0
4,0x886005fdadc97aab16217b9208f7fd1df6a83ff6624c23bdb7427977c208bfa1,5215264,1520464828,0xbb7abb4ecb38a84bf3b5ceeda566c936eb863e1f,0xd33441a44da0c1dcee596abb7ebdcdba77c7ddbd,0.453013690000000000,NULL,0x,0
5,0x2ce65073be56fbbfdb5b96af11d8c05d85e212e54ccabc9d059a05888b00fb79,5215267,1520464903,0x3f5ce5fbfe3e9af3971dd833d26ba9b5c936f0be,0xd33441a44da0c1dcee596abb7ebdcdba77c7ddbd,0.526752690000000000,NULL,0x,0
6,0xe6f41aa96dfbbeda18aedcfc9158289f4281d83d8e4103fa14027319c62b58b1,5215276,1520465058,0x3ec588025e841a0a496a81c5f65ab7bb76967ea1,0xd33441a44da0c1dcee596abb7ebdcdba77c7ddbd,0.010000000000000000,NULL,0x,0
7,0x865a8baafffbe18d766e7abb0b637ba4037186f5f41dc0e2c0c8c73d1002f81e,5215296,1520465365,0xfbb1b73c4f0bda4f67dca266ce6ef42f520fbb98,0xd33441a44da0c1dcee596abb7ebdcdba77c7ddbd,0.394000000000000000,NULL,0x,0
8,0xb866c96ec48947b45e1a35d1408c642714f425fcfb2c0a8a3fa546720383dbb0,5215299,1520465441,0x2b3a6d05ce6a1588587220f2a63a8ec83f5f1adf,0xd33441a44da0c1dcee596abb7ebdcdba77c7ddbd,0.762528601177021800,NULL,0x,0
9,0xb8306c3c51ee0bfd1c743915fae7d679d27b1f07792a9560e1bd70f345f7f1a7,5215300,1520465455,0x2eb3e8d051e2e55b19a158f0a4273bd2d46ba1ab,0xd33441a44da0c1dcee596abb7ebdcdba77c7ddbd,9.000000000000000000,NULL,0x,0
10,0xd38a6ba0c76910b30fd0e3b05aaaa38c598a6f51bdee57be6c8a2a875915a189,5215311,1520465601,0x0681d8db095565fe8a346fa0277bffde9c0edbbf,0xd33441a44da0c1dcee596abb7ebdcdba77c7ddbd,0.098842260000000000,NULL,0x,0
11,0x4bd592253b8fd8fea6376bd9425d739126688ddc580c0ae8792d372c5d2ad56b,5215311,1520465601,0xfbb1b73c4f0bda4f67dca266ce6ef42f520fbb98,0xd33441a44da0c1dcee596abb7ebdcdba77c7ddbd,0.500000000000000000,NULL,0x,0
12,0xa1b19dc18ef72413ea77f315f80e7d1d4d8a3340deea9d81e0e5d9f34cc41a79,5215312,1520465622,0x2d28b0804b9f1141ea1d14217560a3b6cd176449,0xd33441a44da0c1dcee596abb7ebdcdba77c7ddbd,0.060000000000000000,NULL,0x,0
13,0x3f47f173eeb53ff8cdf4fb15442210ca83a903df22a95489c6043306b914ce39,5215317,1520465685,0x0681d8db095565fe8a346fa0277bffde9c0edbbf,0xd33441a44da0c1dcee596abb7ebdcdba77c7ddbd,0.390000000000000000,NULL,0x,0
14,0xe4474f04c5de295a162e9dd2f0b3ef204d4e16921c5170d5d65179cb5f72629b,5215351,1520466274,0x0681d8db095565fe8a346fa0277bffde9c0edbbf,0xd33441a44da0c1dcee596abb7ebdcdba77c7ddbd,0.290000000000000000,NULL,0x,0
15,0xea4d1b82ef38ae86dd229cefa4992d6036a5ba4c66beef382e8b221f896173ee,5215351,1520466274,0x3f5ce5fbfe3e9af3971dd833d26ba9b5c936f0be,0xd33441a44da0c1dcee596abb7ebdcdba77c7ddbd,8.990000000000000000,NULL,0x,0
16,0x307178028c4120b1c8a7def780deaad0b2fd2356dc02e75460d811b862a683d5,5215359,1520466435,0x29d5527caa78f1946a409fa6acaf14a0a4a0274b,0xd33441a44da0c1dcee596abb7ebdcdba77c7ddbd,0.030000000000000000,NULL,0x,0
17,0xbb9904390e6c15a82cfadbd4c759cd9bdd6649037a599c6b3fddf1750638ea71,5215390,1520466752,0x0681d8db095565fe8a346fa0277bffde9c0edbbf,0xd33441a44da0c1dcee596abb7ebdcdba77c7ddbd,0.300000000000000000,NULL,0x,0
18,0x6dbc0c3e23e3a3dcf05c95f417a9220515429d0df59696583de106855d5f6292,5215390,1520466752,0x3f5ce5fbfe3e9af3971dd833d26ba9b5c936f0be,0xd33441a44da0c1dcee596abb7ebdcdba77c7ddbd,0.891177590000000000,NULL,0x,0
19,0xdd0fc21f01174aa31ef4501f32022f699471845e4b33580a6acd55a6dbb91cb8,5215433,1520467344,0x0681d8db095565fe8a346fa0277bffde9c0edbbf,0xd33441a44da0c1dcee596abb7ebdcdba77c7ddbd,0.690000000000000000,NULL,0x,0
20,0xb7e984800ebc54b0c8e33556591d1da05bc615b4d67ad8470f221d4f0daedc4a,5215543,1520468809,0x0a3726a32946d31b8afbe5e5e6033aed25aeb024,0xd33441a44da0c1dcee596abb7ebdcdba77c7ddbd,1.000000000000000000,NULL,0x,0
21,0x870cfa6c20abff5969843f52af9354e5f27d56a5e78784da2638531fd9f679b5,5215636,1520470309,0x3f5ce5fbfe3e9af3971dd833d26ba9b5c936f0be,0xd33441a44da0c1dcee596abb7ebdcdba77c7ddbd,3.990000000000000000,NULL,0x,0
22,0xed0c671830a732f2ed4ea9c91175a546b083dc842608b610ca516dcaa3e6a145,5215815,1520473225,0x3f5ce5fbfe3e9af3971dd833d26ba9b5c936f0be,0xd33441a44da0c1dcee596abb7ebdcdba77c7ddbd,4.990000000000000000,NULL,0x,0
23,0x4f593e382f696011e4fe90080df74793a6fada8da778ecf371349f95be1dfdc2,5217591,1520499117,0x3f5ce5fbfe3e9af3971dd833d26ba9b5c936f0be,0xd33441a44da0c1dcee596abb7ebdcdba77c7ddbd,0.590000000000000000,NULL,0x,0
24,0xad16b56f1080f61a2ef7b8e6dfdd8f156aff072b2148fb5db06d2f80a7ad2067,5219343,1520524662,0x1b31076af96ee57d98a1198d088c4c14c1f582e4,0xd33441a44da0c1dcee596abb7ebdcdba77c7ddbd,9.99999999E-10,NULL,0x,0
25,0x9f85a113f2acd74a282d4d1ac3f9e4c77b050feb3a47e4c5e55fff9554ca3fb7,5220258,1520538340,0x0681d8db095565fe8a346fa0277bffde9c0edbbf,0xd33441a44da0c1dcee596abb7ebdcdba77c7ddbd,0.200000000000000000,NULL,0x,0
26,0xb113bea8ba6749b3e2ce3d6f9dfbc4b451902095f14e14d8f94969793f8a32fa,5220285,1520538726,0x3f5ce5fbfe3e9af3971dd833d26ba9b5c936f0be,0xd33441a44da0c1dcee596abb7ebdcdba77c7ddbd,1.995212560000000000,NULL,0x,0
27,0x6b0884c8a6c199a4e1887246ff2deceba729a1ec2117ce702ee571388d1b799c,5220929,1520548019,0xfbb1b73c4f0bda4f67dca266ce6ef42f520fbb98,0xd33441a44da0c1dcee596abb7ebdcdba77c7ddbd,0.313391800000000000,NULL,0x,0
28,0x7891784faee07b8d69253aa7958f2178d8d66aabe403666c0c40933b3349a445,5222569,1520572291,0x51836a753e344257b361519e948ffcaf5fb8d521,0xd33441a44da0c1dcee596abb7ebdcdba77c7ddbd,0.205000030000000000,NULL,0x,0
29,0x71fe706369969503d3f80f659d513222683af5675ea98b1c54a4c701cdeaaa28,5223323,1520583610,0x0681d8db095565fe8a346fa0277bffde9c0edbbf,0xd33441a44da0c1dcee596abb7ebdcdba77c7ddbd,0.990018320000000000,NULL,0x,0
30,0x133c76ebf4d6c49efe80d793d02a166c872479d24cad5f92649b83fd987bc37b,5279817,1521412819,0xaa95771591f73c393d68beb3dd2338162fbb6cb4,0xd33441a44da0c1dcee596abb7ebdcdba77c7ddbd,0.670000000000000000,NULL,0x,0
31,0x8f0b86384e2dac8cb4c3d5259c5b84de4192d76cbb48d4a753f95158fd0bb580,5291467,1521581541,0xfbb1b73c4f0bda4f67dca266ce6ef42f520fbb98,0xd33441a44da0c1dcee596abb7ebdcdba77c7ddbd,1.000000000000000000,NULL,0x,0
32,0xe80135436e68618a9128132a501bfdda1198485d5b0ea8eb96566a6e24dedc1b,5291843,1521587031,0xfbb1b73c4f0bda4f67dca266ce6ef42f520fbb98,0xd33441a44da0c1dcee596abb7ebdcdba77c7ddbd,0.994000000000000000,NULL,0x,0
33,0x433e5d60b9130a078a200a12d443ac9835c2e4652f6eaadf905c695a9fc5ddd2,5292456,1521595948,0x1b4b8daef2cd4c9ad35866e513ae8682f9fba037,0xd33441a44da0c1dcee596abb7ebdcdba77c7ddbd,0.200000000000000000,NULL,0x,0
34,0x028e787d8bae251d203ecfaa229f2ef23346429f79d15d724cedddeb512281d9,5292720,1521599862,0xfbb1b73c4f0bda4f67dca266ce6ef42f520fbb98,0xd33441a44da0c1dcee596abb7ebdcdba77c7ddbd,0.229727440000000000,NULL,0x,0
35,0x8d8fbd860e5ac2cdc0f4dc884cf72af1dece9bc4642eba1ea49e20063a54691e,5293807,1521615290,0x2b5634c42055806a59e9107ed44d43c426e58258,0xd33441a44da0c1dcee596abb7ebdcdba77c7ddbd,0.570000000000000000,NULL,0x,0
36,0x2d449c5ae9f2af6fe62b1dd02a8873e1789c26c3caae73a27274fb19e9266028,5298001,1521676854,0x0681d8db095565fe8a346fa0277bffde9c0edbbf,0xd33441a44da0c1dcee596abb7ebdcdba77c7ddbd,0.300000000000000000,NULL,0x,0
37,0x9698164021936a9b3da30503feb5318e1eeada0205a06b7cade1fc74f5f1564f,5303483,1521755337,0xfbb1b73c4f0bda4f67dca266ce6ef42f520fbb98,0xd33441a44da0c1dcee596abb7ebdcdba77c7ddbd,0.202909440000000000,NULL,0x,0
38,0x3cabe0bcedef4f752c1f8a685e707682ef87cda203eba887d939facd80341258,5303639,1521757529,0xf44dff7b52a1537d793b443a76daf2b87594e5f9,0xd33441a44da0c1dcee596abb7ebdcdba77c7ddbd,0.996531000000000000,NULL,0x,0
