,TxHash,BlockHeight,TimeStamp,From,To,Value,ContractAddress,Input,isError
0,0x5fbc08bb86d92312499ec97680d68a5eba45c6ca2317da4529fed9fbb0897f69,5642215,1526759463,0x267be1c1d684f78cb4f6a176c4911b741e4ffdc0,0xd47a0ce5d41eb793bd7008436082388b6894dc9e,3.495000000000000000,NULL,0x,0
1,0x7636024cfd0d4c0970998f89483a67979d90c687128b27ae220cb0a6676046a1,5643765,1526783128,0x3770a0a9c5411eb9e96373081bc7e14a9f88a1e6,0xd47a0ce5d41eb793bd7008436082388b6894dc9e,1.000000000000000000,NULL,0x,0
2,0x9debe5316a47979f3a33c632c0b258f430e3e58221863c24d43d58f6da993b74,5643809,1526783803,0x3f5ce5fbfe3e9af3971dd833d26ba9b5c936f0be,0xd47a0ce5d41eb793bd7008436082388b6894dc9e,0.990000000000000000,NULL,0x,0
3,0x2a41b6eff1fc8c4c597d8aad966ed075a7b9bf3736eb0774644aeb73497d3b94,5648611,1526856719,0x367b51750f5c6243785bc450b8e954724e42d93a,0xd47a0ce5d41eb793bd7008436082388b6894dc9e,0.505966180000000000,NULL,0x,0
4,0x0530d524aee3a3486740018394f5f2a6a198ca9f74cdac49b7393133768a8b14,5686092,1527431337,0xd47a0ce5d41eb793bd7008436082388b6894dc9e,0xf1de6028046e1a6ede638f6f0d01227e193e1db6,5.989916180000000000,NULL,0x,0
