,TxHash,BlockHeight,TimeStamp,From,To,Value,ContractAddress,Input,isError
0,0x797021f5ec4f34e559923c075ae96edc6cfa6cc9cab8f608ee53c115e7f00bbb,5545137,1525289529,0x20a86f99c0b4e364303666e2a1ef4498a9467be5,0xd582cec308d9320b2ec3dc2868b56549fc8ace5a,0.100000000000000000,NULL,0x,0
1,0x7090d7844c1af9372a9b6f1cd401878630535e4322d91dfbe07bcf303a185b32,5548227,1525337042,0x8c7efdc1d318252e8234987fe7fea3257cb719d5,0xd582cec308d9320b2ec3dc2868b56549fc8ace5a,0.143019750000000000,NULL,0x,0
2,0x5a4a0c1e666af793dcf3faa6b6a3810a482f3c51d68b16ac7e5c7220cc4e80a5,5550969,1525378663,0xe62ab5034ab2f5419e72e0e9df284976a9a40825,0xd582cec308d9320b2ec3dc2868b56549fc8ace5a,2.300000000000000000,NULL,0x,0
3,0x390965416c98667ac766af92b1342a9979dbeeefea5b8de1f97b53a3ae45fabe,5554954,1525439447,0x37a6d2102fe3a5669223a89c5d66cf463b50423e,0xd582cec308d9320b2ec3dc2868b56549fc8ace5a,1.140000000000000000,NULL,0x,0
4,0x6096a3e38d78884e856176a96b0d7e813032cdd5f3d9864c7bb45792e8136cbb,5557263,1525474527,0x93cf692d6502b316c87959e7e9784bc2c6311964,0xd582cec308d9320b2ec3dc2868b56549fc8ace5a,0.510000000000000000,NULL,0x,0
5,0x450d6cef9a82ff52be5dd3d3f0a1316e446476720a9faa3e2940c13b5ac68c70,5557386,1525476550,0xf072c2567d6cdb5156c0d75ed1ebfe160c603bbf,0xd582cec308d9320b2ec3dc2868b56549fc8ace5a,0.900000000000000000,NULL,0x,0
6,0x22434287bf3212b2f09077aa9c3e38c5acfbf9cdbf5ac3d6e6197d62fe6e0834,5558083,1525487542,0x82a1bd0bc92dfddbf73bf7bc9069408a72730804,0xd582cec308d9320b2ec3dc2868b56549fc8ace5a,1.830000000000000000,NULL,0x,0
7,0x4e97ad419fefb68ce8e4853abc5c666e4d1e837a2cc700453d82a70589962995,5558344,1525491269,0xcf3595f649579327e9b7c5b851d183f0b5adeb95,0xd582cec308d9320b2ec3dc2868b56549fc8ace5a,0.230000000000000000,NULL,0x,0
8,0x294cd68e6ffc87bfa27472ec4e47926e5c28902c213e13a10b59e43fd5c344dc,5561163,1525533835,0x3f5ce5fbfe3e9af3971dd833d26ba9b5c936f0be,0xd582cec308d9320b2ec3dc2868b56549fc8ace5a,0.090000000000000000,NULL,0x,0
9,0x6cea168ee42f9c8446dc0a04f2356ad4f6e73e29722ce818b8bb616bfe2f983c,5625378,1526501574,0xd582cec308d9320b2ec3dc2868b56549fc8ace5a,0x65068fdf5dbee45673c60f69608b9ad1bdc9a769,7.242158750000000000,NULL,0x,0
