,TxHash,BlockHeight,TimeStamp,From,To,Value,ContractAddress,Input,isError
0,0xc969b71b2133f92170fee58430d83d70dd74bc53bb17bcfc9cf81377f1093257,5011403,1517486501,0x9fa5071ed31b264418669245349e13cd6905a66b,0xd7ef26f0cf2e21df02ad391d89226c7a72efa4a0,0.200000000000000000,NULL,0x,0
1,0x54c99091bb7864d5d53cb707946d29a81af5149d53c209f9a4bdbc6273efcf9a,5011405,1517486550,0x42ad1d5c6f59f338e4c80e0ae61aa7cb4f779d58,0xd7ef26f0cf2e21df02ad391d89226c7a72efa4a0,0.200000000000000000,NULL,0x,0
2,0x5e83256ad0874091ece1b7106c139f9fa4e09999bd88314c6d43f031cb39933a,5011410,1517486642,0xa5f538340e6cdd79dd4b8bcdab02346e647aba23,0xd7ef26f0cf2e21df02ad391d89226c7a72efa4a0,0.160000000000000000,NULL,0x,0
3,0x34c128793f8a8fa48cd002f916fc52ed8500c0d4428b9afc120693010c8b11ce,5011410,1517486642,0xc81aaf7f29e21b2651f8bb874e2032d7bc2a1ee7,0xd7ef26f0cf2e21df02ad391d89226c7a72efa4a0,0.200000000000000000,NULL,0x,0
4,0x311a1c115fa987b93265120fa74b4c0f7b17fd458b0d95b52fc6cde00a18ca4f,5011420,1517486829,0xca6c51ac8f663199b507e72bc10210637da1d5ee,0xd7ef26f0cf2e21df02ad391d89226c7a72efa4a0,0.200000000000000000,NULL,0x,0
5,0x70d73a25c97b81b8d2f3ed52b00bd2a80850fe07d106767af3346f9a63f51e40,5011421,1517486838,0x5b8cd82753778e1b0951b2949c39265be1a70cc9,0xd7ef26f0cf2e21df02ad391d89226c7a72efa4a0,0.200000000000000000,NULL,0x,0
6,0x7a1f4be79d17778e99568da42ad7bd729dd5d2d0c761b72cf8b171de5403fc77,5011462,1517487464,0x5330dae6ce3a59f7e333187c37b4056d1fb00016,0xd7ef26f0cf2e21df02ad391d89226c7a72efa4a0,0.200000000000000000,NULL,0x,0
7,0x36700e5c24c70fa809c6dbe6422014e623b8f6aa520c85db7601bec441bfab11,5011475,1517487659,0x89fbd02829a4473f6a1f822e2549a6a00c274a80,0xd7ef26f0cf2e21df02ad391d89226c7a72efa4a0,0.200000000000000000,NULL,0x,0
8,0xf65dc492fa57d11026f5858846f65e81c6739d971f121f3528fbbe6c88dac70f,5011484,1517487793,0xc8e72a52e0d321310593d3156fef85d6062bb0a7,0xd7ef26f0cf2e21df02ad391d89226c7a72efa4a0,0.100000000000000000,NULL,0x,0
9,0x7dcbe6c6093fe225332179dda4995a9a628cd61bb723556eb2f6cd211282f4b3,5011533,1517488436,0x2e44895b512576fe3962daef574c4850c7a28ee0,0xd7ef26f0cf2e21df02ad391d89226c7a72efa4a0,0.200000000000000000,NULL,0x,0
10,0x72ef2d16391bf5394609fc8b19a336f3a623c48b6b86f1717b58ace4717f293f,5011863,1517493610,0x0fac9a8fa2b21dff017ce9e0d6117e57e4aecd15,0xd7ef26f0cf2e21df02ad391d89226c7a72efa4a0,0.200000000000000000,NULL,0x,0
11,0x0346cfd67c2f2f31e347fdd5135d237e8bf177b6a866259efd49673140c69af5,5012543,1517504741,0xdb77336fde1fac8ae317de7f26b724300b30305a,0xd7ef26f0cf2e21df02ad391d89226c7a72efa4a0,1.500000000000000000,NULL,0x,0
12,0xd081dc5124e3250c5a75adbe4d2c2f2889446a90ec44a4b200328f54da9e2fa7,5012593,1517505544,0x89fbd02829a4473f6a1f822e2549a6a00c274a80,0xd7ef26f0cf2e21df02ad391d89226c7a72efa4a0,0.800000000000000000,NULL,0x,0
13,0x987e1f90dcf8147f9bd8d492aea7d4d41baaf87c9afaca297c02458d1e5b4073,5013045,1517511922,0x89fbd02829a4473f6a1f822e2549a6a00c274a80,0xd7ef26f0cf2e21df02ad391d89226c7a72efa4a0,0.000010000000000000,NULL,0x,0
14,0x4b661a0ef53aea97abecd189cd943e2a3a97db5182d257a23f35bc7113fd2bf7,5032288,1517792863,0xd7ef26f0cf2e21df02ad391d89226c7a72efa4a0,0x13bf246f5890f28032a430e76a606dc7fae5a153,4.355000000000000000,NULL,0x,0
