,TxHash,BlockHeight,TimeStamp,From,To,Value,ContractAddress,Input,isError
0,0x944f9c87ea14f372480f1f9bbd865a6254353471ddef940fbef9341fa288d9a6,5478834,1524297021,0xaeafa98dcc20a67ab981c491b84cbf940c8d672d,0xd71c2b8df46bb764a83354802845f3740203aa19,0.500000000000000000,NULL,0x,0
1,0x285a12f681eb7e719293f2f0265637772359bd36ff42e562c01441ac47700682,5479492,1524306861,0xaaa69c1c546b79453b9445ad7f01447e7550346c,0xd71c2b8df46bb764a83354802845f3740203aa19,5.000000000000000000,NULL,0x,0
2,0xc2cb3fd8b3d9698a8df634b56f84b32ba534635881162ee7d76e15f4e09b9cfa,5479661,1524309409,0x876eabf441b2ee5b5b0554fd502a8e0600950cfa,0xd71c2b8df46bb764a83354802845f3740203aa19,0.597300000000000000,NULL,0x00,0
3,0xbdefcf087fccf27af68f759a54a498be4c690d3408a2ff5b1a462c0c6cd041a5,5484602,1524382156,0x390de26d772d2e2005c6d1d24afc902bae37a4bb,0xd71c2b8df46bb764a83354802845f3740203aa19,0.990000000000000000,NULL,0x,0
4,0x44e211e8491499aaf474b0ab39b9224a977e33abbf138fe42398129cf8dfc5a3,5484664,1524383396,0x390de26d772d2e2005c6d1d24afc902bae37a4bb,0xd71c2b8df46bb764a83354802845f3740203aa19,0.959044320000000000,NULL,0x,0
5,0xcb9b0557980caf4e94ace040cb5a75311fc4d7e83574f0febfe6047cecfad18e,5489329,1524450874,0xd71c2b8df46bb764a83354802845f3740203aa19,0x0845f48b493c2955cdb1e2bb14dd45a2bce9c165,0.500000000000000000,NULL,0x,0
6,0x9baa6e668fffb5a07f9962bc3e979c0fdd1b82cfbfa992d40360324299354df4,5504124,1524672240,0xf928bf76a660ba67fa3fea86c17e9d0842ba5c2a,0xd71c2b8df46bb764a83354802845f3740203aa19,0.802933658299425000,NULL,0x,0
7,0x128bbbf383b187e8c5af3acb2d1aa5d7abd088e49c8b7e51f0d58cdb361fb121,5608937,1526251211,0xd71c2b8df46bb764a83354802845f3740203aa19,0x42f4e40c7e4fe00c7272c76113e6c92cc94dc00f,8.338857978299425000,NULL,0x,0
