,TxHash,BlockHeight,TimeStamp,From,To,Value,ContractAddress,Input,isError
0,0x55a1ed05b0f1a124b298d4660f039a6c52f146d847246f54c784e125a13c6493,5110408,1518924963,0x4c80b641b1803355e2e7f06280e902504a432e6d,0xdac676db3e8635551bb4a6efb9f5355aa65b2bbc,0.050000000000000000,NULL,0x,0
1,0x8c5234fb9478179823fc050e4a44bf39a05d997b2070aee2086e8bd630db4c3b,5111403,1518939632,0x0681d8db095565fe8a346fa0277bffde9c0edbbf,0xdac676db3e8635551bb4a6efb9f5355aa65b2bbc,0.180000000000000000,NULL,0x,0
2,0xacfae6d45163a56bece7879fbf8fc9424f9c9e66783781da027b378cd924a82b,5111692,1518943811,0x37910917fd0a0b51053fae824f5e588aa75ec25c,0xdac676db3e8635551bb4a6efb9f5355aa65b2bbc,0.700000000000000000,NULL,0x,0
3,0x49ab356a0fb9a9ba646438cb67e645460ca41fc71dd7f53097b6d1ffaa2717e5,5112489,1518955023,0x095e5e816f97381d4aa28c6ac95fa14fe1b8b5a5,0xdac676db3e8635551bb4a6efb9f5355aa65b2bbc,0.406250670000000000,NULL,0x,0
4,0x6488b5fe6af597ac83705813324be475ccd9e0f29027817da7dd7d0225854373,5116022,1519005988,0xdac676db3e8635551bb4a6efb9f5355aa65b2bbc,0x020b1573f2ca670190d33ca2f0a57b0c0399ad37,1.335767670000000000,NULL,0x,0
5,0xa92ecb41bcd2486ea13f1be05d8bfe1df9bb0ba3c8fa0334c30fa93b16781762,5120241,1519068015,0xb9da131bc98902fcd2311a22ef91d1b214b36756,0xdac676db3e8635551bb4a6efb9f5355aa65b2bbc,0.300000000000000000,NULL,0x,0
6,0xc42de4e7e1a8474c3cf7c6f64f63a30d757f6cbb024797817c682d48ee65dd2f,5128323,1519188038,0xdac676db3e8635551bb4a6efb9f5355aa65b2bbc,0xd8bc7066efacdccb21ba3527fd647576c76320b5,0.299517000000000000,NULL,0x,0
