,TxHash,BlockHeight,TimeStamp,From,To,Value,ContractAddress,Input,isError
0,0x4c68d6cf88faedaa8337090ef138261a8ce44d342ec67c2c32a44f3cb20ecfae,5280676,1521425571,0x66102fd70f4d7df9b14149dee4d3d4239475d19b,0xdb0589a57332e0242fe2fa63b071c7a04ac2609d,3.000000000000000000,NULL,0x,0
1,0xc3e441b165309c306b992ddf2536684825f286e4994452e935578768f67096ff,5280748,1521426652,0xdb0589a57332e0242fe2fa63b071c7a04ac2609d,0x4d3737f45975082c12e134db871f8bbfbf7594e0,1.000000000000000000,NULL,0x,0
2,0xa2ef790bfff0330fe184384f0e83366933e8bbe051b83fd24917c50e3f34021f,5307602,1521814451,0x77c75a4cfe31ade3d5f6840bf458ccbc1f433a2a,0xdb0589a57332e0242fe2fa63b071c7a04ac2609d,2.000000000000000000,NULL,0x,0
3,0x2158f243c95cd49da6a79e66aef44197976cd3f95d78d004982beac4ef664568,5408581,1523268136,0xdb0589a57332e0242fe2fa63b071c7a04ac2609d,0x4d3737f45975082c12e134db871f8bbfbf7594e0,1.000000000000000000,NULL,0x,0
4,0x73e10de8c506200fa92c70135d0402cb36a5c13a41f0155236b974b36ed99715,5543585,1525266287,0xdb0589a57332e0242fe2fa63b071c7a04ac2609d,0xac922c5e270b28caf22dccc25b87f32d70e751d9,2.998551000000000000,NULL,0x,0
