,TxHash,BlockHeight,TimeStamp,From,To,Value,ContractAddress,Input,isError
0,0x2c8cefd529776ac6917ec9073db56ff168bfc4d8f5d5935a2b82b05db5f578bb,5156753,1519605693,0x8878468e2f1acc56e431e178e82a94475aa5a0af,0xdb21509547c82b69e714bf3a761e6d64f0f91cd0,0.696062184000000000,NULL,0x,0
1,0xcb46ea719b695b019b15b4a99eb7cbd026f309dd1b2470df916aba88f739e932,5156851,1519607215,0xdb21509547c82b69e714bf3a761e6d64f0f91cd0,0x1331e0108ec071d1be85e27e8c006013112588a6,0.693211735964516900,NULL,0x,0
2,0xf3bb4f1deb9b25c5cb1b87410520d3e95b5fbf8f5180869428a9d4acc1e8bd96,5160587,1519663892,0x13fe4f0e075de8c11554b1b4fd86b32890ae237e,0xdb21509547c82b69e714bf3a761e6d64f0f91cd0,0.870452860000000000,NULL,0x,0
3,0xb512bb9ef824e186f7bedc3013dc3acb99a2b308f6e1d1ab58ce151cfb826c8b,5161041,1519670859,0xdb21509547c82b69e714bf3a761e6d64f0f91cd0,0x3156387d576b6ce70bd3cd6016e87bd968a687f6,0.814945709037643300,NULL,0x,0
4,0x8ea929231f246cdfc9f7198d77a1352bd9cfe14d13722195ac0e1aa29fc04405,5161087,1519671523,0xdb21509547c82b69e714bf3a761e6d64f0f91cd0,0x3156387d576b6ce70bd3cd6016e87bd968a687f6,0.056908598997839800,NULL,0x,0
5,0xfacec15f3ca57cba4b5336a1f83e4f942c57dd5d007eb26d1f0315da1626d6dc,5183452,1519999781,0xf096d6b16eb29ff2e6600aa6f212445ceab666a8,0xdb21509547c82b69e714bf3a761e6d64f0f91cd0,0.100000000000000000,NULL,0x,0
6,0x793774ea69fac5cc0522dcd1a611ae911c71a176cf94b043cff6ec7af0734373,5183628,1520002275,0xf096d6b16eb29ff2e6600aa6f212445ceab666a8,0xdb21509547c82b69e714bf3a761e6d64f0f91cd0,1.900000000000000000,NULL,0x,0
7,0x5868f0666ce36a90192fef95729125b5e1b2a4e0abe058ad585dcf713f8f41d6,5183750,1520004159,0xdb21509547c82b69e714bf3a761e6d64f0f91cd0,0x3156387d576b6ce70bd3cd6016e87bd968a687f6,1.999517000000000000,NULL,0x,0
8,0x97023ebad8ca3dcad6cb72569cf239e37b6988052bc10cdb3c167a668e363c01,5194191,1520156239,0x48566b2d2d8365704c500e3ec040dbaea035fef4,0xdb21509547c82b69e714bf3a761e6d64f0f91cd0,0.022000000000000000,NULL,0x,0
9,0xc62ccd42d56f3fc2d6a648b6a62a78b09e137466dc1542293b1146faa30f34fe,5199616,1520234789,0x3f5ce5fbfe3e9af3971dd833d26ba9b5c936f0be,0xdb21509547c82b69e714bf3a761e6d64f0f91cd0,0.150000000000000000,NULL,0x,0
10,0xe14ef19706678a0199343332f79f13d4eb441a33d03e6698d23260ec5be61552,5200630,1520250340,0xdb21509547c82b69e714bf3a761e6d64f0f91cd0,0x3156387d576b6ce70bd3cd6016e87bd968a687f6,0.148144029469788080,NULL,0x,0
11,0x01298fcb6cd59ede9c3e1220de2e751f3c06250e0a769ad082ab196ee8c9aa53,5200788,1520252713,0xdb21509547c82b69e714bf3a761e6d64f0f91cd0,0x3156387d576b6ce70bd3cd6016e87bd968a687f6,0.022889970530211920,NULL,0x,0
12,0xadf45f57c0d763c656827b0abaa1339b3e9ae0e1ca07f4063bf919a01fb40122,5202625,1520279777,0xba9d423b98249fe193fc345fb2bcb6e8edad5282,0xdb21509547c82b69e714bf3a761e6d64f0f91cd0,1.150000000000000000,NULL,0x,0
13,0x23d627431587f54b6c0c97477864602666c2dcec78deb36ec974cf8ea37d0e96,5203485,1520292467,0xdb21509547c82b69e714bf3a761e6d64f0f91cd0,0x3156387d576b6ce70bd3cd6016e87bd968a687f6,1.000000000000000000,NULL,0x,0
14,0x44d6f1db99acb5bba019ddebd9ee14bc6be38a51a7b9e02a36f65bec8a30a7d8,5203505,1520292688,0xdb21509547c82b69e714bf3a761e6d64f0f91cd0,0x3156387d576b6ce70bd3cd6016e87bd968a687f6,0.149034000000000000,NULL,0x,0
15,0x4cc4f6e8d602d13e75f9100c9390a96fb871877ce0f2fb4bfe643df527c26a05,5204503,1520307196,0xe9ec5430c23066eb1fe198cdb864fb508151fee1,0xdb21509547c82b69e714bf3a761e6d64f0f91cd0,0.130000000000000000,NULL,0x,0
16,0x6af82f6e3995a9e81f7237268ca586095db6f6253d4b4940eb6e00e34ff094d3,5207155,1520346483,0xdb21509547c82b69e714bf3a761e6d64f0f91cd0,0x3156387d576b6ce70bd3cd6016e87bd968a687f6,0.129517000000000000,NULL,0x,0
17,0x71823304555a78950212617b02be6beaa55e8fbe320c3762eaee1f9d77632b99,5638355,1526699436,0xb89dd647788c54a03ba290a6320ba53566afb57d,0xdb21509547c82b69e714bf3a761e6d64f0f91cd0,0.036500000000000000,NULL,0x,0
18,0xd3d349923c1dd139b2d83ca64119e9bdbcbac38e0f24602991fbfac40a65a8b6,5645831,1526814660,0xb8cf411b956b3f9013c1d0ac8c909b086218207c,0xdb21509547c82b69e714bf3a761e6d64f0f91cd0,0.028500670000000000,NULL,0x,0
19,0xfa61e9022f7851d66b05064af822e2b697d917480b3759b6fca3d21a486f3cb0,5656844,1526982347,0xdb21509547c82b69e714bf3a761e6d64f0f91cd0,0xbb621a052457fb82a9b27474bb28a9d80784e66b,0.058482097168004440,NULL,0x,0
20,0xc8970f9297621ff03896e429c5e8de55d8c1902e3b77a536d39efa0fccddb7e1,5719457,1527941633,0xdb21509547c82b69e714bf3a761e6d64f0f91cd0,0xff002dcd4f2b7694ea97abba8c4a81d190b875e7,0.005552572831995560,NULL,0x,0
