,TxHash,BlockHeight,TimeStamp,From,To,Value,ContractAddress,Input,isError
0,0x584d9cb78790710714169ff1b142c6ac48c7fb082c0caba842df0b1511f0512b,4879744,1515498798,0xb66c3a0c44cd00998d561bae4ced8425369494ec,0xdb2387e1f6b6ff6df446c7171f533feb403433c9,0.006509800000000000,NULL,0x,0
1,0x0acf1d4f4119918fb595e27e4203bd24a8448d1cfa125387ec928b3f7117da83,4880147,1515505589,0x1357e4680730e4cea38cd2d7e66783d354379152,0xdb2387e1f6b6ff6df446c7171f533feb403433c9,0.986893640000000000,NULL,0x,0
2,0x18c949c6bc8e617f0ecd8c1e28c44845e566f2821069a89cc7ca9a9b34f05dcc,5545073,1525288446,0xdb2387e1f6b6ff6df446c7171f533feb403433c9,0x8d328e84fff2db1a689ef58b5f173a05c9021cbf,0.900000000000000000,NULL,0x,0
3,0x1926721902d4272c8abb31d270f5e03bede27a67520da90fb6bac1c76642c88f,5545080,1525288511,0xdb2387e1f6b6ff6df446c7171f533feb403433c9,0xe41d2489571d322189246dafa5ebde1f4699f498,0E-18,NULL,0xa9059cbb0000000000000000000000008d328e84fff2db1a689ef58b5f173a05c9021cbf0000000000000000000000000000000000000000000000a226ab5a5a773a2000,0
4,0x7d3e2bacecb378da503d8a29d843eeb8f85a3e64f98072847623d0d9b6cab1fb,5545088,1525288604,0xdb2387e1f6b6ff6df446c7171f533feb403433c9,0x8d328e84fff2db1a689ef58b5f173a05c9021cbf,0.091424190000000000,NULL,0x,0
