,TxHash,BlockHeight,TimeStamp,From,To,Value,ContractAddress,Input,isError
0,0xdca1df0fc04c17b642be29865f4a1d65371ba7f5236207c9f245e75b63344cf7,5714862,1527871677,0x267be1c1d684f78cb4f6a176c4911b741e4ffdc0,0xde72b9575b532ab7cf37c677d95e9ce612b05ace,15.779790000000000000,NULL,0x,0
1,0x59629732bb0faf02e5dff17420e0b82a7e11e4ca9ae154c9e5cb5fac20a4d318,5715466,1527881290,0x8e3d7eaf20dd7d9161c0689b1b4f5468a13ea7e9,0xde72b9575b532ab7cf37c677d95e9ce612b05ace,1.000000000000000000,NULL,0x,0
2,0xaa0bd3a378b2b92a045b30730c0192bd31fadcd2fcc8b3bf6004fb785eb6ade4,5715851,1527886811,0x0b653708e29b8630d654822c97a754760267d2ea,0xde72b9575b532ab7cf37c677d95e9ce612b05ace,0.500000000000000000,NULL,0x,0
3,0x4402e35db3c374d3da852d5d8a9f2c89b2339034541eb43c07a400edc0eb445a,5716410,1527894732,0x5521a68d4f8253fc44bfb1490249369b3e299a4a,0xde72b9575b532ab7cf37c677d95e9ce612b05ace,0.845893950000000000,NULL,0x,0
4,0xdfd7dc2d05d78ca36027f647c402e6528292ef09b8a166c7f5522312b813148f,5716570,1527897323,0xcd27c6ed93d37b0b1a4bf1aac6338d3288733b34,0xde72b9575b532ab7cf37c677d95e9ce612b05ace,1.000000000000000000,NULL,0x,0
5,0xbfed510ac1b312081486445ae0dc7034105c92b03f7c56dfb5f14e02a27af93d,5716703,1527899420,0x0681d8db095565fe8a346fa0277bffde9c0edbbf,0xde72b9575b532ab7cf37c677d95e9ce612b05ace,3.279652770000000000,NULL,0x,0
6,0x313f3c6036e87f153c203f98f766e9a4ff02a20f19401888de5e794fba82aa30,5716775,1527900573,0xfbb1b73c4f0bda4f67dca266ce6ef42f520fbb98,0xde72b9575b532ab7cf37c677d95e9ce612b05ace,2.744000000000000000,NULL,0x,0
7,0x8366c1d9092131b91ff5cca17c69ba3e41c9ec2a72b8bdf1f33a708f8259e37e,5716900,1527902400,0x0681d8db095565fe8a346fa0277bffde9c0edbbf,0xde72b9575b532ab7cf37c677d95e9ce612b05ace,2.986993470000000000,NULL,0x,0
8,0xef9a9affb42eed9a8914cc9725253140cd88a5bf46e5cba99e9f5c9c88af1487,5716927,1527902794,0xe3314bbf3334228b257779e28228cfb86fa4261b,0xde72b9575b532ab7cf37c677d95e9ce612b05ace,0.495000000000000000,NULL,0x,0
9,0x4e6e5201112b6a9437f1b667bf835ae78e4fc43f104006ec45c48ac2985345b3,5717012,1527904087,0xe3314bbf3334228b257779e28228cfb86fa4261b,0xde72b9575b532ab7cf37c677d95e9ce612b05ace,0.026490020000000000,NULL,0x,0
10,0x94879f073286c2316de500ec7928b15a1552c8f3b7d926fd6579eec166490b6e,5717081,1527905126,0x61967b292c64316a2afbd89f16419a654cbbdec9,0xde72b9575b532ab7cf37c677d95e9ce612b05ace,0.500000000000000000,NULL,0x,0
11,0xe3e5674849bb12782bb7613aca763940a0cfc269e1f1bb40699eba7c3b7c05de,5717085,1527905207,0x3f5ce5fbfe3e9af3971dd833d26ba9b5c936f0be,0xde72b9575b532ab7cf37c677d95e9ce612b05ace,0.508986520000000000,NULL,0x,0
12,0xfacb3fb536fca3a216e8e3d8ef7c6e399087033f60a5cf1084b1711abf8e079f,5717110,1527905653,0xfbb1b73c4f0bda4f67dca266ce6ef42f520fbb98,0xde72b9575b532ab7cf37c677d95e9ce612b05ace,0.594000000000000000,NULL,0x,0
13,0xf211b328b7adcfc83101492bf58b10c963e0725e9a3b057a2b82fee905fc2efd,5717661,1527914005,0x564286362092d8e7936f0549571a803b203aaced,0xde72b9575b532ab7cf37c677d95e9ce612b05ace,1.000000000000000000,NULL,0x,0
14,0x31d60e80409569c6f6c6c14541fac610aa77a6bb47cec6a9830f0e477170f7a5,5717699,1527914467,0xf73c3c65bde10bf26c2e1763104e609a41702efe,0xde72b9575b532ab7cf37c677d95e9ce612b05ace,3.000000000000000000,NULL,0x,0
15,0xbccad0f6398254b3a2f167ffa5f594c471297c8a25b148221284fa0a3595056d,5717731,1527914971,0x4b4a8b4366b4ae099c83600bb46a2b12fb60f7ed,0xde72b9575b532ab7cf37c677d95e9ce612b05ace,0.510000000000000000,NULL,0x,0
16,0x0322397a7d7edad00185ba985e52f85e3ca6c6e06c40878a1f06aad248bfdc78,5718038,1527919544,0xe3314bbf3334228b257779e28228cfb86fa4261b,0xde72b9575b532ab7cf37c677d95e9ce612b05ace,2.495000000000000000,NULL,0x,0
17,0x6dd783f26b1b861cbdfdd04d708dc519e2cfa0f7ce290a520a93a2b1459def43,5718048,1527919684,0x8235d2ba1194e60e990eadbcbbeeb46f4b73517d,0xde72b9575b532ab7cf37c677d95e9ce612b05ace,0.800000000000000000,NULL,0x,0
18,0x7d296836b1dc4498ba7611062fddeae67f23e543e4029e4e394e71b266978064,5718062,1527919876,0x109850edddbb6a1b3b978a4bcec72dc024c8d242,0xde72b9575b532ab7cf37c677d95e9ce612b05ace,0.530000000000000000,NULL,0x,0
19,0x5b51b0c33060c4e1a3d7bee859e596408347fad8f73b15e255bec8d5025cfd01,5719100,1527936108,0xfbb1b73c4f0bda4f67dca266ce6ef42f520fbb98,0xde72b9575b532ab7cf37c677d95e9ce612b05ace,1.468376490000000000,NULL,0x,0
20,0xbd6822101a5c1bcdfbc254b6a0bde408d58e15a76bc8f28f99195ce51641fafe,5719188,1527937511,0xfd9150cd13a083ad71df366d541c9e6872f4e050,0xde72b9575b532ab7cf37c677d95e9ce612b05ace,0.500000000000000000,NULL,0x,0
21,0x322ff5cafc14ad1949dfc73195839620bf8a132d81a712945ac5d4676a2450a8,5719809,1527946878,0x003e2dd892cc06f49edd7fddb2e53abe18cf1319,0xde72b9575b532ab7cf37c677d95e9ce612b05ace,0.050000000000000000,NULL,0x,0
22,0xaabdf45a76699efd39e2bfe4b5266e25326501039d98acf92204650c39d465b9,5719887,1527948022,0xc91c9a1c732fcbef9c4496826334ac9561601c2c,0xde72b9575b532ab7cf37c677d95e9ce612b05ace,0.500000000000000000,NULL,0x,0
23,0x7e96a9e9c33846f1368ab9cc47162c4dfc0f19902a4c735846596db33e69cdc8,5720272,1527954005,0xdab7ced5825d74441fc4821a72874fb0383b6b1f,0xde72b9575b532ab7cf37c677d95e9ce612b05ace,0.500000000000000000,NULL,0x,0
24,0xbd7000648f0d4d53ac51d37675d1cb962435db9e79317d13fe35cbeca385d2f6,5720441,1527956443,0xdd0641e2f6b9ca7b1ba6fbc59d9b2afba1b48bf8,0xde72b9575b532ab7cf37c677d95e9ce612b05ace,0.510000000000000000,NULL,0x,0
25,0x0ee9ffea9b1f25cf449f4dc16775bcfdfc277a02b7708d55ede39650fd8a0431,5720485,1527957172,0x99ab46812d1e6d2bfbb7a337418da10b15aa159f,0xde72b9575b532ab7cf37c677d95e9ce612b05ace,0.896593200000000000,NULL,0x,0
26,0x12aea5b6895c6f0deafbeea9bbf63de35e5d6f1d2fd33f0d75e94ae32e3f1775,5721000,1527965252,0x1183e79a0d5bfa0ff0767d575bf6135ad6f116cb,0xde72b9575b532ab7cf37c677d95e9ce612b05ace,0.050000000000000000,NULL,0x,0
27,0xe45c99b83721c1219730599f49a3c53c33234b91c562e3fab5f8d23d10bcb044,5721070,1527966475,0xd419b0b6190620b5b40361130077c4bae3924131,0xde72b9575b532ab7cf37c677d95e9ce612b05ace,0.501000000000000000,NULL,0x,0
28,0x255d001f5798101b3b07c97008692b290b60277224c1e6eb80e346dec87cb8b8,5721877,1527978711,0xf35d872e66b6582762e4029d11b667998f4f421b,0xde72b9575b532ab7cf37c677d95e9ce612b05ace,19.000000000000000000,NULL,0x,0
29,0x3ff010e5edfe36197abc7faa6fc2afe8eedf06a2f859eac5eb5323097c29bd44,5722708,1527991664,0x876eabf441b2ee5b5b0554fd502a8e0600950cfa,0xde72b9575b532ab7cf37c677d95e9ce612b05ace,0.997300000000000000,NULL,0x00,0
30,0xfdadd938d70aa6e6a1c301fef4d1b89d69395c0f6550e14f6e8ee1f8c69c28c4,5723829,1528008766,0x7d6f839e53c6a6b6249b189c9fb8b26e5f946fb2,0xde72b9575b532ab7cf37c677d95e9ce612b05ace,0.600000000000000000,NULL,0x,0
31,0xd7132fe1c0aaa636d226d8cec6a6f3453866307debf5752c340ea9fa4d53fff7,5725210,1528029884,0xeb0235c7716679847e8e2f703bf4a02f2f80c130,0xde72b9575b532ab7cf37c677d95e9ce612b05ace,0.599790000000000000,NULL,0x,0
32,0xbdbbbb802aed7eb47545e25ea6a1f4ded8cac24731a16f3c5cc5138289c3e337,5727089,1528058883,0x53b5507ba3f572365ea7b36bf6d7798d7c16d12a,0xde72b9575b532ab7cf37c677d95e9ce612b05ace,2.000000000000000000,NULL,0x,0
33,0x4196e12c7fb96cbb3b9ada1f0953255b1172c12b67ef95f6488bee8c61ce5f84,5727989,1528072990,0x3f5ce5fbfe3e9af3971dd833d26ba9b5c936f0be,0xde72b9575b532ab7cf37c677d95e9ce612b05ace,0.640795460000000000,NULL,0x,0
34,0x1a84b7777ffa728c32e43e4c05ea7b97eebede05ab2fd175ae5c32326ed89005,5728078,1528074295,0x2c22bf6e45a87495fad5cca09ff0e92bf77056f6,0xde72b9575b532ab7cf37c677d95e9ce612b05ace,0.100000000000000000,NULL,0x,0
35,0x83ef41a6d2b41afbb843a21b2a26cc3779515090952eb74b052a5707ec9a8346,5728780,1528085020,0x9f48d5beddc7c76e8af5e5f8f8bf113bce520264,0xde72b9575b532ab7cf37c677d95e9ce612b05ace,0.032000000000000000,NULL,0x,0
36,0x3a793b2242827edf82c2f4f59ef9b8420109af474c7873f4dede9ddf078fca51,5728818,1528085649,0x9f48d5beddc7c76e8af5e5f8f8bf113bce520264,0xde72b9575b532ab7cf37c677d95e9ce612b05ace,0.005685292445912992,NULL,0x,0
37,0x84fbb2f755268baa0a56c572129101fea90b7e216b686bfc1105d03c87dee523,5742030,1528287546,0x11f5a5a0440dd2f2b7f2cbd3d1db059727283b26,0xde72b9575b532ab7cf37c677d95e9ce612b05ace,0.050000000000000000,NULL,0x,0
38,0xdf6ca13ba440ee4a1c6b076158a64aba98fc9272ed0f2ba412e876f2733d9b19,5742475,1528294652,0xe9cf2dc97d825d43fc42ae7807a8342edddbc26e,0xde72b9575b532ab7cf37c677d95e9ce612b05ace,0.001000000000000000,NULL,0x,0
39,0xc35e50be4ef1c0f80cf1bc9f5448bd31ebe4d9303517023b0bb759fb96923f1e,5807113,1529270548,0xde72b9575b532ab7cf37c677d95e9ce612b05ace,0x0e029c46b2d7e6e477ac30124807ec899723f3e2,67.597486172445912992,NULL,0x,0
