,TxHash,BlockHeight,TimeStamp,From,To,Value,ContractAddress,Input,isError
0,0x258092f2d3e22639a0bd97515837e4f3da9f852296f37dd836d6dbbfd4ebd3c9,5157005,1519609325,0xbbacb18eb776ff3bc341675d9fb94ab53038d98e,0xdef6d8b6ea60de2cb8646ecc21fd66fb37e0e30f,0.500000000000000000,NULL,0x,0
1,0x83b4012c9c5d85af10c1cd371f785d662ae6fe228aa1157db0f97cfe0f81975a,5157859,1519622703,0xd24400ae8bfebb18ca49be86258a3c749cf46853,0xdef6d8b6ea60de2cb8646ecc21fd66fb37e0e30f,0.400000000000000000,NULL,0x,0
2,0xfd849d745d277d0555f751541ba41aef4505a6d8ac9cb669f168fba803994e77,5157997,1519624617,0x9fcafcca8aec0367abb35fbd161c241f7b79891b,0xdef6d8b6ea60de2cb8646ecc21fd66fb37e0e30f,0.449978190000000000,NULL,0x,0
3,0x67aff5b9575bccb094a138aecc4ec6617e1d772cf1c7b9c01dd981bab034ed88,5158015,1519624897,0x3f5ce5fbfe3e9af3971dd833d26ba9b5c936f0be,0xdef6d8b6ea60de2cb8646ecc21fd66fb37e0e30f,0.490000000000000000,NULL,0x,0
4,0x6718bcf6370f0569eb1d9cdd165299b76ee56be9b81d5a8a6157e3a7ac318084,5158135,1519626537,0x3f5ce5fbfe3e9af3971dd833d26ba9b5c936f0be,0xdef6d8b6ea60de2cb8646ecc21fd66fb37e0e30f,0.440000000000000000,NULL,0x,0
5,0x4c081af1cf6edc0c919fa4b1a438c96991232704b2f2756a0803938ee1851480,5158455,1519631651,0x82a296e86224799825b1ad9441f8a866baf306f8,0xdef6d8b6ea60de2cb8646ecc21fd66fb37e0e30f,1.000000000000000000,NULL,0x,0
6,0x5020350b26e92e93a21ac4b8e8ca1bc2b698863935739aa6f28554b44ccf373f,5158838,1519637611,0x5bf14c09a57d842da8a11f4346978b3aa05d519e,0xdef6d8b6ea60de2cb8646ecc21fd66fb37e0e30f,0.500000000000000000,NULL,0x,0
7,0x79122ad383da3454ba442dcffb560ab32463ecbca0a0880c8b17ffe1f52e5a80,5158851,1519637762,0x1bd364be11b9bca869848b52e0d2c64776b7c18e,0xdef6d8b6ea60de2cb8646ecc21fd66fb37e0e30f,4.000000000000000000,NULL,0x,0
8,0xc4c10845ea35e6661f97690ccf8ad2f9edf5af5d0d1ffce0a6c0741405fe89a3,5158961,1519639392,0xd551234ae421e3bcba99a0da6d736074f22192ff,0xdef6d8b6ea60de2cb8646ecc21fd66fb37e0e30f,0.510000000000000000,NULL,0x,0
9,0x2b55467b78cc0409e7cac3b5bf4f62eb906e918447919e8722a89f1faf0081d5,5158982,1519639732,0x3f5ce5fbfe3e9af3971dd833d26ba9b5c936f0be,0xdef6d8b6ea60de2cb8646ecc21fd66fb37e0e30f,0.495334790000000000,NULL,0x,0
10,0xed669e11a13cdc4e3d733b28d3960c65c5f057afeee686022b5be7aca22dc50c,5159021,1519640347,0x340a6d4d2d93fc3eb9a2d4d66d9ba1feb889a90e,0xdef6d8b6ea60de2cb8646ecc21fd66fb37e0e30f,0.400000000000000000,NULL,0x,0
11,0xb61310511db9a06acee21d3ff89333f7834248cf3fb3755e4bb43d8cf77a01dd,5159127,1519641975,0xe3a8e4eef1dd031c35f14035f1e4400d89b9054a,0xdef6d8b6ea60de2cb8646ecc21fd66fb37e0e30f,0.400000000000000000,NULL,0x,0
12,0x391e9e8813bab2e7fed5b45e9847b81b72a01119e7d152009fc66f27c5d41346,5159402,1519645470,0xe08374f8d2e6847adb00a3efdc23f41e05d70ecc,0xdef6d8b6ea60de2cb8646ecc21fd66fb37e0e30f,1.880286650000000000,NULL,0x,0
13,0x8eb59fdb6a6d43cbe041a6c14c3f62baa628c7d190be8fe16e1e41402694c855,5159679,1519649905,0xe6f265cc68af5a6e6f5988682adb81ac05843862,0xdef6d8b6ea60de2cb8646ecc21fd66fb37e0e30f,0.400000000000000000,NULL,0x,0
14,0xb4368dc74a2996a9d82e38873b5019dfcbc61a36299b9c0cb1c8e8c273bfe775,5159768,1519651403,0xd551234ae421e3bcba99a0da6d736074f22192ff,0xdef6d8b6ea60de2cb8646ecc21fd66fb37e0e30f,0.400000000000000000,NULL,0x,0
15,0x536bd019cc59931c90a6545541ea079387c8308669c983e402a99b7cf5e61c1d,5159899,1519653457,0x7ed1e469fcb3ee19c0366d829e291451be638e59,0xdef6d8b6ea60de2cb8646ecc21fd66fb37e0e30f,0.455269229149522934,NULL,0x,0
16,0xd43d6f2c1e295708de2684346162b6ea2d7beccefb1fe5e06bf152590f7b19bc,5160029,1519655396,0x0681d8db095565fe8a346fa0277bffde9c0edbbf,0xdef6d8b6ea60de2cb8646ecc21fd66fb37e0e30f,1.749689050000000000,NULL,0x,0
17,0x6c265e8803a853bb56ed0479fad3f7b4995fea6fa98f01e99fedf0f27ab4063a,5160151,1519657413,0x254d5b3bf30ddef4f3a90140ae63499527b6a956,0xdef6d8b6ea60de2cb8646ecc21fd66fb37e0e30f,0.050000000000000000,NULL,0x,0
18,0xfcdc7367a99f21901a2c6cc96052634170db40e294ff0d3766fbfb4d4a8c65cf,5160263,1519659121,0x24b28c990414360030a0125c225e226c5e9a82a3,0xdef6d8b6ea60de2cb8646ecc21fd66fb37e0e30f,0.400000000000000000,NULL,0x,0
19,0xdfbf5ecac1c123622fe611b9176d791ceeb37f9c7c9ec737fe40aecbf3f79385,5160504,1519662736,0x3f5ce5fbfe3e9af3971dd833d26ba9b5c936f0be,0xdef6d8b6ea60de2cb8646ecc21fd66fb37e0e30f,0.539497000000000000,NULL,0x,0
20,0xb6ba7d724237d8de927399623ebde8030ee87de08a24c179a824ffe0d045355e,5160673,1519665373,0xb9760f9755bbe8310482c9efde8de5ecf6939ceb,0xdef6d8b6ea60de2cb8646ecc21fd66fb37e0e30f,0.500000000000000000,NULL,0x,0
21,0x6c3c97c22cad05299019674a52923dac10fb2180d896a6eb4885836f17fb03db,5160897,1519668698,0x6318b1a00466ff2266fcbbb1c8ed906582e88b9c,0xdef6d8b6ea60de2cb8646ecc21fd66fb37e0e30f,0.500000000000000000,NULL,0x,0
22,0x3dc5ede773db8c411fed81e670b2d1cab13ff776a55b3162d0a0eeef2b9bf128,5161045,1519670936,0x564286362092d8e7936f0549571a803b203aaced,0xdef6d8b6ea60de2cb8646ecc21fd66fb37e0e30f,0.400000000000000000,NULL,0x,0
23,0x2cfb6b9013698028d24c0a42de659ddc68af32d21a760f636cc2a9c1259682c3,5161072,1519671299,0xd551234ae421e3bcba99a0da6d736074f22192ff,0xdef6d8b6ea60de2cb8646ecc21fd66fb37e0e30f,0.433476030000000000,NULL,0x,0
24,0x7d27b96c7308bc604554dd77193339840349eefaa37064f9457905768960ed10,5161084,1519671469,0x564286362092d8e7936f0549571a803b203aaced,0xdef6d8b6ea60de2cb8646ecc21fd66fb37e0e30f,2.987000000000000000,NULL,0x,0
25,0xe0d437f2b2bbfcff926c60aeb2ccfc9c585e07d24be4b25e7cbc96bc871dcbff,5161096,1519671742,0x3d4d3ddc08f6230510ec86b01f642f553061621b,0xdef6d8b6ea60de2cb8646ecc21fd66fb37e0e30f,0.013728540000000000,NULL,0x,0
26,0x6d37d6c7eb71cd9128255f24fbb09a8466a75afd9d6df8b92f192fa35212c22c,5161357,1519675473,0x418be78dd37b270dcec09e16e9f8645fd82bf912,0xdef6d8b6ea60de2cb8646ecc21fd66fb37e0e30f,0.001617490000000000,NULL,0x,0
27,0x5da76aa3773ecff9c31e4214a5c3b52ed778b659c131c4144750af971b454b38,5162004,1519684258,0x11ff9ad1fbe3b2eb885b6210aebadf90325595f4,0xdef6d8b6ea60de2cb8646ecc21fd66fb37e0e30f,0.010407330000000000,NULL,0x,0
28,0x5514d03715018fb888093a61eecfad2d799947ffba19f7cb47c2ad191fac119c,5162370,1519689722,0xdef6d8b6ea60de2cb8646ecc21fd66fb37e0e30f,0x9a1439206e4f2a98ce0527b19c303969a2a8ccae,20.305423299149520000,NULL,0x,0
29,0xc493032d8f56e2f00a82c5c79df1c9565eb095734bbff7e53b841806ee571346,5162784,1519695639,0x8baea63ddb9ea98a833ce57889044770364cba52,0xdef6d8b6ea60de2cb8646ecc21fd66fb37e0e30f,2.000000000000000000,NULL,0x,0
30,0x3f682575f42d76282ac56de23c85edd267950734aa42449c564fdf20c01fe91b,5163246,1519702448,0x97947ac43a050136b355c2d7817fd685e498299a,0xdef6d8b6ea60de2cb8646ecc21fd66fb37e0e30f,3.000000000000000000,NULL,0x,0
31,0xb2b45e3d6eb3d119d758fed907f1e81c81765690a899c9b14d6e2397e9383a41,5163726,1519710690,0xd6eac3a6aaf4427cad05d88317c0dfb71e6a0988,0xdef6d8b6ea60de2cb8646ecc21fd66fb37e0e30f,0.700000000000000000,NULL,0x,0
32,0x398c831a4a31214083c2878c7d00027a186835ee300ba754829580ff34315566,5163763,1519711271,0x3f5ce5fbfe3e9af3971dd833d26ba9b5c936f0be,0xdef6d8b6ea60de2cb8646ecc21fd66fb37e0e30f,0.400000000000000000,NULL,0x,0
33,0x17e4e8017468bafbb56da80d273438d79fcf58e4bd144cbb179c8199fb07d26b,5164579,1519722816,0xdef6d8b6ea60de2cb8646ecc21fd66fb37e0e30f,0x9a1439206e4f2a98ce0527b19c303969a2a8ccae,6.099139000000000000,NULL,0x,0
34,0x4d7878f2c7834fe7c691612cef63948f294067df52605c51bb1eb0adedb55b1e,5166254,1519747177,0xfdc1293853cbbb323eae25ea86b778afcf1d2153,0xdef6d8b6ea60de2cb8646ecc21fd66fb37e0e30f,5.000000000000000000,NULL,0x,0
35,0x2d89acafd1ff065223dd7ddb33e7e73e21bf3d7c0ed1f678749ceebee23ca4db,5172326,1519835868,0xdef6d8b6ea60de2cb8646ecc21fd66fb37e0e30f,0x4f926d35543975ad927c4dfa4ce3847c5856a7e4,4.999139000000000000,NULL,0x,0
