,TxHash,BlockHeight,TimeStamp,From,To,Value,ContractAddress,Input,isError
0,0xdb0eeab32d5e9175e289b82a3a524fceb9594e621f9476a2db7a5b6793d75efc,5577029,1525770167,0x9eb84c2b0979b17e1d5eff6144ae3bfd7ac6d57f,0xdfa8e0d144b1bd7b9f08cd05a7726cc20121292f,0.920000000000000000,NULL,0x,0
1,0x8766756887ffd79e3e8c6e1b92b3e475a08046486cff53e9e15342067f546109,5578515,1525792685,0x390de26d772d2e2005c6d1d24afc902bae37a4bb,0xdfa8e0d144b1bd7b9f08cd05a7726cc20121292f,0.500000000000000000,NULL,0x,0
2,0x2157243d655dd15bb95cdc6a83961c1fb88bd2c8e3fe5a0c2f6a37c68c34c3e4,5583301,1525865461,0xdfa8e0d144b1bd7b9f08cd05a7726cc20121292f,0xc31d31bbd4728666197c8fa4be062b27b9d497c5,0.420000000000000000,NULL,0x,0
3,0x2a6103143f0efe93abaeda26b9d16a68cf2445acbf3f5b03a533f17f962be6ee,5585307,1525894938,0xe21bc8d4f47dbd9e4dd29229333d1999c33d0e87,0xdfa8e0d144b1bd7b9f08cd05a7726cc20121292f,4.980000000000000000,NULL,0x,0
4,0x9d1a4afa2dbc8918082da58757c4836cd52f95c9710513df5532bcbecee9447d,5612603,1526307273,0xdfa8e0d144b1bd7b9f08cd05a7726cc20121292f,0xc31d31bbd4728666197c8fa4be062b27b9d497c5,1.000000000000000000,NULL,0x,0
5,0xf2cce61b798bd027f7a12ef846bfdd75b34ce0f66f821cc03108c2ee32026f1d,5618178,1526391957,0x0681d8db095565fe8a346fa0277bffde9c0edbbf,0xdfa8e0d144b1bd7b9f08cd05a7726cc20121292f,0.047880270000000000,NULL,0x,0
6,0xc910f294a88339a3da2f7643b45f51b5bb2581780d411034b878c5be85cb2560,5663947,1527092490,0xdfa8e0d144b1bd7b9f08cd05a7726cc20121292f,0x388850b86520a64f18967afe0cc18094826d4c49,0.010000000000000000,NULL,0x,0
7,0x02458a82aebe1c020ff72ce1c7d0a76d0df45f6bcf4cff272d64e5c4c9988381,5691804,1527517586,0xdfa8e0d144b1bd7b9f08cd05a7726cc20121292f,0x17e70be2c91277088681e7957f3cce2370faca90,5.014436270000000000,NULL,0x,0
