,TxHash,BlockHeight,TimeStamp,From,To,Value,ContractAddress,Input,isError
0,0x5f5cd71bb20e54f8a54ab241010e5eb6e64842c503faf8eb672408135ebcebbc,4970637,1516892854,0xdce62fec1f1f0c55c91ea48d9f31f1cb1f8e288c,0xe0b13c073e8173b06062c69a160ebb54e2af86c3,0.950000000000000000,NULL,0x,0
1,0x37af99a09f613cb64589aba0230d86aec1697ffc05d9800a49f7c3c6205b5236,4972323,1516918259,0x32efd7e09f625d447884abd6bdd998d5d4b8e577,0xe0b13c073e8173b06062c69a160ebb54e2af86c3,0.500000000000000000,NULL,0x,0
2,0x5784e25ad7738b7a483b6d0ff4e5546c19ca648a398351927adcc4a7b2febfa1,4972552,1516921278,0x4986ff14dea286a72afe4601db4e02ab3c36c256,0xe0b13c073e8173b06062c69a160ebb54e2af86c3,0.500000000000000000,NULL,0x,0
3,0x26b097a6f529baa1a038e211719a3c1f8053dc0e46d70dda4378e5ea8f6c25d4,4972653,1516922697,0x52b0cc4f39cb8ac7b17432759767ba7d3c97799b,0xe0b13c073e8173b06062c69a160ebb54e2af86c3,0.264904450000000000,NULL,0x,0
4,0x1a8f3751a3969835caf632d793ec1f00e35e58b70f5ad89119fc66fdac74c1d3,4972908,1516926246,0xff17460b0d03b35698cd448c58e406f53f76bd4f,0xe0b13c073e8173b06062c69a160ebb54e2af86c3,0.965824650000000000,NULL,0x,0
5,0x8381d58a8d2ed41c0bc7d217cf7761eda71d6473aa90823dccf1c70d30b66d07,4973399,1516932947,0x520401761bdecefc71e1a03162d95fa06ac56961,0xe0b13c073e8173b06062c69a160ebb54e2af86c3,1.030000000000000000,NULL,0x,0
6,0x10e5aad81d046f8adbcf78decff8f9c3f8cecb9ed34e1620c9198f0b1e4661b7,4974214,1516944822,0x8fd90d0c65555d0d3e9d3f8b315049426b140557,0xe0b13c073e8173b06062c69a160ebb54e2af86c3,1.500000000000000000,NULL,0x,0
7,0x6fee41e4d6ec8b9600a8b2233aa28a0d9b282aa4d35c04f2721ee030b3a262cc,4974234,1516945081,0xdbcdd6f747255f4463f2b8c769c5e65a747f00ea,0xe0b13c073e8173b06062c69a160ebb54e2af86c3,0.500000000000000000,NULL,0x,0
8,0xa0b2881033c11f087e69984ebd7befcdc9daedb81a3e9d361f0ee8bf9403a404,4975143,1516958528,0x43636b5597154ee0a07c9801ccd8c4b95ee11309,0xe0b13c073e8173b06062c69a160ebb54e2af86c3,4.444000000000000000,NULL,0x,0
9,0xd6c8fd58dc32952638a95a6b725087980773b7be02ec60a89587a4143d31824a,4976002,1516970804,0x1ae7f41bb06e39ac6700a1b6e4f019670c47b77a,0xe0b13c073e8173b06062c69a160ebb54e2af86c3,0.050000000000000000,NULL,0x,0
10,0x9336e751dc4889133c0e76d81492251251108f9f1efb2336031d13328b36aa2f,4976194,1516973405,0x49338c133df5c1ff51c8c8f045af2e71df345303,0xe0b13c073e8173b06062c69a160ebb54e2af86c3,0.500000000000000000,NULL,0x,0
11,0xc784560b5586475a7392f167768fa84eb1fc230bf2bb50f49aa49049d894a237,4976300,1516974983,0xbc8809722bec135262a58112a0ac654b8d96a216,0xe0b13c073e8173b06062c69a160ebb54e2af86c3,0.500000000000000000,NULL,0x,0
12,0x41285d85876a8502a1ae79b770192f9aa2aa1bc346e0621f402337fa348967a7,4976372,1516976057,0xd931b79ae9fe8109fe86293dc70bb07119599f00,0xe0b13c073e8173b06062c69a160ebb54e2af86c3,8.440836430000000000,NULL,0x,0
13,0xc1447c3eda4cf1a58a60efa413d2f6b59c9e5b5aec7435d9c599c0e4f04ccf6c,4976397,1516976424,0x3a4f7ef071f39c015fce3d44cf72baf67858549a,0xe0b13c073e8173b06062c69a160ebb54e2af86c3,1.000000000000000000,NULL,0x,0
14,0xe7ba4cb793175331e5c38a46626b992016ce65d3c30769e497fd2b3498e35d32,4976423,1516976827,0xcd054f49fd868cbb6545b69eb3c9c91dda905074,0xe0b13c073e8173b06062c69a160ebb54e2af86c3,0.709955250000000000,NULL,0x,0
15,0x4319f3bc4f9790b26f99769599c2d27d302437e0898b259f9dbe2da188f2fec1,4976429,1516976926,0xf914050f7d1d3c8f48ccd230c12b1deeda2f71aa,0xe0b13c073e8173b06062c69a160ebb54e2af86c3,1.010000000000000000,NULL,0x,0
16,0x0de7e6d61ef8c22050e3354a33c8f29e72fc07eb68bcf36aca4b87684955b5f0,4976733,1516981709,0xa753234b8e94da640c1b3ea0145ce643b57df08e,0xe0b13c073e8173b06062c69a160ebb54e2af86c3,1.999200000000000000,NULL,0x,0
17,0xb6087178c441ae1d1acc91d4ad9d6a146c9b609d49e721268f79013139baeb82,4976874,1516983641,0x913b235895ea0c457ea1c341c65521b086a534fc,0xe0b13c073e8173b06062c69a160ebb54e2af86c3,1.000000000000000000,NULL,0x,0
18,0xe613b29f9ef43a6c86e99baa90697f4f9c2056607ae2e4ae1eeeb5fc49bcc8cb,4976882,1516983747,0x7ee02cad7990e6396686504bc312284ee07b998b,0xe0b13c073e8173b06062c69a160ebb54e2af86c3,2.000000000000000000,NULL,0x,0
19,0x917c24f0170397ff1ca5a358a37f9392902948a9bb499cdc180a4a77bb72cebe,4977393,1516991519,0xc6bf077248d4193adb82bada4dd6c651b1faffbc,0xe0b13c073e8173b06062c69a160ebb54e2af86c3,0.030000000000000000,NULL,0x,0
20,0x0b67562d123fba1e50a94599e240b4969d6581fcf87aad9f0dbce748ef27f394,4977524,1516993518,0x2825cf79fb553caee24eed62261e084da2a28ba5,0xe0b13c073e8173b06062c69a160ebb54e2af86c3,0E-18,NULL,0x,0
21,0x6a2d15b5943d683aef1eed04ab2a6431546fd0667976f7b19dc892ba4a2a5985,4977590,1516994586,0xe46a372f5a9f1f7bb186023731118a878de642d4,0xe0b13c073e8173b06062c69a160ebb54e2af86c3,1.000000000000000000,NULL,0x,0
22,0x91af55e28c4cfd6e02f981d46fb3a225c1bb7c77298a39dcec0e4fa6f108d70b,4977616,1516995001,0x2825cf79fb553caee24eed62261e084da2a28ba5,0xe0b13c073e8173b06062c69a160ebb54e2af86c3,0E-18,NULL,0x,0
23,0x0848f8ee4d4c4480af3c0116e78d79174209696bb3c33f615ce60b56685be5cf,4977626,1516995114,0xd973022403df251ae1ba8cdca6cbda761e0ed9e0,0xe0b13c073e8173b06062c69a160ebb54e2af86c3,2.000000000000000000,NULL,0x,0
24,0xad1a6d13948cd4f8939099e15b3478887906c0296f1725ec8f0a6188143dc1da,4977680,1516995917,0x2825cf79fb553caee24eed62261e084da2a28ba5,0xe0b13c073e8173b06062c69a160ebb54e2af86c3,0E-18,NULL,0x,0
25,0x042ee3acb158ede373a7a1aa424edde3addbecd4bc8a3fcff1e6e18bc1c62a10,4977842,1516998075,0xdf3e563959bf151e77dee2202987cecfde77b022,0xe0b13c073e8173b06062c69a160ebb54e2af86c3,0.700000000000000000,NULL,0x,0
26,0x8a446b6fd0c9deabaea010c7eaa5d2ad59994377733ed81e3fc3d32308ea4701,4978011,1517000075,0x2825cf79fb553caee24eed62261e084da2a28ba5,0xe0b13c073e8173b06062c69a160ebb54e2af86c3,0E-18,NULL,0x,0
27,0x73f05223c482bb7efc1eb9705895cf0ed1756950619422cf4b66ffab59cf531e,4978074,1517001020,0x8fada3c2112062320f4b2e40b8f756df755a1db5,0xe0b13c073e8173b06062c69a160ebb54e2af86c3,1.600000000000000000,NULL,0x,0
28,0x3cb5590931905e353635650b86cb051cd9a2895ba7fe65223e4b22410182a524,4978110,1517001631,0x8a2d82584682067bea69a903c9202e63664d6a8a,0xe0b13c073e8173b06062c69a160ebb54e2af86c3,0.118000000000000000,NULL,0x,0
29,0x3cfbf26d99af1ca9110f7644d53177476d300227569e72299c7340c8c4ceb08d,4978191,1517003038,0x2825cf79fb553caee24eed62261e084da2a28ba5,0xe0b13c073e8173b06062c69a160ebb54e2af86c3,0E-18,NULL,0x,0
30,0xc242a6a17f39960ac66d6927a75d812832527a09d12c3717e79e1fba9c74a956,4978496,1517007713,0x2825cf79fb553caee24eed62261e084da2a28ba5,0xe0b13c073e8173b06062c69a160ebb54e2af86c3,0E-18,NULL,0x,0
31,0x8a7a6417c63564d7a0f385c50c5a91e548e714a530c0485e6bd61eb438ce3a3b,4978647,1517010094,0x2825cf79fb553caee24eed62261e084da2a28ba5,0xe0b13c073e8173b06062c69a160ebb54e2af86c3,0E-18,NULL,0x,0
32,0x05b7a72fb932b30385bc0a8be434d7d25ba8d58a7b9348204d3acd5465da8166,4978687,1517010698,0x399042f526beb96bcd2c1d91dbae2aafa3010425,0xe0b13c073e8173b06062c69a160ebb54e2af86c3,0.182953828000000000,NULL,0x,0
33,0x42be98fff9f768a8a863b8f5de2d527f0157eacb6e627baf9fb4d9e028bce75c,4978821,1517012446,0xbfeabbeecb83b84b00cf412c0663f6d87e4ee905,0xe0b13c073e8173b06062c69a160ebb54e2af86c3,0.500000000000000000,NULL,0x,0
34,0x4ab473b4d1d26cdea90cb186dc2bc5654e7322e15f82022574d51cab32e3518f,4979823,1517026675,0xcf3dc6391b11a0a6fb53c5595eb22d8326168761,0xe0b13c073e8173b06062c69a160ebb54e2af86c3,0.647193553000000000,NULL,0x,0
35,0xa20210c74471725bd601b9d16edd68df97d77580dff29ba7956a2fe168f09745,4980536,1517037064,0x2825cf79fb553caee24eed62261e084da2a28ba5,0xe0b13c073e8173b06062c69a160ebb54e2af86c3,0E-18,NULL,0x,0
36,0xe7fcb6b2674460f58f7412a48c755061f6bbfca3057fd4933afd70176e5127d6,4981104,1517044973,0xe0b13c073e8173b06062c69a160ebb54e2af86c3,0xca7d339b107c0cdcb9d281bfe1c66fda891d5f62,17.327000000000000000,NULL,0x,0
37,0x4f2a28c7a4e56cdc63493a21fae7eff099614ea26b8115ec8b1abad3f8161c0f,4981109,1517045080,0xe0b13c073e8173b06062c69a160ebb54e2af86c3,0x9745bcff87d38e3b4c4261c1aa47d12cf5255fd4,17.312957161000000000,NULL,0x,0
38,0x7c144a5f71cf0ca6a62d56f92a84ea8762e12ff5411145e02e0d5713dcd39fbc,4981837,1517055798,0x63086d7e5512315a4699666de79cc03f09a00565,0xe0b13c073e8173b06062c69a160ebb54e2af86c3,0.500000000000000000,NULL,0x,0
39,0xeaff181bb947e84e7b0a14bb1086aae70fcb396e9a27a44fc26c7b70ddccdb84,5012481,1517503674,0xe0b13c073e8173b06062c69a160ebb54e2af86c3,0x32efd7e09f625d447884abd6bdd998d5d4b8e577,0.500328000000000000,NULL,0x,0
