,TxHash,BlockHeight,TimeStamp,From,To,Value,ContractAddress,Input,isError
0,0x1270e8e5bfc79f87f87cb7f0f3e0745ac88b936e9ce0c8ecf403dae44a3e3661,5156344,1519600114,0x112303e400adc134bb12241bb0b70654cc23f1ef,0xe009321b26350c2cff5db607068c1f6813df40d7,3.000000000000000000,NULL,0x,0
1,0xb5a41547d843953a3e13074d234d8d5bf2a8292113ec48cb6f6709f659a40e3c,5156344,1519600114,0x32437b54d6be503b6dae3fd902f85ebf1394ecba,0xe009321b26350c2cff5db607068c1f6813df40d7,0.408577560000000000,NULL,0x,0
2,0x2f52178425cf673efb294d8e909fa6b9ab89ce1588ebbca111309df33d0e2dad,5156344,1519600114,0xea93a71d278ce32c695b6801499eb97888d3319f,0xe009321b26350c2cff5db607068c1f6813df40d7,2.100000000000000000,NULL,0x,0
3,0xbac1344b6a55ac8dfbca526cffe838ddef66019850d7b424e6736553a682ca9d,5156392,1519600759,0x0681d8db095565fe8a346fa0277bffde9c0edbbf,0xe009321b26350c2cff5db607068c1f6813df40d7,0.400000000000000000,NULL,0x,0
4,0x2103bedbbb704a179e5216c3136506c8090665dca55b63b1f7a3f7c85527a4e2,5156402,1519600870,0x4d9df479e1269f6960d4c0100407c59888d58f90,0xe009321b26350c2cff5db607068c1f6813df40d7,0.706000000000000000,NULL,0x,0
5,0x622d5d81d23fc759c7086aae8a1f61d2e1bd546ae06c235decffe53ec576fe24,5156447,1519601576,0xf9c74de972e20eab26cc26fc5f0426b04db39851,0xe009321b26350c2cff5db607068c1f6813df40d7,0.400000000000000000,NULL,0x,0
6,0xf993036a20aec7f6edeb21663f8cd86649e9becac5dc65e3686746110a49339b,5156450,1519601596,0x3f5ce5fbfe3e9af3971dd833d26ba9b5c936f0be,0xe009321b26350c2cff5db607068c1f6813df40d7,0.402000000000000000,NULL,0x,0
7,0xbd718b7e21a0a2901ed9c92e9fcaad39a41ea139eabb089974560ce4cd969207,5156453,1519601646,0x2b5634c42055806a59e9107ed44d43c426e58258,0xe009321b26350c2cff5db607068c1f6813df40d7,0.390000000000000000,NULL,0x,0
8,0x84af6508a9f596f15084b2eb0d399b2d5698ebe6d5fba898d62f05fe90907a74,5156464,1519601772,0x40bcdef20d81a7372f0944b0819a79736aa42fdf,0xe009321b26350c2cff5db607068c1f6813df40d7,0.450000000000000000,NULL,0x,0
9,0x76ca3500a3494f2cbec925c1110879625c364c28bb6dc0923a3134a5de37a5c9,5156473,1519601900,0x2b5634c42055806a59e9107ed44d43c426e58258,0xe009321b26350c2cff5db607068c1f6813df40d7,0.090000000000000000,NULL,0x,0
10,0x258277533946008887117a286c21100648fa5d7dcb2dc83493d21feb9c8574d6,5156536,1519602945,0x14fea3c96bd60f6667cfcfc9d5b446b0126ac9e2,0xe009321b26350c2cff5db607068c1f6813df40d7,1.606000000000000000,NULL,0x,0
11,0xe8b847542ac0a020c86133b1016a2dc2606ae02a6676e1de39d33399a67bd38d,5156544,1519603029,0x14fea3c96bd60f6667cfcfc9d5b446b0126ac9e2,0xe009321b26350c2cff5db607068c1f6813df40d7,1.606000000000000000,NULL,0x,0
12,0xf2e1ee6da0997bb264b23246e463debff7fedb450a0232ba1689008037623bf5,5156568,1519603335,0xa0bb4ba19f578a63fa3f67adaf7bbca15ccadc45,0xe009321b26350c2cff5db607068c1f6813df40d7,1.099000000000000000,NULL,0x,0
13,0xc4ed4a895912973d6e0df51dffe9d107f2037da10b47b7182cad7c6e4fe13b14,5938411,1531217764,0xe009321b26350c2cff5db607068c1f6813df40d7,0xe8123273de1d8368ce38325b03669a569b1cc3e7,12.655624560000000000,NULL,0x,0
