,TxHash,BlockHeight,TimeStamp,From,To,Value,ContractAddress,Input,isError
0,0xc1f89145cfd83a2fdb7aa67fe2b31af91d4d1d9763ec8f674fa374a9f896bd74,5449276,1523857669,0x3f0ba0f437ccc45ae7c910fef5efb668a1c85f7f,0xe369d4d2d6eec8d332fe1c14a5279cf42af1d8e7,1.000000000000000000,NULL,0x,0
1,0xbf559fb0fbf9f56d3251d555c65456c270c67ab59081c218224793d18cb49a5c,5449350,1523858851,0x6950a0ed89f5ca09d478b681e9e303aed294cbe7,0xe369d4d2d6eec8d332fe1c14a5279cf42af1d8e7,1.120612000000000000,NULL,0x,0
2,0xf2de23f8f61ff1e0fcde736868e5dcc378d8ce2c95fd4b1574bef35b82198199,5449411,1523859783,0x564286362092d8e7936f0549571a803b203aaced,0xe369d4d2d6eec8d332fe1c14a5279cf42af1d8e7,4.990000000000000000,NULL,0x,0
3,0x226b1b63a711e0fc13bb9f7293b9d32a55a470c197e4675431a4b69466387440,5450892,1523881398,0xf4a6d4a09e9de98198ea1665b675b818639cfa08,0xe369d4d2d6eec8d332fe1c14a5279cf42af1d8e7,0.600000000000000000,NULL,0x,0
4,0xf550fd916dbe25fe432de6554977743ea0a713e6835b88ee2bcf8eb401b032c7,5452560,1523906556,0x9ea05b64fbb94fac181f34366d1317092a62f56e,0xe369d4d2d6eec8d332fe1c14a5279cf42af1d8e7,0.500000000000000000,NULL,0x,0
5,0xcaf929cc177b0b5fdc6a2af9a0ddfef54984742a49e3c4cee3ee95bb642207f2,5454350,1523931996,0xe369d4d2d6eec8d332fe1c14a5279cf42af1d8e7,0x0d5dc4bc46aa297c6672c4fe1f99a8e9622e992f,8.209751000000000000,NULL,0x,0
