,TxHash,BlockHeight,TimeStamp,From,To,Value,ContractAddress,Input,isError
0,0xde5deabf1d01ffc641cf87ec96a342fde44c5d96ee56c1c719b68ee86adb3750,5300749,1521716522,0xd2f9c7e80efe7c686f976e8b5dd3d2f25b0db865,0xe344e4b209e8eabaa2a6ddd1b0aa120b7599af25,4.000000000000000000,NULL,0x,0
1,0xe48899323c18956a78c4a9b845eaf9d77e03a1b2c42bec5e74198d7535c72887,5305605,1521786197,0xb881152f9eee29fb1b48c3d1e7c811e3aba2d333,0xe344e4b209e8eabaa2a6ddd1b0aa120b7599af25,3.997300000000000000,NULL,0x,0
2,0x9d41f8cb77bf3841cb3f03df9a9e0ec108ad26a033fd0b46c1279172fbbd32a5,5305720,1521787911,0x416299aade6443e6f6e8ab67126e65a7f606eef5,0xe344e4b209e8eabaa2a6ddd1b0aa120b7599af25,0.500000000000000000,NULL,0x,0
3,0x978b73316f0d2edbc6acaed1fa75a915541e8ea1540847ef1d532c32f3eff391,5305831,1521789543,0x2b5634c42055806a59e9107ed44d43c426e58258,0xe344e4b209e8eabaa2a6ddd1b0aa120b7599af25,0.490000000000000000,NULL,0x,0
4,0x9cf0451972d4939e946444549b06b9091d29241ed84b90ac42befcd6efe1ecea,5305936,1521791031,0xc363322240c0c1e0e738957660f2d66716c62356,0xe344e4b209e8eabaa2a6ddd1b0aa120b7599af25,0.500000000000000000,NULL,0x,0
5,0xca5d917cbf8e5a80af40a99f27467ea0baffa05b0a055ec78aab4a56f85d829a,5307247,1521809371,0xc819801ed64b814ca9a2f40b176692ac9a7c7517,0xe344e4b209e8eabaa2a6ddd1b0aa120b7599af25,0.510000000000000000,NULL,0x,0
6,0xe23949df8a576b3bf4fa804fcaaaa9985b4bd2e0d780600a22bf30737c471502,5307316,1521810328,0x2d9b381dc4088faf714a198b16a62d586e0722ae,0xe344e4b209e8eabaa2a6ddd1b0aa120b7599af25,1.506137276000000000,NULL,0x,0
7,0x1e6b871c2e6409952e178302df26366d6e4e306292715cae4a4b95612fa7c3ed,5312925,1521891750,0x95a90b21e02ed4379734132228d56aa734b88566,0xe344e4b209e8eabaa2a6ddd1b0aa120b7599af25,0.500000000000000000,NULL,0x,0
8,0xb75953f12b4e04bb6ed46bd213004602dad5f97cfe1945f558b7ad2763c0fddf,5313591,1521901317,0xd551234ae421e3bcba99a0da6d736074f22192ff,0xe344e4b209e8eabaa2a6ddd1b0aa120b7599af25,0.652205090000000000,NULL,0x,0
9,0x7e4a33f2e6ab38fa55fb125ec10e0c068f65b444d248de9037ee78ad298d91a3,5313896,1521905348,0x5f7d8142585619f200a928b25707bdbcde4e5d30,0xe344e4b209e8eabaa2a6ddd1b0aa120b7599af25,0.554467160000000000,NULL,0x,0
10,0xf764ea41e5da0b5be2b905e8e68876d64be6ad16185448a9a9b8b9a7fa317fd9,5314210,1521909743,0xff17f3c8481d701b4ef3793e2dfd999ca8d31597,0xe344e4b209e8eabaa2a6ddd1b0aa120b7599af25,0.503415000000000000,NULL,0x,0
11,0xf7f304d24bb498b574a1a68366f26b29e82bb46ee3a06e278ff0deaffa498e31,5314213,1521909780,0x8a91104b88701eebe3214b6571c2870133175518,0xe344e4b209e8eabaa2a6ddd1b0aa120b7599af25,0.500000000000000000,NULL,0x,0
12,0x31f2aad524cb3f31947ad8a3743c821650fc97fccdba53a9711fdf19345944ef,5314856,1521919120,0xb59c1bfe8dde3b4363884444e9d516b653e5aff0,0xe344e4b209e8eabaa2a6ddd1b0aa120b7599af25,3.999916000000000000,NULL,0x,0
13,0xfbe309eb086343025d75bc8f7266093c21b011b9499ca72224f3aeb48528e42a,5315138,1521923096,0xe4c89b9fcab29c5bee3971b698cca4528f2644e2,0xe344e4b209e8eabaa2a6ddd1b0aa120b7599af25,0.500000000000000000,NULL,0x,0
14,0xad380dd511969d25910b064e81af9ae784783448ac7eb075a9b4785386c5c493,5316463,1521942209,0x412a0186b21dcec0ce987f0acf7e5fef7f3fd0de,0xe344e4b209e8eabaa2a6ddd1b0aa120b7599af25,0.900000000000000000,NULL,0x,0
15,0x4818a4bc536ace05afd16b799b51c57c89c026bf27329f3d17b0bf255baf6c01,5318677,1521974190,0x3441f925e7ddab1df44650355dfbbaad57d2a443,0xe344e4b209e8eabaa2a6ddd1b0aa120b7599af25,0.772884690000000000,NULL,0x,0
16,0x73b7664e7754123259d2a89787c923c1ba7362e2495418ff1d376c24c9c4fb39,5319569,1521987278,0x017ac9b51c14312cae771cd2ae00aba83b6d62e0,0xe344e4b209e8eabaa2a6ddd1b0aa120b7599af25,0.500000000000000000,NULL,0x,0
17,0x9c26f7c9f68b6c4873877d5e0606bd7b19841ca16d0c143df5af7661a1823976,5328967,1522121972,0x9071e0b4f8eea216e5fb2de9417f84a20efd514b,0xe344e4b209e8eabaa2a6ddd1b0aa120b7599af25,0.500000000000000000,NULL,0x,0
0,0x5f368508cf48d92d3633a7915e5e1ba89d2faa3bc83ce38dc6a152285d59a404,5331792,1522163580,0x1522900b6dafac587d499a862861c0869be6e428,0xe344e4b209e8eabaa2a6ddd1b0aa120b7599af25,1.000000000000000000,NULL,NULL,0
18,0x1f586fec62b72e879af95236237fbc9a07bb6acb1497722cfdbc653ece08f863,5337011,1522239630,0x999d1ce359692aebc26cd969a31d47d150128600,0xe344e4b209e8eabaa2a6ddd1b0aa120b7599af25,0.500000000000000000,NULL,0x,0
19,0x17cdbab5c3792fed29f917f5b42d0601c4475f00d3278a9edabaf4949da53946,5340434,1522288922,0x7e09bef46718478a6d900fbbea6ea50fc9bebb10,0xe344e4b209e8eabaa2a6ddd1b0aa120b7599af25,0.500000000000000000,NULL,0x,0
20,0x75d737f22e3e1acf06318902e562f1c6b6d0cd4f3d0b02762420a5f8dfd0c09f,5342348,1522317929,0x5e6a1c7938ed7af3272cae61cf3bd36e0f5dd973,0xe344e4b209e8eabaa2a6ddd1b0aa120b7599af25,0.501000000000000000,NULL,0x,0
21,0xd7b10828038b0468c5d450a48d5ed1ccfa132cd8556cced012bf9bd4477a2938,5342491,1522319999,0x82461b3809e58b9d2983655c607431fb0e1ee1b4,0xe344e4b209e8eabaa2a6ddd1b0aa120b7599af25,5.000000000000000000,NULL,0x,0
22,0x9b2e20a1ece1eaee434a2a41de9873bc51a35186fdeb49082e844ee8e79342ce,5413295,1523334970,0x270f6b7fbd5ebd02549a7a593da97827685fc542,0xe344e4b209e8eabaa2a6ddd1b0aa120b7599af25,0.500000000000000000,NULL,0x,0
23,0xcf2cd16c07a9e15a27f14069048749a5fbb07975f2fcac8e4684579b0591cbec,5433528,1523628290,0xe344e4b209e8eabaa2a6ddd1b0aa120b7599af25,0x5874ea1106177f15af841e500dcf2842f0858a70,29.386905216000000000,NULL,0x,0
