,TxHash,BlockHeight,TimeStamp,From,To,Value,ContractAddress,Input,isError
0,0xeb317a9f499124ef45964de943fa2dd5028d51eaffc3c1169e8c303a6dbae598,4311251,1506368810,0x99291e6d8f527f4012f29a4412d7cf068d66a946,0xe40620cd028b53244cdbabcb36dd1a347243872a,3.000000000000000000,NULL,0x,0
1,0x60c6499f330207aa5f7940345fa1f32730d94865740c1a18fb53d82f85a7e263,4311533,1506377169,0x1bd9e072ca1ba5accfb30478e0e0485386f77419,0xe40620cd028b53244cdbabcb36dd1a347243872a,0.500000000000000000,NULL,0x,0
2,0x77927edbc97fc8cd3438cd186225f0fcb0559857b77b0a6fcdbb76c093f45151,4311715,1506383255,0x1b84e6410640233715a968b92d9770b89546b28f,0xe40620cd028b53244cdbabcb36dd1a347243872a,5.000000000000000000,NULL,0x,0
3,0x12c68e596b4816987049206b305f6fff29edc036bcacd4a9e8353baaae38a0a0,4311768,1506384760,0x6b8a5b78abcaea6af99e289baa87de22dcfaa0f0,0xe40620cd028b53244cdbabcb36dd1a347243872a,8.000000000000000000,NULL,0x,0
4,0x5c65c8dd1b96a6dfb100f9763624f6dbe9913d47e2556374a6577c5be8a1dfcc,4311778,1506385118,0x6cd4453d53517acd6d974dba276d340bb4ffadc7,0xe40620cd028b53244cdbabcb36dd1a347243872a,3.000000000000000000,NULL,0x,0
5,0x9c197bef4b4e65ec6212ccb2f3cb1c863c7aacab8bcabd0f055948e1c96e0082,4311858,1506387236,0xa3f0c67ba26882e712a063d6cdfa8bcb116ea8d2,0xe40620cd028b53244cdbabcb36dd1a347243872a,27.000000000000000000,NULL,0x,0
6,0xdb5af56c0b318c86eb8f55df019297b34a1f6734046a74d3f64a9f99338ee179,4311904,1506388364,0x1dee78021658a9163a5ea6376d9a85c647e62121,0xe40620cd028b53244cdbabcb36dd1a347243872a,5.400000000000000000,NULL,0x,0
7,0x3ea763aa2c03736631f6b57ab823e807f56745d1c88a603e532ae7666fd738ec,4311973,1506390212,0x7c6c2bf0884720b9d85ff4700504a0bfce25f6bd,0xe40620cd028b53244cdbabcb36dd1a347243872a,10.000000000000000000,NULL,0x,0
8,0x458f05bb6fe03b6c29bb7f82a4a9418ea398d2dac12773d9ce6d2e5c7697333e,4311999,1506391125,0x87185b97ebe8ca1054126f08dbcce094600b0408,0xe40620cd028b53244cdbabcb36dd1a347243872a,12.000000000000000000,NULL,0x,0
9,0x56d305d59dc6b19a8736076151eaa3463c1b634139c43af1c1509a1e5df0da74,4312300,1506400224,0xf43e073ff9de0ec9c41f103e301eef19d9a75937,0xe40620cd028b53244cdbabcb36dd1a347243872a,5.000000000000000000,NULL,0x,0
10,0xbbe3af80026854909da477f5e380694c521c5803461e2625824ed9debea7927a,4313126,1506425199,0xe40620cd028b53244cdbabcb36dd1a347243872a,0x99e331fa7c45671643666715309a176ea4eef919,39.450000000000000000,NULL,0x,0
11,0xaed457e15e82963579b53e7807c2c5d62b5b227481626e51557b58f409813cbc,4313133,1506425526,0xe40620cd028b53244cdbabcb36dd1a347243872a,0x9f82315c24a5fbad0102d9d8b40a2003803030b0,26.900000000000000000,NULL,0x,0
12,0xb808c41e185f39451998191af82b5b0ec488812c75ad3e17248d7c931b37fa12,4313137,1506425620,0xe40620cd028b53244cdbabcb36dd1a347243872a,0xa5e1e77dac1e48740715160619728aaa128cccd9,12.548677000000000000,NULL,0x,0
