,TxHash,BlockHeight,TimeStamp,From,To,Value,ContractAddress,Input,isError
0,0xeecd57984a155d3446e9fc1e8e59bc47f51b7b6012c907464f8748467259481e,5457726,1523982711,0xe2213989f81eeefc8c3577554083c8b6b8a1032c,0xe56303d8ff8c25c240f41d90fcaae1469c5b5f77,0.500000000000000000,NULL,0x,0
1,0x0ffbff11fe78af43266637a3f5d7d21c022efadb4fc968e770e21abcd4f5343a,5458155,1523988937,0x5baeac0a0417a05733884852aa068b706967e790,0xe56303d8ff8c25c240f41d90fcaae1469c5b5f77,1.134750840000000000,NULL,0x,0
2,0xe78387dc90fa35476d1d908cfe956d22401a04224bd48db37b53371eac86038e,5458172,1523989197,0xd551234ae421e3bcba99a0da6d736074f22192ff,0xe56303d8ff8c25c240f41d90fcaae1469c5b5f77,0.590000000000000000,NULL,0x,0
3,0x7f8ba5bd51eab08ba40a02b047f58110ee01de32c236f26b77bc7c34c2c95a36,5458216,1523989955,0x61c815bdf23d9196a095a083194a478a1af98ea7,0xe56303d8ff8c25c240f41d90fcaae1469c5b5f77,0.553810100000000000,NULL,0x,0
4,0x9eab7e72388239669971bcdb068006842f274ae2aa3bba3d5d1c0cf1cc8fbb3a,5458222,1523990006,0x51836a753e344257b361519e948ffcaf5fb8d521,0xe56303d8ff8c25c240f41d90fcaae1469c5b5f77,0.560839380000000000,NULL,0x,0
5,0xe8cf8e3effd7687ec4f2f93bae2274733239fad79765fc6010b6af3f3f8e4965,5458596,1523995142,0x797c081ad09fa323d77d99c6eb2f052266459100,0xe56303d8ff8c25c240f41d90fcaae1469c5b5f77,0.010000000000000000,NULL,0x,0
6,0x3ee459a62da747e9ffdf11c3589c5c0e99ac85296c0443aba911cabe0e6e5554,5458661,1523996024,0x8fc08a10641605390fe53caa98a33046a2b98e0e,0xe56303d8ff8c25c240f41d90fcaae1469c5b5f77,5.000000000000000000,NULL,0x,0
7,0x2a77d668bd43727b314520e85eeb88a77162f1bdfda473ab1015b9e07572c851,5458694,1523996684,0x6685d606db2db3d0ff4508dce4480d006e9153e2,0xe56303d8ff8c25c240f41d90fcaae1469c5b5f77,0.762359640000000000,NULL,0x,0
8,0x31d21b58ecdba7d1f08478698cd9c155887734786b5461ac27dc74d074b8624f,5458898,1523999468,0x6126137437803ce84433bcf9205ccbc4b3b3753b,0xe56303d8ff8c25c240f41d90fcaae1469c5b5f77,0.650000000000000000,NULL,0x,0
9,0xc152b40d7918e8798bf38026ce51ea5ddc8fe64b5e8e1e060360e1f4797dc246,5459180,1524003399,0x5e841539f21b1a93ef9f0b18dc7d8676942bbbeb,0xe56303d8ff8c25c240f41d90fcaae1469c5b5f77,1.150666724000000000,NULL,0x,0
10,0xda961828c5b2d52db447123bfce6496cf16a5cdbc1689e89e9b1df5f6816b938,5459266,1524004763,0xa5d029951c8bbc704f3de15d1e7fa5f9a287e843,0xe56303d8ff8c25c240f41d90fcaae1469c5b5f77,0.010000000000000000,NULL,0x,0
11,0x46bcabed150f1a3c2ea1c9ac616c32fb3e9e2ea9b27b6884da38c7b7f5b37f79,5460210,1524018481,0x390de26d772d2e2005c6d1d24afc902bae37a4bb,0xe56303d8ff8c25c240f41d90fcaae1469c5b5f77,2.168475580000000000,NULL,0x,0
12,0x721e3dfc73e1dc4c4c1ec3d01b2efee24da0525489657a4127326db0f668f69e,5461596,1524040021,0x564286362092d8e7936f0549571a803b203aaced,0xe56303d8ff8c25c240f41d90fcaae1469c5b5f77,1.302753650000000000,NULL,0x,0
13,0xa167fdaf3ab85b600f42a9a45a60b1598452286f277b0ba068f76b30a4c73af4,5461750,1524042273,0x9368b32fc929db8d1045180dce8bbd8afdca4925,0xe56303d8ff8c25c240f41d90fcaae1469c5b5f77,1.000000000000000000,NULL,0x,0
14,0x7e139f0906fc9de3a41ad3878df9d0ad86b15d9f47842fd1bdbf3798ca15b9a2,5461936,1524044899,0x42a77e1543d4c3952bf6ce70795fee34cc953be5,0xe56303d8ff8c25c240f41d90fcaae1469c5b5f77,0.000010000000000000,NULL,0x,0
15,0x445d11503682a406d07817612bc1612d21dc6a96ebcf884caef4ca1b6ea0c2a7,5462345,1524051261,0x564286362092d8e7936f0549571a803b203aaced,0xe56303d8ff8c25c240f41d90fcaae1469c5b5f77,0.826807780000000000,NULL,0x,0
16,0x06c55cbf21d321f8dd5a040c1587e4b25098cb3cb0de08ea684305a30101baee,5462575,1524054480,0x778897ff3e0cd149a275e831c3775aed84fed63f,0xe56303d8ff8c25c240f41d90fcaae1469c5b5f77,0.600000000000000000,NULL,0x,0
17,0x2159b4d282efb59daee237f4b1763bcfcf776ef9e277ff3bae137c147d5f0973,5462912,1524059545,0x564286362092d8e7936f0549571a803b203aaced,0xe56303d8ff8c25c240f41d90fcaae1469c5b5f77,0.510773150000000000,NULL,0x,0
18,0x2b59b3a87f10b570e6370eff8e43429259a0e84978bc6dcf6e045dc25dfa1d82,5463035,1524061359,0x390de26d772d2e2005c6d1d24afc902bae37a4bb,0xe56303d8ff8c25c240f41d90fcaae1469c5b5f77,0.500000000000000000,NULL,0x,0
19,0xb9a3e100d79828bc250d7e6f6df94afc3981d9650df5ca685937d4d2a0be1392,5463316,1524065829,0x75e7f640bf6968b6f32c47a3cd82c3c2c9dcae68,0xe56303d8ff8c25c240f41d90fcaae1469c5b5f77,0.510000000000000000,NULL,0x,0
20,0x3ae6f381a8ed44ad73142e741a8a07771d9249dcc0a95db431aaaf30752ef526,5464047,1524076697,0x390de26d772d2e2005c6d1d24afc902bae37a4bb,0xe56303d8ff8c25c240f41d90fcaae1469c5b5f77,2.528706880000000000,NULL,0x,0
21,0x2ba37cc002639139ac1e7b85f84238a64563d93847b0285c1e4ec31d884e1b92,5464110,1524077621,0x3b3aaaa38534087d091fd238ac2e4781a07e81b8,0xe56303d8ff8c25c240f41d90fcaae1469c5b5f77,1.000000000000000000,NULL,0x,0
22,0x9f4dcd80fe3db9ed04e50910b7f96ce1ac05e440ddf02568f46c5f473ae9db6c,5464133,1524077881,0x3b3aaaa38534087d091fd238ac2e4781a07e81b8,0xe56303d8ff8c25c240f41d90fcaae1469c5b5f77,10.000000000000000000,NULL,0x,0
23,0x463af8e1447d377a21e2aeab5a73202dc1660014f7eed4b3907616acb4f2118a,5464888,1524089079,0x3f5ce5fbfe3e9af3971dd833d26ba9b5c936f0be,0xe56303d8ff8c25c240f41d90fcaae1469c5b5f77,0.500000000000000000,NULL,0x,0
24,0x470f24e35847a65ca6969733776dc7973ea3c3ad973a82947231760d0863709e,5464947,1524089962,0xd0ee6df3e145d0d143069b3bed1a5fd7fb43285a,0xe56303d8ff8c25c240f41d90fcaae1469c5b5f77,0.500000000000000000,NULL,0x,0
25,0xbaed550b8ecb0bfadc6c061562ed778bbce4e9c0da83eaceee4d68184770d6ca,5465534,1524097974,0x9e36c2bc8aa4ee6a58df5a4ca8e4baf3a0e5f5af,0xe56303d8ff8c25c240f41d90fcaae1469c5b5f77,0.500000000000000000,NULL,0x,0
26,0x0a71614c52376d5ee948f0085d5ecaf1fde7c7eb1345d883f0183588c9a2eb05,5467112,1524121584,0xf7f115f00605ccc05ff5ec0acb022c9b775b20b3,0xe56303d8ff8c25c240f41d90fcaae1469c5b5f77,0E-18,NULL,0x,0
27,0xcc1cc56350cd98d028b7ea7c6de5450d5bbc6f0218cc5aa8a68ced1fc32bfc0f,5467581,1524128706,0xa0bb4ba19f578a63fa3f67adaf7bbca15ccadc45,0xe56303d8ff8c25c240f41d90fcaae1469c5b5f77,0.999000000000000000,NULL,0x,0
28,0xeda7c7971bee6fa262d44d8f5bfad1fe42c1983d059e995d2a0f94dc907dab82,5468280,1524139352,0xe3031c1bfaa7825813c562cbdcc69d96fcad2087,0xe56303d8ff8c25c240f41d90fcaae1469c5b5f77,0.487680880000000000,NULL,0x,0
29,0xfc75b8781386c93f91b5f5db8a1f2268c4fa2cd91b5bd4be7b3ea941e68a5b07,5469575,1524159168,0x3a509beeeee114ec60b46415c30bfc8aeb34d141,0xe56303d8ff8c25c240f41d90fcaae1469c5b5f77,0.500000000000000000,NULL,0x,0
30,0x1d080466b93fef1cf74a3476a7ca473d70e49a28919df926da57f7495b2d7b79,5470972,1524179111,0x7e2c98091e767df6536eaff1a0f996729bc3a77c,0xe56303d8ff8c25c240f41d90fcaae1469c5b5f77,1.000000000000000000,NULL,0x,0
31,0x907b7b6955a7ca2a3690ec670db1a9646f4643489a288bc8ef9750dbd02db5b1,5471315,1524184037,0xd551234ae421e3bcba99a0da6d736074f22192ff,0xe56303d8ff8c25c240f41d90fcaae1469c5b5f77,0.825690870000000000,NULL,0x,0
32,0x50ed0c998662049eb4447acad91164bf985f516542761e2ce1dc138f8908a6de,5471355,1524184590,0xe56303d8ff8c25c240f41d90fcaae1469c5b5f77,0xfce07df5a85fa42b9ea4b3f71ac2a037d554996e,1.000000000000000000,NULL,0x,0
33,0x72b62621eb7836ab1dfa03f3fc2fd2902194f07f207d37c7afb8f6e4ded4ce10,5656630,1526978925,0xe56303d8ff8c25c240f41d90fcaae1469c5b5f77,0x60ba02a95e096923eeba0c9aef8e01723a899e92,1.000000000000000000,NULL,0x,0
34,0xae425812a89fe7176decdd234ae5c373e30077ce8bddece1a070134c87b9a729,5656658,1526979359,0xe56303d8ff8c25c240f41d90fcaae1469c5b5f77,0x60ba02a95e096923eeba0c9aef8e01723a899e92,35.179742474000000000,NULL,0x,0
