,TxHash,BlockHeight,TimeStamp,From,To,Value,ContractAddress,Input,isError
0,0x2aba9ea4d258d574a1513fc88c0bedb7638e9f055008824fbae156bbcc01a31d,6106291,1533670899,0x3385a2329e2b4d9af58059ce386c9fcb837df733,0xe63cd3b617562d2291cad8ba0a5b4f79b61f2574,0.500000000000000000,NULL,0x,0
1,0xdf3e1a090a8896a01c792daf2d50d618fc00dd127c7bbd3786cc842a96a361df,6106412,1533672799,0xd891fc216aaa39b2a7bb0cc2e79bb43d69906199,0xe63cd3b617562d2291cad8ba0a5b4f79b61f2574,3.000000000000000000,NULL,0x,0
2,0x61b7c3d57c7318fb496829d0f00641b51af59b1e0d8e71b9ba5dd3a4ce73b522,6106466,1533673548,0x761c61830c0b6d51cfa1ad52e3c0b12fd1c09452,0xe63cd3b617562d2291cad8ba0a5b4f79b61f2574,0.001295540000000000,NULL,0x,0
3,0x623e947b208bc10c266d64a39ad21e9e9535f563f220b192ef761ac6dd18e67b,6106501,1533674119,0xb320f94b958899d334a4748c07ed6d89430d7d41,0xe63cd3b617562d2291cad8ba0a5b4f79b61f2574,2.000000000000000000,NULL,0x,0
4,0x8aa6e2906fe010da74e9a321dcc5d218ee72d2a865697d87c7297dd303654a5e,6106505,1533674205,0x40e701a443eecf5e7a8bd5e13c3fa43251761fff,0xe63cd3b617562d2291cad8ba0a5b4f79b61f2574,0.001303180000000000,NULL,0x,0
5,0xe9b94e6a74812f73ed00da26b488f08f4d11d64710b5f00df4438f36676c409c,6106612,1533675871,0x1ff6cf9688a6e8e4f2aa86ac9a93f89d7967fe1a,0xe63cd3b617562d2291cad8ba0a5b4f79b61f2574,0.500000000000000000,NULL,0x,0
6,0x337abfa55ea1001a5f9d6828066056741ccd8c3e1db466c39f9662c524f6f37e,6106622,1533675956,0xd991c752741da47cd2c0a4655294d98e50576973,0xe63cd3b617562d2291cad8ba0a5b4f79b61f2574,0.500000000000000000,NULL,0x,0
7,0x21afe5515e75baa549a64b547af621eb7b6cf907229bd3ef9467f82d66f932c7,6106633,1533676261,0x5dc8e8cea4c124e5643722d3487baf1287649066,0xe63cd3b617562d2291cad8ba0a5b4f79b61f2574,1.000000000000000000,NULL,0x,0
8,0x230d2aced692e3042b644604910894260a3b5c75edf3d2a4a5ff52217c75493b,6117486,1533834331,0xe63cd3b617562d2291cad8ba0a5b4f79b61f2574,0x638141e9e0cdfdb7621d0cb24c28230081d677b8,7.502115720000000000,NULL,0x,0
