,TxHash,BlockHeight,TimeStamp,From,To,Value,ContractAddress,Input,isError
0,0x56d638eade05a7c0236c61462bcdda235a9f360b22e0ae6534dd3f0e00bb58b3,5184017,1520008320,0x94c6c7ab107315f1d537970ce063bc0d375b3a14,0xe694cea450eb617d287a473ed35f633387bbc359,0.500000000000000000,NULL,0x,0
1,0x43e96a0a55b260c72534465e28f9a5d07df022bf17d738bc49e1cd336fda3218,5184031,1520008492,0xc821f56946530c7dc42c63849e68acfef77e2e43,0xe694cea450eb617d287a473ed35f633387bbc359,0.200000000000000000,NULL,0x,0
2,0xfd77c06db2f5000f0d508fb40ac57dc954adfd2e22827a9cea8e1d20d3155532,5184052,1520008769,0x0b36a3e1ccfcd701c2d6cee5e9d6a2ed5013470f,0xe694cea450eb617d287a473ed35f633387bbc359,0.200000000000000000,NULL,0x,0
3,0x3a7f572575ffb16f74678e429173fd41e81b5ba13fda5ded2c0064608b6a3d0d,5184154,1520010433,0x106fafe8966b5fdc65966fa46c76cf415449b669,0xe694cea450eb617d287a473ed35f633387bbc359,0.499580000000000000,NULL,0x,0
4,0x54eba3b6aa067d6c8317ed4ea45835d7c157188547c73928d40e77504bdca6ef,5184281,1520012394,0xa3ddd4a88912f6d2572fb521b63dbe1303915ec0,0xe694cea450eb617d287a473ed35f633387bbc359,0.550000000000000000,NULL,0x,0
5,0xf0f31cfca9b33e624544166b1343a28bd10ee2a0c2557a767b4f57336ca1ba1f,5184288,1520012471,0x2d5bf90a17625b42aa84e2bc2666d5ad271f6613,0xe694cea450eb617d287a473ed35f633387bbc359,0.200000000000000000,NULL,0x,0
6,0x0a2c141f991091cddcc63267840ca45054797cd9bed37c0ba70ea6ebfeef6b2b,5184751,1520018824,0xe1134bfd57131ce3ecfe69300b39728fd5c51573,0xe694cea450eb617d287a473ed35f633387bbc359,0.320000000000000000,NULL,0x,0
7,0xb4f771c69dd17f24fc01418c5023b6f5648b5c2d7a88aba308c2c2ceaa29024b,5184948,1520021661,0xe00593222b97b45cdfd20d70f947b1e0e76da714,0xe694cea450eb617d287a473ed35f633387bbc359,1.000000000000000000,NULL,0x,0
8,0xd8fa7ce442de9ebfa2c8a7009054926f231b05ad14a25ed5a434e844c882fa20,5185333,1520026979,0x3eee84616862c251f95dbb7474a73575a2862077,0xe694cea450eb617d287a473ed35f633387bbc359,0.200000000000000000,NULL,0x,0
9,0xf214ba3085aa01a2117251eaa093bd7b769d2881b9a78e0254d36189ea097e12,5185343,1520027069,0xcd086787f9feae89ca855b230f48e0095befdecb,0xe694cea450eb617d287a473ed35f633387bbc359,0.210000000000000000,NULL,0x,0
10,0x0f017276a8656274215abbad82342b162110c9a85a4d0f4618ab7275d195a0cc,5185903,1520035202,0x516c216f89903189674477ec1e272d717e195ec3,0xe694cea450eb617d287a473ed35f633387bbc359,0.500000000000000000,NULL,0x,0
11,0xf5e25dd7f281d00aa250841c81e7179a0075e03b3902c583417f6ee3da180c3b,5186051,1520037309,0x5a556b0087fef375f8b5de747f9e43c9ef9903ee,0xe694cea450eb617d287a473ed35f633387bbc359,1.000000000000000000,NULL,0x,0
12,0xfae3fd1785fae11b616dfad67595683ba9c264f25d0ec947e99a51038eaac644,5186965,1520050612,0xebe151f3a801cb2f1e8b2bba7348403891d0dd0a,0xe694cea450eb617d287a473ed35f633387bbc359,1.000000000000000000,NULL,0x,0
13,0xce18913a98a048d7c674da13d1fda78b69ed068c30fbee29c3e8b215da7a1ff5,5189305,1520085181,0xb84bc54078e32733f7e421ae97e1c08ea1099b08,0xe694cea450eb617d287a473ed35f633387bbc359,0.200000000000000000,NULL,0x,0
14,0xbcf64fd4e4e9290a9278fbdb81e21aa05d1b359654acac0c37632eabef2a7023,5194391,1520159102,0xe694cea450eb617d287a473ed35f633387bbc359,0x5ae3c2e18669bd952844730e96c2d9efbc3eb04d,2.120000000000000000,NULL,0x,0
15,0x829878fba68e915ea8e8cb0a9fa9963ced2cc15c76c1cbd7f911d14e85b42e02,5194398,1520159244,0xe694cea450eb617d287a473ed35f633387bbc359,0x679ad06002249c2572cf0aa8615a92f7d8eaeac5,2.120000000000000000,NULL,0x,0
16,0x1afaf621927f9f122d2f5ee55754e7e4fd219c4ddee3693b4e89dddbfce9e93c,5194936,1520167059,0xe694cea450eb617d287a473ed35f633387bbc359,0x986cab63d3c40e5c0a65e9d68b58e35d942c1523,2.120000000000000000,NULL,0x,0
17,0xe07fc18987d33be21a7dcefb497dbf1dff447ebf370279ff303db5bd17a868c4,5379478,1522850957,0xe694cea450eb617d287a473ed35f633387bbc359,0x3f56db7c815ce04989d7c3eef8120a7acab6fdf3,0.215000000000000000,NULL,0x,0
