,TxHash,BlockHeight,TimeStamp,From,To,Value,ContractAddress,Input,isError
0,0x36084667a88bc0336e908c9939a75febf35efaf45be01f38f717147109ef97f5,6229246,1535465917,0xd5fc706e65d3e0400eeb1bcd85a8868471a7f35a,0xe949a4c861089fbde6ef1175c23e1485d5970567,0.569109658878580775,NULL,0x,0
1,0x7252c8a845248c0dcaad2cf625f8be0e70a48db7bf71846b00c4c3a93f3d31f9,6229303,1535466773,0xdec004e21af5b9c6d2b6f0f799d9f57207d2990d,0xe949a4c861089fbde6ef1175c23e1485d5970567,0.056117054000000000,NULL,0x,0
2,0xd61966daadbc940d068575b8a69c39bbfa27521c1f4991823d90e4f726aeed50,6229319,1535467049,0xd17b707fd13688eb7a22d385433ff39b536971f5,0xe949a4c861089fbde6ef1175c23e1485d5970567,0.149446120000000000,NULL,0x,0
3,0x101e4857d4f5da71ceca749ff14d51b7b21faa7cfeac4c4a203a1186e374449a,6239861,1535621051,0xe949a4c861089fbde6ef1175c23e1485d5970567,0x91b725098d13d5e53645175c482d216397f82474,0.116000000000000000,NULL,0x,0
4,0x0249c8d540ed7eed3f54c89c6492143419a006cc769ced9093000f37a8e2c0dd,6245287,1535699816,0xe949a4c861089fbde6ef1175c23e1485d5970567,0x1717972c9a971ba2ca836f2a20bc1933628282b7,0.010000000000000000,NULL,0x,0
5,0xc99a29405a2c106e5cdb10f7e7ab9bc85ba7f6093aafa2dc5fc9ce2b89e71b7b,6245787,1535707520,0x1717972c9a971ba2ca836f2a20bc1933628282b7,0xe949a4c861089fbde6ef1175c23e1485d5970567,0.060652676000000000,NULL,0x,0
6,0x934bcbcb3309ac7ee379fa058ca1935894745c5a65bbadc27cbcfc52594db431,6245829,1535708150,0x3309afc962f4ea7bff573b1c466dced4a3975093,0xe949a4c861089fbde6ef1175c23e1485d5970567,0.013532541616648700,NULL,0x,0
7,0x8253e7207789aaaa0c3ce517a0ecc434c8ae43a2fc12fd78231e130a54a042a4,6245861,1535708619,0xe949a4c861089fbde6ef1175c23e1485d5970567,0x48dfa710b8733fd963f5d9c0945b802ed536bad7,0.721409050000000000,NULL,0x,0
