,TxHash,BlockHeight,TimeStamp,From,To,Value,ContractAddress,Input,isError
0,0x8c9f43e79a507610b408b3ea7673d6462f52e8c8b848de47726da183d9ae3dfe,5142121,1519390985,0x5f44d54139e3e30e8fe9a96d40a557b301cf73c4,0xe92e38987e9222b544c8375242f79d2d76bc3b55,0.530000000000000000,NULL,0x,0
1,0xf9e009a9d58a415bf09fee7f7380e10564bb1ada9e85d2fcad06b9cfcdcd0a94,5142158,1519391586,0x0976396dec017468c8d9f32dc4f7f54ea71bc5f6,0xe92e38987e9222b544c8375242f79d2d76bc3b55,1.067000000000000000,NULL,0x,0
2,0x54e0bb77f4e80434abf21abd11c9ca52bef25b3d477b83a6dec8450a28ae7d2d,5142171,1519391756,0x64ecaf9cde47883bdd0401822539d3bf2eb67662,0xe92e38987e9222b544c8375242f79d2d76bc3b55,1.067000000000000000,NULL,0x,0
3,0x9b878e698b59972958901340af59d073cfbd8c2d3af5bf1f841bd245c3a529a1,5142199,1519392235,0xc8f57f093c83081d883f142355ae323a9c2ac28e,0xe92e38987e9222b544c8375242f79d2d76bc3b55,1.067000000000000000,NULL,0x,0
4,0xc6e77639b10a5b863dcc33e746a0ce8d63e193bf7924cd4b5c697fd11c9927c1,5142266,1519393143,0xe92e38987e9222b544c8375242f79d2d76bc3b55,0x76074e1260f7a1e4503998bab8e62babde17e957,0.001000000000000000,NULL,0x,0
5,0xe54d678e2e958a3c1b6704e29ed90d0c996e5fcc4a94090ed5fecf6888c519fb,5142502,1519396573,0x5a8eb9a3f09053537698c6fef1d33f451a6cec41,0xe92e38987e9222b544c8375242f79d2d76bc3b55,1.000000000000000000,NULL,0x,0
6,0x25325ab5eb97243be8803a588f1a571313881920d4eb5af0a26aac365202698a,5142794,1519401153,0xe92e38987e9222b544c8375242f79d2d76bc3b55,0x92bf8fdf267f8abc73d2389383e67955b231a195,4.728000000000000000,NULL,0x,0
