,TxHash,BlockHeight,TimeStamp,From,To,Value,ContractAddress,Input,isError
0,0x9a663fef46c01930f55a395a48f2afff6836fc54af0223a2de78721817acbbd9,5941131,1531258351,0x341e6960ebeb26f1559f3bb9cca1fa18cc24f706,0xebfce0f5135c0bd67f9fa5b1ae1366a566f659ff,0.500000000000000000,NULL,0x,0
1,0xd09f267cff130f0ef7e728cc41297e3600f0aad4ea63a7ae652a168c1139920b,5950099,1531389199,0xebfce0f5135c0bd67f9fa5b1ae1366a566f659ff,0x8caaebc02124e21de51b56c0ab594af7620be14e,0.004170000000000000,NULL,0x,0
2,0x0fe25a0af07983793f22ff1298d4240a6f1d6ce7fe7a9e7fc37db8be8dae816e,5950171,1531390211,0xebfce0f5135c0bd67f9fa5b1ae1366a566f659ff,0x9a57d782babac3dd39ba1f782f13aaa1af19798f,0.003230000000000000,NULL,0x,0
3,0x2eeb1fb320223dc20b7271342f8ce6fb269837b9be420f40ac840de8350b1afe,5959539,1531525774,0xebfce0f5135c0bd67f9fa5b1ae1366a566f659ff,0xd8fdf88a9423f0bec1eb88c5f7f99c3e9556a29f,0.007736920000000000,NULL,0x,0
4,0xdadb0c89c426ecd8c7b1ea3f9c0401fa43944db9e4d38558b48be3bbb7d73616,5962984,1531574319,0x57171bf9f9b86767e4b036e9115e037cf5b4cfaf,0xebfce0f5135c0bd67f9fa5b1ae1366a566f659ff,1.997000000000000000,NULL,0x,0
5,0x586cdf80441e3f757ba7ca752639959507ac96887305dc25cac8df80c08191cd,5967977,1531646849,0x4374f0f0ff4eda7a0ad03c06573d9060143e441e,0xebfce0f5135c0bd67f9fa5b1ae1366a566f659ff,0.500000000000000000,NULL,0x,0
6,0x6d66cc7f3af3ddbe47a06e1541bc7d026d7d8bb8eceffdbdb21dceb2af5fb57e,5985861,1531909550,0x0681d8db095565fe8a346fa0277bffde9c0edbbf,0xebfce0f5135c0bd67f9fa5b1ae1366a566f659ff,0.590000000000000000,NULL,0x,0
7,0xa0ddfde03f23768fca9040acf166aa1858d6e1a9dcc829ab0160de6c4b994bfe,5987470,1531933841,0x575d5d824fe6c8b88210d46c188aeb9f5294419e,0xebfce0f5135c0bd67f9fa5b1ae1366a566f659ff,0.500000000000000000,NULL,0x,0
8,0x52e9189a371e689f4cc3101c7a8207d0ee62e9609510422f1123d49a2bb2fe84,5988224,1531945034,0x8bf95e4b8563c024f73c48162e6899f4e786fedc,0xebfce0f5135c0bd67f9fa5b1ae1366a566f659ff,0.005448850000000000,NULL,0x,0
9,0xafa73f645a594eb739c529c817396c787dd1fe1d7cc68b5f1b6f2a95221e372b,5988974,1531955454,0x7a30110ef635c8e81d78cd8847e1d0d40da9a864,0xebfce0f5135c0bd67f9fa5b1ae1366a566f659ff,0.500000000000000000,NULL,0x,0
10,0x97806ee4e85d0b876d956113f70edf4ec20657b54e34749406ac03827e1d073e,5989035,1531956416,0xa681e8cdeff5c4ffe700fb768a6ccfddb27e042e,0xebfce0f5135c0bd67f9fa5b1ae1366a566f659ff,0.400000000000000000,NULL,0x,0
11,0x757bd31a7ae0cf31b442c42232d34b5721f1ae3ee73da69beda11529dc7334fc,5991240,1531990232,0x709623e64d0c373d0d926a06429c5844f82a6b97,0xebfce0f5135c0bd67f9fa5b1ae1366a566f659ff,0.100000000000000000,NULL,0x,0
12,0x488ac1c434506320937bcd38dc92ffda6ffa1178eb6d3977146faaf049c03843,5991991,1532000785,0x3a7e7ba4df82c60d6954af19e195e089605b1089,0xebfce0f5135c0bd67f9fa5b1ae1366a566f659ff,0.500000000000000000,NULL,0x,0
13,0xfd66bfadb6ed92da0351e3da3c3dbacf237f4033dd0b4864e0fc567a34a1e481,5992489,1532008079,0xc2405068647be20ec2681f0074179a7c872d5b0c,0xebfce0f5135c0bd67f9fa5b1ae1366a566f659ff,3.000000000000000000,NULL,0x,0
14,0x181616fe7b6bdf5a3dd7e5db521c5e6fb9cce68063db25a0894cd7baa8f8b8a4,5993749,1532026750,0xfbb1b73c4f0bda4f67dca266ce6ef42f520fbb98,0xebfce0f5135c0bd67f9fa5b1ae1366a566f659ff,1.094000000000000000,NULL,0x,0
15,0xce77d70a299aee580994fdc6cdd2d539cd66ce294bea22dc0fef3893b24b695d,6023730,1532466253,0xebfce0f5135c0bd67f9fa5b1ae1366a566f659ff,0x6822144252b264668982f64db5ada339bb29198a,0.021120000000000000,NULL,0x,0
16,0xe88d54fb1bdf1dabaaef058f714b48b1ddd8bba78c73899007089c2fe2e5858f,6029320,1532548804,0xebfce0f5135c0bd67f9fa5b1ae1366a566f659ff,0x5fe3431008809a6df30bdfd41dff4f7dee871b2f,0.069330000000000000,NULL,0x,0
17,0xa800539a19e80dc03d296854cc9c50a62e3234982b244eab26ad9c7c9b43d13e,6040325,1532711093,0xcff5536c8365827371bfa8e52699cbcca906f6a2,0xebfce0f5135c0bd67f9fa5b1ae1366a566f659ff,0.238072420000000000,NULL,0x,0
18,0x3fe1128392cc0acd078dd1ab7336f64c63bcee37b3129deff0fb72fffcf13a31,6040498,1532713448,0x7ed1e469fcb3ee19c0366d829e291451be638e59,0xebfce0f5135c0bd67f9fa5b1ae1366a566f659ff,0.154503070000000000,NULL,0x,0
19,0x10761c15d7243c58d464f3c669de2e6b752ef1a4bb14b3d9372e275157995a77,6040519,1532713790,0x32be343b94f860124dc4fee278fdcbd38c102d88,0xebfce0f5135c0bd67f9fa5b1ae1366a566f659ff,0.510000000000000000,NULL,0x,0
