,TxHash,BlockHeight,TimeStamp,From,To,Value,ContractAddress,Input,isError
0,0xa003c2c3f0e92fdaf30c5e22fecb34905588212ccd45ba19d717b3871ae15f46,5428208,1523549727,0x532017b238c7baab39c6b789a27bbca687b66c7b,0xeb85b4777698c0f41168087cd8d43a2fdef37bdb,0.997000000000000000,NULL,0x,0
1,0x381fe1fd3dadeb366c4a1b54bbb9b4744925e9eee2939adc8a2124dbc070ec10,5428214,1523549808,0x876eabf441b2ee5b5b0554fd502a8e0600950cfa,0xeb85b4777698c0f41168087cd8d43a2fdef37bdb,0.997300000000000000,NULL,0x00,0
2,0x87e4b7ce1316ec380bf2a4abf6e2118145b7108bf84d19d2fd47b56360dd1010,5428454,1523553684,0x532017b238c7baab39c6b789a27bbca687b66c7b,0xeb85b4777698c0f41168087cd8d43a2fdef37bdb,1.677000000000000000,NULL,0x,0
3,0x72bdaeb892826473be38c5ad99de571d1b4e7ddc2560bdced8045efb5d706885,5428563,1523555195,0xfbb1b73c4f0bda4f67dca266ce6ef42f520fbb98,0xeb85b4777698c0f41168087cd8d43a2fdef37bdb,0.500000000000000000,NULL,0x,0
4,0xc93a9f7a4ca7fc82bd9b7e3c2a6c593f85d61747a2181807d625b583566d9943,5431517,1523598543,0x10f1f947cd1f4772c6a3e0305f7c04fd5df91ceb,0xeb85b4777698c0f41168087cd8d43a2fdef37bdb,0.999958000000000000,NULL,0x,0
5,0xbaeee3a67d0460cadb951c4bbb844d228fb069a66461a43e775f9648eb567987,5431536,1523598887,0xfbb1b73c4f0bda4f67dca266ce6ef42f520fbb98,0xeb85b4777698c0f41168087cd8d43a2fdef37bdb,1.000000000000000000,NULL,0x,0
6,0x096b19de2b9e31fb82d1c653da6094dbe2b5f675a3c24694c23c3f18f79fa8bc,5431618,1523600300,0xd551234ae421e3bcba99a0da6d736074f22192ff,0xeb85b4777698c0f41168087cd8d43a2fdef37bdb,0.804023500000000000,NULL,0x,0
7,0x23f46c2275549044937bee5d541d41dbd469380563b4689075587afb22bf7efe,5432061,1523606577,0x0681d8db095565fe8a346fa0277bffde9c0edbbf,0xeb85b4777698c0f41168087cd8d43a2fdef37bdb,0.606085210000000000,NULL,0x,0
8,0xc4ef055e99d9b8492a11811e9a8df466afa0783f6dd4d9e0086b1c7fd54e7548,5432209,1523608674,0x564286362092d8e7936f0549571a803b203aaced,0xeb85b4777698c0f41168087cd8d43a2fdef37bdb,0.627037070000000000,NULL,0x,0
9,0x3fed38abcf23793603945c324a0cc709c863dbebce530ec9dc330a43d317e4c0,5433151,1523622553,0xc336f982bc8dc2e7282c780316f44233a31d8090,0xeb85b4777698c0f41168087cd8d43a2fdef37bdb,1.000000000000000000,NULL,0x,0
10,0x5430687157993c224f77bb6816ff922af8e42a68fed4b2c26b22b73723f3ae35,5433267,1523624258,0x8e567351301abb2de809661c4660a0f78860aef9,0xeb85b4777698c0f41168087cd8d43a2fdef37bdb,1.500000000000000000,NULL,0x,0
11,0xa61478c8a49d0485f869272f311c2f16205c0e19e165f27f06e5bafe34b9b6b2,5433955,1523634429,0x3b5f0d934a1a53714360e6f8274c8777d0559600,0xeb85b4777698c0f41168087cd8d43a2fdef37bdb,0.650000000000000000,NULL,0x,0
12,0x3d7f232e315347f7318a31a4f36f5a7e16a6fe82b8626538fb77289eb61f15c1,5437672,1523688664,0xf033d559972c9c465afa7aa3a5096fcef668ca02,0xeb85b4777698c0f41168087cd8d43a2fdef37bdb,0.050000000000000000,NULL,0x,0
13,0x7b13ec6af8ad1d4c0e664dd1a46f64f6a885b51de683891645c9e7409d0c35f1,5437842,1523691132,0x58f8db33be3f8795f95b0ce24c79433c406d1393,0xeb85b4777698c0f41168087cd8d43a2fdef37bdb,0.001954920000000000,NULL,0x,0
14,0x6f057fab54d56995d67b1374ede03a2c581a08716a1e6132d4d2ed81933abfae,5437855,1523691369,0xd33577609f71eeb9e72b8b077590f50f9cbbce0a,0xeb85b4777698c0f41168087cd8d43a2fdef37bdb,0.547974000000000000,NULL,0x,0
15,0x43a8b3a596d052258eb49d8d8414dc4442021c95e7c15e801824f2f997e42196,5438603,1523702504,0x1c155868a5620d1d0f2ee07fa63718b4ec0b2077,0xeb85b4777698c0f41168087cd8d43a2fdef37bdb,0.500000000000000000,NULL,0x,0
16,0xc47ac7c6c706a43a0e63532fbda3930980b5ba5d9fff986337b4fb8deac7a543,5444807,1523792722,0x5baeac0a0417a05733884852aa068b706967e790,0xeb85b4777698c0f41168087cd8d43a2fdef37bdb,0.547500000000000000,NULL,0x,0
17,0xab7620b03628b3a5df18e88381765a083232739d1226b1a634a13db0e37efdfb,5444831,1523792976,0x0681d8db095565fe8a346fa0277bffde9c0edbbf,0xeb85b4777698c0f41168087cd8d43a2fdef37bdb,1.749316860000000000,NULL,0x,0
18,0xd8f37950e0aebd67e3fae29d65861c63488696d38bad593c63a76a710e17aef9,5444993,1523795632,0x811def51028e893effd6e7dcff9ebaedff4dc979,0xeb85b4777698c0f41168087cd8d43a2fdef37bdb,0.900000000000000000,NULL,0x,0
19,0x37a2fde8683cfb5fe65b4f923d256cc9e36cb38071ba2decaecdb5282e899af9,5445047,1523796402,0x3f5ce5fbfe3e9af3971dd833d26ba9b5c936f0be,0xeb85b4777698c0f41168087cd8d43a2fdef37bdb,0.855732450000000000,NULL,0x,0
20,0x0d70cae824a698ad9f86076a9b8765449aa0370ec64d39e878ad4c4666c5f07c,5445108,1523797379,0x564286362092d8e7936f0549571a803b203aaced,0xeb85b4777698c0f41168087cd8d43a2fdef37bdb,3.000000000000000000,NULL,0x,0
21,0xe8ab923ad0d4c8f9d4380dc8d8a218a61876487d4efde444516f315b9efbc331,5445120,1523797579,0x390de26d772d2e2005c6d1d24afc902bae37a4bb,0xeb85b4777698c0f41168087cd8d43a2fdef37bdb,0.500000000000000000,NULL,0x,0
22,0x1853f0259debc9878b38d9635555ef4683bd6290b2196ed5bc605bad4a22cf62,5445304,1523800261,0xddf3b96ada9871aa90594ed86c00e1bb1a68481c,0xeb85b4777698c0f41168087cd8d43a2fdef37bdb,1.000000000000000000,NULL,0x,0
23,0x4d6ccb37705748db01bd37576073c75acb02c0a0617cf0dd4c6309efdab81801,5445344,1523800761,0xf5122db2c7b38f523e265fb3e27b41889e64734d,0xeb85b4777698c0f41168087cd8d43a2fdef37bdb,0.014920200000000000,NULL,0x,0
24,0x93107fc9cc6d927c5a727f1ad06a46988c042f1284f9a136e6591ca99599ee5a,5445529,1523803512,0x3f5ce5fbfe3e9af3971dd833d26ba9b5c936f0be,0xeb85b4777698c0f41168087cd8d43a2fdef37bdb,1.020000000000000000,NULL,0x,0
25,0xaa21c52b378e1748097fa3887645f76414c81d07be6c9d3286247f8d6bb21144,5446078,1523811306,0x3f5ce5fbfe3e9af3971dd833d26ba9b5c936f0be,0xeb85b4777698c0f41168087cd8d43a2fdef37bdb,0.590000000000000000,NULL,0x,0
26,0x3baf8b65b79e0b18b4d3f247446024daeebf250a42480c35bd859da60148f611,5446232,1523813732,0xf02401427897fad39429dc7aed540ac32ec2d75b,0xeb85b4777698c0f41168087cd8d43a2fdef37bdb,1.000000000000000000,NULL,0x,0
27,0xc6ba4356e74f0cf80b7447d3b9feb1fa78756cd829800b5c4489e3c6d01ae8b2,5451112,1523884820,0xe087071679b01743f8e3330ff8ca96874e5cb001,0xeb85b4777698c0f41168087cd8d43a2fdef37bdb,1.000000000000000000,NULL,0x,0
28,0x0b2e740951e14e2af401194f1a0ea62d4d7e106a5b76d67e5af430d12cd5b377,5455574,1523949852,0x0681d8db095565fe8a346fa0277bffde9c0edbbf,0xeb85b4777698c0f41168087cd8d43a2fdef37bdb,0.502420260000000000,NULL,0x,0
29,0xc87ae2155c57adc81d1c0a82f38850824fd28826ed31ab71a23f7f3ebd5770f3,5455574,1523949852,0x564286362092d8e7936f0549571a803b203aaced,0xeb85b4777698c0f41168087cd8d43a2fdef37bdb,0.493000000000000000,NULL,0x,0
30,0xd6f9a23b6487217c617c95c51306a3ab7213bdd63dbbc2ce38760d7389bfd7f3,5457415,1523977873,0x65e2c5175e2e618f48e70343b14c31b280e42d90,0xeb85b4777698c0f41168087cd8d43a2fdef37bdb,0.500440000000000000,NULL,0x,0
31,0xfa435621c94a92f28a6063d8169cc6ffa818da1c15029c34ee61cfe1f36ac3c9,5559790,1525512839,0xeb85b4777698c0f41168087cd8d43a2fdef37bdb,0x345fe22bbf185bc149d92926b37d9148cb037f63,26.130612470000000000,NULL,0x,0
