,TxHash,BlockHeight,TimeStamp,From,To,Value,ContractAddress,Input,isError
0,0xe26f3faeadd866bf9c3270db4ef0f609bd4fbe779bb5ead4fad5343dd0b42f3c,5392681,1523040411,0x27a46a83421fadd71aebfad5af2a55d89599b1fd,0xeeb70fd96f6c8838aeffb9d8dc042eab97b1bb09,4.000000000000000000,NULL,0x,0
1,0x9aa20bc076509a3552c4b39b0d96d534d6397903e66d9cc0134759a5ab1a5a24,5396911,1523100603,0xf7e17040fa69e395bc6567b56172c9a5e07ce02b,0xeeb70fd96f6c8838aeffb9d8dc042eab97b1bb09,1.355311570000000000,NULL,0x,0
2,0x744e82c3cad3e884f4271567b1d7faef8aed437a6fb9b2febe990a23f2078204,5424455,1523495627,0x564286362092d8e7936f0549571a803b203aaced,0xeeb70fd96f6c8838aeffb9d8dc042eab97b1bb09,0.649426000000000000,NULL,0x,0
3,0x53ce37e0ed244f69856bd23fd939244ee9167ea708df671c7e9eec3685502bae,5425911,1523516501,0x5c00c07bb2411998962b0fd2e6a0a66235d36b24,0xeeb70fd96f6c8838aeffb9d8dc042eab97b1bb09,3.415200000000000000,NULL,0x,0
4,0x3182dfec8877f6d6c1961851ec5821faaa60bba0cc5f5009cdfd0dcf3f23caf3,5431256,1523594698,0x33e3ffd74d98a688a3bc48907d0a8102f5793379,0xeeb70fd96f6c8838aeffb9d8dc042eab97b1bb09,3.000000000000000000,NULL,0x,0
5,0x648fa632c3a07b0c459440e7c731b0b95145f7923edabdace0688d8fc50b2de6,5431672,1523600919,0x267a871a629eca9324a2c57c295bbb7a807a5998,0xeeb70fd96f6c8838aeffb9d8dc042eab97b1bb09,0.500000000000000000,NULL,0x,0
6,0x604c48378f892d481b5f44dd7c4f5085e0ce422d06d81bbdbf924953f45d99d7,5450657,1523878175,0xb9464259af8347379a71101f464a1d6b100909b0,0xeeb70fd96f6c8838aeffb9d8dc042eab97b1bb09,0.003900000000000000,NULL,0x,0
7,0x7860aed40565c48e5db93e7ddf93887b329abb75b4ab25fa77c31776961548c1,5450991,1523882937,0x41d57e163b6c64fca2cd6535fcaa199b1fedd98b,0xeeb70fd96f6c8838aeffb9d8dc042eab97b1bb09,0.198976900000000000,NULL,0x,0
8,0xc8718118ce04c849b191ceea386dbabd435d3fc5d4cae23a74a391a668d377ba,5453145,1523914854,0xeeb70fd96f6c8838aeffb9d8dc042eab97b1bb09,0xaebf400f6ebddf5c23252b7ff762eb54348d597c,8.000000000000000000,NULL,0x,0
9,0xf61860336ff9f117470818c45c53493cb66f299d1f1b50afb14f3ddad565913b,5453157,1523915022,0xeeb70fd96f6c8838aeffb9d8dc042eab97b1bb09,0x4a8a27fc8dff970a23b617f9b0592c7f7e9607f0,5.121092470000000000,NULL,0x,0
10,0x4fce7a06edecd7fa0d8a4cb8a26faed956ac48652185089b806dc708691bba9e,5453942,1523926129,0xf5bec430576ff1b82e44ddb5a1c93f6f9d0884f3,0xeeb70fd96f6c8838aeffb9d8dc042eab97b1bb09,0.495000000000000000,NULL,0x,0
11,0xee5c88785dd935c429d159fbc5152e521f226b2389fee66ecc729b4f8522b2b4,6409636,1538059892,0xeeb70fd96f6c8838aeffb9d8dc042eab97b1bb09,0xa48772ccbd9ff73a4797999f95af5e9dd9fc6b7f,0.494139000000000000,NULL,0x,0
