,TxHash,BlockHeight,TimeStamp,From,To,Value,ContractAddress,Input,isError
0,0x9002daae8b6a30e8c657edd6fb10914a673528d602a1edde2f7acb6fb5b1ab0e,5244790,1520898312,0x27b574290e006685578ffe49fd50463f4c3f7952,0xee14140f20fb737809ca206c238382b3f802ca6c,0.500000000000000000,NULL,0x,0
1,0x45fdf6289f5cc6ba795bcd0a51e8c92d75fbff6c50415d9f26fba89bcbeeb01e,5253617,1521028197,0xe89943ec20d856f064a87349a00ef6ab00aed042,0xee14140f20fb737809ca206c238382b3f802ca6c,1.094000000000000000,NULL,0x,0
2,0x4ee1c665f8ebd13540629f8980dc97bcaebb49c8d4650f9ff5e3dc51951409b8,5307361,1521810892,0x68f5f8fa873615023ee6ef2a1361c5def00b5000,0xee14140f20fb737809ca206c238382b3f802ca6c,5.000000000000000000,NULL,0x,0
3,0x0b5082b5cc4147012ff4566d9bcf5d32aa1c650cda354be5566e4738081c8f25,5307609,1521814543,0x05ee546c1a62f90d7acbffd6d846c9c54c7cf94c,0xee14140f20fb737809ca206c238382b3f802ca6c,0.197000000000000000,NULL,0x,0
4,0x1c5941fdec07e8500e375df7d2ab2862cfab5033574da442e5ce296885684943,5309193,1521837228,0x3f5ce5fbfe3e9af3971dd833d26ba9b5c936f0be,0xee14140f20fb737809ca206c238382b3f802ca6c,0.200000000000000000,NULL,0x,0
5,0x2bb31c6d3dcdaf01cd100ace71a41973e16f1847a230598af050327162cf6a50,5309508,1521841855,0xd551234ae421e3bcba99a0da6d736074f22192ff,0xee14140f20fb737809ca206c238382b3f802ca6c,0.887304630000000000,NULL,0x,0
6,0x1619993ea529a0c36eefbfa7c80f2a18c8a5faaac1d11873e2c9bcbf4cc6771d,5309817,1521846867,0x05ee546c1a62f90d7acbffd6d846c9c54c7cf94c,0xee14140f20fb737809ca206c238382b3f802ca6c,0.597000000000000000,NULL,0x,0
7,0xb877fbd2e40cc6b8952de720f9a79c9b7a7cad7db11ffaee7cff4a9f324d9908,5309925,1521848565,0x2b5634c42055806a59e9107ed44d43c426e58258,0xee14140f20fb737809ca206c238382b3f802ca6c,1.947840000000000000,NULL,0x,0
8,0xd73e5fe087cabf2e53bd47e64178bbf739c5b3e1c4c401e5aab4cddb26560af7,5310419,1521855895,0xe23912176e4f1d3490b18cd689bc7e16088284fa,0xee14140f20fb737809ca206c238382b3f802ca6c,1.000000000000000000,NULL,0x,0
9,0x292743f734663b4ae160b7f4e96c20ad087880b6df51f50cdc9112b69a83ce2a,5310538,1521857542,0xa79d145983ea407d3d215937fde1c597a63b8fc4,0xee14140f20fb737809ca206c238382b3f802ca6c,0.460562510000000000,NULL,0x,0
10,0x309535016d3f4084345cc25adede1a26f667c316efb67f8e41fd9fc9574a81f1,5311122,1521866433,0xd551234ae421e3bcba99a0da6d736074f22192ff,0xee14140f20fb737809ca206c238382b3f802ca6c,0.989785310000000000,NULL,0x,0
11,0xe206299bd37fffcceaf910de97c9c23905d9d66f72c9765a53b3f3dcef2d3f26,5311427,1521870856,0x2305b55598fa27c5898d04e4f420e34d8348a405,0xee14140f20fb737809ca206c238382b3f802ca6c,0.500000000000000000,NULL,0x,0
12,0x2e21dc27afff4be0f4a2fe2458a0423fd402806b6cc78a21614810ad2130ba1c,5311486,1521871787,0xfbb1b73c4f0bda4f67dca266ce6ef42f520fbb98,0xee14140f20fb737809ca206c238382b3f802ca6c,0.204000000000000000,NULL,0x,0
13,0x6ba3caa2dcd8252781af7116feae58ca68294667a8783cd8881932614f8cf8c3,5311921,1521877862,0xfbb1b73c4f0bda4f67dca266ce6ef42f520fbb98,0xee14140f20fb737809ca206c238382b3f802ca6c,0.227022230000000000,NULL,0x,0
14,0xbf09b1a063b222fc53f8bad580177053eb1771c78e2f82cf9b4bb16133616b80,5314258,1521910333,0xc304fd8cfb2615e68f4aaaed4e3d9e4e539da8b0,0xee14140f20fb737809ca206c238382b3f802ca6c,0.999895000000000000,NULL,0x,0
15,0xf3b4c0af689f2ff98c7e0c039078a9a8184c7c2456b3090f2e7ffcc083100cd1,5314301,1521911063,0x63a8060bd203f4a89b12cbc3b85a51b470c57e1b,0xee14140f20fb737809ca206c238382b3f802ca6c,2.512598500000000000,NULL,0x,0
16,0x0828b34162f41189684bb40c548b0ec40341dc6932820fca0b5216642b46d944,5314854,1521919083,0x4b01721f0244e7c5b5f63c20942850e447f5a5ee,0xee14140f20fb737809ca206c238382b3f802ca6c,0.300000000000000000,NULL,0x,0
17,0xae77bf5950a41651adac857b9c4a575a640854f04bc598a2aafcfb87fadb14a1,5319841,1521991447,0xfbb1b73c4f0bda4f67dca266ce6ef42f520fbb98,0xee14140f20fb737809ca206c238382b3f802ca6c,0.494000000000000000,NULL,0x,0
18,0x4cd02b83e5e620a4c525deaa19d6aac1c175fd1c4fd05364646c00f14567f8a2,5319856,1521991667,0x3f5ce5fbfe3e9af3971dd833d26ba9b5c936f0be,0xee14140f20fb737809ca206c238382b3f802ca6c,0.300000000000000000,NULL,0x,0
19,0x1fd7cafae032ccc9c1ec2ba85e513faf1b939ecb7e9396cb7d24eab237352381,5320115,1521995621,0x3f5ce5fbfe3e9af3971dd833d26ba9b5c936f0be,0xee14140f20fb737809ca206c238382b3f802ca6c,0.290000000000000000,NULL,0x,0
20,0x161ce638e1de055c45543018de24108f727d6e65102330b38ab4c904f14c4dcf,5320146,1521996107,0x390de26d772d2e2005c6d1d24afc902bae37a4bb,0xee14140f20fb737809ca206c238382b3f802ca6c,4.990000000000000000,NULL,0x,0
21,0xfa6f8d51a6717520ec409f638e78bd25b8a67070877de5dfdb3d2b887ddadf4a,5320355,1521998978,0xe89943ec20d856f064a87349a00ef6ab00aed042,0xee14140f20fb737809ca206c238382b3f802ca6c,0.300000000000000000,NULL,0x,0
22,0x5ae127fa5dcd721dcd0b01cb930681ae7366f8210129cb38d7010488a9067a48,5320619,1522002367,0x5d2cd3c42ed4bf0227edfcf9ba4628ea3ae3f33d,0xee14140f20fb737809ca206c238382b3f802ca6c,0.399916000000000000,NULL,0x,0
23,0x0547befd4d0224c3b2ccc3ee9f5e9a03d20b8530aad2f0047d9a68ef9ba4bd94,5320879,1522005735,0x51836a753e344257b361519e948ffcaf5fb8d521,0xee14140f20fb737809ca206c238382b3f802ca6c,0.345000000000000000,NULL,0x,0
24,0xf03e03333e58d623e21620da75781b43c03cf1985dcb683ffdcb347a2449d72a,5322156,1522023713,0xd551234ae421e3bcba99a0da6d736074f22192ff,0xee14140f20fb737809ca206c238382b3f802ca6c,0.290000000000000000,NULL,0x,0
25,0x973800990a43ed778795795a82f49e004bf87589fefb63c75f5cb9e4e8646b97,5325507,1522071683,0x7b907bb6728488fa0a0f8e0eddd102b2ae5db2c3,0xee14140f20fb737809ca206c238382b3f802ca6c,0.400000000000000000,NULL,0x,0
26,0x09e569fa11ec07a3afd243a2ad01a9356223650aac45c22ddda9f9c9cba101b7,5325533,1522072020,0x1555138a89ca99d84ecf8dc6b159e59512937a72,0xee14140f20fb737809ca206c238382b3f802ca6c,1.200000000000000000,NULL,0x,0
27,0x3f2f346fcffdce25e75738995c8a32b739918ec44e6c8aae33c7159a8cf0704d,5325628,1522073368,0xfdc9300da4f671f9258e04b17e53b551ffeda426,0xee14140f20fb737809ca206c238382b3f802ca6c,0.319853000000000000,NULL,0x,0
0,0x3941db00f3a980599db1fbeb67fe854ade7c7f4fbda5299337403bd5561e526f,5325677,1522073996,0x1522900b6dafac587d499a862861c0869be6e428,0xee14140f20fb737809ca206c238382b3f802ca6c,0.303165090000000000,NULL,NULL,0
28,0x518f2e211f3228aee5c90b9edcfde875f2a91e2e0a4db909ec662808e7e527a1,5325767,1522075225,0xb6aac3b56ff818496b747ea57fcbe42a9aae6218,0xee14140f20fb737809ca206c238382b3f802ca6c,0.370000000000000000,NULL,0x,0
29,0xfa91afb542e88296f79a39bb7aa47f88d15e9678709992b30a6485a29d36a8ec,5325774,1522075336,0x3f5ce5fbfe3e9af3971dd833d26ba9b5c936f0be,0xee14140f20fb737809ca206c238382b3f802ca6c,0.390000000000000000,NULL,0x,0
30,0xd9189d5d6562c4cb92c5add0c6881177354adfa3529bd2df0e55489f98706848,5326017,1522078820,0x3f5ce5fbfe3e9af3971dd833d26ba9b5c936f0be,0xee14140f20fb737809ca206c238382b3f802ca6c,0.481217580000000000,NULL,0x,0
31,0x75f8f82edc66c039e8f10ca87fe7fc6d30b161e7cc421899663520b91b47c7ec,5326029,1522079120,0x416299aade6443e6f6e8ab67126e65a7f606eef5,0xee14140f20fb737809ca206c238382b3f802ca6c,0.000760000000000000,NULL,0x,0
32,0x5a8da1b550c45a48524d841378a5e31109f554f7c5acc00c418d27a7227b271f,5326037,1522079233,0xf726dc178d1a4d9292a8d63f01e0fa0a1235e65c,0xee14140f20fb737809ca206c238382b3f802ca6c,0.781114600000000000,NULL,0x,0
33,0x6eb3069afee1a324073f2ed9f235e924d943821ca43413339507320e6f2a9859,5326044,1522079427,0xe3ccec1f564d32eb5047fa8587647063848746fb,0xee14140f20fb737809ca206c238382b3f802ca6c,0.400000000000000000,NULL,0x,0
34,0xadf7208d30bed81ab143c495ca124e59349e5b79606eff7d50c237b766f29fdd,5326290,1522083108,0x51c3f1f6978207ccf565ea497e13fa8d7f413faf,0xee14140f20fb737809ca206c238382b3f802ca6c,9.739067180000000000,NULL,0x,0
35,0xca5da6aada8d8302c7b298e9283e855e47772acc76c67ba49610d8a38142cb71,5326542,1522086585,0x1a69592e6bebd8b118fabde52a53ab291b59ba9b,0xee14140f20fb737809ca206c238382b3f802ca6c,2.999790000000000000,NULL,0x,0
36,0x99ec7b97579a3b2e608438d3f73aed59a9f15598fee51b01583da567e22f5920,5326567,1522086991,0x15326f475ceefaff561ed907cb6068c182e44c95,0xee14140f20fb737809ca206c238382b3f802ca6c,0.799790000000000000,NULL,0x,0
37,0x55a117397a586893c863dae55059f58cf786ed5897ad0ebe16ca616b088052fa,5326619,1522087769,0x8e0c539b6e9a752d2117081310c4cfdb40211449,0xee14140f20fb737809ca206c238382b3f802ca6c,0.002006380000000000,NULL,0x,0
38,0x0717d46dd4a0c9c9ac9efdd9ee409ca6b5292a7d553d1fd8e988950a9679f753,5326648,1522088206,0x19f4114f64e6f6483b219d780c502bdcfe201c77,0xee14140f20fb737809ca206c238382b3f802ca6c,1.000000000000000000,NULL,0x,0
39,0x7015fedd1700345ae03f12d9e287b2e82fd0ee993175066a149a993d59e2f9c9,5326649,1522088228,0x6e286936b8211905a63725b89bdcbe7229664cb0,0xee14140f20fb737809ca206c238382b3f802ca6c,9.980000000000000000,NULL,0x,0
40,0x58e5d7d594788afc16f46b0aa9770ff2dbd6c1ce311f1fa153975d834b90e21c,5326662,1522088435,0xfcf953e1262b4ab7794f01c3b56d89dffeb1d8dc,0xee14140f20fb737809ca206c238382b3f802ca6c,0.540747100000000000,NULL,0x,0
41,0xc81e73241d5490820a411735ae82c40a2cdbbe4632c1da28bb7192ba0cbad715,5326742,1522089608,0xe51b7ccb59ef87963a416209dfa57fc40c76a388,0xee14140f20fb737809ca206c238382b3f802ca6c,0.300000000000000000,NULL,0x,0
42,0xd5983adffa6a6eb55dcccca62ee74e50148872df554953c9a50a54c6782d07f9,5326948,1522092588,0x876eabf441b2ee5b5b0554fd502a8e0600950cfa,0xee14140f20fb737809ca206c238382b3f802ca6c,0.997300000000000000,NULL,0x00,0
43,0x62c17d07e8815b7c31635a7a8da0db6f166e83b3197ad3a102c83dcf4ab905de,5326986,1522093102,0xb77dc685f2da90a4c21dcfec02d16cf9bc9f04eb,0xee14140f20fb737809ca206c238382b3f802ca6c,0.300000000000000000,NULL,0x,0
44,0xf22940d885eb3c3edb4d0e988c0a51ab575d17b90b2d9326a4528291ee2aa6ea,5327052,1522094109,0x5afd0ca29bce4bf3eb867be28b8395c3c1876ea6,0xee14140f20fb737809ca206c238382b3f802ca6c,0.300000000000000000,NULL,0x,0
45,0x25f5c7745df19bd221280e6238eac55e77b9e84921420075bf50255ee9f02473,5327079,1522094495,0xd551234ae421e3bcba99a0da6d736074f22192ff,0xee14140f20fb737809ca206c238382b3f802ca6c,0.990000000000000000,NULL,0x,0
46,0x725ebd5a81207a4f53279a44192156d7d2f028b3e4d5a9a97fa66b6416b2a2de,5327165,1522095751,0x773437d30ef8ab270465575c48a192e0f5d60af5,0xee14140f20fb737809ca206c238382b3f802ca6c,0.300000000000000000,NULL,0x,0
47,0xdf1bad4eeeac3b685d91fd18eca24904030e6f12a846e8ad140e22da69944428,5327209,1522096306,0xd4b3876072b2b3606d4a69edd10f406dd57829fa,0xee14140f20fb737809ca206c238382b3f802ca6c,0.374159575000000000,NULL,0x,0
48,0xda172b86e97ebbcf13859acc0541f7c87e0794d8fcb2ed0492ac8834d7309ad4,5327309,1522097623,0xd551234ae421e3bcba99a0da6d736074f22192ff,0xee14140f20fb737809ca206c238382b3f802ca6c,1.009138760000000000,NULL,0x,0
49,0x348df6aea9b04b316a940a7bf5b94cf61c271cb8b81fe08bd63c65c015bc2a31,5327426,1522099606,0x74c09cafba3dbd10dc71e81c3164b875fd460233,0xee14140f20fb737809ca206c238382b3f802ca6c,0.001000000000000000,NULL,0x,0
50,0x90bf67b84d0f4b0ccc991866748fc5881635e13dcea736e61629171952d3fe30,5327465,1522100219,0x14843defe825882e77ac8bdbdcee8e3b46410b87,0xee14140f20fb737809ca206c238382b3f802ca6c,0.300000000000000000,NULL,0x,0
51,0x110f8cfde403bb85578d15031eca897c161813b44b1dea37ed769aea4ca04273,5327478,1522100439,0xfbb1b73c4f0bda4f67dca266ce6ef42f520fbb98,0xee14140f20fb737809ca206c238382b3f802ca6c,0.895173500000000000,NULL,0x,0
52,0x745acfc3e5a2a8171be24fd6e57554145cd6752d191a87cd2444a3d9a9cdbcae,5327493,1522100634,0xd551234ae421e3bcba99a0da6d736074f22192ff,0xee14140f20fb737809ca206c238382b3f802ca6c,1.001787200000000000,NULL,0x,0
53,0x3b74e4ee1719ff7ba25b39c0e7d366b01bb0ce8a7435402258e307f18bfd4ee5,5327533,1522101192,0xd551234ae421e3bcba99a0da6d736074f22192ff,0xee14140f20fb737809ca206c238382b3f802ca6c,0.030000000000000000,NULL,0x,0
54,0x8027d33fcef7e897fa203b516df42e3a46bf28062bc9c9b94cc56483b303ddf5,5327584,1522101955,0xb48d1b250d66616af6bc35a808b2778114395520,0xee14140f20fb737809ca206c238382b3f802ca6c,1.206639500000000000,NULL,0x,0
55,0x062a9f1b39741708e16dabe6ebd477dd1d912b6344b859bea25e48749110134b,5327627,1522102623,0x7b013ad0303d397e32bb683da0296fce4956e768,0xee14140f20fb737809ca206c238382b3f802ca6c,0.300000000000000000,NULL,0x,0
56,0xba4ff46210890dba2d2a4c642f849ed52b9005f498f6e1a029700f86474291ba,5327640,1522102865,0xfbb1b73c4f0bda4f67dca266ce6ef42f520fbb98,0xee14140f20fb737809ca206c238382b3f802ca6c,4.994000000000000000,NULL,0x,0
57,0xbe7b66df8770ff1d48bf5c9e992bc3237fc5386b5be5897f12cc51a81aec7b05,5327655,1522103075,0xd551234ae421e3bcba99a0da6d736074f22192ff,0xee14140f20fb737809ca206c238382b3f802ca6c,1.206695760000000000,NULL,0x,0
58,0xf551b448f3566e1781cd5c6a19425c0099a1b59c439f814663549899c9ae54a5,5327702,1522103732,0xe1e2efab8f84a2e82e596914deb8fc26bdd21bd6,0xee14140f20fb737809ca206c238382b3f802ca6c,0.999937000000000000,NULL,0x,0
59,0x45d58f6e9b88bace479d947b2411b1d6510f1d8fe6ad438f53feed7de0689af1,5327760,1522104535,0x7adcacdbf4c2ed0c72c05695c0ebb594ec8f1a19,0xee14140f20fb737809ca206c238382b3f802ca6c,1.000000000000000000,NULL,0x,0
60,0xe69e6218f447b230ba0692ec044917b943cb1d7e55e3d5612f585a483f170be5,5327785,1522104903,0x51836a753e344257b361519e948ffcaf5fb8d521,0xee14140f20fb737809ca206c238382b3f802ca6c,0.589370430000000000,NULL,0x,0
61,0xe76c5c3d30b1f0181c2777a2ecf34251dc59366ad3e477ec2458742fcf55bad2,5327803,1522105236,0x3f5ce5fbfe3e9af3971dd833d26ba9b5c936f0be,0xee14140f20fb737809ca206c238382b3f802ca6c,1.000000000000000000,NULL,0x,0
62,0x49720408eb703d3363ad3e455bfb57fe08520e467cb1d7037b1e6f39ecd84031,5327893,1522106384,0x3f5ce5fbfe3e9af3971dd833d26ba9b5c936f0be,0xee14140f20fb737809ca206c238382b3f802ca6c,0.319354630000000000,NULL,0x,0
63,0xe93ae529a268990284d57caf8ba9b681acf4eea7ec2616c8d6fe1db28b6bb459,5328012,1522108098,0xd551234ae421e3bcba99a0da6d736074f22192ff,0xee14140f20fb737809ca206c238382b3f802ca6c,1.840000000000000000,NULL,0x,0
64,0x899896da4a25c697f26a1e5f653b97c3a9eb62472e734d73a4aecb54f49c9cc2,5328148,1522110106,0x390de26d772d2e2005c6d1d24afc902bae37a4bb,0xee14140f20fb737809ca206c238382b3f802ca6c,1.245619070000000000,NULL,0x,0
65,0xc199b62635050be4c51a7fe86ad9e75bba6d8bce77c6c89994b539370c04ac47,5328249,1522111460,0xfbb1b73c4f0bda4f67dca266ce6ef42f520fbb98,0xee14140f20fb737809ca206c238382b3f802ca6c,0.300000000000000000,NULL,0x,0
66,0xea106bd4a811c2c1d658ee2b74b7c19a055bcafe608c706cfaa03c66b7768d88,5328288,1522112172,0x1595c383f52e474b28b5e6b4b8f72e92c1461474,0xee14140f20fb737809ca206c238382b3f802ca6c,0.800000000000000000,NULL,0x,0
67,0x0ef25db3ad3a04154213cf37190bf9c691672418d63222a532bd2bf6fda02067,5328345,1522113038,0xd551234ae421e3bcba99a0da6d736074f22192ff,0xee14140f20fb737809ca206c238382b3f802ca6c,3.015254960000000000,NULL,0x,0
68,0x476bcb3845cd8dee68c63b4da97509ca3bd75dd26187ddb1ae664f16155f139d,5328566,1522116243,0x88dc01d1ea8d3a3508f0a9d1349c14456e90f2f1,0xee14140f20fb737809ca206c238382b3f802ca6c,0.200000000000000000,NULL,0x,0
69,0x9cf2d61be2f5c138569b74afc44ae6e438b041c8807d003d83ad6f85a4d0b9f6,5328716,1522118322,0xe570b847900de24e703bc967628988ccb2cd0162,0xee14140f20fb737809ca206c238382b3f802ca6c,0.300000000000000000,NULL,0x,0
70,0x9af5ebf8a6cfb58dc67d69ff21c2012391f8d0177dd6397aeabe92181392686c,5328758,1522118963,0xfbb1b73c4f0bda4f67dca266ce6ef42f520fbb98,0xee14140f20fb737809ca206c238382b3f802ca6c,1.061494270000000000,NULL,0x,0
71,0x9117ca4a45f3ee8b874417c18df5b55ea1565a202e12a2026b54dbdcc41a3a2c,5328759,1522118973,0xe570b847900de24e703bc967628988ccb2cd0162,0xee14140f20fb737809ca206c238382b3f802ca6c,0.400000000000000000,NULL,0x,0
72,0x383a301eb605bb3252205ff75a4f5b90970e0036acfe64bed23e5d4ad8e7ebd0,5329324,1522127444,0x1b95c18d90e6a5a451ab0b20f8d246b56d495eaf,0xee14140f20fb737809ca206c238382b3f802ca6c,1.100000000000000000,NULL,0x,0
73,0x93e3a15a4326ca17dda111ce756bf4ac5d1e99e3685808e66e105988d974e28c,5337070,1522240685,0xf726dc178d1a4d9292a8d63f01e0fa0a1235e65c,0xee14140f20fb737809ca206c238382b3f802ca6c,1.145314020000000000,NULL,0x,0
74,0x627965cd49b679c51130ffcdd0d691deca3f80fa543f9ab69e0039b05fc84e18,5337335,1522244338,0x2b5634c42055806a59e9107ed44d43c426e58258,0xee14140f20fb737809ca206c238382b3f802ca6c,0.200000000000000000,NULL,0x,0
75,0x6e2d3a967f6ca4339a092ccf36eb755784c885c636d22388391e26f2cdfc1dd1,5337339,1522244373,0x5baeac0a0417a05733884852aa068b706967e790,0xee14140f20fb737809ca206c238382b3f802ca6c,0.212206010000000000,NULL,0x,0
76,0xeac02fbd1c9780cc1ea21c176b8637a04f318472d3f6b9cba143446a17d8ab09,5337451,1522246226,0x3f5ce5fbfe3e9af3971dd833d26ba9b5c936f0be,0xee14140f20fb737809ca206c238382b3f802ca6c,0.430000000000000000,NULL,0x,0
77,0xc047d7fa21541b8e0f4005ebbfbc85a3155b805b99017699ad75589a24057d3f,5337760,1522250820,0xd8bc54f03bf4e873a458550678dfd06aaa302265,0xee14140f20fb737809ca206c238382b3f802ca6c,0.350000000000000000,NULL,0x,0
78,0x87ffdec7390329282f90076776c389f6d0e571ff5066c2492fb25789bb866b62,5337831,1522251875,0xd8bc54f03bf4e873a458550678dfd06aaa302265,0xee14140f20fb737809ca206c238382b3f802ca6c,1.000000000000000000,NULL,0x,0
79,0xd09ff41653b9928dc295da9df27fd119aa1af4459a56eba08899b490fb896510,5338490,1522261021,0xa71fac8f31c331c8d18d35c0d9507964fdac9fb6,0xee14140f20fb737809ca206c238382b3f802ca6c,0.001000000000000000,NULL,0x,0
80,0x47d36a49d53a35b3a8ffb294c0ae13f6499b1faf9f117adbff90eecf738d302c,5339150,1522270631,0x4011a090e80b7039e43a3e1db05bd64fa6bd8f0b,0xee14140f20fb737809ca206c238382b3f802ca6c,0.645366120000000000,NULL,0x,0
81,0x729faa18bb227688045568b8863df3a3e60676c4e62368f3e7be535e9b5ec7c7,5339167,1522270901,0xd551234ae421e3bcba99a0da6d736074f22192ff,0xee14140f20fb737809ca206c238382b3f802ca6c,0.290000000000000000,NULL,0x,0
82,0xa2d29022a9bcd6c6e9ed277ea92422a6ed9676e98f7fd5a30faceb85c13955b3,5339789,1522279506,0xfa12f0d1677d2d830e44c673cc52848f079ec756,0xee14140f20fb737809ca206c238382b3f802ca6c,0.300000000000000000,NULL,0x,0
83,0xb9cb46dbf8ae0437029ab92308bb3d60032550537f0aac25b768829149bf8835,5340558,1522290792,0xd551234ae421e3bcba99a0da6d736074f22192ff,0xee14140f20fb737809ca206c238382b3f802ca6c,0.319672350000000000,NULL,0x,0
84,0x8d3b4c22862dc91fd8025a422681cf698dbe1734adb3a54586f26666080156c1,5340726,1522293585,0x2b5634c42055806a59e9107ed44d43c426e58258,0xee14140f20fb737809ca206c238382b3f802ca6c,0.390000000000000000,NULL,0x,0
85,0xd4e7c3d25c6c6fee632cabeda05425bcfaa3123ee46680db92676e51566241eb,5340771,1522294198,0xf5f19987e1a227c4c3dbda80812f8900f2cb5090,0xee14140f20fb737809ca206c238382b3f802ca6c,0.700000000000000000,NULL,0x,0
86,0x07dae95bfb30b24244160a5d4d7b37136a2f33db1f1eceb8335c1fc8a2ce4124,5340829,1522295192,0x11a64af90486a33edda06def04c1fcfdc2a0dfec,0xee14140f20fb737809ca206c238382b3f802ca6c,0.100000000000000000,NULL,0x,0
87,0xd043da18443d1e95e0a5e1d6f1d2777bb7eb25e0a1cfffd4498a08c75afbfb6b,5341018,1522298075,0x031fc6d03e670ae383bc9449812b57f0c4dcf2d0,0xee14140f20fb737809ca206c238382b3f802ca6c,4.000000000000000000,NULL,0x,0
88,0x061c7e84d74201afa9446050dfd776b0da1cc526f4c7438ad656b9a54f2cb7b0,5341091,1522299038,0x239efb12ecb64ca3db9b1e784b3307d5f326dacd,0xee14140f20fb737809ca206c238382b3f802ca6c,0.375743130000000000,NULL,0x,0
89,0x9275757af8fff913713bfeaca52aad5ce9f435f15dc081f055078a3e1e1846db,5341201,1522300676,0xef10a5d898c21aa95865b447be6491380859a307,0xee14140f20fb737809ca206c238382b3f802ca6c,1.000000000000000000,NULL,0x,0
90,0xb346a52caf8f62a3f374bb723e6e42b76f6845f4506c1d20fd6b40530a5a7c78,5342865,1522325405,0xb3aaaae47070264f3595c5032ee94b620a583a39,0xee14140f20fb737809ca206c238382b3f802ca6c,0.597000000000000000,NULL,0x,0
91,0xf37aac2219e39318c3b4adbbc3550c4b216dde18ac1b95c64bd518d0d4f87cec,5343001,1522327292,0x51ace85766b208bd6d876b97f1ab0cc99d231a76,0xee14140f20fb737809ca206c238382b3f802ca6c,0.509916000000000000,NULL,0x,0
92,0x44a57d27e23dc17ce6c10f33ab7c6117ee8eeff192d6a5e2b978e2bed021024e,5343098,1522328772,0x3f5ce5fbfe3e9af3971dd833d26ba9b5c936f0be,0xee14140f20fb737809ca206c238382b3f802ca6c,1.054806710000000000,NULL,0x,0
93,0x6c13a4f3e23960874435b332baa43e2a4fadc75149e6b59885bcde91320981c0,5343144,1522329408,0x3f5ce5fbfe3e9af3971dd833d26ba9b5c936f0be,0xee14140f20fb737809ca206c238382b3f802ca6c,0.501000000000000000,NULL,0x,0
94,0xf154e376f638dd4b287244b8e3d856eadb51b4d2f98ba046809c84f9a3beb465,5343194,1522330150,0xfbb1b73c4f0bda4f67dca266ce6ef42f520fbb98,0xee14140f20fb737809ca206c238382b3f802ca6c,0.526679970000000000,NULL,0x,0
95,0x6887a87172818e3b719384f898f3f87b0d6d803378d8f42cbe06949f9820d325,5343226,1522330576,0xd551234ae421e3bcba99a0da6d736074f22192ff,0xee14140f20fb737809ca206c238382b3f802ca6c,0.990000000000000000,NULL,0x,0
96,0xa58219353373cbc0bfb9c7b3f9614e2d4cf3897fb8d6e7e147f4d3c40e2b3caf,5343505,1522334562,0x5ec6fe5f17e970cba2fbbd32caa95b1a4d765224,0xee14140f20fb737809ca206c238382b3f802ca6c,5.000000000000000000,NULL,0x,0
97,0xe1b4d2e621588760f18ef7e1ab67ad7226e263d56aa41a3d214d01ad54e8d481,5343805,1522338757,0x8acd8644d36f891974685090137b227a3b2fd4b9,0xee14140f20fb737809ca206c238382b3f802ca6c,0.500000000000000000,NULL,0x,0
98,0x869c0d532ac2883e132246ba4a6d6072bac1d0b929a220d67f9cbe8a8585ef9b,5344202,1522344818,0x41d57e163b6c64fca2cd6535fcaa199b1fedd98b,0xee14140f20fb737809ca206c238382b3f802ca6c,0.499916000000000000,NULL,0x,0
99,0x5edf7001168e4e28bea98c6d1242795e25d6c5f21971e98d17c6b7f2caf79607,5344308,1522346307,0xead57fa066ea3212dcc1036a4f0a85be14c7f1cd,0xee14140f20fb737809ca206c238382b3f802ca6c,1.000000000000000000,NULL,0x,0
100,0xde6bae0f918b7fab219779af90d19f80c81154215fca7570812822c556386104,5344844,1522353849,0x3f5ce5fbfe3e9af3971dd833d26ba9b5c936f0be,0xee14140f20fb737809ca206c238382b3f802ca6c,0.577869020000000000,NULL,0x,0
101,0xa558e8b031c3550fb705f1ef66e2d5846e4ecea0d952ee8224f1483baf1f4395,5350595,1522437627,0xb3aaaae47070264f3595c5032ee94b620a583a39,0xee14140f20fb737809ca206c238382b3f802ca6c,0.595800010000000000,NULL,0x,0
102,0x9d92d8b14ef8e2182a61ff431661692df655bb63d9ab4f4bf6145ca5ac16cf87,5358651,1522552915,0x8bff1c8ca2e3d49032f7bf0b7f937ace11fa492b,0xee14140f20fb737809ca206c238382b3f802ca6c,0.500000000000000000,NULL,0x,0
