,TxHash,BlockHeight,TimeStamp,From,To,Value,ContractAddress,Input,isError
0,0xb2c94ed754bd47d7c338baebeb01a31b2e7eadddd4c6e7b959a77ed2c491d3e4,4972082,1516914443,0xbb43a2ac4027557942fb34e98a851dee41f3f10c,0xeee82b5761c48cf895e3fe1a6ebff3be3704bbd9,0.300000000000000000,NULL,0x,0
1,0x11595ea28d4f34571d7234b8a3fdc70ac6b14521533eb30ad901715d68a43caf,4973770,1516938219,0x8e775c4602f37f6ad686a38c53842d47920e06cb,0xeee82b5761c48cf895e3fe1a6ebff3be3704bbd9,0.300000000000000000,NULL,0x,0
2,0x6dcb6a06c04dfe0f3ea47b911c4e9b4ee7b83d9022ef4c541a74a6c70f65e5a3,4973774,1516938277,0x8e775c4602f37f6ad686a38c53842d47920e06cb,0xeee82b5761c48cf895e3fe1a6ebff3be3704bbd9,1.226856695871738852,NULL,0x,0
3,0x8e83347b448c1711e492437c196ec2295c726cf5e98c3683a2f2d25702aca0b0,4974520,1516949685,0x280a7229c3a092870f94af17dd7cc37d48d998ba,0xeee82b5761c48cf895e3fe1a6ebff3be3704bbd9,0.507144200000000000,NULL,0x,0
4,0x7cc9d31370dffb352d8ed07438c4692747f07151062828093f91084870889c9a,4974799,1516953547,0xd0bf57dad7cfbd1038fd1efc17d444db85ed4fea,0xeee82b5761c48cf895e3fe1a6ebff3be3704bbd9,0.600000000000000000,NULL,0x,0
5,0xaf235bc37b657e944d8ec6f01f93270f89e184c65280bdddb9be40b924210d97,4974969,1516956144,0x9fc94c73d4f8d0d10324fb17af7db1497ed868b5,0xeee82b5761c48cf895e3fe1a6ebff3be3704bbd9,0.300000000000000000,NULL,0x,0
6,0x542876f41cfc4e04366a17e47900ce58bfb0aeb545af565100dc55d8dc22848e,4974998,1516956579,0x9fc94c73d4f8d0d10324fb17af7db1497ed868b5,0xeee82b5761c48cf895e3fe1a6ebff3be3704bbd9,0.563548700000000000,NULL,0x,0
7,0xb8a788f32a3a64dc746622191514af648ea9f30792d9b70b8e4cb37450633f5e,4975042,1516957140,0xd86fe243ce155a8cc7ab54f79510d545991e99ff,0xeee82b5761c48cf895e3fe1a6ebff3be3704bbd9,0.300000000000000000,NULL,0x,0
8,0x85f2f3fbce29e7e14e84583f9b377879f4a36290f4418d36c5b05e9816d776a7,4975500,1516963856,0xde5055b69b491bb7d505512a8d7f8815584ee1a9,0xeee82b5761c48cf895e3fe1a6ebff3be3704bbd9,4.000000000000000000,NULL,0x,0
9,0x7d68a1150f5d13743debffdb2a2e66a66f55370b0a2958e1f89abe5d5af9d856,4975548,1516964499,0x62d6592f25da503bdc8d7440d468f0f31ddbb4d9,0xeee82b5761c48cf895e3fe1a6ebff3be3704bbd9,3.000000000000000000,NULL,0x,0
10,0x69173e11f5824cc9457b085c72a425c1f5c3a646e24d8c2a4e9b48fc48d19d53,4977280,1516989916,0x5cbddd35b79d9e3510b286f5b230eb14389e1b70,0xeee82b5761c48cf895e3fe1a6ebff3be3704bbd9,0.330628525000000000,NULL,0x,0
11,0x0fa9dfc244d397f8a41faddda99db12cb0647c17007d96ce6fa4f6aac19b5f62,4977530,1516993621,0xaedb7bb708ab0b417bb3dc84ad1e30c9703cd935,0xeee82b5761c48cf895e3fe1a6ebff3be3704bbd9,2.000000000000000000,NULL,0x,0
12,0x497e931bf5a238a8f9cf6466964740c4527ade66c1ea4e7151b0ce44fd998021,4977594,1516994673,0xd5f04dd8a9420e72613b408264050fb01d19240c,0xeee82b5761c48cf895e3fe1a6ebff3be3704bbd9,3.130000000000000000,NULL,0x,0
13,0xfb0264835ed3c619bf43bd2fafa0c57803d0065c5fc7609f2e412fbb5687848a,4977640,1516995316,0xb0a0ff82ab7caf8d037dec805d7af41c0f68742d,0xeee82b5761c48cf895e3fe1a6ebff3be3704bbd9,1.000000000000000000,NULL,0x,0
14,0x69f48de1a077a41b4867443b7f78f1a853579c3f328f2541b37a4b517c83f0bc,4977652,1516995564,0xaedb7bb708ab0b417bb3dc84ad1e30c9703cd935,0xeee82b5761c48cf895e3fe1a6ebff3be3704bbd9,1.250000000000000000,NULL,0x,0
15,0x9890644edf9f4dfc8a3269d9ac6e53499e2fcda2d7a31a639b5c5e9c9432217c,4977788,1516997364,0xaedb7bb708ab0b417bb3dc84ad1e30c9703cd935,0xeee82b5761c48cf895e3fe1a6ebff3be3704bbd9,1.000000000000000000,NULL,0x,0
16,0xceb1a8fefe3c13bf7665d7d263dd7c56f64f1f83ff258da60f827b15c1e64527,4978074,1517001020,0x44be7a71cbdc706b218621a7d9b4f4f07c3b7a99,0xeee82b5761c48cf895e3fe1a6ebff3be3704bbd9,0.900000000000000000,NULL,0x,0
17,0x2ec72f6353bd1bfedfe1ebe3710fbfbf957b309f768405516251e0df4203ae91,4978138,1517002151,0x76c6823a14ef8adfa1e2b430e9c8cd53664f6edb,0xeee82b5761c48cf895e3fe1a6ebff3be3704bbd9,0.304210220000000000,NULL,0x,0
18,0x01bb8c76bd9bb1efab7a1dd044eef5ca84f0f3751f7cbf1d76a8602a9b559133,4978370,1517005727,0x6f01c88b63983fbb215e89727490b1f6047c25c3,0xeee82b5761c48cf895e3fe1a6ebff3be3704bbd9,0.355420000000000000,NULL,0x,0
19,0xcdfb45dea7ffda2892be188c068df1d44d7e0bfc204aab58a2ae48549e9897b2,4978659,1517010248,0xb51edec8208f9ee229c350dc0314e6fbc9ca6d38,0xeee82b5761c48cf895e3fe1a6ebff3be3704bbd9,40.000000000000000000,NULL,0x,0
20,0x0473b0098051dce21445cd3df9d04eaf2421f4341abec9fba0d67a41238a96d7,4978887,1517013235,0xba245b37199d433f00c555d7bec0729fe507ac38,0xeee82b5761c48cf895e3fe1a6ebff3be3704bbd9,0.510000000000000000,NULL,0x,0
21,0x9ec4db3c51708380b15d8a25730bd999cb80bc90d83d2f636732c58eeb1a6e2c,4979375,1517020454,0x50ff9b5027f9d45694ff08fffb265f592f0bc778,0xeee82b5761c48cf895e3fe1a6ebff3be3704bbd9,0.409139000000000000,NULL,0x,0
22,0x44476343681d9a4e2dcc4664d5391af9996ae456962e2d6bee897a12ef3e5935,4979467,1517021698,0x3ce0106686a8fcdd2edaf6114c6a989657fc76d2,0xeee82b5761c48cf895e3fe1a6ebff3be3704bbd9,0.600000000000000000,NULL,0x,0
23,0xb294963e5ffc324ad8bb7dbc443d3e259af683212a2460f77063f21d16dfad1a,4979475,1517021797,0x2edbef5c91582d599850e7af077dda4b52d928b1,0xeee82b5761c48cf895e3fe1a6ebff3be3704bbd9,0.312000000000000000,NULL,0x,0
24,0xacd41a396d6f5d00781ec02611f65d005f02b119b1abe110447db104a4da4a95,4979553,1517022958,0xf72bb36cdf84664e3e0a3abacffab3a474cc9335,0xeee82b5761c48cf895e3fe1a6ebff3be3704bbd9,0.400000000000000000,NULL,0x,0
25,0x35eb97b83aec74219d410948834d0a2abbc4f511066eecba4ee0d3295b11684e,4979815,1517026607,0x2134e023c347cc1ce59534485142169e6ca1ea94,0xeee82b5761c48cf895e3fe1a6ebff3be3704bbd9,0.700000000000000000,NULL,0x,0
26,0xe1377183f1d6d3db20aa9ad4b13a517a2fc87f7419f632445ad75adce9d194ad,4979972,1517028628,0xf72bb36cdf84664e3e0a3abacffab3a474cc9335,0xeee82b5761c48cf895e3fe1a6ebff3be3704bbd9,0.300000000000000000,NULL,0x,0
27,0x44427043a4e121c8682dad67a61c0ced3a17bfb375b814e9adb7c5b462dfefd8,4980211,1517032393,0xf72bb36cdf84664e3e0a3abacffab3a474cc9335,0xeee82b5761c48cf895e3fe1a6ebff3be3704bbd9,0.700000000000000000,NULL,0x,0
28,0xad8f3f989afff2554d84c99e9878781f432d5a20b8b488ee8c7bb4636e558766,4980234,1517032676,0xc3803e6a3a2ea7289019184ef851c2febf3da493,0xeee82b5761c48cf895e3fe1a6ebff3be3704bbd9,2.000000000000000000,NULL,0x,0
29,0x027e50ba36e9f55a7667bb5249306002c04a209ce7f55bd24bd60be6a3d33fa0,4982548,1517066028,0x4ccd0360f4f58ed439ebd9e5136512539ab794d0,0xeee82b5761c48cf895e3fe1a6ebff3be3704bbd9,0.310000000000000000,NULL,0x,0
30,0xb301f6ad3687797e9485cda08f9042614d9d4264179f767150ffc72fa2b704ea,4983794,1517083611,0xeee82b5761c48cf895e3fe1a6ebff3be3704bbd9,0xc9de3b25da1f6ac0992bebb8aa8cd870d97aaa0c,22.000000000000000000,NULL,0x,0
31,0x18537a4654283b3d2b4d24a728ee1942784f53eea3719af5c7108d04866ee459,4983798,1517083702,0xeee82b5761c48cf895e3fe1a6ebff3be3704bbd9,0x801b5e8862612a8329f717d427f000bc2a584012,23.000000000000000000,NULL,0x,0
32,0xe7bc4419c44bae67f9c59a65a35bf9f436c68d5bf40db8076e5a80fa55adbe34,4983809,1517083843,0xeee82b5761c48cf895e3fe1a6ebff3be3704bbd9,0xf9c93ef40f7fa583ba446abc24221a95cdf3b678,22.606364340871738852,NULL,0x,0
