,TxHash,BlockHeight,TimeStamp,From,To,Value,ContractAddress,Input,isError
0,0xf88d4b439e3c60734df411634b0c999a4790a239fa97146b7ca22370f141fa6b,5296180,1521650906,0xafa488a609d29cdfc6f722a73e4b4dd84a0a073f,0xef0d5aa61af54a8d932734b3f1949bf40b873bb7,0.032654260000000000,NULL,0x,0
1,0xe29c4ab83d98ac4c9858db393a3b5e09fbcc107bf4de9a4292650d9028c40d4e,5299117,1521692759,0xb65abf0bef181fd9b35db0c2e92e57f7f9e877f6,0xef0d5aa61af54a8d932734b3f1949bf40b873bb7,0.300000000000000000,NULL,0x,0
2,0x399eb09c0732018486ea6d0d6b9bd6b479a33e353f1266510738783b41325110,5304289,1521766760,0x3cba610c35fff43597ff26d82512ace31f0e0b0b,0xef0d5aa61af54a8d932734b3f1949bf40b873bb7,0.374938440000000000,NULL,0x,0
3,0x5197351cd93e1499d84f1664ef25e40bc469a1419130a0256fbe1ef6e480578c,5304721,1521773410,0x44926288bfa84958e54f993563def6b551d0fe92,0xef0d5aa61af54a8d932734b3f1949bf40b873bb7,1.143619970000000000,NULL,0x,0
4,0x97438174485fb1cb0829c6a92b8c3a9ba47a8274c95846882afea0b960cc4460,5305525,1521784964,0xef0d5aa61af54a8d932734b3f1949bf40b873bb7,0xe85acf1ee25cec9e59ddee9ceb790cf75b16619f,1.800000000000000000,NULL,0x,0
5,0x893b9f91f98894fbfffe3b5f9375bde37248c14b394d5f0fcabfe608bf4af451,5306411,1521798087,0x2012729284e04df33e521a647f7a606e9abb9b18,0xef0d5aa61af54a8d932734b3f1949bf40b873bb7,2.163853458000000000,NULL,0x,0
6,0xe86033341d7602496a4e50f10119c284ea26a1cba17d066ad04085b82dd446bc,5306882,1521804306,0x5746cebfe6bfd5181da2940eec35ab44794f0dcd,0xef0d5aa61af54a8d932734b3f1949bf40b873bb7,0.300000000000000000,NULL,0x,0
7,0xd74e852aad3c2278996ca70e551347894c3bb12941f8f4803b2d68b0bc9852c7,5310613,1521858541,0xef0d5aa61af54a8d932734b3f1949bf40b873bb7,0x3b72e7a10824734c9a503cc719901827e9d59a12,2.513848128000000000,NULL,0x,0
