,TxHash,BlockHeight,TimeStamp,From,To,Value,ContractAddress,Input,isError
0,0x21bd658fa3087b3412aa6c55668f48e5393130c9da5237d39c7169d470a9b1ab,4109549,1501712448,0xecf68f1b6e3780dcde22816f23469b4bbff944d8,0xf17ba6d6ac0c9e691aa530482d616a4120134a17,0.229149190000000000,NULL,0x,0
1,0x6b98c9f7acf312434c99753ca4752568b4eda13a5c43efb73d4428c173ba4624,4109576,1501713141,0xf17ba6d6ac0c9e691aa530482d616a4120134a17,0xeb82970130b5831559a8c159f720a5f43dcfeec1,0.227514070000000000,NULL,0x,0
2,0x22ab2f822f15a96c20f9b7ee4123eb5a97efe7879cd59b2aabb3f9a579fef302,4110484,1501733089,0xf17ba6d6ac0c9e691aa530482d616a4120134a17,0x0064454b14cddc990ed6520ef94d3e28fe7c41b6,0.000702790000000000,NULL,0x,0
3,0x3c4a77814ae84eec6881b99280bada916b2e34399d4820d83700ffb7d7db82d7,6062101,1533025706,0x630332df479ae68d6a86e73adc294c15567f89ad,0xf17ba6d6ac0c9e691aa530482d616a4120134a17,5.000000000000000000,NULL,0x,0
4,0xd1a21599b850a64ed153b6b01a9aefa89266fa792735c10fa5c99769e8ff2a91,6062146,1533026423,0xf17ba6d6ac0c9e691aa530482d616a4120134a17,0x63b3687ef771ca06c2b5c7e6abad1772845c2aa0,4.974930700000000000,NULL,0x,0
5,0xe4c96dffce623e2e5efad5644cd271eecb9774fef15e78326c22bd8d9c3676d1,6066993,1533096460,0xf17ba6d6ac0c9e691aa530482d616a4120134a17,0x0064454b14cddc990ed6520ef94d3e28fe7c41b6,0.024978790000000000,NULL,0x,0
6,0x7bdf1a3ef711f970eb35f880b4f41f9ae012d67a01b24ac0b6cc41e5e5b7381e,6321518,1536805082,0xe1d3bce365d253c6e761e4c1a2d6511b0453f1e8,0xf17ba6d6ac0c9e691aa530482d616a4120134a17,0.022550000000000000,NULL,0x,0
7,0x7edbf28dd35c2199af75508801bf30cb82414d18e278ae696f6b090314758d98,6321558,1536805628,0xf17ba6d6ac0c9e691aa530482d616a4120134a17,0x75f0c7b588a5eda372adaf093e3d2652207f3976,0.019784500000000000,NULL,0x,0
8,0x020c53872d97322857315a042a791030b69ba87a09cd833773e874adc38d6cba,6505218,1539404556,0xf17ba6d6ac0c9e691aa530482d616a4120134a17,0x0064454b14cddc990ed6520ef94d3e28fe7c41b6,0.002605910000000000,NULL,0x,0
