,TxHash,BlockHeight,TimeStamp,From,To,Value,ContractAddress,Input,isError
0,0xc907e6ec00903bde97ec1bc6fe38234e341ce805a7f0a9575705fe19a6a526a7,5518244,1524883121,0xa1e3a910b44f8db5a8213e58ff59c68382a1b226,0xf1a4b668d15f0e66543e9f1f795cc2b0f97e3ef2,10.630583590000000000,NULL,0x,0
1,0x56aeba63d70df09c32899e7c28429d707f09ed9fa5b976ec36e9caaa37404f49,5518255,1524883337,0xf1a4b668d15f0e66543e9f1f795cc2b0f97e3ef2,0x8d4819afb51ccfef93d8e594e708eb3697566bf3,10.630100590000000000,NULL,0x,0
2,0x2e0b81ab0f96c2ed9389bb919985349ae37f98df870e7e8c441536f3d110d156,5518315,1524884428,0xd4d4da0daa007355ab2a48daa90e2c7131b1fced,0xf1a4b668d15f0e66543e9f1f795cc2b0f97e3ef2,8.763543100000000000,NULL,0x,0
3,0x3387a24fb1c93b1ec1684f8da731320d60eb928d224efb330abec6f723c1a3ec,5518335,1524884658,0xf1a4b668d15f0e66543e9f1f795cc2b0f97e3ef2,0xac93900ae8a99dd680ca16496ffd5048d31a2e19,8.763060100000000000,NULL,0x,0
4,0x5d8c98c01c6eff1d2efe8ee4c941e80747c185d30e0c4a5d5a2ba87aaa23af70,5518514,1524887305,0x049ac766f34baed97d3b9d68d141cd56c987a672,0xf1a4b668d15f0e66543e9f1f795cc2b0f97e3ef2,9.218611500000000000,NULL,0x,0
5,0x2212e24b0bd6bcedd5674a6f272d5d43eaeb97c0959a387952cf92e3732850cf,5518525,1524887440,0xf1a4b668d15f0e66543e9f1f795cc2b0f97e3ef2,0x8d4819afb51ccfef93d8e594e708eb3697566bf3,9.218128500000000000,NULL,0x,0
6,0xfee9a6770f496331227b36823924fb493ecaf429c6c71a0491033898a03780d7,5775540,1528800749,0x3f5ce5fbfe3e9af3971dd833d26ba9b5c936f0be,0xf1a4b668d15f0e66543e9f1f795cc2b0f97e3ef2,0.500000000000000000,NULL,0x,0
7,0xfb190bbac491e52d67ff29a3b937eccf8f38ecab7da5af4fbdd595861cb90d8a,5798015,1529137639,0x267be1c1d684f78cb4f6a176c4911b741e4ffdc0,0xf1a4b668d15f0e66543e9f1f795cc2b0f97e3ef2,0.795000000000000000,NULL,0x,0
8,0x8bf48af07af4a7b80f3871a1f3ba46d20025ad5ab58fc8fa39ec60a4fb234645,5806253,1529258466,0x520751cda866a36d72949fc5194a658ce118d595,0xf1a4b668d15f0e66543e9f1f795cc2b0f97e3ef2,0.550550000000000000,NULL,0x,0
9,0x86f93076e3087f16fcd0ffd05fd4f5460324c2574eeaa1da70f08a597dd2db91,5816260,1529404671,0xf1a4b668d15f0e66543e9f1f795cc2b0f97e3ef2,0x068a425809797f7237ce5b503efba587cb2763ae,0.300000000000000000,NULL,0x,0
10,0xdf67b816afbc6d1fc95ebac3e43f988ab92857cac0ae8e0aada9b55c0fa71ef8,5853655,1529957761,0xf1a4b668d15f0e66543e9f1f795cc2b0f97e3ef2,0x443f933362d9472ac8fb9d1c4a8ead512881630d,1.544584000000000000,NULL,0x,0
11,0x5a5dcf90961709d8ee04ef2fd88ba90851d5f064a33797c4b8921396469c2cf6,5858462,1530031359,0xf5bec430576ff1b82e44ddb5a1c93f6f9d0884f3,0xf1a4b668d15f0e66543e9f1f795cc2b0f97e3ef2,0.507559150000000000,NULL,0x,0
12,0x54a95c778543ad5595c01f2f4a1cd155de2498c073951f83e1ed98e1456466b1,5858665,1530034219,0x5f64953a65108fb48e7c8f5d91149a11d2468130,0xf1a4b668d15f0e66543e9f1f795cc2b0f97e3ef2,0.800000000000000000,NULL,0x,0
13,0x70742daa33939fb5d970de8df08fc1adcec38d109229054f0ae16603c6e020f6,5863491,1530106550,0xf5bec430576ff1b82e44ddb5a1c93f6f9d0884f3,0xf1a4b668d15f0e66543e9f1f795cc2b0f97e3ef2,0.700000000000000000,NULL,0x,0
14,0x0918eb7989fac94f2f5a0b861c3f551dd2d57a98556efa323680edf95bc88448,5863990,1530113521,0x564286362092d8e7936f0549571a803b203aaced,0xf1a4b668d15f0e66543e9f1f795cc2b0f97e3ef2,0.542372140000000000,NULL,0x,0
15,0xa129a316e101097f3b3a1cb1fee1ec55774d5a4c52be27ca8111e23a939c1469,6023506,1532462666,0xf1a4b668d15f0e66543e9f1f795cc2b0f97e3ef2,0x405d63f9dcae66bd1d2366eaa234dc1f4ce541c7,2.547978290000000000,NULL,0x,0
