,TxHash,BlockHeight,TimeStamp,From,To,Value,ContractAddress,Input,isError
0,0xbeb5b5fa254901f75fb2699f345ddd1b3a9fefff8ba933c975d643fd18a209ac,5415844,1523371246,0xb6aac3b56ff818496b747ea57fcbe42a9aae6218,0xf42788cbbdb00a32a981355ec5b9143b3c639c74,1.000000000000000000,NULL,0x,0
1,0xb53dc337e367e0dacc803bebf587b772b36dc83c3eee335b4f18e47d8dd7e67f,5415887,1523371877,0x2ce85c0e42ab80b70913423f1b2b2ba2be4d0375,0xf42788cbbdb00a32a981355ec5b9143b3c639c74,0.600000000000000000,NULL,0x,0
2,0x2450a334ec93c4e5967fd9f3a3fd197a0dcca75a295bba6ae1e37a3d99771556,5416085,1523374887,0x639c3a30bbbadb538520b1a1581418b017814f16,0xf42788cbbdb00a32a981355ec5b9143b3c639c74,0.020000000000000000,NULL,0x,0
3,0xc265ea0b9ddb0434f0551a60ad888b22cfdb593808ec078ddff2fede71bfe032,5416255,1523377001,0x9563a1c7106975b2d7588b88cb8a673447c83507,0xf42788cbbdb00a32a981355ec5b9143b3c639c74,2.000000000000000000,NULL,0x,0
4,0x7730870e11d92861b952e8b2c36d23bba0d0279c9c4563737e9e48cccf109913,5416942,1523387385,0xba32c25a4437a61aea4a5e1e65c1b055faadcfbc,0xf42788cbbdb00a32a981355ec5b9143b3c639c74,0.059916000000000000,NULL,0x,0
5,0xfdcff901cf10c0fe5ef56a2c8ec732f0765fdaed44c32514e812c7e30c8d6113,5417014,1523388242,0x20a8c601f7f1dbb25785b2acb3c3694b2d08b323,0xf42788cbbdb00a32a981355ec5b9143b3c639c74,0.500000000000000000,NULL,0x,0
6,0xb20c1d56e2ad43be7dee65e3dac633bb0b06f16c52f93ea868f126ceb838331d,5515549,1524843519,0x93672d3841abafbafe2502a0b3bbacf8f94ad062,0xf42788cbbdb00a32a981355ec5b9143b3c639c74,0.537635000000000000,NULL,0x,0
7,0xd5b43b483ecb49902bcaa05149174afe1c2fa5b6a78485a1252453b4a9408508,5542008,1525241728,0xf42788cbbdb00a32a981355ec5b9143b3c639c74,0xc6d4b9953421edab8362c41e7cf1d1966cbdaf9c,4.717131000000000000,NULL,0x,0
