,TxHash,BlockHeight,TimeStamp,From,To,Value,ContractAddress,Input,isError
0,0xcb465a3c55cb75337b8cfc9e832401340682093354feb86410d89450c1da520e,5748746,1528391275,0x922ee77185e65fcd95ccde70c9c0ec8a10af94ed,0xf6b1f5745b45546b88e1bb0af0505ed100b7effa,0.370000000000000000,NULL,0x,0
1,0x910248ab1e9142b8639fe65caec482faff37f228513caf11ee2ae6a6559af0bc,5748780,1528391756,0xf6b1f5745b45546b88e1bb0af0505ed100b7effa,0xb7cabd1e6598209ec21a5a7ad72cc76b4ce4fc85,0.369685000000000000,NULL,0x,0
2,0x113d9eb1a855c985e9fcfd0c72324f55249a2fb18d3f46c2173c60b65f1ebcb8,5761146,1528581006,0x922ee77185e65fcd95ccde70c9c0ec8a10af94ed,0xf6b1f5745b45546b88e1bb0af0505ed100b7effa,0.200000000000000000,NULL,0x,0
3,0x4e05c231f49fbe49e6230b3fd6f4309fd48384987ed81917b5d17aa9bc89686b,5761172,1528581357,0xf6b1f5745b45546b88e1bb0af0505ed100b7effa,0xe13467e36561606a821fb7ecd72bfce8f70648f9,0.199790000000000000,NULL,0x,0
4,0xba06c52d8152f2e1b106aab0181ee67bc28e8b90532c6e3e88ef1306f34ab2d3,5771714,1528742322,0x922ee77185e65fcd95ccde70c9c0ec8a10af94ed,0xf6b1f5745b45546b88e1bb0af0505ed100b7effa,4.814000000000000000,NULL,0x,0
5,0x17340dd3c6f820093aa7d00fca29aca2c6ed3d99b0baa291e1406718eaed60d7,5771746,1528742759,0xf6b1f5745b45546b88e1bb0af0505ed100b7effa,0x6aa36553f97d5965566697bafcfda5d69a5bc6d7,4.813790000000000000,NULL,0x,0
6,0x394193273db1adef49c108326d8d5a7b6ce055dd0a12ed202621ecf362f320aa,5893895,1530556281,0x416299aade6443e6f6e8ab67126e65a7f606eef5,0xf6b1f5745b45546b88e1bb0af0505ed100b7effa,0.100000000000000000,NULL,0x,0
7,0x51597434834f5d78f9400272164e4b08a616fe0c18738e6c198721d1354e636f,5923719,1530998402,0x7ade54cefacc0c9331aa2f261446e557c6fcb4aa,0xf6b1f5745b45546b88e1bb0af0505ed100b7effa,1.270000000000000000,NULL,0x,0
8,0xd579251dc358752a45906a273e5859b2341cc623552ab860cea1e32517db3b8f,5931275,1531111707,0xf6b1f5745b45546b88e1bb0af0505ed100b7effa,0x6aa36553f97d5965566697bafcfda5d69a5bc6d7,0.097900000000000000,NULL,0x,0
9,0x99b8b9635b5d54b44f3d8e329706ebbe69ed7b6c8238854f751802f4a7452b3b,5931299,1531112124,0xf6b1f5745b45546b88e1bb0af0505ed100b7effa,0xef10a5d898c21aa95865b447be6491380859a307,1.268845000000000000,NULL,0x,0
