,TxHash,BlockHeight,TimeStamp,From,To,Value,ContractAddress,Input,isError
0,0xeffc275b6021b9f8827deeedc936baa98caa08ed21b05a6bde98314556e65399,5240086,1520828562,0x181c71726f12ce2514e8b93019eb22645a79f966,0xf602533a2a539b287eb543e6a13fad844b4aaee0,0.330000000000000000,NULL,0x,0
1,0xaa88e5de39afc0b401c211268acb1f3ed7dc307b9bf46da9321037f8c91e2512,5247580,1520939127,0xf602533a2a539b287eb543e6a13fad844b4aaee0,0x181c71726f12ce2514e8b93019eb22645a79f966,0.130000000000000000,NULL,0x,0
2,0xaef240d3e98eea414f5430448d4ddd358ea3dfb6f2bf8b83a9984ff66beb67a1,5260199,1521126376,0xf602533a2a539b287eb543e6a13fad844b4aaee0,0x74a5441d3edbf5806dcdbb583a052183d64eaade,0.199000000000000000,NULL,0x,0
3,0x4328da987178a24679abdea9b29bf6d8aed85a71974d771ae15e7cc8e512c353,5543293,1525261694,0x57f78d9c473309f47bece311102bde0b8ceeaab7,0xf602533a2a539b287eb543e6a13fad844b4aaee0,0.270127390000000000,NULL,0x,0
4,0xbb450f946d7710d72987c2a0d182bd50d64fd1c6cbb3e19b91bb72cf52526de2,5543338,1525262326,0xf602533a2a539b287eb543e6a13fad844b4aaee0,0x181c71726f12ce2514e8b93019eb22645a79f966,0.106500000000000000,NULL,0x,0
5,0xfa73a509f538de9991afe85ea96a51e81a54254413405ed2a51e1939d71223e3,5633708,1526628397,0xf602533a2a539b287eb543e6a13fad844b4aaee0,0x181c71726f12ce2514e8b93019eb22645a79f966,0.100000000000000000,NULL,0x,0
6,0x5c56bac9414b7130250343ce39a3f5f009e813bad9d6f6c301e2eaf8385d675c,5715305,1527878620,0xf602533a2a539b287eb543e6a13fad844b4aaee0,0x8eaa37573ed6d6c1804979e093bac1dd07e69459,0.062000000000000000,NULL,0x,0
