,TxHash,BlockHeight,TimeStamp,From,To,Value,ContractAddress,Input,isError
0,0xf4c9cb394c8338fe96d141a9782e324915df6d9a3c8978c3e195b05b35e74b6c,5440058,1523723481,0x7e2c13fe3cbd4ff1329a8e25c7a6f31b8915966d,0xf605c1c8c1cd6bc3aa6f7383b86226c583ab2775,0.505213810000000000,NULL,0x,0
1,0xabef464790cd9af8bd6a6b0ca8839d7cfdb0900fd26e2518c821e5d2c0f03821,5441266,1523741164,0x26d3ba9225b1916030fe7cdbc523174dc44d91bc,0xf605c1c8c1cd6bc3aa6f7383b86226c583ab2775,0.500000000000000000,NULL,0x,0
2,0x04c939592f7a298c72f3c4b6e4a96bbacc3df50fd35e842e6b27ea65b050733d,5441320,1523741812,0x46e583b305512abcc270b9cdce357dfc21300e90,0xf605c1c8c1cd6bc3aa6f7383b86226c583ab2775,0.500000000000000000,NULL,0x,0
3,0xc08018f4d1658419f4adb8fccae5e097df01ceeecbb36d696e47619f04791eed,5441364,1523742548,0xe950f5ecb6f2298d2a8a8314366e47c5945600a3,0xf605c1c8c1cd6bc3aa6f7383b86226c583ab2775,0.500000000000000000,NULL,0x,0
4,0x5ab69ae0fb19aeb718eb918bb911152fda8425ab9158cc3a8c0e4198b313b42e,5441437,1523743541,0x0681d8db095565fe8a346fa0277bffde9c0edbbf,0xf605c1c8c1cd6bc3aa6f7383b86226c583ab2775,0.711980560000000000,NULL,0x,0
5,0xc285f10ed31ef8ddb8109b9184aeed7cd47fa768c43b6cab2b32436b2c7c71b3,5441486,1523744325,0xd6f876662f9dad8d3c9b4f0b740615edc636fa2b,0xf605c1c8c1cd6bc3aa6f7383b86226c583ab2775,0.999973750000000000,NULL,0x,0
6,0xc999d5407ca390a483fef7e0357feb658a32eda7e8ce9784c30e49678ddb1a10,5441532,1523745233,0x0b3585a10e8c8230234888207ff2bb52850b0f89,0xf605c1c8c1cd6bc3aa6f7383b86226c583ab2775,0.986925000000000000,NULL,0x,0
7,0x55f46e5a69bfb6f9e4b4087d1263f470b4144c40f6f20fe1a7aac9aa4b71c9c2,5441553,1523745491,0x564286362092d8e7936f0549571a803b203aaced,0xf605c1c8c1cd6bc3aa6f7383b86226c583ab2775,0.500000000000000000,NULL,0x,0
8,0xc4e61dc9389c888cd579589b394ee869b1abec9e37088e782f4e5bccae1f2895,5441665,1523747191,0x75e7f640bf6968b6f32c47a3cd82c3c2c9dcae68,0xf605c1c8c1cd6bc3aa6f7383b86226c583ab2775,0.990000000000000000,NULL,0x,0
9,0x525284aa3ce7701a5a4f02aad878773a6f4264142070d683ac335c7b8a9a9741,5441743,1523748321,0x1fbfc83cd5265bd7fca0a4f07bb5c33fdcaca949,0xf605c1c8c1cd6bc3aa6f7383b86226c583ab2775,0.999900000000000000,NULL,0x,0
10,0x5046e0d8d37eadf4bad6a7a586f94f2489cde2eec5a719ea7073c72392a02f03,5441754,1523748510,0xa95350d70b18fa29f6b5eb8d627ceeeee499340d,0xf605c1c8c1cd6bc3aa6f7383b86226c583ab2775,0.806578379581260444,NULL,0x,0
11,0xd7c8d26baf772064de803642b25e9f34f055500391301ede2e21204bd9739437,5441767,1523748634,0xd24400ae8bfebb18ca49be86258a3c749cf46853,0xf605c1c8c1cd6bc3aa6f7383b86226c583ab2775,0.500000000000000000,NULL,0x,0
12,0x8fb98f16453831924e2a6608759da6ee341517980d63cf49dd891f8e9235d90f,5441783,1523748834,0xf7101b48f5579e95731cfe65783bdd23a9f780a6,0xf605c1c8c1cd6bc3aa6f7383b86226c583ab2775,2.005799320000000000,NULL,0x,0
13,0x25c45138699cb80dcdd43f103e3597ffde36738dc50d51d4661ce255a8b661c8,5442076,1523753142,0x563efb88da7512ff6e950b1df8b2f4338781cb4f,0xf605c1c8c1cd6bc3aa6f7383b86226c583ab2775,0.994000000000000000,NULL,0x,0
14,0xa5d40be2ef34cecf504641723f0dd391a97ed15484b4208d69c0df4505678eec,5442078,1523753147,0xf3728dd7eb62daeae0fe2a2eeddb4326167ff0e7,0xf605c1c8c1cd6bc3aa6f7383b86226c583ab2775,1.000000000000000000,NULL,0x,0
15,0xfd3deca17aad6d7a5ff9cd5fba3f17fd6261389bd8fc6a8f458b2bf180a69b4e,5442143,1523754127,0x29d5527caa78f1946a409fa6acaf14a0a4a0274b,0xf605c1c8c1cd6bc3aa6f7383b86226c583ab2775,0.562728000000000000,NULL,0x,0
16,0x2ab0f4414af7e047727d66ad471852a554a85a67b7384222385e64d2dd759807,5442193,1523754891,0x681171bedcc9574916475cc98547288c75b1bade,0xf605c1c8c1cd6bc3aa6f7383b86226c583ab2775,0.000470860000000000,NULL,0x,0
17,0x0e5f95ac9dd079cefe7d8794e0dc6d8cfbeb6eca2f7669be1c2a7ecec00a5f44,5442264,1523755862,0x7e2968726b45473633c6ae6bba91f2e1dd5cbfb4,0xf605c1c8c1cd6bc3aa6f7383b86226c583ab2775,0.500000000000000000,NULL,0x,0
18,0x2de2fd48799876b508f575dfc67ef4c33f24439e221ed2cb9460a2c1c6035702,5442360,1523757096,0xcbf6e43ef7e5f9a72afce916cbd378d23d72af42,0xf605c1c8c1cd6bc3aa6f7383b86226c583ab2775,0.999895000000000000,NULL,0x,0
19,0x455d517eb7d97c3eddf2a277865ac64f76a18d06ef288ed05dbb60c840d84473,5442377,1523757298,0xa0f20fc602792e539f9423b937452b2f68b98e42,0xf605c1c8c1cd6bc3aa6f7383b86226c583ab2775,0.250000000000000000,NULL,0x,0
20,0xe40ab250ca2eb74188c0d5fbdfd435300cdb401722cedafd63261d883cbe44f2,5442427,1523758177,0x0681d8db095565fe8a346fa0277bffde9c0edbbf,0xf605c1c8c1cd6bc3aa6f7383b86226c583ab2775,0.024671710000000000,NULL,0x,0
21,0x4ed892ec0512138ed9344bef6cf55d04d3e8d9ed7aa32dc1a871e6d25e2aaae3,5442555,1523759712,0x7f50bfe9d357531b718d200bf981df530754f677,0xf605c1c8c1cd6bc3aa6f7383b86226c583ab2775,0.500000000000000000,NULL,0x,0
22,0x7d868ce6478f2e627b28406eb52cc6bb1169c0908a9391d9794d7221eb39ac5b,5442702,1523761821,0x17ece9282136626863f188cdd05c9a0171379bb6,0xf605c1c8c1cd6bc3aa6f7383b86226c583ab2775,0.500000000000000000,NULL,0x,0
23,0x69b38780a2f17ab8f6a53de7314b8db1e01a2a1f8b1bcebdabb817e819c7e617,5442703,1523761840,0xb6aac3b56ff818496b747ea57fcbe42a9aae6218,0xf605c1c8c1cd6bc3aa6f7383b86226c583ab2775,2.985000010000000000,NULL,0x,0
24,0xda080fec91214e1bb0db7eec76f0e4da173651fdbb2530fb6a390d1a9e9b3367,5442877,1523764236,0xa0f20fc602792e539f9423b937452b2f68b98e42,0xf605c1c8c1cd6bc3aa6f7383b86226c583ab2775,0.750000000000000000,NULL,0x,0
25,0x218a21efc365a8e6fcb224939df941ef65466b06efce489468f3512d85bdec2e,5443085,1523767364,0x0681d8db095565fe8a346fa0277bffde9c0edbbf,0xf605c1c8c1cd6bc3aa6f7383b86226c583ab2775,0.500000000000000000,NULL,0x,0
26,0x41015d5b908a7e003cd352de52ca1699aa2991d5c4546df217cadbcb5b01e998,5443088,1523767446,0x4e444ca55a0d8f9b218cf2cc59166ed67c554e76,0xf605c1c8c1cd6bc3aa6f7383b86226c583ab2775,0.050000000000000000,NULL,0x,0
27,0xe34b147805e23a15e54e3963a0159831b7dfcb8376aa7dc32b4284292b4f1bdf,5443120,1523767822,0x29d5527caa78f1946a409fa6acaf14a0a4a0274b,0xf605c1c8c1cd6bc3aa6f7383b86226c583ab2775,0.367321950000000000,NULL,0x,0
28,0xa39af598c3d0ca2b0ead68f572722a360861fa9c24ed38e0e3a0bcd53852499e,5443529,1523773904,0x416299aade6443e6f6e8ab67126e65a7f606eef5,0xf605c1c8c1cd6bc3aa6f7383b86226c583ab2775,0.500922280000000000,NULL,0x,0
29,0x95184777e5e4e259ff91255f37aa8defcc9024d2209240d3709bea445c5060e3,5443872,1523779319,0xd9384cd02406ab5559464fc9a69f664a149387db,0xf605c1c8c1cd6bc3aa6f7383b86226c583ab2775,1.000000000000000000,NULL,0x,0
30,0x836739fb98c5a7276bf9ff7fff57e40575663b0790be0aab76ff6069ec78bc83,5443894,1523779630,0x564286362092d8e7936f0549571a803b203aaced,0xf605c1c8c1cd6bc3aa6f7383b86226c583ab2775,0.500000000000000000,NULL,0x,0
31,0x9c4f78c7ac8038af771cdc2227093bf97f3fe977126bd075517713e23b97d410,5444096,1523782371,0xfa11baa97208dcccc2cc4768a50d3ef6cff1cdcb,0xf605c1c8c1cd6bc3aa6f7383b86226c583ab2775,0.500000000000000000,NULL,0x,0
32,0x7dc096e0e2780c98c0129fdc81703bd47a0fef3b4e85e934bcf14bc6b351e94f,5444545,1523788843,0x564286362092d8e7936f0549571a803b203aaced,0xf605c1c8c1cd6bc3aa6f7383b86226c583ab2775,0.040000000000000000,NULL,0x,0
33,0x72f8006a366a233642e77180922decd6ba7dc7cecc54fbb8eec461045cdb5b12,5444584,1523789410,0x8787bdc06f18ad2bfa9bdfd250b9b8778348c01f,0xf605c1c8c1cd6bc3aa6f7383b86226c583ab2775,1.000000000000000000,NULL,0x,0
34,0xe8e3a6ec7c172ecad6d193930f8dd167be8137f6b566c73a6435bacea414aac2,5444599,1523789659,0x564286362092d8e7936f0549571a803b203aaced,0xf605c1c8c1cd6bc3aa6f7383b86226c583ab2775,0.510000000000000000,NULL,0x,0
35,0x9149519a5e21a5e317357688dae37d815cb61076cd2a47491105939f8907fe45,5444627,1523789948,0x564286362092d8e7936f0549571a803b203aaced,0xf605c1c8c1cd6bc3aa6f7383b86226c583ab2775,1.363156870000000000,NULL,0x,0
36,0x536ca3a27d23adf20523dc352d8caadd338cca9a856f0aa1908f41db6a411d75,5445435,1523802219,0x80d335c82f9b95909b1a7164772e8c70820ba427,0xf605c1c8c1cd6bc3aa6f7383b86226c583ab2775,0.500000000000000000,NULL,0x,0
37,0xd423362cd5859a2fe187b44c783b78dd60ea48537afcd9c93a0d1058e1e7ecbb,5446396,1523816053,0xf605c1c8c1cd6bc3aa6f7383b86226c583ab2775,0x74de117d3b6052fd667d8387b3855b913f4e969a,26.403487499581260444,NULL,0x,0
