,TxHash,BlockHeight,TimeStamp,From,To,Value,ContractAddress,Input,isError
0,0x49c3d30459e7c29edd3f9afe106d8bf213062d17b3f34d24a5cae359b71dc43b,4933765,1516350561,0x27bd00e7422bd3dfda51836e686ba8d980a44f6e,0xf747726200c7fc14ef4ce267b1f070128c2260dd,0.460000000000000000,NULL,0x,0
1,0xca08369638debd567ad95a494c66fd15f6f0b6ecc67ba2d8e1464dc6f802d243,4933782,1516350815,0x945d80bc9820d76e1e667bcdb993222a8e9186f7,0xf747726200c7fc14ef4ce267b1f070128c2260dd,0.141600000000000000,NULL,0x,0
2,0x7c77895de292950aba9945322961aa2be7959d1563a98f4a36a692835e19ffe7,4933785,1516350860,0x1a3c444ceaca49e37f072dd39ada12d3f0e3b473,0xf747726200c7fc14ef4ce267b1f070128c2260dd,0.500000000000000000,NULL,0x,0
3,0xf4a4e360e2ebfa265ebe6f8abab96b374c56c268dfbdfe9451cbd6b6a3e9ec87,4933828,1516351686,0x74327ca0807415e9f0c815a3a1e2f7ad13c1cadb,0xf747726200c7fc14ef4ce267b1f070128c2260dd,0.399916000000000000,NULL,0x,0
4,0x4ef1ba041352ab9e604f487b530aff26bfa15b039acffc4a3fdd686274d78ad6,4934053,1516354846,0xc6a08d18da6f38d0bbc4008603e997b020d940aa,0xf747726200c7fc14ef4ce267b1f070128c2260dd,0.019874000000000000,NULL,0x,0
5,0xb1dc9b15d3c60f9d61d328c163a1557d4e06fad98d056e022497c0aabb4df1ef,4934235,1516357400,0x564286362092d8e7936f0549571a803b203aaced,0xf747726200c7fc14ef4ce267b1f070128c2260dd,0.108680000000000000,NULL,0x,0
6,0x44eae6f7b5a3016e73014dbe29821b919bacde85980514bb0dc0d8aba592be85,4934350,1516359068,0x1efba7520335e2b7639b34668b3086cb9202c0be,0xf747726200c7fc14ef4ce267b1f070128c2260dd,0.100000000000000000,NULL,0x,0
7,0x2f710648ba6c4bbf3e855f89459fab8476ae6b82c82c2398b1ad363437436b37,4934494,1516361251,0xafd5fa12f776ea2057417f96ddaad6fff0305745,0xf747726200c7fc14ef4ce267b1f070128c2260dd,0.500000000000000000,NULL,0x,0
8,0x0db6e8771fd00aeacbc4f8d06d221f31bdd0372baa1f2f72a8014fd643d6da11,4934495,1516361255,0xbd31e70dd12ebb8a170987cd4d5590b2ff67b591,0xf747726200c7fc14ef4ce267b1f070128c2260dd,0.500000000000000000,NULL,0x,0
9,0xfe5f438f746e3cb0483f957a8b17dafa1a6d7326573c1254975eb6f0470d6899,4934684,1516364174,0x812a3c347464009cd2f2b3d0e52202e4599d9973,0xf747726200c7fc14ef4ce267b1f070128c2260dd,0.109460000000000000,NULL,0x,0
10,0x946db6d8228764ab9a1c5a58d35c70686e36bf5f4ba96714cab7c44ad3d1bac6,4934717,1516364748,0xdee76d576338ec747b9f10d114f342b5fc283b7a,0xf747726200c7fc14ef4ce267b1f070128c2260dd,0.080000000000000000,NULL,0x,0
11,0x8470115f8fd503321a9a2da6e57a7da8ae1740ddc8cdb03febfccac7cf44a9c3,4934974,1516368660,0x65a104d7c744f549ad7e5e1f7bc5d4add9b41eba,0xf747726200c7fc14ef4ce267b1f070128c2260dd,0.030000000000000000,NULL,0x,0
12,0x4c2e4dc98dec60eb0151222ecd6cfaaf99d1f861c68165fc18b498cfeeab2cff,4935183,1516372059,0x84e4a385f34dea0641fe267c3baec035f662775f,0xf747726200c7fc14ef4ce267b1f070128c2260dd,2.000000000000000000,NULL,0x,0
13,0xa513fedf9576ddd9d74fb50828f9de3857934130f07fa4d75ec22661fdd8b209,4935217,1516372518,0xa2c00486adbfc2e57adb78089a17378ad0c6abdf,0xf747726200c7fc14ef4ce267b1f070128c2260dd,0.070000000000000000,NULL,0x,0
14,0xda1cda832e03f0cfd948c5acdef5580d7e6662506f16763b2d0aa64c2aaf12f6,4935217,1516372518,0x37f47a2bc7e754b9997a655cfee9bd68694b5013,0xf747726200c7fc14ef4ce267b1f070128c2260dd,1.250000000000000000,NULL,0x,0
15,0xfa6c9f071b29fc30ee712e46297dc839a3496822c5a7d361089b83e99e834e95,4935385,1516374681,0xd185d8382f3ba56df86e3699baadfbf7df5c9ee2,0xf747726200c7fc14ef4ce267b1f070128c2260dd,0.200000000000000000,NULL,0x,0
16,0xd6663f6d78314d066cda01497e75b7eb5e1bae3521c5f4bbe2fad9f1ba70b997,4935501,1516376621,0x59b38ff2601080f9296bd91ded60070bd1dc381c,0xf747726200c7fc14ef4ce267b1f070128c2260dd,0.189396000000000000,NULL,0x,0
17,0x5af501643b27f65790ee4b7205e4ed4e39f3bd2ca19b934f0e30cb81cb17935a,4935525,1516376933,0x616582195fb81f35244c12cc77aae6ce6d8c3703,0xf747726200c7fc14ef4ce267b1f070128c2260dd,2.112450000000000000,NULL,0x,0
18,0xa6218897b2eeafcad0960a5353d81b9f03fa03553ffa5967c5b41f06c1cd3f2c,4935762,1516380653,0x21f4fd7bfd0165b0d4aaaf6e177c7ff0e158e8a1,0xf747726200c7fc14ef4ce267b1f070128c2260dd,0.120000000000000000,NULL,0x,0
19,0x9befafb74386a6ccebb44bad47ada85079879a8ca0b7ee2de9090e212a5ebc76,4935788,1516381159,0x564286362092d8e7936f0549571a803b203aaced,0xf747726200c7fc14ef4ce267b1f070128c2260dd,0.240678480000000000,NULL,0x,0
20,0xdeb476fb2a9bac6e2e908bbf7bbcaf2d5c2bba36629872be53f0aaacebbe8139,4935952,1516383410,0xc12b220092db0dc5b2b82548d06a6500b1bc4424,0xf747726200c7fc14ef4ce267b1f070128c2260dd,0.200000000000000000,NULL,0x,0
21,0x4a4249f1935b34c62ce8f928207ba7046aa6a988c48fee93e5c66c443220cfbb,4936171,1516386814,0x564286362092d8e7936f0549571a803b203aaced,0xf747726200c7fc14ef4ce267b1f070128c2260dd,0.421421040000000000,NULL,0x,0
22,0x3c4c76b14c90b9bb227aeb8174797548e13b0d30c5a9d33f5423872937985921,4953513,1516643146,0xf747726200c7fc14ef4ce267b1f070128c2260dd,0xa08c83c9700a3ebad5585a2eac9fd3728cc0cb07,9.751445520000000000,NULL,0x,0
