,TxHash,BlockHeight,TimeStamp,From,To,Value,ContractAddress,Input,isError
0,0xdb2477848a0e2a7154ef48654610f7cc4822f9cf7c6b1b61b3b68723025a12e6,5088411,1518606175,0x6e9243af4a5323690ad463bbee6d2b5b00fd269e,0xf985aa8117999fa3f0f9e71a20d0fe7b88b9d706,0.170000000000000000,NULL,0x,0
1,0xe73732a74aad9ebe9e23aba6a34ec650671a399d63afc5999e9d3a27888f3333,5135377,1519291743,0xfbb1b73c4f0bda4f67dca266ce6ef42f520fbb98,0xf985aa8117999fa3f0f9e71a20d0fe7b88b9d706,1.000000000000000000,NULL,0x,0
2,0xf15cab2d52d39af076d5d17f98b5d88ac4507898c92276bd033a763210f0cc79,5137574,1519324161,0x6d070c6b10bb2ca59cfe419b31f6c0fdf1ebe96f,0xf985aa8117999fa3f0f9e71a20d0fe7b88b9d706,0.200000000000000000,NULL,0x,0
3,0xaf0f3a408067616a36ab0d34bfb1182c70927f42720a71a7d1962f9f04b9a359,5172507,1519838704,0x83297a6f14f7d3c860161e428530cd8521ebb5cc,0xf985aa8117999fa3f0f9e71a20d0fe7b88b9d706,1.230000000000000000,NULL,0x,0
4,0x3a1a0885861f69bc2aaab7b3f2faf8ec84be2c8618ee940646e596370ef0485b,5204407,1520305817,0xf985aa8117999fa3f0f9e71a20d0fe7b88b9d706,0xa12431d0b9db640034b0cdfceef9cce161e62be4,2.599979000000000000,NULL,0x,0
5,0xa20cba31ce9902f6548c9e22c49456c3b9dc1bcbffdf693841287bf106085354,5207814,1520355701,0x876eabf441b2ee5b5b0554fd502a8e0600950cfa,0xf985aa8117999fa3f0f9e71a20d0fe7b88b9d706,3.997300000000000000,NULL,0x00,0
6,0x06025869f5cfccfae3a83be2d36858ee752cafa105cea4e642061f45638ec20a,5212501,1520424776,0xf985aa8117999fa3f0f9e71a20d0fe7b88b9d706,0xa12431d0b9db640034b0cdfceef9cce161e62be4,3.997279000000000000,NULL,0x,0
7,0x73c9981203aaf644f34ce0dbcd8bae767f96aaa3b780c4ec9b4d3dbc971064ba,5225646,1520618090,0xae7ab94e7aa1a4c49e7add0974811b34350aba61,0xf985aa8117999fa3f0f9e71a20d0fe7b88b9d706,0.290604748481590200,NULL,0x,0
8,0x1825be084418b6817ee2c920386612be8da57a1d370b8bc7b87ac3162d212ba5,5253591,1521027753,0xf985aa8117999fa3f0f9e71a20d0fe7b88b9d706,0xa12431d0b9db640034b0cdfceef9cce161e62be4,0.290583748481590200,NULL,0x,0
9,0x2f005c60247bc15509b6225655e92b9a7657e0cbeed83d6377e2e8906fa0d41c,5258579,1521101777,0x6d070c6b10bb2ca59cfe419b31f6c0fdf1ebe96f,0xf985aa8117999fa3f0f9e71a20d0fe7b88b9d706,0.679163270850312400,NULL,0x,0
10,0xf705bcf44d3a7ec3a215d3c2a15607e9a542f721a9a08dc8a41654b03e5a1552,5261612,1521146599,0xa98a53e8557314adc34afd17d2e7f884aa574f15,0xf985aa8117999fa3f0f9e71a20d0fe7b88b9d706,3.508811250000000000,NULL,0x,0
11,0xa22c1bc9e6611f430201954a37832a3cf79897061958e5d1acf7cd78e8c7de2d,5272661,1521309397,0x06ab7ee9709449eb3cf4ea7a5044ef4d757a8901,0xf985aa8117999fa3f0f9e71a20d0fe7b88b9d706,0.657922691607638888,NULL,0x,0
12,0x130a42c9badefafa91530362e038ca3c81e123315a7cc76445d8cc35443e50ab,5273218,1521316911,0xf985aa8117999fa3f0f9e71a20d0fe7b88b9d706,0xa12431d0b9db640034b0cdfceef9cce161e62be4,4.845876212457951288,NULL,0x,0
13,0x44c8096c694ff55e882707ce3c3f4df04068651b1221efa6a1a74c38a8780028,5278671,1521396711,0x2124d7656b84bf3a85420d3575a5c21f9fd7b5f4,0xf985aa8117999fa3f0f9e71a20d0fe7b88b9d706,0.759673590000000000,NULL,0x,0
14,0x43dd54946dec9645f5229f60a16321d62d3327af69e98cf40738e99f6b2ff7d9,5296999,1521662371,0x4b01721f0244e7c5b5f63c20942850e447f5a5ee,0xf985aa8117999fa3f0f9e71a20d0fe7b88b9d706,0.114628790000000000,NULL,0x,0
15,0xa14b59df852fb00ef4d2761fc901c49db5ac2d981e37bc88a627438e20bcab4d,5301939,1521733323,0x4b01721f0244e7c5b5f63c20942850e447f5a5ee,0xf985aa8117999fa3f0f9e71a20d0fe7b88b9d706,0.114872390000000000,NULL,0x,0
16,0x932bf24aa73f6d531e03cb3c11f3bf5549f03289ca2f5bb2cb823fd1c3b551fb,5308750,1521830772,0xf985aa8117999fa3f0f9e71a20d0fe7b88b9d706,0xa12431d0b9db640034b0cdfceef9cce161e62be4,0.989153770000000000,NULL,0x,0
17,0x3bbb457d8348979ddb87594e0c743aa6f729c40d006e74620ab3f7bb6f95c95e,5331622,1522160807,0xdb4e037855a2b2794ccbca3f1f715194bfc756de,0xf985aa8117999fa3f0f9e71a20d0fe7b88b9d706,0.056211354693648116,NULL,0x,0
18,0x50c8a7f6f1eef4bb3db34512343239296eb3b7ae3d9e905929f34769986db4e4,5338199,1522256789,0x06ab7ee9709449eb3cf4ea7a5044ef4d757a8901,0xf985aa8117999fa3f0f9e71a20d0fe7b88b9d706,0.203067760000000000,NULL,0x,0
19,0xe0f9680fc26714e90cf6aeb11de7682ae4721c1b837d499dde523aa17d577d06,5343363,1522332556,0xd551234ae421e3bcba99a0da6d736074f22192ff,0xf985aa8117999fa3f0f9e71a20d0fe7b88b9d706,1.000000000000000000,NULL,0x,0
20,0x51270445cdfaa7d028ddf522fa654d3d77523b98b2cd6beaa57d62d713c08d07,5343500,1522334500,0x979b5f17ad43eb9bec64f5822602ffc7abe56cac,0xf985aa8117999fa3f0f9e71a20d0fe7b88b9d706,1.000000000000000000,NULL,0x,0
21,0x5ceb417740bbd6125a202edc9da37db5f12ec3f45f71640f8168fdde1c3e3eda,5349321,1522419395,0x267be1c1d684f78cb4f6a176c4911b741e4ffdc0,0xf985aa8117999fa3f0f9e71a20d0fe7b88b9d706,0.500000000000000000,NULL,0x,0
22,0x83288b266baa002e669f0f3e55e6bde723ee5cf0ac3e69f482d4490cc4b07007,5360444,1522578992,0x1fd6267f0d86f62d88172b998390afee2a1f54b6,0xf985aa8117999fa3f0f9e71a20d0fe7b88b9d706,0.540777350000000000,NULL,0x0000000000000000000000000000000000000000,0
23,0x155b953c4aca3a0945df4a384dc2adadffcd7fa28bdd0f6d0ea3476b4064d2d4,5361054,1522587539,0xf985aa8117999fa3f0f9e71a20d0fe7b88b9d706,0xa12431d0b9db640034b0cdfceef9cce161e62be4,3.300035464693648116,NULL,0x,0
24,0xc03d93db9190566e4e8748a9a08f0b0724bb567fca3605ff5a3220930a364dc7,5368855,1522698977,0x5baeac0a0417a05733884852aa068b706967e790,0xf985aa8117999fa3f0f9e71a20d0fe7b88b9d706,1.000000000000000000,NULL,0x,0
25,0x3f91377774eb9c3f936684d54d2de76cf3b7e8197dc7c0436dd2325d1f0ad7d7,5378704,1522839743,0xf985aa8117999fa3f0f9e71a20d0fe7b88b9d706,0xa12431d0b9db640034b0cdfceef9cce161e62be4,0.999979000000000000,NULL,0x,0
26,0x70a33325056538fb4d9d8cc4003af4e98e29f27e006ba18d1dfccf023fd00c49,5379302,1522848398,0x564286362092d8e7936f0549571a803b203aaced,0xf985aa8117999fa3f0f9e71a20d0fe7b88b9d706,0.508184470000000000,NULL,0x,0
27,0x6275c32968a9c1e89e6dc464e3ff86fc6eee6f019ed04a4d75c368ae6c3dc8c8,5379936,1522857419,0x5b49485410ab8b764383079b154173b005d94ef9,0xf985aa8117999fa3f0f9e71a20d0fe7b88b9d706,1.000000000000000000,NULL,0x,0
28,0x415f3f87e7e378ecc7254d60cc1b8086312a8b0d7d2f734f879f238e74738eb8,5380001,1522858497,0xa2b3568bcaf5bbfdb9e5dbb204a7def828a8b7de,0xf985aa8117999fa3f0f9e71a20d0fe7b88b9d706,1.000000000000000000,NULL,0x,0
29,0x998d888dfa826a518fc2a37e510800326203e36a317a211ef92b15955e1d9441,5381223,1522876361,0x3e939493d3996522a45a0d2493ddafd4f96be882,0xf985aa8117999fa3f0f9e71a20d0fe7b88b9d706,1.400000000000000000,NULL,0x,0
30,0x34e1911eda67163a9767e76989488d7c07dfdd33c180d55b3598946c78b90fc2,5381245,1522876706,0x84a1a9d9c5f3cf3bde6902e9a83c36732493c15f,0xf985aa8117999fa3f0f9e71a20d0fe7b88b9d706,1.270000000000000000,NULL,0x,0
31,0x444b9d443406395d9b60b3bfd41a7d3e93d2effc4310026a35ea5895314a0ecd,5381579,1522881773,0x7f17bed0ceec29be309bffb34131ba9dc2cffe94,0xf985aa8117999fa3f0f9e71a20d0fe7b88b9d706,1.033543220000000000,NULL,0x,0
32,0xbcc1bbac4d5c691199e66a9801072bde725ecc14e1dcfeebc39ec261e4f8f120,5381881,1522885868,0x14cd58898333d7acf96b767c8e7b073f9a6e5a7e,0xf985aa8117999fa3f0f9e71a20d0fe7b88b9d706,2.690112761313234041,NULL,0x,0
33,0xe22617cc64fff0c80fc456bda7f58067c7467dcf8a5a9b74240fdc5be8c3f9e3,5381946,1522886949,0xc8df698eb484a9d785ba93612cd08f5f9ed0e325,0xf985aa8117999fa3f0f9e71a20d0fe7b88b9d706,1.057026580000000000,NULL,0x,0
34,0x127f274982431314772de10d6c00f0b3abd45bf682990392f1583e2e29117f9e,5384608,1522924959,0x79a4aec1760f413a255f7be027a2f697e5bd8854,0xf985aa8117999fa3f0f9e71a20d0fe7b88b9d706,0.500000000000000000,NULL,0x,0
35,0x4fd55d467e5f3cbd85f045f889959ac79786ccf6952a4a0670085e9807d59f87,5384876,1522928781,0xf985aa8117999fa3f0f9e71a20d0fe7b88b9d706,0xa12431d0b9db640034b0cdfceef9cce161e62be4,10.458846031313234041,NULL,0x,0
36,0x563f371bd2553d7cb21fbc633ed78dcf4c90621f10c6f1c18b76f7ee33f26bed,5417305,1523392432,0x5f453cd2a581355db50d966808a25dd2d1ac81ef,0xf985aa8117999fa3f0f9e71a20d0fe7b88b9d706,1.000000000000000000,NULL,0x,0
37,0xf1ff0eb22b235318acf8b53adf8962c3aa19e37ef7682dce8fb373afb6b7a484,5423127,1523476515,0x6ebc707d5adc6432b0b24201a8707c48a728c353,0xf985aa8117999fa3f0f9e71a20d0fe7b88b9d706,0.804225382016269400,NULL,0x,0
38,0x9bd6c39fa81c51c4c44ad53a9e1f26c90cd685ddb544edc95a428f050aec8381,5464640,1524085311,0xf985aa8117999fa3f0f9e71a20d0fe7b88b9d706,0xa12431d0b9db640034b0cdfceef9cce161e62be4,1.804204382016269400,NULL,0x,0
