,TxHash,BlockHeight,TimeStamp,From,To,Value,ContractAddress,Input,isError
0,0x72cdd4235c55cf399a621247dfaa2743e9a2acf99222e7936973f53f8d8a65e3,5209060,1520373943,0x73bf2980741baaf073e8840a1a77aba1e0fc8736,0xfe821f5509fdea3f72362d001697ad8c11f0c111,0.116886000000000000,NULL,0x,0
1,0x5fadb8805b331122d1d17c45877eed0272bcf015fc55367c1ca3434279f46075,5209151,1520375394,0x50466a523f2c4d6352ab68a42586ec06a153b695,0xfe821f5509fdea3f72362d001697ad8c11f0c111,0.199257599999999980,NULL,0x,0
2,0x6cbc96e896f0e4fdfaeff4aac85382cb694f785f02567dd751cc0dfe41b50ac1,5210035,1520388619,0xfd0d79cda1ecbd4cd39a7714bdce04829501a7df,0xfe821f5509fdea3f72362d001697ad8c11f0c111,1.010000000000000000,NULL,0x,0
3,0x19037a2ad4a6ff248261534cf21ce8f561eaae7b63656f0464e8bcdc145de277,5210233,1520391449,0x3192ba4f24f91463e3f3eb53af0a067f9f53801e,0xfe821f5509fdea3f72362d001697ad8c11f0c111,0.195214000000000000,NULL,0x,0
4,0x4031ccf18de7b150d1e827188ef90a437c2fd05868cfe2913554361865fc218d,5210551,1520396136,0x2b5634c42055806a59e9107ed44d43c426e58258,0xfe821f5509fdea3f72362d001697ad8c11f0c111,0.090000000000000000,NULL,0x,0
5,0xc2981648ea3609767ff40a8683937a534d69d3452e55070a80e7b31f6ef1fc88,5210782,1520399469,0x32be343b94f860124dc4fee278fdcbd38c102d88,0xfe821f5509fdea3f72362d001697ad8c11f0c111,0.188939460000000000,NULL,0x,0
6,0x0877e5d64a4ac06cb4c20f89f8d0691be911a40b3095341bbc857401a0336d26,5211114,1520404216,0xfafaefe7712f84c60393688d707f9912ce37d525,0xfe821f5509fdea3f72362d001697ad8c11f0c111,0.029000000000000000,NULL,0x,0
7,0xca21df71fbd4becaa23f1f34bfc397987aa873bb5ce76c1cea3f94c107925d2f,5211806,1520414632,0x077e04f0e22484dd9ba3cc4cb567a40389b0677e,0xfe821f5509fdea3f72362d001697ad8c11f0c111,0.253905000000000000,NULL,0x,0
8,0xa5406c7b7f5930e97252d44ec43713605b2bc392d206d4824e5989baf0573d57,5319012,1521979232,0xfe821f5509fdea3f72362d001697ad8c11f0c111,0xefe520baf3bd7e932cfd961571fb4ce138697be6,2.082551059999999980,NULL,0x,0
