,TxHash,BlockHeight,TimeStamp,From,To,Value,ContractAddress,Input,isError
0,0x6952d7af7122780900068747978dcfdde74d80358014c8ce100a74881532cde3,5961691,1531556156,0xd551234ae421e3bcba99a0da6d736074f22192ff,0xff481ca14e6c16b79fc8ab299b4d2387ec8ecdd2,0.698411300000000000,NULL,0x,0
1,0x787c097e280c916a9644d92f0d0f147d6d525d6c3dc4594fab2c9c219cc6af5d,5979393,1531813317,0x707e957ad3bce69c4c2b8a9f926bb7d55c6d4183,0xff481ca14e6c16b79fc8ab299b4d2387ec8ecdd2,0.005000000000000000,NULL,0x,0
2,0x945b4a19b374e511b2dbd4790a41bd5f28049eaffa603078f96a556df7db9332,5981803,1531849556,0x564286362092d8e7936f0549571a803b203aaced,0xff481ca14e6c16b79fc8ab299b4d2387ec8ecdd2,1.754513840000000000,NULL,0x,0
3,0xa47b63f49bb0c887e549587714681a4189065b65c564395517ba2a4947c4b301,5981896,1531850720,0x1d086f71585a2b0b4d6813781c5fdfd1fbbef015,0xff481ca14e6c16b79fc8ab299b4d2387ec8ecdd2,0.500000000000000000,NULL,0x,0
4,0x6737254c249164aab6755767fcfb4574ccbb3c86828abb7b912fbff21c60a573,5983034,1531866891,0xd551234ae421e3bcba99a0da6d736074f22192ff,0xff481ca14e6c16b79fc8ab299b4d2387ec8ecdd2,0.510000000000000000,NULL,0x,0
5,0x17e5e2f86e3d6bbfdb0d058e19e8043edbcba4c064d5fb610238baeec48590f8,5983974,1531881136,0x0681d8db095565fe8a346fa0277bffde9c0edbbf,0xff481ca14e6c16b79fc8ab299b4d2387ec8ecdd2,10.016216180000000000,NULL,0x,0
6,0x6dc17d7cab7676f64f42603b839f266c2547a27f5579f51563298396c7922da3,5984411,1531888000,0x26ce67176906f2395c48f85b07ec12277f9378a1,0xff481ca14e6c16b79fc8ab299b4d2387ec8ecdd2,0.070000000000000000,NULL,0x,0
7,0xd9272209ad31f55a0506274070b270bbb8fa26f1f2b479e29aa01c65a240abc3,5985376,1531902117,0x0681d8db095565fe8a346fa0277bffde9c0edbbf,0xff481ca14e6c16b79fc8ab299b4d2387ec8ecdd2,0.543138970000000000,NULL,0x,0
8,0x56aadd3bf0a5c1e5b6aba643ec0ab87ab43379480fa208bae551b4e5859e5162,5986275,1531915692,0xf5bec430576ff1b82e44ddb5a1c93f6f9d0884f3,0xff481ca14e6c16b79fc8ab299b4d2387ec8ecdd2,1.072414880000000000,NULL,0x,0
9,0x390384b13738fee5bbc0f7442981c149f0676cf0b20ba8510e2a8f24b379526e,5988744,1531952226,0x4423c3c86d0fa131ced7af2a70608b3fc82f1677,0xff481ca14e6c16b79fc8ab299b4d2387ec8ecdd2,0.500000000000000000,NULL,0x,0
10,0xcf16f89188ebf246c4400e48e554f4112a60eb5fabd2ff868a4491d6f4ec2538,5988783,1531952845,0x86dac80c14e7c14f30336709062b04a927606eb2,0xff481ca14e6c16b79fc8ab299b4d2387ec8ecdd2,9.000000000000000000,NULL,0x,0
11,0x1baf9262e782931803574d4f4df5b6dba9c40a171d9a260a7512a9817b97959e,5988818,1531953362,0x3cf1036f58622d767dc2251d07b8dbb768d3da50,0xff481ca14e6c16b79fc8ab299b4d2387ec8ecdd2,12.000000000000000000,NULL,0x,0
12,0x24e3d098fc76bdebf40ad839fb9173811ee0f6de20a4e35baf619681272b7cce,5995196,1532048640,0xfadbce9c2c135f95c02428ef637a67c0ef05d329,0xff481ca14e6c16b79fc8ab299b4d2387ec8ecdd2,0.004082294100000000,NULL,0x,0
13,0x62bb3c60ab4de2437085f368d866a18c5cd859e3bb4715a7d3fdc84f1083fcd8,6097711,1533545302,0xff481ca14e6c16b79fc8ab299b4d2387ec8ecdd2,0x18437fc4a2ae580c3ebb5b95fd7219f03ee3cc88,12.000000000000000000,NULL,0x,0
14,0x3669d5c78d12a4944f871b6cbe29f513191dcb34cc1af2f89df4eb09eac078ed,6097778,1533546122,0xff481ca14e6c16b79fc8ab299b4d2387ec8ecdd2,0xe9b080be7bf6f1bbe30a5cfd84f1da1795600b3e,12.000000000000000000,NULL,0x,0
15,0xd7dd89418d5916a97cdd2cf00c0869f8de0961f0d78219aba3acc532908ccec1,6097957,1533548864,0xff481ca14e6c16b79fc8ab299b4d2387ec8ecdd2,0x0273ca6c75bf5a959fa922e824f12fb6a17d63b8,12.200000000000000000,NULL,0x,0
16,0x0af7218474017b8a5c2406c3b218674aa158bdb3f003bd87ded1d0b3d146551f,6202802,1535081065,0xff481ca14e6c16b79fc8ab299b4d2387ec8ecdd2,0x5b5039be7a3a8b779d21908f1000e221f3574fa5,0.465461464100000000,NULL,0x,0
